{"fees":{"world":{"value":55003135,"currency":"$"},"usa":{"value":32130627,"currency":"$"}},"status":null,"externalId":{"kpHD":"4d85f3aec5508bbead4ac1b001a886d3","imdb":"tt0289848","tmdb":9932},"rating":{"kp":6.78,"imdb":5.9,"filmCritics":4.8,"russianFilmCritics":0,"await":0},"votes":{"kp":23013,"imdb":87450,"filmCritics":150,"russianFilmCritics":1,"await":0},"backdrop":{"url":"https://avatars.mds.yandex.net/get-ott/374297/2a00000168999a95b2c9f48b891398450d25/orig","previewUrl":"https://avatars.mds.yandex.net/get-ott/374297/2a00000168999a95b2c9f48b891398450d25/x1000"},"movieLength":96,"productionCompanies":[{"name":"Face Productions","url":null,"previewUrl":null},{"name":"Village Roadshow Pictures","url":"https://www.themoviedb.org/t/p/original/tpFpsqbleCzEE2p5EgvUq6ozfCA.png","previewUrl":"https://www.themoviedb.org/t/p/w500/tpFpsqbleCzEE2p5EgvUq6ozfCA.png"},{"name":"NPV Entertainment","url":null,"previewUrl":null},{"name":"Tribeca Productions","url":null,"previewUrl":null},{"name":"Baltimore Spring Creek Pictures","url":null,"previewUrl":null},{"name":"Warner Bros. Pictures","url":"https://www.themoviedb.org/t/p/original/ky0xOc5OrhzkZ1N6KyUxacfQsCk.png","previewUrl":"https://www.themoviedb.org/t/p/w500/ky0xOc5OrhzkZ1N6KyUxacfQsCk.png"}],"id":1591,"type":"movie","name":"Анализируй то","description":"Крёстного отца мафии Пола Витти освобождают из тюрьмы. Он пытается приспособиться к мирной жизни и идёт работать на телевидение консультантом сериала о мафии. Но ему по-прежнему нужна помощь психоаналитика Бена Собеля, который сам оказывается в депрессии...","premiere":{"country":"США","world":"2002-12-06T00:00:00.000Z","russia":"2003-03-27T00:00:00.000Z","cinema":"2003-03-27T00:00:00.000Z","dvd":"2011-05-05T00:00:00.000Z","bluray":"2011-02-03T00:00:00.000Z"},"slogan":"Возвращение к терапии","year":2002,"budget":{"value":60000000,"currency":"$"},"poster":{"url":"https://st.kp.yandex.net/images/film_big/1591.jpg","previewUrl":"https://st.kp.yandex.net/images/film_iphone/iphone360_1591.jpg"},"facts":[{"value":"Съемки картины начались 1-го апреля 2002 года в Нью-Йорке и Нью-Джерси и закончились 21-го июня 2002 года. ","type":"FACT","spoiler":false},{"value":"<a href=\"/name/718/\" class=\"all\">Роберт Де Ниро</a> за участие в этой картине получил гонорар 20 млн. долларов.","type":"FACT","spoiler":false},{"value":"Во время съемок <a href=\"/name/718/\" class=\"all\">Де Ниро</a> было предписано посещать психиатрическую больницу, где он должен был встречаться с пациентами, обсуждая симптомы, возникшие у его героя.","type":"FACT","spoiler":false}],"genres":[{"name":"комедия"},{"name":"криминал"}],"countries":[{"name":"США"}],"videos":{"trailers":[{"url":"http://a772.g.akamai.net/5/772/51/0042e39c05a7ca/1a1a1aaa2198c627970773d80669d84574a8d80d3cb12453c02589f25382f668c9329e0375e8178ef01f80ee4fbb34ae1372e64eaf23/analyze_that-tlr_m240.mov","name":"Трейлер","site":"unknown"},{"url":"https://widgets.kinopoisk.ru/discovery/trailer/145014?onlyPlayer=1&autoplay=1&cover=1","name":"Русский ТВ-ролик","site":"kinopoisk_widget"},{"url":"http://a772.g.akamai.net/5/772/51/d818964b67c528/1a1a1aaa2198c627970773d80669d84574a8d80d3cb12453c02589f25382f668c9329e0375e8178ef01f80ee4fbb34ae1372e64eaf23/analyze_that_m240.mov","name":"Тизер","site":"unknown"},{"url":"https://www.youtube.com/embed/vF-lF7slKV4","name":"Analyze That Trailer","site":"youtube","type":"TRAILER"},{"url":"https://www.youtube.com/embed/Q_ho4ac_E-Q","name":"Анализируй то - Трейлер","site":"youtube","type":"TRAILER"}],"teasers":[]},"seasonsInfo":[],"persons":[{"id":718,"photo":"https://st.kp.yandex.net/images/actor_iphone/iphone360_718.jpg","name":"Роберт Де Ниро","enName":"Robert De Niro","profession":"актеры","enProfession":"actor"},{"id":26112,"photo":"https://st.kp.yandex.net/images/actor_iphone/iphone360_26112.jpg","name":"Билли Кристал","enName":"Billy Crystal","profession":"актеры","enProfession":"actor"},{"id":3842,"photo":"https://st.kp.yandex.net/images/actor_iphone/iphone360_3842.jpg","name":"Лиза Кудроу","enName":"Lisa Kudrow","profession":"актеры","enProfession":"actor"},{"id":679,"photo":"https://st.kp.yandex.net/images/actor_iphone/iphone360_679.jpg","name":"Джо Витерелли","enName":"Joe Viterelli","profession":"актеры","enProfession":"actor"},{"id":9846,"photo":"https://st.kp.yandex.net/images/actor_iphone/iphone360_9846.jpg","name":"Кэти Мориарти","enName":"Cathy Moriarty","profession":"актеры","enProfession":"actor"},{"id":26117,"photo":"https://st.kp.yandex.net/images/actor_iphone/iphone360_26117.jpg","name":"Кайл Сабихи","enName":"Kyle Sabihy","profession":"актеры","enProfession":"actor"},{"id":32004,"photo":"https://st.kp.yandex.net/images/actor_iphone/iphone360_32004.jpg","name":"Джои Диаз","enName":"Joey Diaz","profession":"актеры","enProfession":"actor"},{"id":4688,"photo":"https://st.kp.yandex.net/images/actor_iphone/iphone360_4688.jpg","name":"Энтони ЛаПалья","enName":"Anthony LaPaglia","profession":"актеры","enProfession":"actor"},{"id":18539,"photo":"https://st.kp.yandex.net/images/actor_iphone/iphone360_18539.jpg","name":"Джеймс Бибери","enName":"James Biberi","profession":"актеры","enProfession":"actor"},{"id":16669,"photo":"https://st.kp.yandex.net/images/actor_iphone/iphone360_16669.jpg","name":"Калли Торн","enName":"Callie Thorne","profession":"актеры","enProfession":"actor"},{"id":41651,"photo":"https://st.kp.yandex.net/images/actor_iphone/iphone360_41651.jpg","name":"Джером Лепаж","enName":"Jerome LePage","profession":"актеры","enProfession":"actor"},{"id":41652,"photo":"https://st.kp.yandex.net/images/actor_iphone/iphone360_41652.jpg","name":"Джозеф Боно","enName":"Joseph Bono","profession":"актеры","enProfession":"actor"},{"id":41653,"photo":"https://st.kp.yandex.net/images/actor_iphone/iphone360_41653.jpg","name":"Брайан Рогальски","enName":"Brian Rogalski","profession":"актеры","enProfession":"actor"},{"id":2965,"photo":"https://st.kp.yandex.net/images/actor_iphone/iphone360_2965.jpg","name":"Томас Розалес мл.","enName":"Thomas Rosales Jr.","profession":"актеры","enProfession":"actor"},{"id":41654,"photo":"https://st.kp.yandex.net/images/actor_iphone/iphone360_41654.jpg","name":"Патрик Маркуне","enName":"Patrick Marcune","profession":"актеры","enProfession":"actor"},{"id":41655,"photo":"https://st.kp.yandex.net/images/actor_iphone/iphone360_41655.jpg","name":"Джон Ф. Гудинг","enName":"John F. Gooding","profession":"актеры","enProfession":"actor"},{"id":41656,"photo":"https://st.kp.yandex.net/images/actor_iphone/iphone360_41656.jpg","name":"Генри Моралес-Бэллет","enName":"Henry Morales-Ballet","profession":"актеры","enProfession":"actor"},{"id":778,"photo":"https://st.kp.yandex.net/images/actor_iphone/iphone360_778.jpg","name":"Скотт Диллин","enName":"Scott Dillin","profession":"актеры","enProfession":"actor"},{"id":26140,"photo":"https://st.kp.yandex.net/images/actor_iphone/iphone360_26140.jpg","name":"Тед Ньюстадт","enName":"Ted Neustadt","profession":"актеры","enProfession":"actor"},{"id":26119,"photo":"https://st.kp.yandex.net/images/actor_iphone/iphone360_26119.jpg","name":"Ребекка Шалл","enName":"Rebecca Schull","profession":"актеры","enProfession":"actor"},{"id":39620,"photo":"https://st.kp.yandex.net/images/actor_iphone/iphone360_39620.jpg","name":"Др. Джойс Бразерс","enName":"Joyce Brothers","profession":"актеры","enProfession":"actor"},{"id":20371,"photo":"https://st.kp.yandex.net/images/actor_iphone/iphone360_20371.jpg","name":"Фирдус Бамжи","enName":"Firdous Bamji","profession":"актеры","enProfession":"actor"},{"id":22956,"photo":"https://st.kp.yandex.net/images/actor_iphone/iphone360_22956.jpg","name":"Джон Финн","enName":"John Finn","profession":"актеры","enProfession":"actor"},{"id":41658,"photo":"https://st.kp.yandex.net/images/actor_iphone/iphone360_41658.jpg","name":"Дэвид Волос-Фонтено","enName":"David Wolos-Fonteno","profession":"актеры","enProfession":"actor"},{"id":26121,"photo":"https://st.kp.yandex.net/images/actor_iphone/iphone360_26121.jpg","name":"Доннамари Рекко","enName":"DonnaMarie Recco","profession":"актеры","enProfession":"actor"},{"id":32742,"photo":"https://st.kp.yandex.net/images/actor_iphone/iphone360_32742.jpg","name":"Сильвия Каудерс","enName":"Sylvia Kauders","profession":"актеры","enProfession":"actor"},{"id":41659,"photo":"https://st.kp.yandex.net/images/actor_iphone/iphone360_41659.jpg","name":"Кендалл Петтигроув","enName":"Kendall Pettygrove","profession":"актеры","enProfession":"actor"},{"id":41660,"photo":"https://st.kp.yandex.net/images/actor_iphone/iphone360_41660.jpg","name":"Беа Супер","enName":"Bea Super","profession":"актеры","enProfession":"actor"},{"id":26120,"photo":"https://st.kp.yandex.net/images/actor_iphone/iphone360_26120.jpg","name":"Пэт Купер","enName":"Pat Cooper","profession":"актеры","enProfession":"actor"},{"id":41661,"photo":"https://st.kp.yandex.net/images/actor_iphone/iphone360_41661.jpg","name":"Рэймонд Франца","enName":"Raymond Franza","profession":"актеры","enProfession":"actor"},{"id":41662,"photo":"https://st.kp.yandex.net/images/actor_iphone/iphone360_41662.jpg","name":"Стивен Кэмпманн","enName":"Steven Kampmann","profession":"актеры","enProfession":"actor"},{"id":41663,"photo":"https://st.kp.yandex.net/images/actor_iphone/iphone360_41663.jpg","name":"Сьюзи Джилдер Хэйес","enName":"Susie Gilder Hayes","profession":"актеры","enProfession":"actor"},{"id":41664,"photo":"https://st.kp.yandex.net/images/actor_iphone/iphone360_41664.jpg","name":"Том Папа","enName":"Tom Papa","profession":"актеры","enProfession":"actor"},{"id":41665,"photo":"https://st.kp.yandex.net/images/actor_iphone/iphone360_41665.jpg","name":"Санни Чхэ","enName":"Sunny Chae","profession":"актеры","enProfession":"actor"},{"id":41666,"photo":"https://st.kp.yandex.net/images/actor_iphone/iphone360_41666.jpg","name":"Сэл Чичери","enName":"Sal Cecere","profession":"актеры","enProfession":"actor"},{"id":41667,"photo":"https://st.kp.yandex.net/images/actor_iphone/iphone360_41667.jpg","name":"Ричард Бреннан","enName":"Richard Brennan","profession":"актеры","enProfession":"actor"},{"id":41668,"photo":"https://st.kp.yandex.net/images/actor_iphone/iphone360_41668.jpg","name":"Джо Торре","enName":"Joe Torre","profession":"актеры","enProfession":"actor"},{"id":41669,"photo":"https://st.kp.yandex.net/images/actor_iphone/iphone360_41669.jpg","name":"Майкл Торре","enName":"Michael Torre","profession":"актеры","enProfession":"actor"},{"id":738,"photo":"https://st.kp.yandex.net/images/actor_iphone/iphone360_738.jpg","name":"Пол Херман","enName":"Paul Herman","profession":"актеры","enProfession":"actor"},{"id":41670,"photo":"https://st.kp.yandex.net/images/actor_iphone/iphone360_41670.jpg","name":"Чарльз А. Гаргано","enName":"Charles A. Gargano","profession":"актеры","enProfession":"actor"},{"id":41671,"photo":"https://st.kp.yandex.net/images/actor_iphone/iphone360_41671.jpg","name":"Дино ван Симко","enName":"Dino van Simco","profession":"актеры","enProfession":"actor"},{"id":41672,"photo":"https://st.kp.yandex.net/images/actor_iphone/iphone360_41672.jpg","name":"Сет Ислер","enName":"Seth Isler","profession":"актеры","enProfession":"actor"},{"id":21826,"photo":"https://st.kp.yandex.net/images/actor_iphone/iphone360_21826.jpg","name":"Рег Роджерс","enName":"Reg Rogers","profession":"актеры","enProfession":"actor"},{"id":41673,"photo":"https://st.kp.yandex.net/images/actor_iphone/iphone360_41673.jpg","name":"Анита Дерст","enName":"Anita Durst","profession":"актеры","enProfession":"actor"},{"id":36210,"photo":"https://st.kp.yandex.net/images/actor_iphone/iphone360_36210.jpg","name":"Джозеф Д’Онофрио","enName":"Joseph D'Onofrio","profession":"актеры","enProfession":"actor"},{"id":41674,"photo":"https://st.kp.yandex.net/images/actor_iphone/iphone360_41674.jpg","name":"Дэйв Салерно","enName":"Dave Salerno","profession":"актеры","enProfession":"actor"},{"id":36663,"photo":"https://st.kp.yandex.net/images/actor_iphone/iphone360_36663.jpg","name":"Фрэнк Джио","enName":"Frank Gio","profession":"актеры","enProfession":"actor"},{"id":22425,"photo":"https://st.kp.yandex.net/images/actor_iphone/iphone360_22425.jpg","name":"Винни Велла","enName":"Vinny Vella","profession":"актеры","enProfession":"actor"},{"id":26142,"photo":"https://st.kp.yandex.net/images/actor_iphone/iphone360_26142.jpg","name":"Альфред Саукелли мл.","enName":"Alfred Sauchelli Jr.","profession":"актеры","enProfession":"actor"},{"id":26116,"photo":"https://st.kp.yandex.net/images/actor_iphone/iphone360_26116.jpg","name":"Фрэнк Пьетранголаре","enName":"Frank Pietrangolare","profession":"актеры","enProfession":"actor"},{"id":128639,"photo":"https://st.kp.yandex.net/images/actor_iphone/iphone360_128639.jpg","name":"Фрэнк Аквилино","enName":"Frank Aquilino","profession":"актеры","enProfession":"actor"},{"id":41675,"photo":"https://st.kp.yandex.net/images/actor_iphone/iphone360_41675.jpg","name":"Крис Тардио","enName":"Chris Tardio","profession":"актеры","enProfession":"actor"},{"id":41657,"photo":"https://st.kp.yandex.net/images/actor_iphone/iphone360_41657.jpg","name":"Уильям ДеМео","enName":"William DeMeo","profession":"актеры","enProfession":"actor"},{"id":41676,"photo":"https://st.kp.yandex.net/images/actor_iphone/iphone360_41676.jpg","name":"Джо Колубмо","enName":"Joe Columbo","profession":"актеры","enProfession":"actor"},{"id":41677,"photo":"https://st.kp.yandex.net/images/actor_iphone/iphone360_41677.jpg","name":"Анджело Натоли","enName":"Angelo Natoli","profession":"актеры","enProfession":"actor"},{"id":41678,"photo":"https://st.kp.yandex.net/images/actor_iphone/iphone360_41678.jpg","name":"Энтони Кросински","enName":"Anthony Krosinski","profession":"актеры","enProfession":"actor"},{"id":41679,"photo":"https://st.kp.yandex.net/images/actor_iphone/iphone360_41679.jpg","name":"Ник Масси мл.","enName":"Nick Massi Jr.","profession":"актеры","enProfession":"actor"},{"id":15425,"photo":"https://st.kp.yandex.net/images/actor_iphone/iphone360_15425.jpg","name":"Фрэнк Бонсанге","enName":"Frank Bonsangue","profession":"актеры","enProfession":"actor"},{"id":41680,"photo":"https://st.kp.yandex.net/images/actor_iphone/iphone360_41680.jpg","name":"Ральф Цефарелло","enName":"Ralph Cefarello","profession":"актеры","enProfession":"actor"},{"id":41681,"photo":"https://st.kp.yandex.net/images/actor_iphone/iphone360_41681.jpg","name":"Джои Марцелла","enName":"Joey Marzella","profession":"актеры","enProfession":"actor"},{"id":27474,"photo":"https://st.kp.yandex.net/images/actor_iphone/iphone360_27474.jpg","name":"Фил Кампанелла","enName":"Phil Campanella","profession":"актеры","enProfession":"actor"},{"id":41682,"photo":"https://st.kp.yandex.net/images/actor_iphone/iphone360_41682.jpg","name":"Луис Фэттелл","enName":"Louis Fattell","profession":"актеры","enProfession":"actor"},{"id":41683,"photo":"https://st.kp.yandex.net/images/actor_iphone/iphone360_41683.jpg","name":"Майкл Зотто","enName":"Michael Zotto","profession":"актеры","enProfession":"actor"},{"id":41684,"photo":"https://st.kp.yandex.net/images/actor_iphone/iphone360_41684.jpg","name":"Тони Витуччи","enName":"Tony Vitucci","profession":"актеры","enProfession":"actor"},{"id":41685,"photo":"https://st.kp.yandex.net/images/actor_iphone/iphone360_41685.jpg","name":"Пол Цицеро","enName":"Paul Cicero","profession":"актеры","enProfession":"actor"},{"id":41686,"photo":"https://st.kp.yandex.net/images/actor_iphone/iphone360_41686.jpg","name":"Джин Ди Сильвио","enName":"Gene Di Silvio","profession":"актеры","enProfession":"actor"},{"id":26858,"photo":"https://st.kp.yandex.net/images/actor_iphone/iphone360_26858.jpg","name":"Гаэтано ЛоГидис","enName":"Gaetano LoGiudice","profession":"актеры","enProfession":"actor"},{"id":41687,"photo":"https://st.kp.yandex.net/images/actor_iphone/iphone360_41687.jpg","name":"Рино Витуччи","enName":"Rino Vitucci","profession":"актеры","enProfession":"actor"},{"id":8422,"photo":"https://st.kp.yandex.net/images/actor_iphone/iphone360_8422.jpg","name":"Джозеф П. Рейди","enName":"Joseph P. Reidy","profession":"актеры","enProfession":"actor"},{"id":41688,"photo":"https://st.kp.yandex.net/images/actor_iphone/iphone360_41688.jpg","name":"Ричард Мэлдон","enName":"Richard Maldone","profession":"актеры","enProfession":"actor"},{"id":37370,"photo":"https://st.kp.yandex.net/images/actor_iphone/iphone360_37370.jpg","name":"Лейф Ридделл","enName":"Leif Riddell","profession":"актеры","enProfession":"actor"},{"id":14266,"photo":"https://st.kp.yandex.net/images/actor_iphone/iphone360_14266.jpg","name":"Сюзанн Херрингтон","enName":"Suzanne Herrington","profession":"актеры","enProfession":"actor"},{"id":41689,"photo":"https://st.kp.yandex.net/images/actor_iphone/iphone360_41689.jpg","name":"Деметри Мартин","enName":"Demetri Martin","profession":"актеры","enProfession":"actor"},{"id":41690,"photo":"https://st.kp.yandex.net/images/actor_iphone/iphone360_41690.jpg","name":"Майкл Джаннетта","enName":"Michael Jannetta","profession":"актеры","enProfession":"actor"},{"id":26122,"photo":"https://st.kp.yandex.net/images/actor_iphone/iphone360_26122.jpg","name":"Боб Сиа","enName":"Bob Cea","profession":"актеры","enProfession":"actor"},{"id":34708,"photo":"https://st.kp.yandex.net/images/actor_iphone/iphone360_34708.jpg","name":"Анника Пергеймент","enName":"Annika Pergament","profession":"актеры","enProfession":"actor"},{"id":26113,"photo":"https://st.kp.yandex.net/images/actor_iphone/iphone360_26113.jpg","name":"Барт Тангреди","enName":"Bart Tangredi","profession":"актеры","enProfession":"actor"},{"id":1642984,"photo":"https://st.kp.yandex.net/images/actor_iphone/iphone360_1642984.jpg","name":"Анджелис Александрис","enName":"Angelis Alexandris","profession":"актеры","enProfession":"actor"},{"id":565815,"photo":"https://st.kp.yandex.net/images/actor_iphone/iphone360_565815.jpg","name":"Шаши Балуджа","enName":"Shashi Balooja","profession":"актеры","enProfession":"actor"},{"id":570562,"photo":"https://st.kp.yandex.net/images/actor_iphone/iphone360_570562.jpg","name":"Бретт Берг","enName":"Brett Berg","profession":"актеры","enProfession":"actor"},{"id":737090,"photo":"https://st.kp.yandex.net/images/actor_iphone/iphone360_737090.jpg","name":"Диана Берри","enName":"Diana Berry","profession":"актеры","enProfession":"actor"},{"id":2546833,"photo":"https://st.kp.yandex.net/images/actor_iphone/iphone360_2546833.jpg","name":"Ти Коупман","enName":"Ty Copeman","profession":"актеры","enProfession":"actor"},{"id":1358728,"photo":"https://st.kp.yandex.net/images/actor_iphone/iphone360_1358728.jpg","name":"Скиппи Ди","enName":"Skippy D","profession":"актеры","enProfession":"actor"},{"id":33027,"photo":"https://st.kp.yandex.net/images/actor_iphone/iphone360_33027.jpg","name":"Мэри Форчун","enName":"Mary Fortune","profession":"актеры","enProfession":"actor"},{"id":1578498,"photo":"https://st.kp.yandex.net/images/actor_iphone/iphone360_1578498.jpg","name":"Крис Джэллего Вонг","enName":"Chris Gallego Wong","profession":"актеры","enProfession":"actor"},{"id":817955,"photo":"https://st.kp.yandex.net/images/actor_iphone/iphone360_817955.jpg","name":"Грэйг Гуггенхейм","enName":"Graig Guggenheim","profession":"актеры","enProfession":"actor"},{"id":973909,"photo":"https://st.kp.yandex.net/images/actor_iphone/iphone360_973909.jpg","name":"Кори Хибберт","enName":"Corey Hibbert","profession":"актеры","enProfession":"actor"},{"id":1960359,"photo":"https://st.kp.yandex.net/images/actor_iphone/iphone360_1960359.jpg","name":"Джо Джеймс","enName":"Joe James","profession":"актеры","enProfession":"actor"},{"id":2741793,"photo":"https://st.kp.yandex.net/images/actor_iphone/iphone360_2741793.jpg","name":"Дайан Кимбрелл","enName":"Diane Kimbrell","profession":"актеры","enProfession":"actor"},{"id":3996438,"photo":"https://st.kp.yandex.net/images/actor_iphone/iphone360_3996438.jpg","name":null,"enName":"Chris Kiszka","profession":"актеры","enProfession":"actor"},{"id":41691,"photo":"https://st.kp.yandex.net/images/actor_iphone/iphone360_41691.jpg","name":"Джина Линн","enName":"Gina Lynn","profession":"актеры","enProfession":"actor"},{"id":5187751,"photo":"https://st.kp.yandex.net/images/actor_iphone/iphone360_5187751.jpg","name":null,"enName":"Pat Marone","profession":"актеры","enProfession":"actor"},{"id":727044,"photo":"https://st.kp.yandex.net/images/actor_iphone/iphone360_727044.jpg","name":"Ивэн Мэтью Вайнштейн","enName":"Evan Mathew Weinstein","profession":"актеры","enProfession":"actor"},{"id":26330,"photo":"https://st.kp.yandex.net/images/actor_iphone/iphone360_26330.jpg","name":"Моет Мейра","enName":"Moet Meira","profession":"актеры","enProfession":"actor"},{"id":32115,"photo":"https://st.kp.yandex.net/images/actor_iphone/iphone360_32115.jpg","name":"Эрик-Андерс Нилссон","enName":"Erik-Anders Nilsson","profession":"актеры","enProfession":"actor"},{"id":2412935,"photo":"https://st.kp.yandex.net/images/actor_iphone/iphone360_2412935.jpg","name":"Фредерик Пинья","enName":"Frederick Piña","profession":"актеры","enProfession":"actor"},{"id":41692,"photo":"https://st.kp.yandex.net/images/actor_iphone/iphone360_41692.jpg","name":"Рон Рейнальди","enName":"Ron Reynaldi","profession":"актеры","enProfession":"actor"},{"id":225593,"photo":"https://st.kp.yandex.net/images/actor_iphone/iphone360_225593.jpg","name":"Лоуренс Дж. Руссо","enName":"Larry Russo","profession":"актеры","enProfession":"actor"},{"id":34029,"photo":"https://st.kp.yandex.net/images/actor_iphone/iphone360_34029.jpg","name":"Лаура Сан Луис","enName":"Laura San Luis","profession":"актеры","enProfession":"actor"},{"id":1220995,"photo":"https://st.kp.yandex.net/images/actor_iphone/iphone360_1220995.jpg","name":null,"enName":"Paul Scannapieco","profession":"актеры","enProfession":"actor"},{"id":546023,"photo":"https://st.kp.yandex.net/images/actor_iphone/iphone360_546023.jpg","name":"Эндрю Шофилд","enName":"Andy Schofield","profession":"актеры","enProfession":"actor"},{"id":41693,"photo":"https://st.kp.yandex.net/images/actor_iphone/iphone360_41693.jpg","name":"Майкл Стевер","enName":"Michael Stever","profession":"актеры","enProfession":"actor"},{"id":2094899,"photo":"https://st.kp.yandex.net/images/actor_iphone/iphone360_2094899.jpg","name":"Альберто Суарес","enName":"Alberto Suarez","profession":"актеры","enProfession":"actor"},{"id":6833,"photo":"https://st.kp.yandex.net/images/actor_iphone/iphone360_6833.jpg","name":"Ник Тейлор","enName":"Nick Taylor","profession":"актеры","enProfession":"actor"},{"id":1299489,"photo":"https://st.kp.yandex.net/images/actor_iphone/iphone360_1299489.jpg","name":"Уильям Уолтерс","enName":"William Walters","profession":"актеры","enProfession":"actor"},{"id":611318,"photo":"https://st.kp.yandex.net/images/actor_iphone/iphone360_611318.jpg","name":"Дэвид Холмс","enName":"David Holmes","profession":"композиторы","enProfession":"composer"},{"id":1752924,"photo":"https://st.kp.yandex.net/images/actor_iphone/iphone360_1752924.jpg","name":"Винн Томас","enName":"Wynn Thomas","profession":"художники","enProfession":"designer"},{"id":1998493,"photo":"https://st.kp.yandex.net/images/actor_iphone/iphone360_1998493.jpg","name":"Адам Шер","enName":"Adam Scher","profession":"художники","enProfession":"designer"},{"id":2000281,"photo":"https://st.kp.yandex.net/images/actor_iphone/iphone360_2000281.jpg","name":"Од Бронсон-Хауард","enName":"Aude Bronson-Howard","profession":"художники","enProfession":"designer"},{"id":1996101,"photo":"https://st.kp.yandex.net/images/actor_iphone/iphone360_1996101.jpg","name":"Бет А. Рубино","enName":"Beth A. Rubino","profession":"художники","enProfession":"designer"},{"id":14248,"photo":"https://st.kp.yandex.net/images/actor_iphone/iphone360_14248.jpg","name":"Харольд Рэмис","enName":"Harold Ramis","profession":"режиссеры","enProfession":"director"},{"id":458210,"photo":"https://st.kp.yandex.net/images/actor_iphone/iphone360_458210.jpg","name":"Эндрю Мондшейн","enName":"Andrew Mondshein","profession":"монтажеры","enProfession":"editor"},{"id":610137,"photo":"https://st.kp.yandex.net/images/actor_iphone/iphone360_610137.jpg","name":"Эллен Кёрас","enName":"Ellen Kuras","profession":"операторы","enProfession":"operator"},{"id":9238,"photo":"https://st.kp.yandex.net/images/actor_iphone/iphone360_9238.jpg","name":"Джейн Розенталь","enName":"Jane Rosenthal","profession":"продюсеры","enProfession":"producer"},{"id":171,"photo":"https://st.kp.yandex.net/images/actor_iphone/iphone360_171.jpg","name":"Паула Вайнштейн","enName":"Paula Weinstein","profession":"продюсеры","enProfession":"producer"},{"id":26146,"photo":"https://st.kp.yandex.net/images/actor_iphone/iphone360_26146.jpg","name":"Лен Амато","enName":"Len Amato","profession":"продюсеры","enProfession":"producer"},{"id":712,"photo":"https://st.kp.yandex.net/images/actor_iphone/iphone360_712.jpg","name":"Брюс Берман","enName":"Bruce Berman","profession":"продюсеры","enProfession":"producer"},{"id":93458,"photo":"https://st.kp.yandex.net/images/actor_iphone/iphone360_93458.jpg","name":"Владимир Еремин","enName":null,"profession":"актеры дубляжа","enProfession":"voice_actor"},{"id":304577,"photo":"https://st.kp.yandex.net/images/actor_iphone/iphone360_304577.jpg","name":"Алексей Иващенко","enName":null,"profession":"актеры дубляжа","enProfession":"voice_actor"},{"id":1649301,"photo":"https://st.kp.yandex.net/images/actor_iphone/iphone360_1649301.jpg","name":"Ольга Голованова","enName":null,"profession":"актеры дубляжа","enProfession":"voice_actor"},{"id":320243,"photo":"https://st.kp.yandex.net/images/actor_iphone/iphone360_320243.jpg","name":"Виктор Петров","enName":null,"profession":"актеры дубляжа","enProfession":"voice_actor"},{"id":297906,"photo":"https://st.kp.yandex.net/images/actor_iphone/iphone360_297906.jpg","name":"Наталья Гурзо","enName":null,"profession":"актеры дубляжа","enProfession":"voice_actor"},{"id":294081,"photo":"https://st.kp.yandex.net/images/actor_iphone/iphone360_294081.jpg","name":"Александр Комлев","enName":null,"profession":"актеры дубляжа","enProfession":"voice_actor"},{"id":1159780,"photo":"https://st.kp.yandex.net/images/actor_iphone/iphone360_1159780.jpg","name":"Александр Груздев","enName":null,"profession":"актеры дубляжа","enProfession":"voice_actor"},{"id":261729,"photo":"https://st.kp.yandex.net/images/actor_iphone/iphone360_261729.jpg","name":"Владимир Антоник","enName":null,"profession":"актеры дубляжа","enProfession":"voice_actor"},{"id":290228,"photo":"https://st.kp.yandex.net/images/actor_iphone/iphone360_290228.jpg","name":"Вячеслав Баранов","enName":null,"profession":"актеры дубляжа","enProfession":"voice_actor"},{"id":284235,"photo":"https://st.kp.yandex.net/images/actor_iphone/iphone360_284235.jpg","name":"Дальвин Щербаков","enName":null,"profession":"актеры дубляжа","enProfession":"voice_actor"},{"id":330068,"photo":"https://st.kp.yandex.net/images/actor_iphone/iphone360_330068.jpg","name":"Светлана Старикова","enName":null,"profession":"актеры дубляжа","enProfession":"voice_actor"},{"id":594115,"photo":"https://st.kp.yandex.net/images/actor_iphone/iphone360_594115.jpg","name":"Александр Быков","enName":null,"profession":"актеры дубляжа","enProfession":"voice_actor"},{"id":273560,"photo":"https://st.kp.yandex.net/images/actor_iphone/iphone360_273560.jpg","name":"Вадим Андреев","enName":null,"profession":"актеры дубляжа","enProfession":"voice_actor"},{"id":1655608,"photo":"https://st.kp.yandex.net/images/actor_iphone/iphone360_1655608.jpg","name":"Людмила Ильина","enName":null,"profession":"актеры дубляжа","enProfession":"voice_actor"},{"id":1492686,"photo":"https://st.kp.yandex.net/images/actor_iphone/iphone360_1492686.jpg","name":"Андрей Ярославцев","enName":null,"profession":"актеры дубляжа","enProfession":"voice_actor"},{"id":1040432,"photo":"https://st.kp.yandex.net/images/actor_iphone/iphone360_1040432.jpg","name":"Денис Беспалый","enName":null,"profession":"актеры дубляжа","enProfession":"voice_actor"},{"id":1604859,"photo":"https://st.kp.yandex.net/images/actor_iphone/iphone360_1604859.jpg","name":"Борис Токарев","enName":null,"profession":"актеры дубляжа","enProfession":"voice_actor"},{"id":1078858,"photo":"https://st.kp.yandex.net/images/actor_iphone/iphone360_1078858.jpg","name":"Василий Дахненко","enName":null,"profession":"актеры дубляжа","enProfession":"voice_actor"},{"id":1419143,"photo":"https://st.kp.yandex.net/images/actor_iphone/iphone360_1419143.jpg","name":"Дмитрий Филимонов","enName":null,"profession":"актеры дубляжа","enProfession":"voice_actor"},{"id":310535,"photo":"https://st.kp.yandex.net/images/actor_iphone/iphone360_310535.jpg","name":"Олег Куценко","enName":null,"profession":"актеры дубляжа","enProfession":"voice_actor"},{"id":273180,"photo":"https://st.kp.yandex.net/images/actor_iphone/iphone360_273180.jpg","name":"Никита Прозоровский","enName":null,"profession":"актеры дубляжа","enProfession":"voice_actor"},{"id":1018180,"photo":"https://st.kp.yandex.net/images/actor_iphone/iphone360_1018180.jpg","name":"Ольга Зверева","enName":null,"profession":"актеры дубляжа","enProfession":"voice_actor"},{"id":1232680,"photo":"https://st.kp.yandex.net/images/actor_iphone/iphone360_1232680.jpg","name":"Илья Бледный","enName":null,"profession":"актеры дубляжа","enProfession":"voice_actor"},{"id":1646298,"photo":"https://st.kp.yandex.net/images/actor_iphone/iphone360_1646298.jpg","name":"Олег Вирозуб","enName":null,"profession":"актеры дубляжа","enProfession":"voice_actor"},{"id":6663813,"photo":"https://st.kp.yandex.net/images/actor_iphone/iphone360_6663813.jpg","name":null,"enName":"Peter Steinfeld","profession":"редакторы","enProfession":"writer"},{"id":14248,"photo":"https://st.kp.yandex.net/images/actor_iphone/iphone360_14248.jpg","name":"Харольд Рэмис","enName":"Harold Ramis","profession":"редакторы","enProfession":"writer"},{"id":10957,"photo":"https://st.kp.yandex.net/images/actor_iphone/iphone360_10957.jpg","name":"Кеннет Лонерган","enName":"Kenneth Lonergan","profession":"редакторы","enProfession":"writer"},{"id":13660,"photo":"https://st.kp.yandex.net/images/actor_iphone/iphone360_13660.jpg","name":"Питер Толан","enName":"Peter Tolan","profession":"редакторы","enProfession":"writer"}],"typeNumber":1,"alternativeName":"Analyze That","enName":null,"names":[{"name":"Анализируй то"},{"name":"Analyze That"}],"ageRating":16,"ratingMpaa":"r","similarMovies":[{"id":883,"name":"Девять ярдов","enName":null,"alternativeName":"The Whole Nine Yards","type":"movie","poster":{"url":"https://avatars.mds.yandex.net/get-kinopoisk-image/1600647/12f62307-bd48-43f3-9686-03d6be6c7d07/orig","previewUrl":"https://avatars.mds.yandex.net/get-kinopoisk-image/1600647/12f62307-bd48-43f3-9686-03d6be6c7d07/x1000"}},{"id":79848,"name":"Сопрано","enName":null,"alternativeName":"The Sopranos","type":"tv-series","poster":{"url":"https://avatars.mds.yandex.net/get-kinopoisk-image/1629390/c5539203-bd0a-4d93-920a-11be2fbbd778/orig","previewUrl":"https://avatars.mds.yandex.net/get-kinopoisk-image/1629390/c5539203-bd0a-4d93-920a-11be2fbbd778/x1000"}},{"id":303,"name":"Управление гневом","enName":null,"alternativeName":"Anger Management","type":"movie","poster":{"url":"https://avatars.mds.yandex.net/get-kinopoisk-image/1704946/872aff12-e80f-4c75-ac64-b139c46b78eb/orig","previewUrl":"https://avatars.mds.yandex.net/get-kinopoisk-image/1704946/872aff12-e80f-4c75-ac64-b139c46b78eb/x1000"}},{"id":8047,"name":"Девять ярдов 2","enName":null,"alternativeName":"The Whole Ten Yards","type":"movie","poster":{"url":"https://avatars.mds.yandex.net/get-kinopoisk-image/4303601/26e44577-bed3-4121-abe4-d6a122ebe466/orig","previewUrl":"https://avatars.mds.yandex.net/get-kinopoisk-image/4303601/26e44577-bed3-4121-abe4-d6a122ebe466/x1000"}},{"id":9207,"name":"А как же Боб?","enName":null,"alternativeName":"What About Bob?","type":"movie","poster":{"url":"https://avatars.mds.yandex.net/get-kinopoisk-image/1600647/7d4bb228-7005-41da-806c-1dd3bb48db9b/orig","previewUrl":"https://avatars.mds.yandex.net/get-kinopoisk-image/1600647/7d4bb228-7005-41da-806c-1dd3bb48db9b/x1000"}},{"id":445175,"name":"Безумное свидание","enName":null,"alternativeName":"Date Night","type":"movie","poster":{"url":"https://avatars.mds.yandex.net/get-kinopoisk-image/4303601/5f3474ef-908a-4bb4-b0c2-8a9446dde25a/orig","previewUrl":"https://avatars.mds.yandex.net/get-kinopoisk-image/4303601/5f3474ef-908a-4bb4-b0c2-8a9446dde25a/x1000"}}],"imagesInfo":{"framesCount":13},"sequelsAndPrequels":[{"id":1594,"name":"Анализируй это","enName":null,"alternativeName":"Analyze This","type":"movie","poster":{"url":"https://avatars.mds.yandex.net/get-kinopoisk-image/1599028/117f1f7f-0e70-44ed-b9c9-e37d74774d0a/orig","previewUrl":"https://avatars.mds.yandex.net/get-kinopoisk-image/1599028/117f1f7f-0e70-44ed-b9c9-e37d74774d0a/x1000"}}],"shortDescription":"На беду терапевта его несносный пациент выходит из тюрьмы. Сиквел комедии «Анализируй это» с Робертом Де Ниро","logo":{"url":"https://avatars.mds.yandex.net/get-ott/223007/2a00000172982f9b84c33fc6728900d752cc/orig"},"watchability":{"items":null},"top10":null,"top250":null}