{"fees":{"world":{"value":138191428,"currency":"$"},"usa":{"value":93607673,"currency":"$"}},"status":null,"externalId":{"kpHD":null,"imdb":"tt0265029","tmdb":11467},"rating":{"kp":6.694,"imdb":5.7,"filmCritics":4.6,"russianFilmCritics":0,"await":0},"votes":{"kp":8108,"imdb":58836,"filmCritics":146,"russianFilmCritics":1,"await":0},"backdrop":{"url":null,"previewUrl":null},"movieLength":102,"productionCompanies":[{"name":"Columbia Pictures","url":"https://www.themoviedb.org/t/p/original/71BqEFAF4V3qjjMPCpLuyJFB9A.png","previewUrl":"https://www.themoviedb.org/t/p/w500/71BqEFAF4V3qjjMPCpLuyJFB9A.png"},{"name":"Revolution Studios","url":"https://www.themoviedb.org/t/p/original/pMyhOBd3sCiLzBlmIopdJkcUFtn.png","previewUrl":"https://www.themoviedb.org/t/p/w500/pMyhOBd3sCiLzBlmIopdJkcUFtn.png"},{"name":"Roth-Arnold Productions","url":null,"previewUrl":null}],"id":1592,"type":"movie","name":"Любимцы Америки","description":"Красавица Гвен и неотразимый Эдди – знаменитая голливудская пара не только на экране, но и в жизни. Страна с нетерпением ждет их новых фильмов и с умилением следит за бесконечным семейным счастьем. Однако любимцы Америки не оправдали надежд публики и неожиданно для всех поссорились. Для киноиндустрии это просто катастрофа, ведь пара должна рекламировать свой новый фильм.\n\nБывших супругов обязательно надо заставить снова полюбить друг друга, хотя бы на одну пресс-конференцию. Эта опасная миссия возлагается на хрупкие плечи Кики, сестры и по совместительству ассистентке Гвен. Однако вместо того, чтобы влюблять Эдди, девушка умудрилась влюбиться сама…","premiere":{"country":"США","world":"2001-07-17T00:00:00.000Z","russia":"2001-11-29T00:00:00.000Z","cinema":"2001-11-29T00:00:00.000Z","dvd":"2006-11-24T00:00:00.000Z"},"slogan":"The Crew's Here. The Cameras Are Rolling. And the Director's Got a Problem!","year":2001,"budget":{"value":46000000,"currency":"$"},"poster":{"url":"https://st.kp.yandex.net/images/film_big/1592.jpg","previewUrl":"https://st.kp.yandex.net/images/film_iphone/iphone360_1592.jpg"},"facts":[{"value":"Изначально было запланировано, что Роберт Дауни-младший сыграет Эдди.","type":"FACT","spoiler":false},{"value":"Джулия Робертс отказалась исполнить главную роль в пользу второстепенной.","type":"FACT","spoiler":false},{"value":"В фильме Джулия Робертс играет младшую сестру Кэтрин Зеты-Джонс, в реальности же, Джулия старше Кэтрин на 2 года.","type":"FACT","spoiler":false}],"genres":[{"name":"мелодрама"},{"name":"комедия"}],"countries":[{"name":"США"}],"videos":{"trailers":[{"url":"https://widgets.kinopoisk.ru/discovery/trailer/17209?onlyPlayer=1&autoplay=1&cover=1","name":"Фрагмент (дублированный)","site":"kinopoisk_widget"},{"url":"https://widgets.kinopoisk.ru/discovery/trailer/186?onlyPlayer=1&autoplay=1&cover=1","name":"Трейлер","site":"kinopoisk_widget"},{"url":"https://www.youtube.com/embed/kBfSNyEU79s","name":"America's Sweethearts (2001) Official Trailer 1 - Julia Roberts Movie","site":"youtube","type":"TRAILER"}],"teasers":[]},"seasonsInfo":[],"persons":[{"id":16564,"photo":"https://st.kp.yandex.net/images/actor_iphone/iphone360_16564.jpg","name":"Джулия Робертс","enName":"Julia Roberts","profession":"актеры","enProfession":"actor"},{"id":22240,"photo":"https://st.kp.yandex.net/images/actor_iphone/iphone360_22240.jpg","name":"Кэтрин Зета-Джонс","enName":"Catherine Zeta-Jones","profession":"актеры","enProfession":"actor"},{"id":26112,"photo":"https://st.kp.yandex.net/images/actor_iphone/iphone360_26112.jpg","name":"Билли Кристал","enName":"Billy Crystal","profession":"актеры","enProfession":"actor"},{"id":20865,"photo":"https://st.kp.yandex.net/images/actor_iphone/iphone360_20865.jpg","name":"Джон Кьюсак","enName":"John Cusack","profession":"актеры","enProfession":"actor"},{"id":8810,"photo":"https://st.kp.yandex.net/images/actor_iphone/iphone360_8810.jpg","name":"Хэнк Азария","enName":"Hank Azaria","profession":"актеры","enProfession":"actor"},{"id":12028,"photo":"https://st.kp.yandex.net/images/actor_iphone/iphone360_12028.jpg","name":"Стэнли Туччи","enName":"Stanley Tucci","profession":"актеры","enProfession":"actor"},{"id":12635,"photo":"https://st.kp.yandex.net/images/actor_iphone/iphone360_12635.jpg","name":"Кристофер Уокен","enName":"Christopher Walken","profession":"актеры","enProfession":"actor"},{"id":836,"photo":"https://st.kp.yandex.net/images/actor_iphone/iphone360_836.jpg","name":"Алан Аркин","enName":"Alan Arkin","profession":"актеры","enProfession":"actor"},{"id":21930,"photo":"https://st.kp.yandex.net/images/actor_iphone/iphone360_21930.jpg","name":"Сет Грин","enName":"Seth Green","profession":"актеры","enProfession":"actor"},{"id":50247,"photo":"https://st.kp.yandex.net/images/actor_iphone/iphone360_50247.jpg","name":"Скот Зеллер","enName":"Scot Zeller","profession":"актеры","enProfession":"actor"},{"id":6682,"photo":"https://st.kp.yandex.net/images/actor_iphone/iphone360_6682.jpg","name":"Ларри Кинг","enName":"Larry King","profession":"актеры","enProfession":"actor"},{"id":50248,"photo":"https://st.kp.yandex.net/images/actor_iphone/iphone360_50248.jpg","name":"Стив Пинк","enName":"Steve Pink","profession":"актеры","enProfession":"actor"},{"id":7243,"photo":"https://st.kp.yandex.net/images/actor_iphone/iphone360_7243.jpg","name":"Рэйн Уилсон","enName":"Rainn Wilson","profession":"актеры","enProfession":"actor"},{"id":33628,"photo":"https://st.kp.yandex.net/images/actor_iphone/iphone360_33628.jpg","name":"Эрик Бальфур","enName":"Eric Balfour","profession":"актеры","enProfession":"actor"},{"id":31271,"photo":"https://st.kp.yandex.net/images/actor_iphone/iphone360_31271.jpg","name":"Марти Белафски","enName":"Marty Belafsky","profession":"актеры","enProfession":"actor"},{"id":16713,"photo":"https://st.kp.yandex.net/images/actor_iphone/iphone360_16713.jpg","name":"Кери Линн Прэтт","enName":"Keri Lynn Pratt","profession":"актеры","enProfession":"actor"},{"id":39181,"photo":"https://st.kp.yandex.net/images/actor_iphone/iphone360_39181.jpg","name":"Мария Кэнелс-Баррера","enName":"Maria Canals-Barrera","profession":"актеры","enProfession":"actor"},{"id":50249,"photo":"https://st.kp.yandex.net/images/actor_iphone/iphone360_50249.jpg","name":"Чарли Стейнер","enName":"Charley Steiner","profession":"актеры","enProfession":"actor"},{"id":32331,"photo":"https://st.kp.yandex.net/images/actor_iphone/iphone360_32331.jpg","name":"Шон Робинсон","enName":"Shaun Robinson","profession":"актеры","enProfession":"actor"},{"id":50250,"photo":"https://st.kp.yandex.net/images/actor_iphone/iphone360_50250.jpg","name":"Джефф Майкл","enName":"Jeff Michael","profession":"актеры","enProfession":"actor"},{"id":50251,"photo":"https://st.kp.yandex.net/images/actor_iphone/iphone360_50251.jpg","name":"Сибила Варгас","enName":"Sibila Vargas","profession":"актеры","enProfession":"actor"},{"id":50252,"photo":"https://st.kp.yandex.net/images/actor_iphone/iphone360_50252.jpg","name":"Джейн Ямамото","enName":"Jane Yamamoto","profession":"актеры","enProfession":"actor"},{"id":50253,"photo":"https://st.kp.yandex.net/images/actor_iphone/iphone360_50253.jpg","name":"Байрон Аллен","enName":"Byron Allen","profession":"актеры","enProfession":"actor"},{"id":22767,"photo":"https://st.kp.yandex.net/images/actor_iphone/iphone360_22767.jpg","name":"Венди Шенкер","enName":"Wendy Schenker","profession":"актеры","enProfession":"actor"},{"id":50254,"photo":"https://st.kp.yandex.net/images/actor_iphone/iphone360_50254.jpg","name":"Джим Фергюсон","enName":"Jim Ferguson","profession":"актеры","enProfession":"actor"},{"id":32037,"photo":"https://st.kp.yandex.net/images/actor_iphone/iphone360_32037.jpg","name":"Лиза Джойнер","enName":"Lisa Joyner","profession":"актеры","enProfession":"actor"},{"id":50255,"photo":"https://st.kp.yandex.net/images/actor_iphone/iphone360_50255.jpg","name":"Патрик Стоунер","enName":"Patrick Stoner","profession":"актеры","enProfession":"actor"},{"id":20183,"photo":"https://st.kp.yandex.net/images/actor_iphone/iphone360_20183.jpg","name":"Сэм Рубин","enName":"Sam Rubin","profession":"актеры","enProfession":"actor"},{"id":50256,"photo":"https://st.kp.yandex.net/images/actor_iphone/iphone360_50256.jpg","name":"Сьюзэн Кац","enName":"Susan Katz","profession":"актеры","enProfession":"actor"},{"id":11761,"photo":"https://st.kp.yandex.net/images/actor_iphone/iphone360_11761.jpg","name":"Мари Читхэм","enName":"Maree Cheatham","profession":"актеры","enProfession":"actor"},{"id":50257,"photo":"https://st.kp.yandex.net/images/actor_iphone/iphone360_50257.jpg","name":"Александр Энберг","enName":"Alexander Enberg","profession":"актеры","enProfession":"actor"},{"id":37008,"photo":"https://st.kp.yandex.net/images/actor_iphone/iphone360_37008.jpg","name":"Сара Лоу","enName":"Sarah Loew","profession":"актеры","enProfession":"actor"},{"id":50258,"photo":"https://st.kp.yandex.net/images/actor_iphone/iphone360_50258.jpg","name":"Джозеф Фейнголд","enName":"Joseph Feingold","profession":"актеры","enProfession":"actor"},{"id":50259,"photo":"https://st.kp.yandex.net/images/actor_iphone/iphone360_50259.jpg","name":"Шерри Дженнингс","enName":"Sherry Jennings","profession":"актеры","enProfession":"actor"},{"id":50260,"photo":"https://st.kp.yandex.net/images/actor_iphone/iphone360_50260.jpg","name":"Джули Соррелс","enName":"Julie Sorrels","profession":"актеры","enProfession":"actor"},{"id":50261,"photo":"https://st.kp.yandex.net/images/actor_iphone/iphone360_50261.jpg","name":"Остин Л. Соррелс","enName":"Austin L. Sorrels","profession":"актеры","enProfession":"actor"},{"id":30133,"photo":"https://st.kp.yandex.net/images/actor_iphone/iphone360_30133.jpg","name":"Джули Вагнер","enName":"Julie Wagner","profession":"актеры","enProfession":"actor"},{"id":50262,"photo":"https://st.kp.yandex.net/images/actor_iphone/iphone360_50262.jpg","name":"Лейлани Мюнтер","enName":"Leilani Münter","profession":"актеры","enProfession":"actor"},{"id":50263,"photo":"https://st.kp.yandex.net/images/actor_iphone/iphone360_50263.jpg","name":"Дмитрий Морайтис","enName":"Dimitri Moraitis","profession":"актеры","enProfession":"actor"},{"id":50264,"photo":"https://st.kp.yandex.net/images/actor_iphone/iphone360_50264.jpg","name":"Шон Дрисколл","enName":"Shawn Driscoll","profession":"актеры","enProfession":"actor"},{"id":50265,"photo":"https://st.kp.yandex.net/images/actor_iphone/iphone360_50265.jpg","name":"Мисти Си","enName":"Misti See","profession":"актеры","enProfession":"actor"},{"id":50266,"photo":"https://st.kp.yandex.net/images/actor_iphone/iphone360_50266.jpg","name":"Гэйл Ласковски","enName":"Gail Laskowski","profession":"актеры","enProfession":"actor"},{"id":884403,"photo":"https://st.kp.yandex.net/images/actor_iphone/iphone360_884403.jpg","name":"Джон П. Энтони","enName":"John P. Anthony","profession":"актеры","enProfession":"actor"},{"id":1539080,"photo":"https://st.kp.yandex.net/images/actor_iphone/iphone360_1539080.jpg","name":"Джоэль Аринелло","enName":"Joel Ariniello","profession":"актеры","enProfession":"actor"},{"id":50267,"photo":"https://st.kp.yandex.net/images/actor_iphone/iphone360_50267.jpg","name":"Эмбер Барретто","enName":"Amber Barretto","profession":"актеры","enProfession":"actor"},{"id":30312,"photo":"https://st.kp.yandex.net/images/actor_iphone/iphone360_30312.jpg","name":"Кэндис Кук","enName":"Candice T. Cain","profession":"актеры","enProfession":"actor"},{"id":1978,"photo":"https://st.kp.yandex.net/images/actor_iphone/iphone360_1978.jpg","name":"Хизер Чарльз","enName":"Heather Charles","profession":"актеры","enProfession":"actor"},{"id":13667,"photo":"https://st.kp.yandex.net/images/actor_iphone/iphone360_13667.jpg","name":"Энн Кьюсак","enName":"Ann Cusack","profession":"актеры","enProfession":"actor"},{"id":50268,"photo":"https://st.kp.yandex.net/images/actor_iphone/iphone360_50268.jpg","name":"Мишель Голд","enName":"Michelle Gold","profession":"актеры","enProfession":"actor"},{"id":5735,"photo":"https://st.kp.yandex.net/images/actor_iphone/iphone360_5735.jpg","name":"Ракель Болдуин Хортон","enName":"Raquel Horton","profession":"актеры","enProfession":"actor"},{"id":733282,"photo":"https://st.kp.yandex.net/images/actor_iphone/iphone360_733282.jpg","name":"Зин Джонс","enName":"Zeen Jones","profession":"актеры","enProfession":"actor"},{"id":4595332,"photo":"https://st.kp.yandex.net/images/actor_iphone/iphone360_4595332.jpg","name":null,"enName":"Rico Lee Jr.","profession":"актеры","enProfession":"actor"},{"id":192253,"photo":"https://st.kp.yandex.net/images/actor_iphone/iphone360_192253.jpg","name":"Марко Лопез","enName":"Marco Lopez","profession":"актеры","enProfession":"actor"},{"id":1501149,"photo":"https://st.kp.yandex.net/images/actor_iphone/iphone360_1501149.jpg","name":"Джордж Д. Миклос","enName":"George D. Miklos","profession":"актеры","enProfession":"actor"},{"id":51149,"photo":"https://st.kp.yandex.net/images/actor_iphone/iphone360_51149.jpg","name":"Луиз Леннон","enName":"Louise Osbourne","profession":"актеры","enProfession":"actor"},{"id":103864,"photo":"https://st.kp.yandex.net/images/actor_iphone/iphone360_103864.jpg","name":"Боб Пеппер","enName":"Bob Pepper","profession":"актеры","enProfession":"actor"},{"id":50626,"photo":"https://st.kp.yandex.net/images/actor_iphone/iphone360_50626.jpg","name":"Эмма Робертс","enName":"Emma Roberts","profession":"актеры","enProfession":"actor"},{"id":16008,"photo":"https://st.kp.yandex.net/images/actor_iphone/iphone360_16008.jpg","name":"Ивет Саундерс","enName":"Yvette Saunders","profession":"актеры","enProfession":"actor"},{"id":569895,"photo":"https://st.kp.yandex.net/images/actor_iphone/iphone360_569895.jpg","name":"Том Шаус","enName":"Tom Schaus","profession":"актеры","enProfession":"actor"},{"id":33001,"photo":"https://st.kp.yandex.net/images/actor_iphone/iphone360_33001.jpg","name":"Майкл А. Тессиеро","enName":"Michael A. Tessiero","profession":"актеры","enProfession":"actor"},{"id":542462,"photo":"https://st.kp.yandex.net/images/actor_iphone/iphone360_542462.jpg","name":"Джеймс Ньютон Ховард","enName":"James Newton Howard","profession":"композиторы","enProfession":"composer"},{"id":1993733,"photo":"https://st.kp.yandex.net/images/actor_iphone/iphone360_1993733.jpg","name":"Гаррет Стоувер","enName":"Garreth Stover","profession":"художники","enProfession":"designer"},{"id":1986352,"photo":"https://st.kp.yandex.net/images/actor_iphone/iphone360_1986352.jpg","name":"Крис Корнвэлл","enName":"Chris Cornwell","profession":"художники","enProfession":"designer"},{"id":1999648,"photo":"https://st.kp.yandex.net/images/actor_iphone/iphone360_1999648.jpg","name":"Денни Дюгалли","enName":"Denny Dugally","profession":"художники","enProfession":"designer"},{"id":157166,"photo":"https://st.kp.yandex.net/images/actor_iphone/iphone360_157166.jpg","name":"Эллен Мирожник","enName":"Ellen Mirojnick","profession":"художники","enProfession":"designer"},{"id":2354628,"photo":"https://st.kp.yandex.net/images/actor_iphone/iphone360_2354628.jpg","name":"Ларри Диас","enName":"Larry Dias","profession":"художники","enProfession":"designer"},{"id":30140,"photo":"https://st.kp.yandex.net/images/actor_iphone/iphone360_30140.jpg","name":"Джо Рот","enName":"Joe Roth","profession":"режиссеры","enProfession":"director"},{"id":1269724,"photo":"https://st.kp.yandex.net/images/actor_iphone/iphone360_1269724.jpg","name":"Стивен А. Роттер","enName":"Stephen A. Rotter","profession":"монтажеры","enProfession":"editor"},{"id":107457,"photo":"https://st.kp.yandex.net/images/actor_iphone/iphone360_107457.jpg","name":"Фидон Папамайкл","enName":"Phedon Papamichael","profession":"операторы","enProfession":"operator"},{"id":21648,"photo":"https://st.kp.yandex.net/images/actor_iphone/iphone360_21648.jpg","name":"Сьюзэн Арнольд","enName":"Susan Arnold","profession":"продюсеры","enProfession":"producer"},{"id":26112,"photo":"https://st.kp.yandex.net/images/actor_iphone/iphone360_26112.jpg","name":"Билли Кристал","enName":"Billy Crystal","profession":"продюсеры","enProfession":"producer"},{"id":50269,"photo":"https://st.kp.yandex.net/images/actor_iphone/iphone360_50269.jpg","name":"Брюс А. Блок","enName":"Bruce A. Block","profession":"продюсеры","enProfession":"producer"},{"id":25532,"photo":"https://st.kp.yandex.net/images/actor_iphone/iphone360_25532.jpg","name":"Аллегра Клегг","enName":"Allegra Clegg","profession":"продюсеры","enProfession":"producer"},{"id":37424,"photo":"https://st.kp.yandex.net/images/actor_iphone/iphone360_37424.jpg","name":"Светлана Смирнова","enName":null,"profession":"актеры дубляжа","enProfession":"voice_actor"},{"id":477449,"photo":"https://st.kp.yandex.net/images/actor_iphone/iphone360_477449.jpg","name":"Елена Шульман","enName":null,"profession":"актеры дубляжа","enProfession":"voice_actor"},{"id":76124,"photo":"https://st.kp.yandex.net/images/actor_iphone/iphone360_76124.jpg","name":"Валерий Кухарешин","enName":null,"profession":"актеры дубляжа","enProfession":"voice_actor"},{"id":916982,"photo":"https://st.kp.yandex.net/images/actor_iphone/iphone360_916982.jpg","name":"Евгений Дятлов","enName":null,"profession":"актеры дубляжа","enProfession":"voice_actor"},{"id":916397,"photo":"https://st.kp.yandex.net/images/actor_iphone/iphone360_916397.jpg","name":"Александр Баргман","enName":null,"profession":"актеры дубляжа","enProfession":"voice_actor"},{"id":37403,"photo":"https://st.kp.yandex.net/images/actor_iphone/iphone360_37403.jpg","name":"Вадим Гущин","enName":null,"profession":"актеры дубляжа","enProfession":"voice_actor"},{"id":273439,"photo":"https://st.kp.yandex.net/images/actor_iphone/iphone360_273439.jpg","name":"Геннадий Богачёв","enName":null,"profession":"актеры дубляжа","enProfession":"voice_actor"},{"id":1175949,"photo":"https://st.kp.yandex.net/images/actor_iphone/iphone360_1175949.jpg","name":"Геннадий Смирнов","enName":null,"profession":"актеры дубляжа","enProfession":"voice_actor"},{"id":594036,"photo":"https://st.kp.yandex.net/images/actor_iphone/iphone360_594036.jpg","name":"Борис Улитин","enName":null,"profession":"актеры дубляжа","enProfession":"voice_actor"},{"id":287429,"photo":"https://st.kp.yandex.net/images/actor_iphone/iphone360_287429.jpg","name":"Андрей Тенетко","enName":null,"profession":"актеры дубляжа","enProfession":"voice_actor"},{"id":37392,"photo":"https://st.kp.yandex.net/images/actor_iphone/iphone360_37392.jpg","name":"Максим Сергеев","enName":null,"profession":"актеры дубляжа","enProfession":"voice_actor"},{"id":1736815,"photo":"https://st.kp.yandex.net/images/actor_iphone/iphone360_1736815.jpg","name":"Дмитрий Витов","enName":null,"profession":"актеры дубляжа","enProfession":"voice_actor"},{"id":594007,"photo":"https://st.kp.yandex.net/images/actor_iphone/iphone360_594007.jpg","name":"Анатолий Дубанов","enName":null,"profession":"актеры дубляжа","enProfession":"voice_actor"},{"id":1735783,"photo":"https://st.kp.yandex.net/images/actor_iphone/iphone360_1735783.jpg","name":"Александра Кожевникова","enName":null,"profession":"актеры дубляжа","enProfession":"voice_actor"},{"id":700831,"photo":"https://st.kp.yandex.net/images/actor_iphone/iphone360_700831.jpg","name":"Владимир Маслаков","enName":null,"profession":"актеры дубляжа","enProfession":"voice_actor"},{"id":26112,"photo":"https://st.kp.yandex.net/images/actor_iphone/iphone360_26112.jpg","name":"Билли Кристал","enName":"Billy Crystal","profession":"редакторы","enProfession":"writer"},{"id":13660,"photo":"https://st.kp.yandex.net/images/actor_iphone/iphone360_13660.jpg","name":"Питер Толан","enName":"Peter Tolan","profession":"редакторы","enProfession":"writer"}],"typeNumber":1,"alternativeName":"America's Sweethearts","enName":null,"names":[{"name":"Любимцы Америки"},{"name":"America's Sweethearts"},{"name":"La pareja del año","language":"ES","type":null},{"name":"To zevgari tis xronias","language":"GR","type":null},{"name":"To zevgari tis hronias","language":"GR","type":null}],"ageRating":16,"ratingMpaa":"pg13","similarMovies":[{"id":8125,"name":"Красотка","enName":null,"alternativeName":"Pretty Woman","type":"movie","poster":{"url":"https://avatars.mds.yandex.net/get-kinopoisk-image/6201401/e16bb488-b57a-45f4-8566-615a58d8008f/orig","previewUrl":"https://avatars.mds.yandex.net/get-kinopoisk-image/6201401/e16bb488-b57a-45f4-8566-615a58d8008f/x1000"}},{"id":6146,"name":"Ноттинг Хилл","enName":null,"alternativeName":"Notting Hill","type":"movie","poster":{"url":"https://avatars.mds.yandex.net/get-kinopoisk-image/4774061/c3618738-4ce6-498c-8f28-6fcf9863af50/orig","previewUrl":"https://avatars.mds.yandex.net/get-kinopoisk-image/4774061/c3618738-4ce6-498c-8f28-6fcf9863af50/x1000"}}],"shortDescription":null,"sequelsAndPrequels":[],"imagesInfo":{"framesCount":35},"logo":{"url":null},"watchability":{"items":null},"top10":null,"top250":null}