{"fees":{"world":{"value":35134820,"currency":"$"},"usa":{"value":26005820,"currency":"$"}},"status":null,"externalId":{"kpHD":null,"imdb":"tt0131704","tmdb":17711},"rating":{"kp":4.951,"imdb":4.3,"filmCritics":4.9,"russianFilmCritics":0,"await":0},"votes":{"kp":8881,"imdb":20664,"filmCritics":101,"russianFilmCritics":0,"await":0},"backdrop":{"url":null,"previewUrl":null},"movieLength":92,"productionCompanies":[{"name":"Tribeca Productions","url":null,"previewUrl":null},{"name":"Wildbrain Entertainment","url":null,"previewUrl":null}],"id":1593,"type":"cartoon","name":"Приключения Рокки и Буллвинкля","description":"Двое злодеев времен «холодной войны», злые шпионы из Поттсильвании Борис Баденов и Наташа Фаталь объединяют свои усилия с современным медиа-магнатом - Бесстрашным Лидером, который строит коварные планы завоевания мира. Не в силах справиться со злодеями, ФБР призывает на помощь бесстрашную парочку - говорящего лося Буллвинкля и летающую белку Рокки.\n\nВ основу ленты положен популярный телевизионный мультсериал 60-х годов. Роберт Де Ниро всегда был большим его поклонником, и поэтому производство картины осуществила его кинокомпания Tribeca Prods., а сам он не только исполнил одну из ролей, но и выступил в качестве продюсера.\n\nВ эпизодических ролях снялись такие знаменитости, как Билли Кристал, Джон Гудман, Вупи Голдберг, Джанин Гарофало и Карл Райнер. Компьютерные спецэффекты создала компания ILM.","premiere":{"country":"США","world":"2000-06-24T00:00:00.000Z","russia":"2001-01-04T00:00:00.000Z","cinema":"2001-01-04T00:00:00.000Z","dvd":"2009-12-15T00:00:00.000Z"},"slogan":"Де Ниро, Руссо, Александр, Лось, Белка","year":2000,"budget":{"value":76000000,"currency":"$"},"poster":{"url":"https://st.kp.yandex.net/images/film_big/1593.jpg","previewUrl":"https://st.kp.yandex.net/images/film_iphone/iphone360_1593.jpg"},"facts":[],"genres":[{"name":"мультфильм"},{"name":"фэнтези"},{"name":"комедия"},{"name":"приключения"},{"name":"семейный"}],"countries":[{"name":"США"},{"name":"Германия"}],"videos":{"trailers":[{"url":"https://widgets.kinopoisk.ru/discovery/trailer/86506?onlyPlayer=1&autoplay=1&cover=1","name":"Русский трейлер","site":"kinopoisk_widget"},{"url":"https://www.youtube.com/v/sQXEny-BzKc","name":"Трейлер","site":"youtube"},{"url":"https://www.youtube.com/embed/zRADwNEWW6c","name":"The Adventures of Rocky and Bullwinkle","site":"youtube","type":"TRAILER"},{"url":"https://www.youtube.com/embed/sjzxZCqFu9w","name":"The Adventures of Rocky & Bullwinkle Official Trailer #1 - Robert De Niro Movie (2000) HD","site":"youtube","type":"TRAILER"}],"teasers":[]},"seasonsInfo":[],"persons":[{"id":1125,"photo":"https://st.kp.yandex.net/images/actor_iphone/iphone360_1125.jpg","name":"Пайпер Перабо","enName":"Piper Perabo","profession":"актеры","enProfession":"actor"},{"id":718,"photo":"https://st.kp.yandex.net/images/actor_iphone/iphone360_718.jpg","name":"Роберт Де Ниро","enName":"Robert De Niro","profession":"актеры","enProfession":"actor"},{"id":25996,"photo":"https://st.kp.yandex.net/images/actor_iphone/iphone360_25996.jpg","name":"Рене Руссо","enName":"Rene Russo","profession":"актеры","enProfession":"actor"},{"id":32833,"photo":"https://st.kp.yandex.net/images/actor_iphone/iphone360_32833.jpg","name":"Джейсон Александер","enName":"Jason Alexander","profession":"актеры","enProfession":"actor"},{"id":24695,"photo":"https://st.kp.yandex.net/images/actor_iphone/iphone360_24695.jpg","name":"Рэнди Куэйд","enName":"Randy Quaid","profession":"актеры","enProfession":"actor"},{"id":55447,"photo":"https://st.kp.yandex.net/images/actor_iphone/iphone360_55447.jpg","name":"Джун Форэй","enName":"June Foray","profession":"актеры","enProfession":"actor"},{"id":55448,"photo":"https://st.kp.yandex.net/images/actor_iphone/iphone360_55448.jpg","name":"Кит Скотт","enName":"Keith Scott","profession":"актеры","enProfession":"actor"},{"id":6459,"photo":"https://st.kp.yandex.net/images/actor_iphone/iphone360_6459.jpg","name":"Джанин Гарофало","enName":"Janeane Garofalo","profession":"актеры","enProfession":"actor"},{"id":5898,"photo":"https://st.kp.yandex.net/images/actor_iphone/iphone360_5898.jpg","name":"Карл Райнер","enName":"Carl Reiner","profession":"актеры","enProfession":"actor"},{"id":55449,"photo":"https://st.kp.yandex.net/images/actor_iphone/iphone360_55449.jpg","name":"Джонатан Уинтерс","enName":"Jonathan Winters","profession":"актеры","enProfession":"actor"},{"id":7317,"photo":"https://st.kp.yandex.net/images/actor_iphone/iphone360_7317.jpg","name":"Джон Гудман","enName":"John Goodman","profession":"актеры","enProfession":"actor"},{"id":31924,"photo":"https://st.kp.yandex.net/images/actor_iphone/iphone360_31924.jpg","name":"Кенан Томпсон","enName":"Kenan Thompson","profession":"актеры","enProfession":"actor"},{"id":26958,"photo":"https://st.kp.yandex.net/images/actor_iphone/iphone360_26958.jpg","name":"Кел Митчелл","enName":"Kel Mitchell","profession":"актеры","enProfession":"actor"},{"id":9214,"photo":"https://st.kp.yandex.net/images/actor_iphone/iphone360_9214.jpg","name":"Джеймс Ребхорн","enName":"James Rebhorn","profession":"актеры","enProfession":"actor"},{"id":732,"photo":"https://st.kp.yandex.net/images/actor_iphone/iphone360_732.jpg","name":"Дэвид Алан Грир","enName":"David Alan Grier","profession":"актеры","enProfession":"actor"},{"id":55450,"photo":"https://st.kp.yandex.net/images/actor_iphone/iphone360_55450.jpg","name":"Норман Ллойд","enName":"Norman Lloyd","profession":"актеры","enProfession":"actor"},{"id":9488,"photo":"https://st.kp.yandex.net/images/actor_iphone/iphone360_9488.jpg","name":"Джон Полито","enName":"Jon Polito","profession":"актеры","enProfession":"actor"},{"id":49052,"photo":"https://st.kp.yandex.net/images/actor_iphone/iphone360_49052.jpg","name":"Род Бирманн","enName":"Rod Biermann","profession":"актеры","enProfession":"actor"},{"id":188,"photo":"https://st.kp.yandex.net/images/actor_iphone/iphone360_188.jpg","name":"Дон Новелло","enName":"Don Novello","profession":"актеры","enProfession":"actor"},{"id":8751,"photo":"https://st.kp.yandex.net/images/actor_iphone/iphone360_8751.jpg","name":"Джон Брэндон","enName":"John Brandon","profession":"актеры","enProfession":"actor"},{"id":19077,"photo":"https://st.kp.yandex.net/images/actor_iphone/iphone360_19077.jpg","name":"Харрисон Янг","enName":"Harrison Young","profession":"актеры","enProfession":"actor"},{"id":320,"photo":"https://st.kp.yandex.net/images/actor_iphone/iphone360_320.jpg","name":"Найджел Гиббс","enName":"Nigel Gibbs","profession":"актеры","enProfession":"actor"},{"id":55451,"photo":"https://st.kp.yandex.net/images/actor_iphone/iphone360_55451.jpg","name":"Эд Гэйл","enName":"Ed Gale","profession":"актеры","enProfession":"actor"},{"id":8842,"photo":"https://st.kp.yandex.net/images/actor_iphone/iphone360_8842.jpg","name":"Филип Проктор","enName":"Phil Proctor","profession":"актеры","enProfession":"actor"},{"id":18997,"photo":"https://st.kp.yandex.net/images/actor_iphone/iphone360_18997.jpg","name":"Дайн Бачар","enName":"Dian Bachar","profession":"актеры","enProfession":"actor"},{"id":27133,"photo":"https://st.kp.yandex.net/images/actor_iphone/iphone360_27133.jpg","name":"Дрена Де Ниро","enName":"Drena De Niro","profession":"актеры","enProfession":"actor"},{"id":55452,"photo":"https://st.kp.yandex.net/images/actor_iphone/iphone360_55452.jpg","name":"Марк Холтон","enName":"Mark Holton","profession":"актеры","enProfession":"actor"},{"id":21070,"photo":"https://st.kp.yandex.net/images/actor_iphone/iphone360_21070.jpg","name":"Даг Джонс","enName":"Doug Jones","profession":"актеры","enProfession":"actor"},{"id":37883,"photo":"https://st.kp.yandex.net/images/actor_iphone/iphone360_37883.jpg","name":"Джейн Эдит Уилсон","enName":"Jane Edith Wilson","profession":"актеры","enProfession":"actor"},{"id":55453,"photo":"https://st.kp.yandex.net/images/actor_iphone/iphone360_55453.jpg","name":"Лили Никсей","enName":"Lily Gibson","profession":"актеры","enProfession":"actor"},{"id":55454,"photo":"https://st.kp.yandex.net/images/actor_iphone/iphone360_55454.jpg","name":"Джулия МакАнуфф","enName":"Julia McAnuff","profession":"актеры","enProfession":"actor"},{"id":55455,"photo":"https://st.kp.yandex.net/images/actor_iphone/iphone360_55455.jpg","name":"Адам Миллер","enName":"Adam Miller","profession":"актеры","enProfession":"actor"},{"id":1518,"photo":"https://st.kp.yandex.net/images/actor_iphone/iphone360_1518.jpg","name":"Стив Рэнкин","enName":"Steve Rankin","profession":"актеры","enProfession":"actor"},{"id":783,"photo":"https://st.kp.yandex.net/images/actor_iphone/iphone360_783.jpg","name":"Филлип В. Карузо","enName":"Phillip V. Caruso","profession":"актеры","enProfession":"actor"},{"id":55456,"photo":"https://st.kp.yandex.net/images/actor_iphone/iphone360_55456.jpg","name":"Брайан Финни","enName":"Brian Finney","profession":"актеры","enProfession":"actor"},{"id":36050,"photo":"https://st.kp.yandex.net/images/actor_iphone/iphone360_36050.jpg","name":"Уэсли Манн","enName":"Wesley Mann","profession":"актеры","enProfession":"actor"},{"id":1045004,"photo":"https://st.kp.yandex.net/images/actor_iphone/iphone360_1045004.jpg","name":"Джефф Росс","enName":"Jeffrey Ross","profession":"актеры","enProfession":"actor"},{"id":55457,"photo":"https://st.kp.yandex.net/images/actor_iphone/iphone360_55457.jpg","name":"Эрви Лоу мл.","enName":"Arvie Lowe Jr.","profession":"актеры","enProfession":"actor"},{"id":10553,"photo":"https://st.kp.yandex.net/images/actor_iphone/iphone360_10553.jpg","name":"Чип Чинери","enName":"Chip Chinery","profession":"актеры","enProfession":"actor"},{"id":565,"photo":"https://st.kp.yandex.net/images/actor_iphone/iphone360_565.jpg","name":"Эллис Уильямс","enName":"Ellis Williams","profession":"актеры","enProfession":"actor"},{"id":22099,"photo":"https://st.kp.yandex.net/images/actor_iphone/iphone360_22099.jpg","name":"Дэвид Брисбин","enName":"David Brisbin","profession":"актеры","enProfession":"actor"},{"id":55458,"photo":"https://st.kp.yandex.net/images/actor_iphone/iphone360_55458.jpg","name":"Кристен Лоуман","enName":"Kristen Lowman","profession":"актеры","enProfession":"actor"},{"id":55459,"photo":"https://st.kp.yandex.net/images/actor_iphone/iphone360_55459.jpg","name":"Мирна Нилс","enName":"Myrna Niles","profession":"актеры","enProfession":"actor"},{"id":21425,"photo":"https://st.kp.yandex.net/images/actor_iphone/iphone360_21425.jpg","name":"Джек Доннер","enName":"Jack Donner","profession":"актеры","enProfession":"actor"},{"id":55460,"photo":"https://st.kp.yandex.net/images/actor_iphone/iphone360_55460.jpg","name":"Аманда Брукшир","enName":"Amanda Brookshire","profession":"актеры","enProfession":"actor"},{"id":55461,"photo":"https://st.kp.yandex.net/images/actor_iphone/iphone360_55461.jpg","name":"Патрик Бриллхарт","enName":"Patric Brillhart","profession":"актеры","enProfession":"actor"},{"id":55462,"photo":"https://st.kp.yandex.net/images/actor_iphone/iphone360_55462.jpg","name":"Джаред Ду","enName":"Jared Doud","profession":"актеры","enProfession":"actor"},{"id":12840,"photo":"https://st.kp.yandex.net/images/actor_iphone/iphone360_12840.jpg","name":"Пэйджет Брюстер","enName":"Paget Brewster","profession":"актеры","enProfession":"actor"},{"id":23924,"photo":"https://st.kp.yandex.net/images/actor_iphone/iphone360_23924.jpg","name":"Виктор Рэйдер-Векслер","enName":"Victor Raider-Wexler","profession":"актеры","enProfession":"actor"},{"id":32371,"photo":"https://st.kp.yandex.net/images/actor_iphone/iphone360_32371.jpg","name":"Макс Гроденчик","enName":"Max Grodénchik","profession":"актеры","enProfession":"actor"},{"id":55463,"photo":"https://st.kp.yandex.net/images/actor_iphone/iphone360_55463.jpg","name":"Юджин Элпер","enName":"Eugene Alper","profession":"актеры","enProfession":"actor"},{"id":4452,"photo":"https://st.kp.yandex.net/images/actor_iphone/iphone360_4452.jpg","name":"Алексис Торпе","enName":"Alexis Thorpe","profession":"актеры","enProfession":"actor"},{"id":4052,"photo":"https://st.kp.yandex.net/images/actor_iphone/iphone360_4052.jpg","name":"Тараджи П. Хенсон","enName":"Taraji P. Henson","profession":"актеры","enProfession":"actor"},{"id":532357,"photo":"https://st.kp.yandex.net/images/actor_iphone/iphone360_532357.jpg","name":"Ларри Варанелли","enName":"Larry Varanelli","profession":"актеры","enProfession":"actor"},{"id":587532,"photo":"https://st.kp.yandex.net/images/actor_iphone/iphone360_587532.jpg","name":"Дженнифер Остин","enName":"Jennifer Austin","profession":"актеры","enProfession":"actor"},{"id":100,"photo":"https://st.kp.yandex.net/images/actor_iphone/iphone360_100.jpg","name":"Майкл Бердсли","enName":"Michael Beardsley","profession":"актеры","enProfession":"actor"},{"id":9599,"photo":"https://st.kp.yandex.net/images/actor_iphone/iphone360_9599.jpg","name":"Эдвард Бекфорд","enName":"Edward Beckford","profession":"актеры","enProfession":"actor"},{"id":28855,"photo":"https://st.kp.yandex.net/images/actor_iphone/iphone360_28855.jpg","name":"Сьюзэн Берман","enName":"Susan Berman","profession":"актеры","enProfession":"actor"},{"id":586341,"photo":"https://st.kp.yandex.net/images/actor_iphone/iphone360_586341.jpg","name":"Дар Биллинхэм","enName":"Dar Billingham","profession":"актеры","enProfession":"actor"},{"id":55465,"photo":"https://st.kp.yandex.net/images/actor_iphone/iphone360_55465.jpg","name":"Роберт Банди","enName":"Robert Bundy","profession":"актеры","enProfession":"actor"},{"id":55466,"photo":"https://st.kp.yandex.net/images/actor_iphone/iphone360_55466.jpg","name":"Джон Кэмпион","enName":"John Campion","profession":"актеры","enProfession":"actor"},{"id":48572,"photo":"https://st.kp.yandex.net/images/actor_iphone/iphone360_48572.jpg","name":"Тереза Коуч","enName":"Teresa Couch","profession":"актеры","enProfession":"actor"},{"id":26112,"photo":"https://st.kp.yandex.net/images/actor_iphone/iphone360_26112.jpg","name":"Билли Кристал","enName":"Billy Crystal","profession":"актеры","enProfession":"actor"},{"id":55467,"photo":"https://st.kp.yandex.net/images/actor_iphone/iphone360_55467.jpg","name":"Элвуд Эдвардс","enName":"Elwood Edwards","profession":"актеры","enProfession":"actor"},{"id":6596700,"photo":"https://st.kp.yandex.net/images/actor_iphone/iphone360_6596700.jpg","name":null,"enName":"Bridget Finney","profession":"актеры","enProfession":"actor"},{"id":50174,"photo":"https://st.kp.yandex.net/images/actor_iphone/iphone360_50174.jpg","name":"Кори Фокс","enName":"Corey Foxx","profession":"актеры","enProfession":"actor"},{"id":22266,"photo":"https://st.kp.yandex.net/images/actor_iphone/iphone360_22266.jpg","name":"Вупи Голдберг","enName":"Whoopi Goldberg","profession":"актеры","enProfession":"actor"},{"id":1960362,"photo":"https://st.kp.yandex.net/images/actor_iphone/iphone360_1960362.jpg","name":"Рик Кейн","enName":"Rick Kain","profession":"актеры","enProfession":"actor"},{"id":1140785,"photo":"https://st.kp.yandex.net/images/actor_iphone/iphone360_1140785.jpg","name":"Джейсон Кэйкбин","enName":"Jason Kakebeen","profession":"актеры","enProfession":"actor"},{"id":55468,"photo":"https://st.kp.yandex.net/images/actor_iphone/iphone360_55468.jpg","name":"Чад Келлер","enName":"Chad Keller","profession":"актеры","enProfession":"actor"},{"id":1468512,"photo":"https://st.kp.yandex.net/images/actor_iphone/iphone360_1468512.jpg","name":"Скотт Кинг","enName":"Scott King","profession":"актеры","enProfession":"actor"},{"id":1084274,"photo":"https://st.kp.yandex.net/images/actor_iphone/iphone360_1084274.jpg","name":"Маршалл Дэнсинг Элк Лукас","enName":"Marshall Dancing Elk Lucas","profession":"актеры","enProfession":"actor"},{"id":2373853,"photo":"https://st.kp.yandex.net/images/actor_iphone/iphone360_2373853.jpg","name":"Джонни Лакетт","enName":"Johnny Luckett","profession":"актеры","enProfession":"actor"},{"id":55469,"photo":"https://st.kp.yandex.net/images/actor_iphone/iphone360_55469.jpg","name":"Джереми Максвелл","enName":"Jeremy Maxwell","profession":"актеры","enProfession":"actor"},{"id":909945,"photo":"https://st.kp.yandex.net/images/actor_iphone/iphone360_909945.jpg","name":"Даниэль МакКи","enName":"Danielle McKee","profession":"актеры","enProfession":"actor"},{"id":4742009,"photo":"https://st.kp.yandex.net/images/actor_iphone/iphone360_4742009.jpg","name":"Пол Макмайкл","enName":"Paul McMichael","profession":"актеры","enProfession":"actor"},{"id":4736989,"photo":"https://st.kp.yandex.net/images/actor_iphone/iphone360_4736989.jpg","name":null,"enName":"Christie McNew","profession":"актеры","enProfession":"actor"},{"id":786,"photo":"https://st.kp.yandex.net/images/actor_iphone/iphone360_786.jpg","name":"Джордж Ф. Миллер","enName":"George F. Miller","profession":"актеры","enProfession":"actor"},{"id":55470,"photo":"https://st.kp.yandex.net/images/actor_iphone/iphone360_55470.jpg","name":"Гари Пайк","enName":"Gary Pike","profession":"актеры","enProfession":"actor"},{"id":952358,"photo":"https://st.kp.yandex.net/images/actor_iphone/iphone360_952358.jpg","name":"Таня Мироновски","enName":"Tanya Raisa","profession":"актеры","enProfession":"actor"},{"id":55471,"photo":"https://st.kp.yandex.net/images/actor_iphone/iphone360_55471.jpg","name":"Келли Селлс","enName":"Kelly Sells","profession":"актеры","enProfession":"actor"},{"id":1672085,"photo":"https://st.kp.yandex.net/images/actor_iphone/iphone360_1672085.jpg","name":"Ники Сикстин","enName":"Nicki Sixteen","profession":"актеры","enProfession":"actor"},{"id":55464,"photo":"https://st.kp.yandex.net/images/actor_iphone/iphone360_55464.jpg","name":"Виктор М. Слоун","enName":"Victor M. Slone","profession":"актеры","enProfession":"actor"},{"id":1941,"photo":"https://st.kp.yandex.net/images/actor_iphone/iphone360_1941.jpg","name":"Ти-Джей Тайн","enName":"T.J. Thyne","profession":"актеры","enProfession":"actor"},{"id":6596701,"photo":"https://st.kp.yandex.net/images/actor_iphone/iphone360_6596701.jpg","name":null,"enName":"GoGo Toucette","profession":"актеры","enProfession":"actor"},{"id":311630,"photo":"https://st.kp.yandex.net/images/actor_iphone/iphone360_311630.jpg","name":"Рэнди Вольц","enName":"Randy Woltz","profession":"актеры","enProfession":"actor"},{"id":27000,"photo":"https://st.kp.yandex.net/images/actor_iphone/iphone360_27000.jpg","name":"Марк Мазерсбо","enName":"Mark Mothersbaugh","profession":"композиторы","enProfession":"composer"},{"id":1986152,"photo":"https://st.kp.yandex.net/images/actor_iphone/iphone360_1986152.jpg","name":"Гэвин Боке","enName":"Gavin Bocquet","profession":"художники","enProfession":"designer"},{"id":1986755,"photo":"https://st.kp.yandex.net/images/actor_iphone/iphone360_1986755.jpg","name":"Дэннис Брэдфорд","enName":"Dennis Bradford","profession":"художники","enProfession":"designer"},{"id":2000192,"photo":"https://st.kp.yandex.net/images/actor_iphone/iphone360_2000192.jpg","name":"Билл Ри","enName":"Bill Rea","profession":"художники","enProfession":"designer"},{"id":2003703,"photo":"https://st.kp.yandex.net/images/actor_iphone/iphone360_2003703.jpg","name":"Марлен Стюарт","enName":"Marlene Stewart","profession":"художники","enProfession":"designer"},{"id":2071266,"photo":"https://st.kp.yandex.net/images/actor_iphone/iphone360_2071266.jpg","name":"Кэрри Перзан","enName":"Caroline Perzan","profession":"художники","enProfession":"designer"},{"id":1987156,"photo":"https://st.kp.yandex.net/images/actor_iphone/iphone360_1987156.jpg","name":"Хилтон Роузмарин","enName":"Hilton Rosemarin","profession":"художники","enProfession":"designer"},{"id":21457,"photo":"https://st.kp.yandex.net/images/actor_iphone/iphone360_21457.jpg","name":"Дес МакАнуфф","enName":"Des McAnuff","profession":"режиссеры","enProfession":"director"},{"id":1342309,"photo":"https://st.kp.yandex.net/images/actor_iphone/iphone360_1342309.jpg","name":"Дэннис Вирклер","enName":"Dennis Virkler","profession":"монтажеры","enProfession":"editor"},{"id":231796,"photo":"https://st.kp.yandex.net/images/actor_iphone/iphone360_231796.jpg","name":"Томас Э. Экермен","enName":"Thomas E. Ackerman","profession":"операторы","enProfession":"operator"},{"id":718,"photo":"https://st.kp.yandex.net/images/actor_iphone/iphone360_718.jpg","name":"Роберт Де Ниро","enName":"Robert De Niro","profession":"продюсеры","enProfession":"producer"},{"id":9238,"photo":"https://st.kp.yandex.net/images/actor_iphone/iphone360_9238.jpg","name":"Джейн Розенталь","enName":"Jane Rosenthal","profession":"продюсеры","enProfession":"producer"},{"id":4919511,"photo":"https://st.kp.yandex.net/images/actor_iphone/iphone360_4919511.jpg","name":null,"enName":"Leslie Arvio","profession":"продюсеры","enProfession":"producer"},{"id":1667197,"photo":"https://st.kp.yandex.net/images/actor_iphone/iphone360_1667197.jpg","name":"Эллисон П. Браун","enName":"Allison P. Brown","profession":"продюсеры","enProfession":"producer"},{"id":1642594,"photo":"https://st.kp.yandex.net/images/actor_iphone/iphone360_1642594.jpg","name":"Жанна Никонова","enName":null,"profession":"актеры дубляжа","enProfession":"voice_actor"},{"id":1616407,"photo":"https://st.kp.yandex.net/images/actor_iphone/iphone360_1616407.jpg","name":"Всеволод Кузнецов","enName":null,"profession":"актеры дубляжа","enProfession":"voice_actor"},{"id":1649885,"photo":"https://st.kp.yandex.net/images/actor_iphone/iphone360_1649885.jpg","name":"Лариса Некипелова","enName":null,"profession":"актеры дубляжа","enProfession":"voice_actor"},{"id":280829,"photo":"https://st.kp.yandex.net/images/actor_iphone/iphone360_280829.jpg","name":"Юрий Маляров","enName":null,"profession":"актеры дубляжа","enProfession":"voice_actor"},{"id":325814,"photo":"https://st.kp.yandex.net/images/actor_iphone/iphone360_325814.jpg","name":"Рудольф Панков","enName":null,"profession":"актеры дубляжа","enProfession":"voice_actor"},{"id":193823,"photo":"https://st.kp.yandex.net/images/actor_iphone/iphone360_193823.jpg","name":"Борис Быстров","enName":null,"profession":"актеры дубляжа","enProfession":"voice_actor"},{"id":224608,"photo":"https://st.kp.yandex.net/images/actor_iphone/iphone360_224608.jpg","name":"Борис Шувалов","enName":null,"profession":"актеры дубляжа","enProfession":"voice_actor"},{"id":273180,"photo":"https://st.kp.yandex.net/images/actor_iphone/iphone360_273180.jpg","name":"Никита Прозоровский","enName":null,"profession":"актеры дубляжа","enProfession":"voice_actor"},{"id":1655599,"photo":"https://st.kp.yandex.net/images/actor_iphone/iphone360_1655599.jpg","name":"Юрий Брежнев","enName":null,"profession":"актеры дубляжа","enProfession":"voice_actor"},{"id":1643982,"photo":"https://st.kp.yandex.net/images/actor_iphone/iphone360_1643982.jpg","name":"Лина Иванова","enName":null,"profession":"актеры дубляжа","enProfession":"voice_actor"},{"id":297868,"photo":"https://st.kp.yandex.net/images/actor_iphone/iphone360_297868.jpg","name":"Ирина Савина","enName":null,"profession":"актеры дубляжа","enProfession":"voice_actor"},{"id":231569,"photo":"https://st.kp.yandex.net/images/actor_iphone/iphone360_231569.jpg","name":"Валентин Голубенко","enName":null,"profession":"актеры дубляжа","enProfession":"voice_actor"},{"id":245767,"photo":"https://st.kp.yandex.net/images/actor_iphone/iphone360_245767.jpg","name":"Всеволод Абдулов","enName":null,"profession":"актеры дубляжа","enProfession":"voice_actor"},{"id":273549,"photo":"https://st.kp.yandex.net/images/actor_iphone/iphone360_273549.jpg","name":"Владимир Конкин","enName":null,"profession":"актеры дубляжа","enProfession":"voice_actor"},{"id":281353,"photo":"https://st.kp.yandex.net/images/actor_iphone/iphone360_281353.jpg","name":"Алексей Золотницкий","enName":null,"profession":"актеры дубляжа","enProfession":"voice_actor"},{"id":290494,"photo":"https://st.kp.yandex.net/images/actor_iphone/iphone360_290494.jpg","name":"Леонид Белозорович","enName":null,"profession":"актеры дубляжа","enProfession":"voice_actor"},{"id":1348569,"photo":"https://st.kp.yandex.net/images/actor_iphone/iphone360_1348569.jpg","name":"Александр Хотченков","enName":null,"profession":"актеры дубляжа","enProfession":"voice_actor"},{"id":1419143,"photo":"https://st.kp.yandex.net/images/actor_iphone/iphone360_1419143.jpg","name":"Дмитрий Филимонов","enName":null,"profession":"актеры дубляжа","enProfession":"voice_actor"},{"id":1649301,"photo":"https://st.kp.yandex.net/images/actor_iphone/iphone360_1649301.jpg","name":"Ольга Голованова","enName":null,"profession":"актеры дубляжа","enProfession":"voice_actor"},{"id":10957,"photo":"https://st.kp.yandex.net/images/actor_iphone/iphone360_10957.jpg","name":"Кеннет Лонерган","enName":"Kenneth Lonergan","profession":"редакторы","enProfession":"writer"},{"id":26656,"photo":"https://st.kp.yandex.net/images/actor_iphone/iphone360_26656.jpg","name":"Джей Уорд","enName":"Jay Ward","profession":"редакторы","enProfession":"writer"}],"typeNumber":3,"alternativeName":"The Adventures of Rocky & Bullwinkle","ageRating":12,"enName":null,"names":[{"name":"Приключения Рокки и Буллвинкля"},{"name":"The Adventures of Rocky & Bullwinkle"},{"name":"As Aventuras de Rocky e Bullwinkle","language":"PT","type":null}],"ratingMpaa":"pg","similarMovies":[{"id":7108,"name":"Кто подставил кролика Роджера","enName":null,"alternativeName":"Who Framed Roger Rabbit","type":"cartoon","poster":{"url":"https://avatars.mds.yandex.net/get-kinopoisk-image/1629390/f98f19c7-b2be-4719-9091-0c4eb2b29332/orig","previewUrl":"https://avatars.mds.yandex.net/get-kinopoisk-image/1629390/f98f19c7-b2be-4719-9091-0c4eb2b29332/x1000"}},{"id":2518,"name":"Луни Тюнз: Снова в деле","enName":null,"alternativeName":"Looney Tunes: Back in Action","type":"cartoon","poster":{"url":"https://avatars.mds.yandex.net/get-kinopoisk-image/1600647/7ae2f8a8-3e2b-4032-9c0e-4cb9318c6988/orig","previewUrl":"https://avatars.mds.yandex.net/get-kinopoisk-image/1600647/7ae2f8a8-3e2b-4032-9c0e-4cb9318c6988/x1000"}},{"id":9319,"name":"Параллельный мир","enName":null,"alternativeName":"Cool World","type":"cartoon","poster":{"url":"https://avatars.mds.yandex.net/get-kinopoisk-image/1629390/3fc8ff06-d902-4a78-8e26-a4e7efe8bbc9/orig","previewUrl":"https://avatars.mds.yandex.net/get-kinopoisk-image/1629390/3fc8ff06-d902-4a78-8e26-a4e7efe8bbc9/x1000"}},{"id":8169,"name":"Космический джем","enName":null,"alternativeName":"Space Jam","type":"cartoon","poster":{"url":"https://avatars.mds.yandex.net/get-kinopoisk-image/4486362/298389df-5ed5-4195-80dc-9d36d4de090d/orig","previewUrl":"https://avatars.mds.yandex.net/get-kinopoisk-image/4486362/298389df-5ed5-4195-80dc-9d36d4de090d/x1000"}},{"id":464376,"name":"Маппеты","enName":null,"alternativeName":"The Muppets","type":"movie","poster":{"url":"https://avatars.mds.yandex.net/get-kinopoisk-image/1600647/78c7a4c1-d39c-4412-8de3-618bd476f98c/orig","previewUrl":"https://avatars.mds.yandex.net/get-kinopoisk-image/1600647/78c7a4c1-d39c-4412-8de3-618bd476f98c/x1000"}}],"shortDescription":null,"imagesInfo":{"framesCount":8},"sequelsAndPrequels":[{"id":229405,"name":"Шоу Рокки и Буллвинкля","enName":null,"alternativeName":"Rocky and His Friends","type":"animated-series","poster":{"url":"https://avatars.mds.yandex.net/get-kinopoisk-image/1599028/253b4ec0-de5c-4620-852c-68e73443c81e/orig","previewUrl":"https://avatars.mds.yandex.net/get-kinopoisk-image/1599028/253b4ec0-de5c-4620-852c-68e73443c81e/x1000"}},{"id":2425,"name":"Борис и Наташа","enName":null,"alternativeName":"Boris and Natasha","type":"movie","poster":{"url":"https://avatars.mds.yandex.net/get-kinopoisk-image/1900788/fea6fbd2-ebac-4dbf-9a10-3f578775e163/orig","previewUrl":"https://avatars.mds.yandex.net/get-kinopoisk-image/1900788/fea6fbd2-ebac-4dbf-9a10-3f578775e163/x1000"}},{"id":807251,"name":null,"enName":null,"alternativeName":"Rocky and Bullwinkle","type":"cartoon","poster":{"url":null,"previewUrl":null}}],"logo":{"url":null},"watchability":{"items":null},"top10":null,"top250":null}