{"fees":{"world":{"value":27388767,"currency":"$"},"russia":{"value":250000,"currency":"$"},"usa":{"value":22918387,"currency":"$"}},"status":null,"externalId":{"kpHD":"412c7b17581b0467901a15f02391795e","imdb":"tt0327679","tmdb":14442},"rating":{"kp":6.805,"imdb":6.3,"filmCritics":5.6,"russianFilmCritics":0,"await":0},"votes":{"kp":65195,"imdb":70803,"filmCritics":116,"russianFilmCritics":0,"await":0},"backdrop":{"url":"https://avatars.mds.yandex.net/get-ott/236744/2a00000162499dbca3ce3c4f3222e665ed6a/orig","previewUrl":"https://avatars.mds.yandex.net/get-ott/236744/2a00000162499dbca3ce3c4f3222e665ed6a/x1000"},"movieLength":96,"productionCompanies":[{"name":"World 2000 Entertainment","url":null,"previewUrl":null},{"name":"Enchanted Productions","url":null,"previewUrl":null}],"id":1713,"type":"movie","name":"Заколдованная Элла","description":"В детстве Элла получила от феи необычный «подарок» — повиновение. Теперь она не может отказаться ни от какой просьбы или указания, от кого бы они ни исходили. Повзрослев, Элла отправляется на поиски коварной Люсинды, чтобы освободиться от чар. Кто только ни встретится ей в пути: и эльфы, и орки, и великаны. А как их обхитришь, имея такую черту?","premiere":{"country":"США","world":"2004-04-09T00:00:00.000Z","russia":"2004-07-29T00:00:00.000Z","cinema":"2004-07-29T00:00:00.000Z","dvd":"2004-09-17T00:00:00.000Z"},"slogan":"This Spring...... All spell breaks loose","year":2004,"budget":{"value":31000000,"currency":"$"},"poster":{"url":"https://st.kp.yandex.net/images/film_big/1713.jpg","previewUrl":"https://st.kp.yandex.net/images/film_iphone/iphone360_1713.jpg"},"facts":[{"value":"<a href=\"/name/38703/\" class=\"all\">Энн Хэтэуэй</a> в фильме сама исполняет песню группы <a href=\"/name/1548268/\" class=\"all\">Queen</a> — &laquo;Somebody to Love&raquo;.","type":"FACT","spoiler":false},{"value":"Во время съёмки схватки на каскадёра упала лошадь, это закончилось многочисленными переломами таза.","type":"FACT","spoiler":false},{"value":"Для создания сказочной атмосферы затянутое облаками небо Ирландии посредством компьютерных технологий сделали сияюще-синим.","type":"FACT","spoiler":false},{"value":"В съёмках принимали участие два младенца-близнеца &#8211; плачущий и всем довольный. Название фильма &#171;Заколдованная Элла&#187; было размещено поверх лиц младенцев, чтобы скрыть их подмену.","type":"FACT","spoiler":false},{"value":"Ламия, где проживает герой <a href=\"/name/47427/\" class=\"all\">Хью Дэнси</a>, создана по образу и подобию центра Манхэттена (речь идёт о расположении замков, мостов, рек и пр.) В этом же названии обыгрывается древнегреческий миф о Ламии.","type":"FACT","spoiler":false},{"value":"<a href=\"/name/10827/\" class=\"all\">Джим Картер</a>, <a href=\"/name/8628/\" class=\"all\">Патрик Бергин</a> и <a href=\"/name/93514/\" class=\"all\">Дэниэл Нэпрос</a> полагали, что гримирование займёт, как им и было обещано, 2 часа, а оно занимало от 4 до 6 часов.","type":"FACT","spoiler":false},{"value":"Изначально Хестона планировали сделать куклой, но режиссёр <a href=\"/name/52899/\" class=\"all\">Томми О’Хейвер</a> вскоре понял, что это не то, и этот персонаж сделали компьютерным.","type":"FACT","spoiler":false},{"value":"Туфельки, которые Элле пришлось украсть, были стеклянными. Сделано было две пары, но за время съёмок <a href=\"/name/38703/\" class=\"all\">Энн Хэтэуэй</a> обе разбила.","type":"FACT","spoiler":false}],"genres":[{"name":"фэнтези"},{"name":"мелодрама"},{"name":"комедия"},{"name":"семейный"}],"countries":[{"name":"США"},{"name":"Ирландия"},{"name":"Великобритания"}],"videos":{"trailers":[{"url":"https://widgets.kinopoisk.ru/discovery/trailer/83562?onlyPlayer=1&autoplay=1&cover=1","name":"Трейлер (дублированный)","site":"kinopoisk_widget"},{"url":"https://widgets.kinopoisk.ru/discovery/trailer/83539?onlyPlayer=1&autoplay=1&cover=1","name":"Русский трейлер","site":"kinopoisk_widget"},{"url":"https://widgets.kinopoisk.ru/discovery/trailer/7328?onlyPlayer=1&autoplay=1&cover=1","name":"Трейлер","site":"kinopoisk_widget"},{"url":"https://www.youtube.com/embed/OoSUHgs7hCs","name":"Ella Enchanted | Official Trailer (HD) - Anne Hathaway, Hugh Dancy | MIRAMAX","site":"youtube","type":"TRAILER"},{"url":"https://www.youtube.com/embed/7Xfo9Sltki0","name":"Заколдованная Элла - Трейлер","site":"youtube","type":"TRAILER"}],"teasers":[]},"seasonsInfo":[],"persons":[{"id":38703,"photo":"https://st.kp.yandex.net/images/actor_iphone/iphone360_38703.jpg","name":"Энн Хэтэуэй","enName":"Anne Hathaway","profession":"актеры","enProfession":"actor"},{"id":47427,"photo":"https://st.kp.yandex.net/images/actor_iphone/iphone360_47427.jpg","name":"Хью Дэнси","enName":"Hugh Dancy","profession":"актеры","enProfession":"actor"},{"id":23722,"photo":"https://st.kp.yandex.net/images/actor_iphone/iphone360_23722.jpg","name":"Кэри Элвес","enName":"Cary Elwes","profession":"актеры","enProfession":"actor"},{"id":465451,"photo":"https://st.kp.yandex.net/images/actor_iphone/iphone360_465451.jpg","name":"Эйдан МакАрдл","enName":"Aidan McArdle","profession":"актеры","enProfession":"actor"},{"id":15524,"photo":"https://st.kp.yandex.net/images/actor_iphone/iphone360_15524.jpg","name":"Джоанна Ламли","enName":"Joanna Lumley","profession":"актеры","enProfession":"actor"},{"id":16437,"photo":"https://st.kp.yandex.net/images/actor_iphone/iphone360_16437.jpg","name":"Люси Панч","enName":"Lucy Punch","profession":"актеры","enProfession":"actor"},{"id":465450,"photo":"https://st.kp.yandex.net/images/actor_iphone/iphone360_465450.jpg","name":"Дженнифер Хайэм","enName":"Jennifer Higham","profession":"актеры","enProfession":"actor"},{"id":13479,"photo":"https://st.kp.yandex.net/images/actor_iphone/iphone360_13479.jpg","name":"Минни Драйвер","enName":"Minnie Driver","profession":"актеры","enProfession":"actor"},{"id":10824,"photo":"https://st.kp.yandex.net/images/actor_iphone/iphone360_10824.jpg","name":"Эрик Айдл","enName":"Eric Idle","profession":"актеры","enProfession":"actor"},{"id":41938,"photo":"https://st.kp.yandex.net/images/actor_iphone/iphone360_41938.jpg","name":"Стив Куган","enName":"Steve Coogan","profession":"актеры","enProfession":"actor"},{"id":5927,"photo":"https://st.kp.yandex.net/images/actor_iphone/iphone360_5927.jpg","name":"Джими Мистри","enName":"Jimi Mistry","profession":"актеры","enProfession":"actor"},{"id":20912,"photo":"https://st.kp.yandex.net/images/actor_iphone/iphone360_20912.jpg","name":"Вивика А. Фокс","enName":"Vivica A. Fox","profession":"актеры","enProfession":"actor"},{"id":37287,"photo":"https://st.kp.yandex.net/images/actor_iphone/iphone360_37287.jpg","name":"Парминдер К. Награ","enName":"Parminder Nagra","profession":"актеры","enProfession":"actor"},{"id":10827,"photo":"https://st.kp.yandex.net/images/actor_iphone/iphone360_10827.jpg","name":"Джим Картер","enName":"Jim Carter","profession":"актеры","enProfession":"actor"},{"id":8628,"photo":"https://st.kp.yandex.net/images/actor_iphone/iphone360_8628.jpg","name":"Патрик Бергин","enName":"Patrick Bergin","profession":"актеры","enProfession":"actor"},{"id":252485,"photo":"https://st.kp.yandex.net/images/actor_iphone/iphone360_252485.jpg","name":"Донна Дент","enName":"Donna Dent","profession":"актеры","enProfession":"actor"},{"id":554184,"photo":"https://st.kp.yandex.net/images/actor_iphone/iphone360_554184.jpg","name":"Анкита Малкан","enName":"Ankita Malkan","profession":"актеры","enProfession":"actor"},{"id":554185,"photo":"https://st.kp.yandex.net/images/actor_iphone/iphone360_554185.jpg","name":"Салли-Энн Тингл","enName":"Sally-Ann Tingle","profession":"актеры","enProfession":"actor"},{"id":554186,"photo":"https://st.kp.yandex.net/images/actor_iphone/iphone360_554186.jpg","name":"Айми Бригг","enName":"Aimee Brigg","profession":"актеры","enProfession":"actor"},{"id":28264,"photo":"https://st.kp.yandex.net/images/actor_iphone/iphone360_28264.jpg","name":"Хелен Нортон","enName":"Helen Norton","profession":"актеры","enProfession":"actor"},{"id":554187,"photo":"https://st.kp.yandex.net/images/actor_iphone/iphone360_554187.jpg","name":"Эммет Кирван","enName":"Emmet Kirwan","profession":"актеры","enProfession":"actor"},{"id":554188,"photo":"https://st.kp.yandex.net/images/actor_iphone/iphone360_554188.jpg","name":"Кристофер Келли","enName":"Christopher Kelly","profession":"актеры","enProfession":"actor"},{"id":38156,"photo":"https://st.kp.yandex.net/images/actor_iphone/iphone360_38156.jpg","name":"Одри Хэмм","enName":"Audrey Hamm","profession":"актеры","enProfession":"actor"},{"id":22351,"photo":"https://st.kp.yandex.net/images/actor_iphone/iphone360_22351.jpg","name":"Микель Мерфи","enName":"Mikel Murfi","profession":"актеры","enProfession":"actor"},{"id":41130,"photo":"https://st.kp.yandex.net/images/actor_iphone/iphone360_41130.jpg","name":"Рори Кинэн","enName":"Rory Keenan","profession":"актеры","enProfession":"actor"},{"id":64402,"photo":"https://st.kp.yandex.net/images/actor_iphone/iphone360_64402.jpg","name":"Ангус Ог МакЭнэлли","enName":"Aonghus Og McAnally","profession":"актеры","enProfession":"actor"},{"id":394687,"photo":"https://st.kp.yandex.net/images/actor_iphone/iphone360_394687.jpg","name":"Аарон Монахэн","enName":"Aaron Monaghan","profession":"актеры","enProfession":"actor"},{"id":211,"photo":"https://st.kp.yandex.net/images/actor_iphone/iphone360_211.jpg","name":"Хайди Клум","enName":"Heidi Klum","profession":"актеры","enProfession":"actor"},{"id":28246,"photo":"https://st.kp.yandex.net/images/actor_iphone/iphone360_28246.jpg","name":"Альваро Лучези","enName":"Alvaro Lucchesi","profession":"актеры","enProfession":"actor"},{"id":77244,"photo":"https://st.kp.yandex.net/images/actor_iphone/iphone360_77244.jpg","name":"Парик Бретнэк","enName":"Paraic Breathnach","profession":"актеры","enProfession":"actor"},{"id":93514,"photo":"https://st.kp.yandex.net/images/actor_iphone/iphone360_93514.jpg","name":"Дэниэл Нэпрос","enName":"Daniel Naprous","profession":"актеры","enProfession":"actor"},{"id":37232,"photo":"https://st.kp.yandex.net/images/actor_iphone/iphone360_37232.jpg","name":"Нора-Джейн Нун","enName":"Nora-Jane Noone","profession":"актеры","enProfession":"actor"},{"id":8703,"photo":"https://st.kp.yandex.net/images/actor_iphone/iphone360_8703.jpg","name":"Пэт Киневейн","enName":"Pat Kinevane","profession":"актеры","enProfession":"actor"},{"id":35926,"photo":"https://st.kp.yandex.net/images/actor_iphone/iphone360_35926.jpg","name":"Андреа Ирвин","enName":"Andrea Irvine","profession":"актеры","enProfession":"actor"},{"id":518959,"photo":"https://st.kp.yandex.net/images/actor_iphone/iphone360_518959.jpg","name":"Меррина Миллсапп","enName":"Merrina Millsapp","profession":"актеры","enProfession":"actor"},{"id":8727,"photo":"https://st.kp.yandex.net/images/actor_iphone/iphone360_8727.jpg","name":"Амелия Краули","enName":"Amelia Crowley","profession":"актеры","enProfession":"actor"},{"id":28281,"photo":"https://st.kp.yandex.net/images/actor_iphone/iphone360_28281.jpg","name":"Пэт МакГрат","enName":"Pat McGrath","profession":"актеры","enProfession":"actor"},{"id":554189,"photo":"https://st.kp.yandex.net/images/actor_iphone/iphone360_554189.jpg","name":"Сьюзэн Уорд","enName":"Susan Mary Ward","profession":"актеры","enProfession":"actor"},{"id":1612609,"photo":"https://st.kp.yandex.net/images/actor_iphone/iphone360_1612609.jpg","name":"Джонатан Делани Тайнен","enName":"Jonathan Delaney Tynan","profession":"актеры","enProfession":"actor"},{"id":3880481,"photo":"https://st.kp.yandex.net/images/actor_iphone/iphone360_3880481.jpg","name":null,"enName":"Trevor Fehin","profession":"актеры","enProfession":"actor"},{"id":1690430,"photo":"https://st.kp.yandex.net/images/actor_iphone/iphone360_1690430.jpg","name":"Дэвид Гилна","enName":"David Gilna","profession":"актеры","enProfession":"actor"},{"id":33183,"photo":"https://st.kp.yandex.net/images/actor_iphone/iphone360_33183.jpg","name":"Джонни Нгуен","enName":"Johnny Tri Nguyen","profession":"актеры","enProfession":"actor"},{"id":724605,"photo":"https://st.kp.yandex.net/images/actor_iphone/iphone360_724605.jpg","name":"Анна Олсон","enName":"Anna Olson","profession":"актеры","enProfession":"actor"},{"id":52899,"photo":"https://st.kp.yandex.net/images/actor_iphone/iphone360_52899.jpg","name":"Томми О’Хейвер","enName":"Tommy O'Haver","profession":"актеры","enProfession":"actor"},{"id":225315,"photo":"https://st.kp.yandex.net/images/actor_iphone/iphone360_225315.jpg","name":"Рэйчел Рат","enName":"Rachel Rath","profession":"актеры","enProfession":"actor"},{"id":904361,"photo":"https://st.kp.yandex.net/images/actor_iphone/iphone360_904361.jpg","name":"Клер Мишель Скалли","enName":"Claire Michelle Scally","profession":"актеры","enProfession":"actor"},{"id":963543,"photo":"https://st.kp.yandex.net/images/actor_iphone/iphone360_963543.jpg","name":"Джерри Вэйд","enName":"Gerry Wade","profession":"актеры","enProfession":"actor"},{"id":3979735,"photo":"https://st.kp.yandex.net/images/actor_iphone/iphone360_3979735.jpg","name":null,"enName":"Howard Wilson","profession":"актеры","enProfession":"actor"},{"id":14934,"photo":"https://st.kp.yandex.net/images/actor_iphone/iphone360_14934.jpg","name":"Рон Юань","enName":"Ron Yuan","profession":"актеры","enProfession":"actor"},{"id":611874,"photo":"https://st.kp.yandex.net/images/actor_iphone/iphone360_611874.jpg","name":"Ник Гленни-Смит","enName":"Nick Glennie-Smith","profession":"композиторы","enProfession":"composer"},{"id":1406665,"photo":"https://st.kp.yandex.net/images/actor_iphone/iphone360_1406665.jpg","name":"Норман Гарвуд","enName":"Norman Garwood","profession":"художники","enProfession":"designer"},{"id":1989148,"photo":"https://st.kp.yandex.net/images/actor_iphone/iphone360_1989148.jpg","name":"Мэттью Грэй","enName":"Matthew Gray","profession":"художники","enProfession":"designer"},{"id":1994289,"photo":"https://st.kp.yandex.net/images/actor_iphone/iphone360_1994289.jpg","name":"Анна Рэкард","enName":"Anna Rackard","profession":"художники","enProfession":"designer"},{"id":1487342,"photo":"https://st.kp.yandex.net/images/actor_iphone/iphone360_1487342.jpg","name":"Люси Ричардсон","enName":"Lucy Richardson","profession":"художники","enProfession":"designer"},{"id":1406659,"photo":"https://st.kp.yandex.net/images/actor_iphone/iphone360_1406659.jpg","name":"Рут Майерс","enName":"Ruth Myers","profession":"художники","enProfession":"designer"},{"id":52899,"photo":"https://st.kp.yandex.net/images/actor_iphone/iphone360_52899.jpg","name":"Томми О’Хейвер","enName":"Tommy O'Haver","profession":"режиссеры","enProfession":"director"},{"id":1987934,"photo":"https://st.kp.yandex.net/images/actor_iphone/iphone360_1987934.jpg","name":"Масахиро Хиракубо","enName":"Masahiro Hirakubo","profession":"монтажеры","enProfession":"editor"},{"id":610785,"photo":"https://st.kp.yandex.net/images/actor_iphone/iphone360_610785.jpg","name":"Джон де Борман","enName":"John de Borman","profession":"операторы","enProfession":"operator"},{"id":41202,"photo":"https://st.kp.yandex.net/images/actor_iphone/iphone360_41202.jpg","name":"Джейн Старц","enName":"Jane Startz","profession":"продюсеры","enProfession":"producer"},{"id":45597,"photo":"https://st.kp.yandex.net/images/actor_iphone/iphone360_45597.jpg","name":"Су Армстронг","enName":"Su Armstrong","profession":"продюсеры","enProfession":"producer"},{"id":7621,"photo":"https://st.kp.yandex.net/images/actor_iphone/iphone360_7621.jpg","name":"Джеймс Флинн","enName":"James Flynn","profession":"продюсеры","enProfession":"producer"},{"id":238,"photo":"https://st.kp.yandex.net/images/actor_iphone/iphone360_238.jpg","name":"Джули Голдштейн","enName":"Julie Goldstein","profession":"продюсеры","enProfession":"producer"},{"id":1654400,"photo":"https://st.kp.yandex.net/images/actor_iphone/iphone360_1654400.jpg","name":"Елена Соловьева","enName":null,"profession":"актеры дубляжа","enProfession":"voice_actor"},{"id":128002,"photo":"https://st.kp.yandex.net/images/actor_iphone/iphone360_128002.jpg","name":"Сергей Быстрицкий","enName":null,"profession":"актеры дубляжа","enProfession":"voice_actor"},{"id":310535,"photo":"https://st.kp.yandex.net/images/actor_iphone/iphone360_310535.jpg","name":"Олег Куценко","enName":null,"profession":"актеры дубляжа","enProfession":"voice_actor"},{"id":1079073,"photo":"https://st.kp.yandex.net/images/actor_iphone/iphone360_1079073.jpg","name":"Андрей Бархударов","enName":null,"profession":"актеры дубляжа","enProfession":"voice_actor"},{"id":1650300,"photo":"https://st.kp.yandex.net/images/actor_iphone/iphone360_1650300.jpg","name":"Людмила Шувалова","enName":null,"profession":"актеры дубляжа","enProfession":"voice_actor"},{"id":464137,"photo":"https://st.kp.yandex.net/images/actor_iphone/iphone360_464137.jpg","name":"Мария Овчинникова","enName":null,"profession":"актеры дубляжа","enProfession":"voice_actor"},{"id":1665200,"photo":"https://st.kp.yandex.net/images/actor_iphone/iphone360_1665200.jpg","name":"Александр Котов","enName":null,"profession":"актеры дубляжа","enProfession":"voice_actor"},{"id":273180,"photo":"https://st.kp.yandex.net/images/actor_iphone/iphone360_273180.jpg","name":"Никита Прозоровский","enName":null,"profession":"актеры дубляжа","enProfession":"voice_actor"},{"id":1419143,"photo":"https://st.kp.yandex.net/images/actor_iphone/iphone360_1419143.jpg","name":"Дмитрий Филимонов","enName":null,"profession":"актеры дубляжа","enProfession":"voice_actor"},{"id":290512,"photo":"https://st.kp.yandex.net/images/actor_iphone/iphone360_290512.jpg","name":"Ольга Сирина","enName":null,"profession":"актеры дубляжа","enProfession":"voice_actor"},{"id":1642594,"photo":"https://st.kp.yandex.net/images/actor_iphone/iphone360_1642594.jpg","name":"Жанна Никонова","enName":null,"profession":"актеры дубляжа","enProfession":"voice_actor"},{"id":193823,"photo":"https://st.kp.yandex.net/images/actor_iphone/iphone360_193823.jpg","name":"Борис Быстров","enName":null,"profession":"актеры дубляжа","enProfession":"voice_actor"},{"id":261729,"photo":"https://st.kp.yandex.net/images/actor_iphone/iphone360_261729.jpg","name":"Владимир Антоник","enName":null,"profession":"актеры дубляжа","enProfession":"voice_actor"},{"id":122801,"photo":"https://st.kp.yandex.net/images/actor_iphone/iphone360_122801.jpg","name":"Елена Борзунова","enName":null,"profession":"актеры дубляжа","enProfession":"voice_actor"},{"id":1018180,"photo":"https://st.kp.yandex.net/images/actor_iphone/iphone360_1018180.jpg","name":"Ольга Зверева","enName":null,"profession":"актеры дубляжа","enProfession":"voice_actor"},{"id":1348569,"photo":"https://st.kp.yandex.net/images/actor_iphone/iphone360_1348569.jpg","name":"Александр Хотченков","enName":null,"profession":"актеры дубляжа","enProfession":"voice_actor"},{"id":257034,"photo":"https://st.kp.yandex.net/images/actor_iphone/iphone360_257034.jpg","name":"Валерий Сторожик","enName":null,"profession":"актеры дубляжа","enProfession":"voice_actor"},{"id":284555,"photo":"https://st.kp.yandex.net/images/actor_iphone/iphone360_284555.jpg","name":"Александр Баринов","enName":null,"profession":"актеры дубляжа","enProfession":"voice_actor"},{"id":1078859,"photo":"https://st.kp.yandex.net/images/actor_iphone/iphone360_1078859.jpg","name":"Элиза Мартиросова","enName":null,"profession":"актеры дубляжа","enProfession":"voice_actor"},{"id":1959674,"photo":"https://st.kp.yandex.net/images/actor_iphone/iphone360_1959674.jpg","name":"Лори Крэйг","enName":"Laurie Craig","profession":"редакторы","enProfession":"writer"},{"id":52009,"photo":"https://st.kp.yandex.net/images/actor_iphone/iphone360_52009.jpg","name":"Карен МакКулла","enName":"Karen McCullah","profession":"редакторы","enProfession":"writer"},{"id":52010,"photo":"https://st.kp.yandex.net/images/actor_iphone/iphone360_52010.jpg","name":"Кирстен Смит","enName":"Kirsten Smith","profession":"редакторы","enProfession":"writer"},{"id":554182,"photo":"https://st.kp.yandex.net/images/actor_iphone/iphone360_554182.jpg","name":"Дженнифер Хит","enName":"Jennifer Heath","profession":"редакторы","enProfession":"writer"}],"typeNumber":1,"alternativeName":"Ella Enchanted","enName":null,"names":[{"name":"Заколдованная Элла"},{"name":"Ella Enchanted"}],"ageRating":12,"ratingMpaa":"pg","sequelsAndPrequels":[],"imagesInfo":{"framesCount":29},"similarMovies":[{"id":106165,"name":"Зачарованная","enName":null,"alternativeName":"Enchanted","type":"cartoon","poster":{"url":"https://avatars.mds.yandex.net/get-kinopoisk-image/1900788/e79f9fc4-171f-40fe-9c7d-bea66a1f09df/orig","previewUrl":"https://avatars.mds.yandex.net/get-kinopoisk-image/1900788/e79f9fc4-171f-40fe-9c7d-bea66a1f09df/x1000"}},{"id":77217,"name":"Десятое королевство","enName":null,"alternativeName":"The 10th Kingdom","type":"tv-series","poster":{"url":"https://avatars.mds.yandex.net/get-kinopoisk-image/1599028/1b956fcb-9146-4528-ad5e-1f3262e59b73/orig","previewUrl":"https://avatars.mds.yandex.net/get-kinopoisk-image/1599028/1b956fcb-9146-4528-ad5e-1f3262e59b73/x1000"}},{"id":544226,"name":"Белоснежка: Месть гномов","enName":null,"alternativeName":"Mirror Mirror","type":"movie","poster":{"url":"https://avatars.mds.yandex.net/get-kinopoisk-image/6201401/ef54eacf-5fcc-47f1-b119-de93d861786a/orig","previewUrl":"https://avatars.mds.yandex.net/get-kinopoisk-image/6201401/ef54eacf-5fcc-47f1-b119-de93d861786a/x1000"}},{"id":197863,"name":"Звездная пыль","enName":null,"alternativeName":"Stardust","type":"movie","poster":{"url":"https://avatars.mds.yandex.net/get-kinopoisk-image/1704946/727f613f-c818-4adc-b4e7-6acc05a548de/orig","previewUrl":"https://avatars.mds.yandex.net/get-kinopoisk-image/1704946/727f613f-c818-4adc-b4e7-6acc05a548de/x1000"}},{"id":189651,"name":"Пенелопа","enName":null,"alternativeName":"Penelope","type":"movie","poster":{"url":"https://avatars.mds.yandex.net/get-kinopoisk-image/1900788/352c5b27-fc41-41c5-9f83-45e2c8bdaf4b/orig","previewUrl":"https://avatars.mds.yandex.net/get-kinopoisk-image/1900788/352c5b27-fc41-41c5-9f83-45e2c8bdaf4b/x1000"}},{"id":533954,"name":"Золушка","enName":null,"alternativeName":"Cinderella","type":"movie","poster":{"url":"https://avatars.mds.yandex.net/get-kinopoisk-image/1599028/3a1cc3c4-406d-4a06-a606-f79349bbd26b/orig","previewUrl":"https://avatars.mds.yandex.net/get-kinopoisk-image/1599028/3a1cc3c4-406d-4a06-a606-f79349bbd26b/x1000"}},{"id":430,"name":"Шрэк","enName":null,"alternativeName":"Shrek","type":"cartoon","poster":{"url":"https://avatars.mds.yandex.net/get-kinopoisk-image/1946459/7ade06a8-4178-4386-9ee2-87fec5a172eb/orig","previewUrl":"https://avatars.mds.yandex.net/get-kinopoisk-image/1946459/7ade06a8-4178-4386-9ee2-87fec5a172eb/x1000"}},{"id":412,"name":"Принцесса-невеста","enName":null,"alternativeName":"The Princess Bride","type":"movie","poster":{"url":"https://avatars.mds.yandex.net/get-kinopoisk-image/1704946/beed4b44-b4d9-4f08-9819-cd8482918b22/orig","previewUrl":"https://avatars.mds.yandex.net/get-kinopoisk-image/1704946/beed4b44-b4d9-4f08-9819-cd8482918b22/x1000"}},{"id":1802,"name":"История вечной любви","enName":null,"alternativeName":"EverAfter","type":"movie","poster":{"url":"https://avatars.mds.yandex.net/get-kinopoisk-image/1704946/47283b03-cf66-431e-8ad4-9d7174056f48/orig","previewUrl":"https://avatars.mds.yandex.net/get-kinopoisk-image/1704946/47283b03-cf66-431e-8ad4-9d7174056f48/x1000"}}],"shortDescription":"Элла из Фрелла отправляется на поиски феи, чтобы снять нелепое заклятие. Сказочная комедия с Энн Хэтэуэй","logo":{"url":"https://avatars.mds.yandex.net/get-ott/236744/2a00000176af8f1e5d0eec58f7d88f20d748/orig"},"watchability":{"items":[{"name":"Okko","logo":{"url":"https://avatars.mds.yandex.net/get-ott/239697/7713e586-17d1-42d1-ac62-53e9ef1e70c3/orig"},"url":"https://okko.tv/movie/ella-enchanted?utm_medium=referral&utm_source=yandex_search&utm_campaign=new_search_feed"},{"name":"Иви","logo":{"url":"https://avatars.mds.yandex.net/get-ott/2419418/0dfd1724-848f-4725-9160-abc571f41c11/orig"},"url":"https://www.ivi.ru/watch/112464?utm_source=yandex&utm_medium=wizard"}]},"top10":null,"top250":null}