{"videos":{"trailers":[],"teasers":[]},"status":null,"externalId":{"kpHD":null,"imdb":"tt0209109","tmdb":33450},"rating":{"kp":6.496,"imdb":4.9,"filmCritics":0,"russianFilmCritics":0,"await":0},"votes":{"kp":194,"imdb":690,"filmCritics":0,"russianFilmCritics":0,"await":0},"backdrop":{"url":null,"previewUrl":null},"movieLength":87,"productionCompanies":[],"id":1914,"type":"movie","name":"Лондиниум","description":"Майк приезжает в Лондон на работу и знакомится с очаровательной визажисткой Фионой. Его старые друзья Карли и Аллен считают, что их отношениям чего-то не хватает. Аллен пытается приударить за Фионой и соблазнить ее в гостиничном номере. В это время Карли и Майкл будут находиться в соседней комнате для того, чтобы «зафиксировать факт измены».","premiere":{"country":"США","world":"2001-09-02T00:00:00.000Z"},"slogan":null,"year":2001,"poster":{"url":"https://st.kp.yandex.net/images/film_big/1914.jpg","previewUrl":"https://st.kp.yandex.net/images/film_iphone/iphone360_1914.jpg"},"facts":null,"genres":[{"name":"комедия"}],"countries":[{"name":"США"},{"name":"Великобритания"}],"seasonsInfo":[],"persons":[{"id":6655,"photo":"https://st.kp.yandex.net/images/actor_iphone/iphone360_6655.jpg","name":"Майк Байндер","enName":"Mike Binder","profession":"актеры","enProfession":"actor"},{"id":15313,"photo":"https://st.kp.yandex.net/images/actor_iphone/iphone360_15313.jpg","name":"Ирен Жакоб","enName":"Irène Jacob","profession":"актеры","enProfession":"actor"},{"id":1405,"photo":"https://st.kp.yandex.net/images/actor_iphone/iphone360_1405.jpg","name":"Мэриэл Хемингуэй","enName":"Mariel Hemingway","profession":"актеры","enProfession":"actor"},{"id":16464,"photo":"https://st.kp.yandex.net/images/actor_iphone/iphone360_16464.jpg","name":"Колин Фёрт","enName":"Colin Firth","profession":"актеры","enProfession":"actor"},{"id":16465,"photo":"https://st.kp.yandex.net/images/actor_iphone/iphone360_16465.jpg","name":"Стивен Фрай","enName":"Stephen Fry","profession":"актеры","enProfession":"actor"},{"id":245810,"photo":"https://st.kp.yandex.net/images/actor_iphone/iphone360_245810.jpg","name":"Джек Ди","enName":"Jack Dee","profession":"актеры","enProfession":"actor"},{"id":28266,"photo":"https://st.kp.yandex.net/images/actor_iphone/iphone360_28266.jpg","name":"Стивен Маркус","enName":"Stephen Marcus","profession":"актеры","enProfession":"actor"},{"id":1746,"photo":"https://st.kp.yandex.net/images/actor_iphone/iphone360_1746.jpg","name":"Кристофер Лоуфорд","enName":"Christopher Lawford","profession":"актеры","enProfession":"actor"},{"id":585157,"photo":"https://st.kp.yandex.net/images/actor_iphone/iphone360_585157.jpg","name":"Майкл Мидер","enName":"Michael Meader","profession":"актеры","enProfession":"actor"},{"id":585158,"photo":"https://st.kp.yandex.net/images/actor_iphone/iphone360_585158.jpg","name":"Дэвид Рейд","enName":"David Reid","profession":"актеры","enProfession":"actor"},{"id":585159,"photo":"https://st.kp.yandex.net/images/actor_iphone/iphone360_585159.jpg","name":null,"enName":"Fabien Riggall","profession":"актеры","enProfession":"actor"},{"id":149370,"photo":"https://st.kp.yandex.net/images/actor_iphone/iphone360_149370.jpg","name":"Гордон Стерн","enName":"Gordon Sterne","profession":"актеры","enProfession":"actor"},{"id":585160,"photo":"https://st.kp.yandex.net/images/actor_iphone/iphone360_585160.jpg","name":"Керри Эпплярд","enName":"Kerry Appleyard","profession":"актеры","enProfession":"actor"},{"id":585161,"photo":"https://st.kp.yandex.net/images/actor_iphone/iphone360_585161.jpg","name":"Тони Аллен","enName":"Tony Allen","profession":"актеры","enProfession":"actor"},{"id":585162,"photo":"https://st.kp.yandex.net/images/actor_iphone/iphone360_585162.jpg","name":"Майкл Дитон","enName":"Michael Deaton","profession":"актеры","enProfession":"actor"},{"id":288673,"photo":"https://st.kp.yandex.net/images/actor_iphone/iphone360_288673.jpg","name":"Сэлли Томпсон","enName":"Sally Thompson","profession":"актеры","enProfession":"actor"},{"id":585163,"photo":"https://st.kp.yandex.net/images/actor_iphone/iphone360_585163.jpg","name":"Чарли Гарднер","enName":"Charlie Gardner","profession":"актеры","enProfession":"actor"},{"id":585164,"photo":"https://st.kp.yandex.net/images/actor_iphone/iphone360_585164.jpg","name":"Йоль Скотт","enName":"Jol Scott","profession":"актеры","enProfession":"actor"},{"id":585165,"photo":"https://st.kp.yandex.net/images/actor_iphone/iphone360_585165.jpg","name":"Диего Манчини","enName":"Diego Mancini","profession":"актеры","enProfession":"actor"},{"id":585166,"photo":"https://st.kp.yandex.net/images/actor_iphone/iphone360_585166.jpg","name":null,"enName":"Rod K. Brakes","profession":"актеры","enProfession":"actor"},{"id":585167,"photo":"https://st.kp.yandex.net/images/actor_iphone/iphone360_585167.jpg","name":"Джинн Мокфорд","enName":"Jeanne Mockford","profession":"актеры","enProfession":"actor"},{"id":47316,"photo":"https://st.kp.yandex.net/images/actor_iphone/iphone360_47316.jpg","name":"Тим Бриггс","enName":"Tim Briggs","profession":"актеры","enProfession":"actor"},{"id":585168,"photo":"https://st.kp.yandex.net/images/actor_iphone/iphone360_585168.jpg","name":"Дэбби Вайсман","enName":"Debbie Wiseman","profession":"актеры","enProfession":"actor"},{"id":41977,"photo":"https://st.kp.yandex.net/images/actor_iphone/iphone360_41977.jpg","name":"Кейт Магоуэн","enName":"Kate Magowan","profession":"актеры","enProfession":"actor"},{"id":268919,"photo":"https://st.kp.yandex.net/images/actor_iphone/iphone360_268919.jpg","name":"Дон Каммингс","enName":"Don Cummings","profession":"актеры","enProfession":"actor"},{"id":17530,"photo":"https://st.kp.yandex.net/images/actor_iphone/iphone360_17530.jpg","name":"Винсент Грасс","enName":"Vincent Grass","profession":"актеры","enProfession":"actor"},{"id":612804,"photo":"https://st.kp.yandex.net/images/actor_iphone/iphone360_612804.jpg","name":"Стив Салани","enName":"Steve Salani","profession":"композиторы","enProfession":"composer"},{"id":2000883,"photo":"https://st.kp.yandex.net/images/actor_iphone/iphone360_2000883.jpg","name":"Мартин Джон","enName":"Martyn John","profession":"художники","enProfession":"designer"},{"id":2030970,"photo":"https://st.kp.yandex.net/images/actor_iphone/iphone360_2030970.jpg","name":"Пол Минтер","enName":"Paul Minter","profession":"художники","enProfession":"designer"},{"id":2000769,"photo":"https://st.kp.yandex.net/images/actor_iphone/iphone360_2000769.jpg","name":"Шарлотта Уоттс","enName":"Charlotte Dirickx","profession":"художники","enProfession":"designer"},{"id":6655,"photo":"https://st.kp.yandex.net/images/actor_iphone/iphone360_6655.jpg","name":"Майк Байндер","enName":"Mike Binder","profession":"режиссеры","enProfession":"director"},{"id":2034813,"photo":"https://st.kp.yandex.net/images/actor_iphone/iphone360_2034813.jpg","name":"Кристофер С. Бейрд","enName":"Christopher S. Baird","profession":"монтажеры","enProfession":"editor"},{"id":612805,"photo":"https://st.kp.yandex.net/images/actor_iphone/iphone360_612805.jpg","name":"Сью Гибсон","enName":"Sue Gibson","profession":"операторы","enProfession":"operator"},{"id":23912,"photo":"https://st.kp.yandex.net/images/actor_iphone/iphone360_23912.jpg","name":"Джек Байндер","enName":"Jack Binder","profession":"продюсеры","enProfession":"producer"},{"id":23911,"photo":"https://st.kp.yandex.net/images/actor_iphone/iphone360_23911.jpg","name":"Шэрон Бьяли","enName":"Sharon Bialy","profession":"продюсеры","enProfession":"producer"},{"id":585170,"photo":"https://st.kp.yandex.net/images/actor_iphone/iphone360_585170.jpg","name":"Дэн Б. Френч мл.","enName":"Dan B. French Jr.","profession":"продюсеры","enProfession":"producer"},{"id":23913,"photo":"https://st.kp.yandex.net/images/actor_iphone/iphone360_23913.jpg","name":"Джеймс Харбо","enName":"James Harbaugh","profession":"продюсеры","enProfession":"producer"},{"id":6655,"photo":"https://st.kp.yandex.net/images/actor_iphone/iphone360_6655.jpg","name":"Майк Байндер","enName":"Mike Binder","profession":"редакторы","enProfession":"writer"}],"typeNumber":1,"alternativeName":"Londinium","enName":null,"names":[{"name":"Лондиниум"},{"name":"Londinium"}],"ageRating":16,"budget":{},"ratingMpaa":"r","fees":{"world":{},"russia":{},"usa":{}},"shortDescription":null,"sequelsAndPrequels":[],"similarMovies":[],"logo":{"url":null},"watchability":{"items":null},"top10":null,"top250":null}