{"fees":{"world":{"value":65565672,"currency":"$"},"russia":{"value":1038501,"currency":"$"},"usa":{"value":36906460,"currency":"$"}},"status":null,"externalId":{"kpHD":"4908501d0473c829b79207c44c323d58","imdb":"tt0325805","tmdb":7270},"rating":{"kp":7.381,"imdb":7.3,"filmCritics":7.1,"russianFilmCritics":33.3333,"await":0},"votes":{"kp":42380,"imdb":133774,"filmCritics":185,"russianFilmCritics":6,"await":0},"backdrop":{"url":null,"previewUrl":null},"movieLength":116,"productionCompanies":[{"name":"Saturn Films","url":null,"previewUrl":null},{"name":"Scott Free Productions","url":"https://www.themoviedb.org/t/p/original/6Ry6uNBaa0IbbSs1XYIgX5DkA9r.png","previewUrl":"https://www.themoviedb.org/t/p/w500/6Ry6uNBaa0IbbSs1XYIgX5DkA9r.png"},{"name":"Rickshaw Productions","url":null,"previewUrl":null},{"name":"LivePlanet","url":null,"previewUrl":null},{"name":"ImageMovers","url":"https://www.themoviedb.org/t/p/original/5vSBzUwnCcaF90ZTchG3LwRKQ2M.png","previewUrl":"https://www.themoviedb.org/t/p/w500/5vSBzUwnCcaF90ZTchG3LwRKQ2M.png"},{"name":"Warner Bros. Pictures","url":"https://www.themoviedb.org/t/p/original/ky0xOc5OrhzkZ1N6KyUxacfQsCk.png","previewUrl":"https://www.themoviedb.org/t/p/w500/ky0xOc5OrhzkZ1N6KyUxacfQsCk.png"},{"name":"HorsePower Entertainment","url":null,"previewUrl":null}],"id":1952,"type":"movie","name":"Великолепная афера","description":"Опытный мошенник Рой и его протеже Фрэнк занимаются мелким надувательством в сфере торговли. Но однажды Рой выясняет, что у него есть дочь Анжела. Узнав, чем зарабатывает отец, девушка настаивает, чтобы они с напарником и её обучили своим приемам торговли, и к удивлению обоих демонстрирует поразительный талант этому криминальному мастерству.","premiere":{"country":"Италия","world":"2003-09-02T00:00:00.000Z","russia":"2003-10-16T00:00:00.000Z","cinema":"2003-10-16T00:00:00.000Z","dvd":"2011-04-14T00:00:00.000Z"},"slogan":"Солги. Обмани. Укради. Отдохни. Повтори","year":2003,"budget":{"value":62000000,"currency":"$"},"poster":{"url":"https://st.kp.yandex.net/images/film_big/1952.jpg","previewUrl":"https://st.kp.yandex.net/images/film_iphone/iphone360_1952.jpg"},"facts":[{"value":"<a href=\"/name/20934/\" class=\"all\">Элисон Ломан</a> пришла на кинопробы одетой, как четырнадцатилетняя, и соответствующим образом себя вела. Режиссёр <a href=\"/name/10015/\" class=\"all\">Ридли Скотт</a> узнал её настоящий возраст, только когда она сама ему об этом сказала. На тот момент Ломан было 23 года.","type":"FACT","spoiler":false},{"value":"Таблетки, которые принимает Рой, – это бенадрил, находящееся в свободной продаже средство от аллергии.","type":"FACT","spoiler":false},{"value":"Сцены, происходящие в международном аэропорту Лос-Анджелеса, в действительности снимали возле главного входа в выставочный центр Anaheim Convention Center в Калифорнии. Снимать на территории аэропорта не разрешили из-за ужесточения по всей стране правил безопасности на режимных объектах.","type":"FACT","spoiler":false}],"genres":[{"name":"триллер"},{"name":"драма"},{"name":"комедия"},{"name":"криминал"}],"countries":[{"name":"США"},{"name":"Великобритания"}],"videos":{"trailers":[{"url":"https://www.youtube.com/v/B61cFfNClZg","name":"Русский фан-ролик","site":"youtube"},{"url":"https://widgets.kinopoisk.ru/discovery/trailer/673?onlyPlayer=1&autoplay=1&cover=1","name":"Трейлер","site":"kinopoisk_widget"},{"url":"https://www.youtube.com/v/daGsA4wg_OQ","name":"Фрагмент (дублированный)","site":"youtube"},{"url":"https://www.youtube.com/embed/bEFUWxLwHrU","name":"Trailer 2","site":"youtube","type":"TRAILER"},{"url":"https://www.youtube.com/embed/zDoOdd00nHM","name":"Trailer","site":"youtube","type":"TRAILER"},{"url":"https://www.youtube.com/embed/lrCpsVmBgz8","name":"Великолепная афера - Трейлер","site":"youtube","type":"TRAILER"}],"teasers":[]},"seasonsInfo":[],"persons":[{"id":6793,"photo":"https://st.kp.yandex.net/images/actor_iphone/iphone360_6793.jpg","name":"Николас Кейдж","enName":"Nicolas Cage","profession":"актеры","enProfession":"actor"},{"id":21496,"photo":"https://st.kp.yandex.net/images/actor_iphone/iphone360_21496.jpg","name":"Сэм Рокуэлл","enName":"Sam Rockwell","profession":"актеры","enProfession":"actor"},{"id":20934,"photo":"https://st.kp.yandex.net/images/actor_iphone/iphone360_20934.jpg","name":"Элисон Ломан","enName":"Alison Lohman","profession":"актеры","enProfession":"actor"},{"id":22274,"photo":"https://st.kp.yandex.net/images/actor_iphone/iphone360_22274.jpg","name":"Брюс Олтмен","enName":"Bruce Altman","profession":"актеры","enProfession":"actor"},{"id":524,"photo":"https://st.kp.yandex.net/images/actor_iphone/iphone360_524.jpg","name":"Брюс МакГилл","enName":"Bruce McGill","profession":"актеры","enProfession":"actor"},{"id":32452,"photo":"https://st.kp.yandex.net/images/actor_iphone/iphone360_32452.jpg","name":"Дженни О’Хара","enName":"Jenny O'Hara","profession":"актеры","enProfession":"actor"},{"id":18617,"photo":"https://st.kp.yandex.net/images/actor_iphone/iphone360_18617.jpg","name":"Стив Истин","enName":"Steve Eastin","profession":"актеры","enProfession":"actor"},{"id":32453,"photo":"https://st.kp.yandex.net/images/actor_iphone/iphone360_32453.jpg","name":"Бет Грант","enName":"Beth Grant","profession":"актеры","enProfession":"actor"},{"id":6761,"photo":"https://st.kp.yandex.net/images/actor_iphone/iphone360_6761.jpg","name":"Шейла Келли","enName":"Sheila Kelley","profession":"актеры","enProfession":"actor"},{"id":32454,"photo":"https://st.kp.yandex.net/images/actor_iphone/iphone360_32454.jpg","name":"Фрэн Кранц","enName":"Fran Kranz","profession":"актеры","enProfession":"actor"},{"id":32455,"photo":"https://st.kp.yandex.net/images/actor_iphone/iphone360_32455.jpg","name":"Тим Келлехер","enName":"Tim Kelleher","profession":"актеры","enProfession":"actor"},{"id":320,"photo":"https://st.kp.yandex.net/images/actor_iphone/iphone360_320.jpg","name":"Найджел Гиббс","enName":"Nigel Gibbs","profession":"актеры","enProfession":"actor"},{"id":31141,"photo":"https://st.kp.yandex.net/images/actor_iphone/iphone360_31141.jpg","name":"Билл Саито","enName":"Bill Saito","profession":"актеры","enProfession":"actor"},{"id":32456,"photo":"https://st.kp.yandex.net/images/actor_iphone/iphone360_32456.jpg","name":"Тим Макулан","enName":"Tim Maculan","profession":"актеры","enProfession":"actor"},{"id":32457,"photo":"https://st.kp.yandex.net/images/actor_iphone/iphone360_32457.jpg","name":"Стоуни Вэстмолэнд","enName":"Stoney Westmoreland","profession":"актеры","enProfession":"actor"},{"id":2823,"photo":"https://st.kp.yandex.net/images/actor_iphone/iphone360_2823.jpg","name":"Линн Энн Леверидж","enName":"Lynn Ann Leveridge","profession":"актеры","enProfession":"actor"},{"id":10043,"photo":"https://st.kp.yandex.net/images/actor_iphone/iphone360_10043.jpg","name":"Джианнина Фасио","enName":"Giannina Facio","profession":"актеры","enProfession":"actor"},{"id":24054,"photo":"https://st.kp.yandex.net/images/actor_iphone/iphone360_24054.jpg","name":"Соня Эдди","enName":"Sonya Eddy","profession":"актеры","enProfession":"actor"},{"id":30439,"photo":"https://st.kp.yandex.net/images/actor_iphone/iphone360_30439.jpg","name":"Майкл Клоссин","enName":"Michael Clossin","profession":"актеры","enProfession":"actor"},{"id":32458,"photo":"https://st.kp.yandex.net/images/actor_iphone/iphone360_32458.jpg","name":"Ким Кэссиди","enName":"Kim Cassidy","profession":"актеры","enProfession":"actor"},{"id":32459,"photo":"https://st.kp.yandex.net/images/actor_iphone/iphone360_32459.jpg","name":"Пол Хаббард","enName":"Paul Hubbard","profession":"актеры","enProfession":"actor"},{"id":32460,"photo":"https://st.kp.yandex.net/images/actor_iphone/iphone360_32460.jpg","name":"Моннае Майчелл","enName":"Monnae Michaell","profession":"актеры","enProfession":"actor"},{"id":23543,"photo":"https://st.kp.yandex.net/images/actor_iphone/iphone360_23543.jpg","name":"Дэннис Андерсон","enName":"Dennis Anderson","profession":"актеры","enProfession":"actor"},{"id":32461,"photo":"https://st.kp.yandex.net/images/actor_iphone/iphone360_32461.jpg","name":"Марко Кайрис","enName":"Marco Kyris","profession":"актеры","enProfession":"actor"},{"id":32462,"photo":"https://st.kp.yandex.net/images/actor_iphone/iphone360_32462.jpg","name":"Джерри Хаук","enName":"Jerry Hauck","profession":"актеры","enProfession":"actor"},{"id":12846,"photo":"https://st.kp.yandex.net/images/actor_iphone/iphone360_12846.jpg","name":"Джим Зулевич","enName":"Jim Zulevic","profession":"актеры","enProfession":"actor"},{"id":32463,"photo":"https://st.kp.yandex.net/images/actor_iphone/iphone360_32463.jpg","name":"Рэмси Малуки","enName":"Ramsey Malouky","profession":"актеры","enProfession":"actor"},{"id":32464,"photo":"https://st.kp.yandex.net/images/actor_iphone/iphone360_32464.jpg","name":"Энди Шерилл","enName":"Andi Sherrill","profession":"актеры","enProfession":"actor"},{"id":32465,"photo":"https://st.kp.yandex.net/images/actor_iphone/iphone360_32465.jpg","name":"Кейт Стил","enName":"Kate Steele","profession":"актеры","enProfession":"actor"},{"id":32466,"photo":"https://st.kp.yandex.net/images/actor_iphone/iphone360_32466.jpg","name":"Адам Кларк","enName":"Adam Clark","profession":"актеры","enProfession":"actor"},{"id":32467,"photo":"https://st.kp.yandex.net/images/actor_iphone/iphone360_32467.jpg","name":"Дэниэл Вильярреаль","enName":"Daniel Villarreal","profession":"актеры","enProfession":"actor"},{"id":32468,"photo":"https://st.kp.yandex.net/images/actor_iphone/iphone360_32468.jpg","name":"Марко Ассанте","enName":"Marco Assante","profession":"актеры","enProfession":"actor"},{"id":654,"photo":"https://st.kp.yandex.net/images/actor_iphone/iphone360_654.jpg","name":"Ларри Вигус","enName":"Larry Vigus","profession":"актеры","enProfession":"actor"},{"id":23371,"photo":"https://st.kp.yandex.net/images/actor_iphone/iphone360_23371.jpg","name":"Мелора Уолтерс","enName":"Melora Walters","profession":"актеры","enProfession":"actor"},{"id":50590,"photo":"https://st.kp.yandex.net/images/actor_iphone/iphone360_50590.jpg","name":"Ханс Циммер","enName":"Hans Zimmer","profession":"композиторы","enProfession":"composer"},{"id":1987043,"photo":"https://st.kp.yandex.net/images/actor_iphone/iphone360_1987043.jpg","name":"Том Фоден","enName":"Tom Foden","profession":"художники","enProfession":"designer"},{"id":1987044,"photo":"https://st.kp.yandex.net/images/actor_iphone/iphone360_1987044.jpg","name":"Майкл Мэнсон","enName":"Michael Manson","profession":"художники","enProfession":"designer"},{"id":66409,"photo":"https://st.kp.yandex.net/images/actor_iphone/iphone360_66409.jpg","name":"Майкл Каплан","enName":"Michael Kaplan","profession":"художники","enProfession":"designer"},{"id":1987384,"photo":"https://st.kp.yandex.net/images/actor_iphone/iphone360_1987384.jpg","name":"Нэнси Най","enName":"Nancy Nye","profession":"художники","enProfession":"designer"},{"id":10015,"photo":"https://st.kp.yandex.net/images/actor_iphone/iphone360_10015.jpg","name":"Ридли Скотт","enName":"Ridley Scott","profession":"режиссеры","enProfession":"director"},{"id":28693,"photo":"https://st.kp.yandex.net/images/actor_iphone/iphone360_28693.jpg","name":"Доди Дорн","enName":"Dody Dorn","profession":"монтажеры","enProfession":"editor"},{"id":609470,"photo":"https://st.kp.yandex.net/images/actor_iphone/iphone360_609470.jpg","name":"Джон Мэтисон","enName":"John Mathieson","profession":"операторы","enProfession":"operator"},{"id":23477,"photo":"https://st.kp.yandex.net/images/actor_iphone/iphone360_23477.jpg","name":"Шон Бэйли","enName":"Sean Bailey","profession":"продюсеры","enProfession":"producer"},{"id":23434,"photo":"https://st.kp.yandex.net/images/actor_iphone/iphone360_23434.jpg","name":"Тед Гриффин","enName":"Ted Griffin","profession":"продюсеры","enProfession":"producer"},{"id":9201,"photo":"https://st.kp.yandex.net/images/actor_iphone/iphone360_9201.jpg","name":"Джек Рэпк","enName":"Jack Rapke","profession":"продюсеры","enProfession":"producer"},{"id":10015,"photo":"https://st.kp.yandex.net/images/actor_iphone/iphone360_10015.jpg","name":"Ридли Скотт","enName":"Ridley Scott","profession":"продюсеры","enProfession":"producer"},{"id":280831,"photo":"https://st.kp.yandex.net/images/actor_iphone/iphone360_280831.jpg","name":"Игорь Тарадайкин","enName":null,"profession":"актеры дубляжа","enProfession":"voice_actor"},{"id":1040432,"photo":"https://st.kp.yandex.net/images/actor_iphone/iphone360_1040432.jpg","name":"Денис Беспалый","enName":null,"profession":"актеры дубляжа","enProfession":"voice_actor"},{"id":1642594,"photo":"https://st.kp.yandex.net/images/actor_iphone/iphone360_1642594.jpg","name":"Жанна Никонова","enName":null,"profession":"актеры дубляжа","enProfession":"voice_actor"},{"id":273560,"photo":"https://st.kp.yandex.net/images/actor_iphone/iphone360_273560.jpg","name":"Вадим Андреев","enName":null,"profession":"актеры дубляжа","enProfession":"voice_actor"},{"id":1078857,"photo":"https://st.kp.yandex.net/images/actor_iphone/iphone360_1078857.jpg","name":"Алексей Колган","enName":null,"profession":"актеры дубляжа","enProfession":"voice_actor"},{"id":330068,"photo":"https://st.kp.yandex.net/images/actor_iphone/iphone360_330068.jpg","name":"Светлана Старикова","enName":null,"profession":"актеры дубляжа","enProfession":"voice_actor"},{"id":1078947,"photo":"https://st.kp.yandex.net/images/actor_iphone/iphone360_1078947.jpg","name":"Александр Клюквин","enName":null,"profession":"актеры дубляжа","enProfession":"voice_actor"},{"id":297868,"photo":"https://st.kp.yandex.net/images/actor_iphone/iphone360_297868.jpg","name":"Ирина Савина","enName":null,"profession":"актеры дубляжа","enProfession":"voice_actor"},{"id":290512,"photo":"https://st.kp.yandex.net/images/actor_iphone/iphone360_290512.jpg","name":"Ольга Сирина","enName":null,"profession":"актеры дубляжа","enProfession":"voice_actor"},{"id":310535,"photo":"https://st.kp.yandex.net/images/actor_iphone/iphone360_310535.jpg","name":"Олег Куценко","enName":null,"profession":"актеры дубляжа","enProfession":"voice_actor"},{"id":32451,"photo":"https://st.kp.yandex.net/images/actor_iphone/iphone360_32451.jpg","name":"Николас Гриффин","enName":"Nicholas Griffin","profession":"редакторы","enProfession":"writer"},{"id":23434,"photo":"https://st.kp.yandex.net/images/actor_iphone/iphone360_23434.jpg","name":"Тед Гриффин","enName":"Ted Griffin","profession":"редакторы","enProfession":"writer"},{"id":32450,"photo":"https://st.kp.yandex.net/images/actor_iphone/iphone360_32450.jpg","name":"Эрик Гарсия","enName":"Eric Garcia","profession":"редакторы","enProfession":"writer"}],"typeNumber":1,"alternativeName":"Matchstick Men","enName":null,"names":[{"name":"Великолепная афера"},{"name":"Matchstick Men"}],"similarMovies":[{"id":681849,"name":"Лучшее предложение","enName":null,"alternativeName":"La migliore offerta","type":"movie","poster":{"url":"https://avatars.mds.yandex.net/get-kinopoisk-image/1773646/f5e1e871-a75f-457f-8ad7-73d42a1c16f5/orig","previewUrl":"https://avatars.mds.yandex.net/get-kinopoisk-image/1773646/f5e1e871-a75f-457f-8ad7-73d42a1c16f5/x1000"}},{"id":324,"name":"Поймай меня, если сможешь","enName":null,"alternativeName":"Catch Me If You Can","type":"movie","poster":{"url":"https://avatars.mds.yandex.net/get-kinopoisk-image/1704946/e38dd6f9-610e-4c90-8540-dc48560cb9cc/orig","previewUrl":"https://avatars.mds.yandex.net/get-kinopoisk-image/1704946/e38dd6f9-610e-4c90-8540-dc48560cb9cc/x1000"}},{"id":86326,"name":"Счастливое число Слевина","enName":null,"alternativeName":"Lucky Number Slevin","type":"movie","poster":{"url":"https://avatars.mds.yandex.net/get-kinopoisk-image/1704946/92ba73ba-df55-49b5-9005-de7c6543548a/orig","previewUrl":"https://avatars.mds.yandex.net/get-kinopoisk-image/1704946/92ba73ba-df55-49b5-9005-de7c6543548a/x1000"}},{"id":680824,"name":"Фокус","enName":null,"alternativeName":"Focus","type":"movie","poster":{"url":"https://avatars.mds.yandex.net/get-kinopoisk-image/1599028/d4603ef6-7f17-470d-8f86-12f396c0887d/orig","previewUrl":"https://avatars.mds.yandex.net/get-kinopoisk-image/1599028/d4603ef6-7f17-470d-8f86-12f396c0887d/x1000"}},{"id":635177,"name":"Афера по-американски","enName":null,"alternativeName":"American Hustle","type":"movie","poster":{"url":"https://avatars.mds.yandex.net/get-kinopoisk-image/1898899/245ae3b6-5b65-43b3-9cb6-f54e786440f7/orig","previewUrl":"https://avatars.mds.yandex.net/get-kinopoisk-image/1898899/245ae3b6-5b65-43b3-9cb6-f54e786440f7/x1000"}},{"id":770,"name":"Одиннадцать друзей Оушена","enName":null,"alternativeName":"Ocean's Eleven","type":"movie","poster":{"url":"https://avatars.mds.yandex.net/get-kinopoisk-image/1704946/3a8875d0-caa7-4f3b-aa54-721e0868c4ad/orig","previewUrl":"https://avatars.mds.yandex.net/get-kinopoisk-image/1704946/3a8875d0-caa7-4f3b-aa54-721e0868c4ad/x1000"}},{"id":12819,"name":"Афера Томаса Крауна","enName":null,"alternativeName":"The Thomas Crown Affair","type":"movie","poster":{"url":"https://avatars.mds.yandex.net/get-kinopoisk-image/6201401/748a0d2e-dbae-4886-8ee7-dd4faf1b1ac5/orig","previewUrl":"https://avatars.mds.yandex.net/get-kinopoisk-image/6201401/748a0d2e-dbae-4886-8ee7-dd4faf1b1ac5/x1000"}},{"id":304,"name":"Афера","enName":null,"alternativeName":"Confidence","type":"movie","poster":{"url":"https://avatars.mds.yandex.net/get-kinopoisk-image/1704946/0a3c170b-a72f-4cfd-bc06-8a269bdec1b7/orig","previewUrl":"https://avatars.mds.yandex.net/get-kinopoisk-image/1704946/0a3c170b-a72f-4cfd-bc06-8a269bdec1b7/x1000"}},{"id":12198,"name":"Игра","enName":null,"alternativeName":"The Game","type":"movie","poster":{"url":"https://avatars.mds.yandex.net/get-kinopoisk-image/1600647/d753a460-0ece-4007-84d9-02d7a2968829/orig","previewUrl":"https://avatars.mds.yandex.net/get-kinopoisk-image/1600647/d753a460-0ece-4007-84d9-02d7a2968829/x1000"}},{"id":767,"name":"Девять королев","enName":null,"alternativeName":"Nueve reinas","type":"movie","poster":{"url":"https://avatars.mds.yandex.net/get-kinopoisk-image/1773646/0ec28a80-697f-4c5a-b1f0-64a1db7bbafb/orig","previewUrl":"https://avatars.mds.yandex.net/get-kinopoisk-image/1773646/0ec28a80-697f-4c5a-b1f0-64a1db7bbafb/x1000"}}],"imagesInfo":{"framesCount":33},"sequelsAndPrequels":[],"ratingMpaa":"pg13","shortDescription":null,"ageRating":16,"logo":{"url":null},"watchability":{"items":null},"top10":null,"top250":null}