{"videos":{"trailers":[{"url":"https://www.youtube.com/v/STvx6NTvMFA","name":"Трейлер","site":"youtube"},{"url":"https://www.youtube.com/embed/GM7e5nEcNHw","name":"2021 UK Trailer","site":"youtube","type":"TRAILER"},{"url":"https://www.youtube.com/embed/dgfF7lZa9R4","name":"US Trailer","site":"youtube","type":"TRAILER"}],"teasers":[]},"fees":{"world":{"value":47636,"currency":"$"}},"status":null,"externalId":{"kpHD":null,"imdb":"tt0306892","tmdb":5494},"rating":{"kp":6.463,"imdb":5.6,"filmCritics":0,"russianFilmCritics":0,"await":0},"votes":{"kp":3379,"imdb":4117,"filmCritics":0,"russianFilmCritics":0,"await":0},"backdrop":{"url":null,"previewUrl":null},"movieLength":93,"productionCompanies":[{"name":"ApolloMedia Distribution","url":null,"previewUrl":null},{"name":"The Carousel Picture Company","url":null,"previewUrl":null},{"name":"Ravenhouse Entertainment","url":null,"previewUrl":null}],"id":1979,"type":"movie","name":"Кольцо дракона","description":"Два рыцаря - британец Джордж и мавр Тарик направляются в Европу после крестового похода. Джордж держит путь к королю Эдгару, где надеется найти теплый прием. Он приезжает в драматический момент - исчезла прекрасная принцесса. Вместе с ее высокомерным женихом Джордж отправляется на поиски. Он не догадывается, какие удивительные приключения ждут его.","premiere":{"country":"Люксембург","world":"2004-03-28T00:00:00.000Z","dvd":"2004-09-30T00:00:00.000Z"},"slogan":"George left England as a Knight and soldier. He Came home a Dragonslayer... and a Legend.","year":2004,"budget":{"value":32000000,"currency":"$"},"poster":{"url":"https://st.kp.yandex.net/images/film_big/1979.jpg","previewUrl":"https://st.kp.yandex.net/images/film_iphone/iphone360_1979.jpg"},"facts":[{"value":"Оригинальное название фильма — &laquo;Джордж и дракон&raquo;.","type":"FACT","spoiler":false}],"genres":[{"name":"фэнтези"},{"name":"боевик"},{"name":"мелодрама"},{"name":"комедия"},{"name":"приключения"}],"countries":[{"name":"Великобритания"},{"name":"Германия"},{"name":"Люксембург"},{"name":"США"}],"seasonsInfo":[],"persons":[{"id":4724,"photo":"https://st.kp.yandex.net/images/actor_iphone/iphone360_4724.jpg","name":"Джеймс Пьюрфой","enName":"James Purefoy","profession":"актеры","enProfession":"actor"},{"id":1125,"photo":"https://st.kp.yandex.net/images/actor_iphone/iphone360_1125.jpg","name":"Пайпер Перабо","enName":"Piper Perabo","profession":"актеры","enProfession":"actor"},{"id":9865,"photo":"https://st.kp.yandex.net/images/actor_iphone/iphone360_9865.jpg","name":"Патрик Суэйзи","enName":"Patrick Swayze","profession":"актеры","enProfession":"actor"},{"id":677,"photo":"https://st.kp.yandex.net/images/actor_iphone/iphone360_677.jpg","name":"Майкл Кларк Дункан","enName":"Michael Clarke Duncan","profession":"актеры","enProfession":"actor"},{"id":49759,"photo":"https://st.kp.yandex.net/images/actor_iphone/iphone360_49759.jpg","name":"Билл Тричер","enName":"Bill Treacher","profession":"актеры","enProfession":"actor"},{"id":44213,"photo":"https://st.kp.yandex.net/images/actor_iphone/iphone360_44213.jpg","name":"Жан-Пьер Кастальди","enName":"Jean-Pierre Castaldi","profession":"актеры","enProfession":"actor"},{"id":15450,"photo":"https://st.kp.yandex.net/images/actor_iphone/iphone360_15450.jpg","name":"Ролло Викс","enName":"Rollo Weeks","profession":"актеры","enProfession":"actor"},{"id":41771,"photo":"https://st.kp.yandex.net/images/actor_iphone/iphone360_41771.jpg","name":"Пол Фримен","enName":"Paul Freeman","profession":"актеры","enProfession":"actor"},{"id":49767,"photo":"https://st.kp.yandex.net/images/actor_iphone/iphone360_49767.jpg","name":"Штефан Юргенс","enName":"Stefan Jürgens","profession":"актеры","enProfession":"actor"},{"id":49775,"photo":"https://st.kp.yandex.net/images/actor_iphone/iphone360_49775.jpg","name":"Штефан Вейнерт","enName":"Stefan Weinert","profession":"актеры","enProfession":"actor"},{"id":21908,"photo":"https://st.kp.yandex.net/images/actor_iphone/iphone360_21908.jpg","name":"Фил МакКи","enName":"Phil McKee","profession":"актеры","enProfession":"actor"},{"id":224885,"photo":"https://st.kp.yandex.net/images/actor_iphone/iphone360_224885.jpg","name":"Кэролайн Карвер","enName":"Caroline Carver","profession":"актеры","enProfession":"actor"},{"id":22801,"photo":"https://st.kp.yandex.net/images/actor_iphone/iphone360_22801.jpg","name":"Саймон Кэллоу","enName":"Simon Callow","profession":"актеры","enProfession":"actor"},{"id":9902,"photo":"https://st.kp.yandex.net/images/actor_iphone/iphone360_9902.jpg","name":"Джоан Плаурайт","enName":"Joan Plowright","profession":"актеры","enProfession":"actor"},{"id":23089,"photo":"https://st.kp.yandex.net/images/actor_iphone/iphone360_23089.jpg","name":"Карл Чейз","enName":"Carl Chase","profession":"актеры","enProfession":"actor"},{"id":23707,"photo":"https://st.kp.yandex.net/images/actor_iphone/iphone360_23707.jpg","name":"Джэми Тричер","enName":"Jamie Treacher","profession":"актеры","enProfession":"actor"},{"id":224886,"photo":"https://st.kp.yandex.net/images/actor_iphone/iphone360_224886.jpg","name":"Билл Одди","enName":"Bill Oddie","profession":"актеры","enProfession":"actor"},{"id":855,"photo":"https://st.kp.yandex.net/images/actor_iphone/iphone360_855.jpg","name":"Питер МакКейб","enName":"Peter McCabe","profession":"актеры","enProfession":"actor"},{"id":1351,"photo":"https://st.kp.yandex.net/images/actor_iphone/iphone360_1351.jpg","name":"Дин Грегори","enName":"Dean Gregory","profession":"актеры","enProfession":"actor"},{"id":1142475,"photo":"https://st.kp.yandex.net/images/actor_iphone/iphone360_1142475.jpg","name":"Бернд Пич","enName":"Bernd Pietsch","profession":"актеры","enProfession":"actor"},{"id":49782,"photo":"https://st.kp.yandex.net/images/actor_iphone/iphone360_49782.jpg","name":"Чес Варлоу","enName":"Chas Warlow","profession":"актеры","enProfession":"actor"},{"id":1142476,"photo":"https://st.kp.yandex.net/images/actor_iphone/iphone360_1142476.jpg","name":"Андреас Мейдингер","enName":"Andreas Meidinger","profession":"актеры","enProfession":"actor"},{"id":53944,"photo":"https://st.kp.yandex.net/images/actor_iphone/iphone360_53944.jpg","name":"Джим Пробин","enName":"Jim Probyn","profession":"актеры","enProfession":"actor"},{"id":1142477,"photo":"https://st.kp.yandex.net/images/actor_iphone/iphone360_1142477.jpg","name":"Торальф Кегст","enName":"Thoralf Koegst","profession":"актеры","enProfession":"actor"},{"id":4842,"photo":"https://st.kp.yandex.net/images/actor_iphone/iphone360_4842.jpg","name":"Лесли Вудхолл","enName":"Leslie Woodhall","profession":"актеры","enProfession":"actor"},{"id":1120812,"photo":"https://st.kp.yandex.net/images/actor_iphone/iphone360_1120812.jpg","name":"Орхан Кюмюрчу","enName":"Orhan Kümürcü","profession":"актеры","enProfession":"actor"},{"id":1142478,"photo":"https://st.kp.yandex.net/images/actor_iphone/iphone360_1142478.jpg","name":"Линн Рош","enName":"Lynne Roche","profession":"актеры","enProfession":"actor"},{"id":1142479,"photo":"https://st.kp.yandex.net/images/actor_iphone/iphone360_1142479.jpg","name":"Джиллз Дю","enName":"Giles Deu","profession":"актеры","enProfession":"actor"},{"id":1142480,"photo":"https://st.kp.yandex.net/images/actor_iphone/iphone360_1142480.jpg","name":"Марго Ду","enName":"Margot Due","profession":"актеры","enProfession":"actor"},{"id":51498,"photo":"https://st.kp.yandex.net/images/actor_iphone/iphone360_51498.jpg","name":"Жан Алези","enName":"Jean Alesi","profession":"актеры","enProfession":"actor"},{"id":1011431,"photo":"https://st.kp.yandex.net/images/actor_iphone/iphone360_1011431.jpg","name":"Джейсон Ф. Буркс","enName":"Jason F. Burks","profession":"актеры","enProfession":"actor"},{"id":612860,"photo":"https://st.kp.yandex.net/images/actor_iphone/iphone360_612860.jpg","name":"Эркан Жундюз","enName":"Erkan Gündüz","profession":"актеры","enProfession":"actor"},{"id":567707,"photo":"https://st.kp.yandex.net/images/actor_iphone/iphone360_567707.jpg","name":"Кэролайн Кох","enName":"Caroline Koch","profession":"актеры","enProfession":"actor"},{"id":567708,"photo":"https://st.kp.yandex.net/images/actor_iphone/iphone360_567708.jpg","name":"Вероника Кох","enName":"Véronique Koch","profession":"актеры","enProfession":"actor"},{"id":3601667,"photo":"https://st.kp.yandex.net/images/actor_iphone/iphone360_3601667.jpg","name":"Торрен Симонс","enName":"Torren Simonsz","profession":"актеры","enProfession":"actor"},{"id":8516,"photo":"https://st.kp.yandex.net/images/actor_iphone/iphone360_8516.jpg","name":"Вэл Килмер","enName":"Val Kilmer","profession":"актеры","enProfession":"actor"},{"id":1112122,"photo":"https://st.kp.yandex.net/images/actor_iphone/iphone360_1112122.jpg","name":"Серж Мауро","enName":"Serge Mauro","profession":"актеры","enProfession":"actor"},{"id":429638,"photo":"https://st.kp.yandex.net/images/actor_iphone/iphone360_429638.jpg","name":"Гаст Вальтцинг","enName":"Gast Waltzing","profession":"композиторы","enProfession":"composer"},{"id":2000379,"photo":"https://st.kp.yandex.net/images/actor_iphone/iphone360_2000379.jpg","name":"Питер Повис","enName":"Peter Powis","profession":"художники","enProfession":"designer"},{"id":1994180,"photo":"https://st.kp.yandex.net/images/actor_iphone/iphone360_1994180.jpg","name":"Кит Слот","enName":"Keith Slote","profession":"художники","enProfession":"designer"},{"id":1488308,"photo":"https://st.kp.yandex.net/images/actor_iphone/iphone360_1488308.jpg","name":"Ули Симон","enName":"Uli Simon","profession":"художники","enProfession":"designer"},{"id":2002094,"photo":"https://st.kp.yandex.net/images/actor_iphone/iphone360_2002094.jpg","name":"Колин Тьюрстон","enName":"Colin Thurston","profession":"художники","enProfession":"designer"},{"id":4858,"photo":"https://st.kp.yandex.net/images/actor_iphone/iphone360_4858.jpg","name":"Том Рив","enName":"Tom Reeve","profession":"режиссеры","enProfession":"director"},{"id":832146,"photo":"https://st.kp.yandex.net/images/actor_iphone/iphone360_832146.jpg","name":"Мисч Бервард","enName":"Misch Bervard","profession":"монтажеры","enProfession":"editor"},{"id":1664913,"photo":"https://st.kp.yandex.net/images/actor_iphone/iphone360_1664913.jpg","name":"Джонатан П. Шоу","enName":"Jonathan P. Shaw","profession":"монтажеры","enProfession":"editor"},{"id":612861,"photo":"https://st.kp.yandex.net/images/actor_iphone/iphone360_612861.jpg","name":"Джуст ван Старренбург","enName":"Joost van Starrenburg","profession":"операторы","enProfession":"operator"},{"id":23719,"photo":"https://st.kp.yandex.net/images/actor_iphone/iphone360_23719.jpg","name":"Тодд Мойер","enName":"Todd Moyer","profession":"продюсеры","enProfession":"producer"},{"id":1366,"photo":"https://st.kp.yandex.net/images/actor_iphone/iphone360_1366.jpg","name":"Ромейн Шредер","enName":"Romain Schroeder","profession":"продюсеры","enProfession":"producer"},{"id":34928,"photo":"https://st.kp.yandex.net/images/actor_iphone/iphone360_34928.jpg","name":"Адам Беттеридж","enName":"Adam Betteridge","profession":"продюсеры","enProfession":"producer"},{"id":53930,"photo":"https://st.kp.yandex.net/images/actor_iphone/iphone360_53930.jpg","name":"Майкл Буркс","enName":"Michael Burks","profession":"продюсеры","enProfession":"producer"},{"id":4858,"photo":"https://st.kp.yandex.net/images/actor_iphone/iphone360_4858.jpg","name":"Том Рив","enName":"Tom Reeve","profession":"редакторы","enProfession":"writer"},{"id":53930,"photo":"https://st.kp.yandex.net/images/actor_iphone/iphone360_53930.jpg","name":"Майкл Буркс","enName":"Michael Burks","profession":"редакторы","enProfession":"writer"}],"typeNumber":1,"alternativeName":"George and the Dragon","enName":null,"names":[{"name":"Кольцо дракона"},{"name":"George and the Dragon"}],"ageRating":12,"ratingMpaa":"r","shortDescription":null,"sequelsAndPrequels":[],"similarMovies":[{"id":103644,"name":"Эрагон","enName":null,"alternativeName":"Eragon","type":"movie","poster":{"url":"https://avatars.mds.yandex.net/get-kinopoisk-image/4774061/694ccbb8-9ebf-4147-953d-7d74a89ca00c/orig","previewUrl":"https://avatars.mds.yandex.net/get-kinopoisk-image/4774061/694ccbb8-9ebf-4147-953d-7d74a89ca00c/x1000"}},{"id":6508,"name":"Сердце дракона","enName":null,"alternativeName":"DragonHeart","type":"movie","poster":{"url":"https://avatars.mds.yandex.net/get-kinopoisk-image/1777765/60447374-8e12-428b-aa9d-dc9e48a7690a/orig","previewUrl":"https://avatars.mds.yandex.net/get-kinopoisk-image/1777765/60447374-8e12-428b-aa9d-dc9e48a7690a/x1000"}},{"id":6491,"name":"Принц Вэлиант","enName":null,"alternativeName":"Prince Valiant","type":"movie","poster":{"url":"https://avatars.mds.yandex.net/get-kinopoisk-image/1704946/017c503e-72e6-4ba4-a478-dd9950098f01/orig","previewUrl":"https://avatars.mds.yandex.net/get-kinopoisk-image/1704946/017c503e-72e6-4ba4-a478-dd9950098f01/x1000"}}],"logo":{"url":null},"watchability":{"items":[{"name":"Okko","logo":{"url":"https://avatars.mds.yandex.net/get-ott/239697/7713e586-17d1-42d1-ac62-53e9ef1e70c3/orig"},"url":"https://okko.tv/movie/george-and-the-dragon?utm_medium=referral&utm_source=yandex_search&utm_campaign=new_search_feed"}]},"top10":null,"top250":null}