{"fees":{"world":{"value":237202299,"currency":"$"},"russia":{"value":1420000,"currency":"$"},"usa":{"value":101648571,"currency":"$"}},"status":null,"externalId":{"kpHD":"490a07a362969e27a785e09cc4b75053","imdb":"tt0187078","tmdb":9679},"rating":{"kp":7.566,"imdb":6.5,"filmCritics":4.4,"russianFilmCritics":0,"await":0},"votes":{"kp":131825,"imdb":284251,"filmCritics":138,"russianFilmCritics":1,"await":0},"backdrop":{"url":"https://avatars.mds.yandex.net/get-ott/374297/2a0000016928df593058780ed01614af1288/orig","previewUrl":"https://avatars.mds.yandex.net/get-ott/374297/2a0000016928df593058780ed01614af1288/x1000"},"movieLength":118,"productionCompanies":[{"name":"Jerry Bruckheimer Films","url":"https://www.themoviedb.org/t/p/original/c9dVHPOL3cqCr2593Ahk0nEKTEM.png","previewUrl":"https://www.themoviedb.org/t/p/w500/c9dVHPOL3cqCr2593Ahk0nEKTEM.png"},{"name":"Touchstone Pictures","url":"https://www.themoviedb.org/t/p/original/ou5BUbtulr6tIt699q6xJiEQTR9.png","previewUrl":"https://www.themoviedb.org/t/p/w500/ou5BUbtulr6tIt699q6xJiEQTR9.png"}],"id":2011,"type":"movie","name":"Угнать за 60 секунд","description":"Что можно успеть за 60 секунд? Выкурить сигарету или выпить чашку кофе. Но только один профессионал в мире, легендарный вор по кличке Мемфис, может за считанные секунды угнать любой автомобиль.\n\nОднако на этот раз ему предстоит сделать невозможное: чтобы спасти своего брата, Мемфис должен за одну ночь угнать 50 первоклассных машин. Чтобы вырваться из двойного капкана мафии и полиции, он должен следовать одному принципу - не останавливаться...","premiere":{"country":"США","world":"2000-06-05T00:00:00.000Z","russia":"2000-06-15T00:00:00.000Z","cinema":"2000-06-15T00:00:00.000Z","dvd":"2011-02-08T00:00:00.000Z","bluray":"2010-11-23T00:00:00.000Z"},"slogan":"Преступление на пределе скорости","year":2000,"budget":{"value":90000000,"currency":"$"},"poster":{"url":"https://st.kp.yandex.net/images/film_big/2011.jpg","previewUrl":"https://st.kp.yandex.net/images/film_iphone/iphone360_2011.jpg"},"facts":[{"value":"<a href=\"/name/6793/\" class=\"all\">Николас Кейдж</a> самостоятельно исполнял почти все автомобильные трюки на съёмках фильма.","type":"FACT","spoiler":false},{"value":"В сцене, в которой Сфинкс на Хамере сносит полицейскую машину, не было запланировано, что полицейская машина упадет со ската. <a href=\"/name/49131/\" class=\"all\">Винни Джонсу</a> просто не хватило места, чтобы дать задний ход и он чуть сильнее сдвинул полицейскую машину, из-за чего та рухнула со ската.","type":"FACT","spoiler":false},{"value":"В одном из ранних вариантов сценария, было множество вещей из оригинального фильма. Для примера, перед тем как украсть Элеонор Мемфис должен был замаскироваться под старика, а у Сфинкса не должно было быть носа, что объясняло его кличку.","type":"FACT","spoiler":true},{"value":"Во время угона последней машины Мемфис сносит одно из боковых зеркал, однако через полминуты машина показана с целыми зеркалами.","type":"BLOOPER","spoiler":false},{"value":"В сцене, где Сара Уэйланд в гараже чинит машину, гаечные ключи в каждой следующей сцене лежат по-разному.","type":"BLOOPER","spoiler":false}],"genres":[{"name":"боевик"},{"name":"триллер"},{"name":"криминал"}],"countries":[{"name":"США"}],"videos":{"trailers":[{"url":"https://www.youtube.com/v/nZYt-3_dZNc","name":"Фрагмент №2 (дублированный)","site":"youtube"},{"url":"https://widgets.kinopoisk.ru/discovery/trailer/9936?onlyPlayer=1&autoplay=1&cover=1","name":"Фрагмент (дублированный)","site":"kinopoisk_widget"},{"url":"https://www.youtube.com/v/owiJyI-E4LY","name":"Музыкальный клип","site":"youtube"},{"url":"https://www.youtube.com/v/o6AyAM1buQ8","name":"Трейлер","site":"youtube"},{"url":"https://www.youtube.com/embed/cxCE9gDm1vo","name":"Gone in Sixty Seconds Trailer HD (2000)","site":"youtube","type":"TRAILER"},{"url":"https://www.youtube.com/embed/Q46ELHPouYc","name":"Угнать за 60 секунд  - Трейлер","site":"youtube","type":"TRAILER"}],"teasers":[]},"seasonsInfo":[],"persons":[{"id":6793,"photo":"https://st.kp.yandex.net/images/actor_iphone/iphone360_6793.jpg","name":"Николас Кейдж","enName":"Nicolas Cage","profession":"актеры","enProfession":"actor"},{"id":20866,"photo":"https://st.kp.yandex.net/images/actor_iphone/iphone360_20866.jpg","name":"Анджелина Джоли","enName":"Angelina Jolie","profession":"актеры","enProfession":"actor"},{"id":9942,"photo":"https://st.kp.yandex.net/images/actor_iphone/iphone360_9942.jpg","name":"Джованни Рибизи","enName":"Giovanni Ribisi","profession":"актеры","enProfession":"actor"},{"id":6273,"photo":"https://st.kp.yandex.net/images/actor_iphone/iphone360_6273.jpg","name":"Роберт Дювалл","enName":"Robert Duvall","profession":"актеры","enProfession":"actor"},{"id":10135,"photo":"https://st.kp.yandex.net/images/actor_iphone/iphone360_10135.jpg","name":"Уилл Пэттон","enName":"Will Patton","profession":"актеры","enProfession":"actor"},{"id":1513,"photo":"https://st.kp.yandex.net/images/actor_iphone/iphone360_1513.jpg","name":"Делрой Линдо","enName":"Delroy Lindo","profession":"актеры","enProfession":"actor"},{"id":3424,"photo":"https://st.kp.yandex.net/images/actor_iphone/iphone360_3424.jpg","name":"Тимоти Олифант","enName":"Timothy Olyphant","profession":"актеры","enProfession":"actor"},{"id":374,"photo":"https://st.kp.yandex.net/images/actor_iphone/iphone360_374.jpg","name":"Скотт Каан","enName":"Scott Caan","profession":"актеры","enProfession":"actor"},{"id":20148,"photo":"https://st.kp.yandex.net/images/actor_iphone/iphone360_20148.jpg","name":"Кристофер Экклстон","enName":"Christopher Eccleston","profession":"актеры","enProfession":"actor"},{"id":49131,"photo":"https://st.kp.yandex.net/images/actor_iphone/iphone360_49131.jpg","name":"Винни Джонс","enName":"Vinnie Jones","profession":"актеры","enProfession":"actor"},{"id":22694,"photo":"https://st.kp.yandex.net/images/actor_iphone/iphone360_22694.jpg","name":"Уильям Ли Скотт","enName":"William Lee Scott","profession":"актеры","enProfession":"actor"},{"id":1447,"photo":"https://st.kp.yandex.net/images/actor_iphone/iphone360_1447.jpg","name":"Джеймс Дювал","enName":"James Duval","profession":"актеры","enProfession":"actor"},{"id":7040,"photo":"https://st.kp.yandex.net/images/actor_iphone/iphone360_7040.jpg","name":"Чи МакБрайд","enName":"Chi McBride","profession":"актеры","enProfession":"actor"},{"id":18760,"photo":"https://st.kp.yandex.net/images/actor_iphone/iphone360_18760.jpg","name":"Грейс Забриски","enName":"Grace Zabriskie","profession":"актеры","enProfession":"actor"},{"id":35946,"photo":"https://st.kp.yandex.net/images/actor_iphone/iphone360_35946.jpg","name":"Т.Дж. Кросс","enName":"T.J. Cross","profession":"актеры","enProfession":"actor"},{"id":916448,"photo":"https://st.kp.yandex.net/images/actor_iphone/iphone360_916448.jpg","name":"Майкл Оуэн","enName":"Michael Owen","profession":"актеры","enProfession":"actor"},{"id":14537,"photo":"https://st.kp.yandex.net/images/actor_iphone/iphone360_14537.jpg","name":"Джейми Бергман","enName":"Jaime Bergman","profession":"актеры","enProfession":"actor"},{"id":55009,"photo":"https://st.kp.yandex.net/images/actor_iphone/iphone360_55009.jpg","name":"Холлидей Хэдли","enName":"Holiday Hadley","profession":"актеры","enProfession":"actor"},{"id":12380,"photo":"https://st.kp.yandex.net/images/actor_iphone/iphone360_12380.jpg","name":"Гарри Ван Горкум","enName":"Harry Van Gorkum","profession":"актеры","enProfession":"actor"},{"id":22961,"photo":"https://st.kp.yandex.net/images/actor_iphone/iphone360_22961.jpg","name":"Фрэнсис Фишер","enName":"Frances Fisher","profession":"актеры","enProfession":"actor"},{"id":28679,"photo":"https://st.kp.yandex.net/images/actor_iphone/iphone360_28679.jpg","name":"Грэйс Уна","enName":"Grace Una","profession":"актеры","enProfession":"actor"},{"id":7364,"photo":"https://st.kp.yandex.net/images/actor_iphone/iphone360_7364.jpg","name":"Джесси Корти","enName":"Jesse Corti","profession":"актеры","enProfession":"actor"},{"id":47328,"photo":"https://st.kp.yandex.net/images/actor_iphone/iphone360_47328.jpg","name":"Стивен Шеллен","enName":"Stephen Shellen","profession":"актеры","enProfession":"actor"},{"id":10545,"photo":"https://st.kp.yandex.net/images/actor_iphone/iphone360_10545.jpg","name":"Александра Белахойтис","enName":"Alexandra Balahoutis","profession":"актеры","enProfession":"actor"},{"id":17319,"photo":"https://st.kp.yandex.net/images/actor_iphone/iphone360_17319.jpg","name":"Рейнбоу Борден","enName":"Rainbow Borden","profession":"актеры","enProfession":"actor"},{"id":596,"photo":"https://st.kp.yandex.net/images/actor_iphone/iphone360_596.jpg","name":"Вик Манни","enName":"Vic Manni","profession":"актеры","enProfession":"actor"},{"id":55010,"photo":"https://st.kp.yandex.net/images/actor_iphone/iphone360_55010.jpg","name":"Санджай","enName":"Sanjay","profession":"актеры","enProfession":"actor"},{"id":47682,"photo":"https://st.kp.yandex.net/images/actor_iphone/iphone360_47682.jpg","name":"Дория Ансельмо","enName":"Doria Anselmo","profession":"актеры","enProfession":"actor"},{"id":55011,"photo":"https://st.kp.yandex.net/images/actor_iphone/iphone360_55011.jpg","name":"Луис Холл","enName":"Lois Hall","profession":"актеры","enProfession":"actor"},{"id":24717,"photo":"https://st.kp.yandex.net/images/actor_iphone/iphone360_24717.jpg","name":"Дин Рэдер-Дювалл","enName":"Dean Rader-Duval","profession":"актеры","enProfession":"actor"},{"id":41290,"photo":"https://st.kp.yandex.net/images/actor_iphone/iphone360_41290.jpg","name":"С.Дж. Пицерни","enName":"C.J. Picerni","profession":"актеры","enProfession":"actor"},{"id":20591,"photo":"https://st.kp.yandex.net/images/actor_iphone/iphone360_20591.jpg","name":"Кевин Уайзман","enName":"Kevin Weisman","profession":"актеры","enProfession":"actor"},{"id":9400,"photo":"https://st.kp.yandex.net/images/actor_iphone/iphone360_9400.jpg","name":"Энтони Босвелл","enName":"Anthony Boswell","profession":"актеры","enProfession":"actor"},{"id":55012,"photo":"https://st.kp.yandex.net/images/actor_iphone/iphone360_55012.jpg","name":"Билли Дэвлин","enName":"Billy Devlin","profession":"актеры","enProfession":"actor"},{"id":7296,"photo":"https://st.kp.yandex.net/images/actor_iphone/iphone360_7296.jpg","name":"Бодхи Элфмэн","enName":"Bodhi Elfman","profession":"актеры","enProfession":"actor"},{"id":15019,"photo":"https://st.kp.yandex.net/images/actor_iphone/iphone360_15019.jpg","name":"Ари Гросс","enName":"Arye Gross","profession":"актеры","enProfession":"actor"},{"id":2652,"photo":"https://st.kp.yandex.net/images/actor_iphone/iphone360_2652.jpg","name":"Грег Коллинз","enName":"Greg Collins","profession":"актеры","enProfession":"actor"},{"id":55013,"photo":"https://st.kp.yandex.net/images/actor_iphone/iphone360_55013.jpg","name":"Козимо Фуско","enName":"Cosimo Fusco","profession":"актеры","enProfession":"actor"},{"id":5182,"photo":"https://st.kp.yandex.net/images/actor_iphone/iphone360_5182.jpg","name":"Эдди Муи","enName":"Eddie Mui","profession":"актеры","enProfession":"actor"},{"id":10555,"photo":"https://st.kp.yandex.net/images/actor_iphone/iphone360_10555.jpg","name":"Джозеф Патрик Келли","enName":"Joseph Patrick Kelly","profession":"актеры","enProfession":"actor"},{"id":123,"photo":"https://st.kp.yandex.net/images/actor_iphone/iphone360_123.jpg","name":"Скотт Баркхолдер","enName":"Scott Burkholder","profession":"актеры","enProfession":"actor"},{"id":51138,"photo":"https://st.kp.yandex.net/images/actor_iphone/iphone360_51138.jpg","name":"Маргарет Контра Палмер","enName":"Margaret Kontra Palmer","profession":"актеры","enProfession":"actor"},{"id":55014,"photo":"https://st.kp.yandex.net/images/actor_iphone/iphone360_55014.jpg","name":"Шарлин Блум","enName":"Charlene Bloom","profession":"актеры","enProfession":"actor"},{"id":55015,"photo":"https://st.kp.yandex.net/images/actor_iphone/iphone360_55015.jpg","name":"Кевин Уэст","enName":"Kevin West","profession":"актеры","enProfession":"actor"},{"id":10611,"photo":"https://st.kp.yandex.net/images/actor_iphone/iphone360_10611.jpg","name":"Билли «Слай» Уильямс","enName":"Billy «Sly» Williams","profession":"актеры","enProfession":"actor"},{"id":55016,"photo":"https://st.kp.yandex.net/images/actor_iphone/iphone360_55016.jpg","name":"Алекс Уолтерс","enName":"Alex Walters","profession":"актеры","enProfession":"actor"},{"id":20214,"photo":"https://st.kp.yandex.net/images/actor_iphone/iphone360_20214.jpg","name":"Ломбардо Бойяр","enName":"Lombardo Boyar","profession":"актеры","enProfession":"actor"},{"id":55017,"photo":"https://st.kp.yandex.net/images/actor_iphone/iphone360_55017.jpg","name":"Анджела Тассони","enName":"Angela Tassoni","profession":"актеры","enProfession":"actor"},{"id":24654,"photo":"https://st.kp.yandex.net/images/actor_iphone/iphone360_24654.jpg","name":"Скотт Розенберг","enName":"Scott Rosenberg","profession":"актеры","enProfession":"actor"},{"id":24650,"photo":"https://st.kp.yandex.net/images/actor_iphone/iphone360_24650.jpg","name":"Стив Дэнтон","enName":"Steve Danton","profession":"актеры","enProfession":"actor"},{"id":55018,"photo":"https://st.kp.yandex.net/images/actor_iphone/iphone360_55018.jpg","name":"Тайлер Паттон","enName":"Tyler Patton","profession":"актеры","enProfession":"actor"},{"id":25643,"photo":"https://st.kp.yandex.net/images/actor_iphone/iphone360_25643.jpg","name":"Кармен Ардженциано","enName":"Carmen Argenziano","profession":"актеры","enProfession":"actor"},{"id":14436,"photo":"https://st.kp.yandex.net/images/actor_iphone/iphone360_14436.jpg","name":"Дэн Хилдебранд","enName":"Dan Hildebrand","profession":"актеры","enProfession":"actor"},{"id":20220,"photo":"https://st.kp.yandex.net/images/actor_iphone/iphone360_20220.jpg","name":"Кинг Александр","enName":"King Alexander","profession":"актеры","enProfession":"actor"},{"id":26837,"photo":"https://st.kp.yandex.net/images/actor_iphone/iphone360_26837.jpg","name":"Ник Мини","enName":"Nick Meaney","profession":"актеры","enProfession":"actor"},{"id":28968,"photo":"https://st.kp.yandex.net/images/actor_iphone/iphone360_28968.jpg","name":"Майкл Пенья","enName":"Michael Peña","profession":"актеры","enProfession":"actor"},{"id":1457417,"photo":"https://st.kp.yandex.net/images/actor_iphone/iphone360_1457417.jpg","name":"Хуан Пина","enName":"Juan Pina","profession":"актеры","enProfession":"actor"},{"id":11415,"photo":"https://st.kp.yandex.net/images/actor_iphone/iphone360_11415.jpg","name":"Тим ДеЗарн","enName":"Tim DeZarn","profession":"актеры","enProfession":"actor"},{"id":20908,"photo":"https://st.kp.yandex.net/images/actor_iphone/iphone360_20908.jpg","name":"Джон Кэрролл Линч","enName":"John Carroll Lynch","profession":"актеры","enProfession":"actor"},{"id":26571,"photo":"https://st.kp.yandex.net/images/actor_iphone/iphone360_26571.jpg","name":"Дуглас Беннетт","enName":"Douglas Bennett","profession":"актеры","enProfession":"actor"},{"id":89,"photo":"https://st.kp.yandex.net/images/actor_iphone/iphone360_89.jpg","name":"Боб Сэттлер","enName":"Bob Sattler","profession":"актеры","enProfession":"actor"},{"id":4052533,"photo":"https://st.kp.yandex.net/images/actor_iphone/iphone360_4052533.jpg","name":null,"enName":"Dan Andreiu","profession":"актеры","enProfession":"actor"},{"id":1895070,"photo":"https://st.kp.yandex.net/images/actor_iphone/iphone360_1895070.jpg","name":"Грег Бронсон","enName":"Greg Bronson","profession":"актеры","enProfession":"actor"},{"id":4566612,"photo":"https://st.kp.yandex.net/images/actor_iphone/iphone360_4566612.jpg","name":null,"enName":"Rebeca Cristian","profession":"актеры","enProfession":"actor"},{"id":9393,"photo":"https://st.kp.yandex.net/images/actor_iphone/iphone360_9393.jpg","name":"Дэвид ’Шарк’ Фралик","enName":"David «Shark» Fralick","profession":"актеры","enProfession":"actor"},{"id":245098,"photo":"https://st.kp.yandex.net/images/actor_iphone/iphone360_245098.jpg","name":"Сесиль Гамбрелль","enName":"Cecily Gambrell","profession":"актеры","enProfession":"actor"},{"id":518651,"photo":"https://st.kp.yandex.net/images/actor_iphone/iphone360_518651.jpg","name":"Майкл Джералд","enName":"Michael Gerald","profession":"актеры","enProfession":"actor"},{"id":30890,"photo":"https://st.kp.yandex.net/images/actor_iphone/iphone360_30890.jpg","name":"Тревор Годдард","enName":"Trevor Goddard","profession":"актеры","enProfession":"actor"},{"id":20929,"photo":"https://st.kp.yandex.net/images/actor_iphone/iphone360_20929.jpg","name":"Брэд Уильям Хенке","enName":"Brad William Henke","profession":"актеры","enProfession":"actor"},{"id":6492,"photo":"https://st.kp.yandex.net/images/actor_iphone/iphone360_6492.jpg","name":"Кен Дженкинс","enName":"Ken Jenkins","profession":"актеры","enProfession":"actor"},{"id":740082,"photo":"https://st.kp.yandex.net/images/actor_iphone/iphone360_740082.jpg","name":"Дженис Джонс","enName":"Janis Jones","profession":"актеры","enProfession":"actor"},{"id":9391,"photo":"https://st.kp.yandex.net/images/actor_iphone/iphone360_9391.jpg","name":"Мастер Пи","enName":"Master P","profession":"актеры","enProfession":"actor"},{"id":14354,"photo":"https://st.kp.yandex.net/images/actor_iphone/iphone360_14354.jpg","name":"Брайан МакНамара","enName":"Brian McNamara","profession":"актеры","enProfession":"actor"},{"id":583113,"photo":"https://st.kp.yandex.net/images/actor_iphone/iphone360_583113.jpg","name":"Джордж Мейерс","enName":"George Meyers","profession":"актеры","enProfession":"actor"},{"id":103864,"photo":"https://st.kp.yandex.net/images/actor_iphone/iphone360_103864.jpg","name":"Боб Пеппер","enName":"Bob Pepper","profession":"актеры","enProfession":"actor"},{"id":55020,"photo":"https://st.kp.yandex.net/images/actor_iphone/iphone360_55020.jpg","name":"Дрю Ренкевиц","enName":"Drew Renkewitz","profession":"актеры","enProfession":"actor"},{"id":1774185,"photo":"https://st.kp.yandex.net/images/actor_iphone/iphone360_1774185.jpg","name":null,"enName":"Paul Sinacore","profession":"актеры","enProfession":"actor"},{"id":586346,"photo":"https://st.kp.yandex.net/images/actor_iphone/iphone360_586346.jpg","name":"Кеннет Шварц","enName":"Kenneth Swartz","profession":"актеры","enProfession":"actor"},{"id":551312,"photo":"https://st.kp.yandex.net/images/actor_iphone/iphone360_551312.jpg","name":"Винсент Терзьян","enName":"Vincent Terzian","profession":"актеры","enProfession":"actor"},{"id":63978,"photo":"https://st.kp.yandex.net/images/actor_iphone/iphone360_63978.jpg","name":"Тревор Рэбин","enName":"Trevor Rabin","profession":"композиторы","enProfession":"composer"},{"id":1642586,"photo":"https://st.kp.yandex.net/images/actor_iphone/iphone360_1642586.jpg","name":"Джефф Манн","enName":"Jeff Mann","profession":"художники","enProfession":"designer"},{"id":571450,"photo":"https://st.kp.yandex.net/images/actor_iphone/iphone360_571450.jpg","name":"Эндрю Лоус","enName":"Andrew Laws","profession":"художники","enProfession":"designer"},{"id":2010386,"photo":"https://st.kp.yandex.net/images/actor_iphone/iphone360_2010386.jpg","name":"Стэйси Р. Литофф","enName":"Stacey R. Litoff","profession":"художники","enProfession":"designer"},{"id":2003703,"photo":"https://st.kp.yandex.net/images/actor_iphone/iphone360_2003703.jpg","name":"Марлен Стюарт","enName":"Marlene Stewart","profession":"художники","enProfession":"designer"},{"id":1995726,"photo":"https://st.kp.yandex.net/images/actor_iphone/iphone360_1995726.jpg","name":"Дон Дайэрс","enName":"Don Diers","profession":"художники","enProfession":"designer"},{"id":49129,"photo":"https://st.kp.yandex.net/images/actor_iphone/iphone360_49129.jpg","name":"Доминик Сена","enName":"Dominic Sena","profession":"режиссеры","enProfession":"director"},{"id":1172212,"photo":"https://st.kp.yandex.net/images/actor_iphone/iphone360_1172212.jpg","name":"Роджер Бартон","enName":"Roger Barton","profession":"монтажеры","enProfession":"editor"},{"id":321611,"photo":"https://st.kp.yandex.net/images/actor_iphone/iphone360_321611.jpg","name":"Крис Лебензон","enName":"Chris Lebenzon","profession":"монтажеры","enProfession":"editor"},{"id":2009297,"photo":"https://st.kp.yandex.net/images/actor_iphone/iphone360_2009297.jpg","name":"Том Малдун","enName":"Tom Muldoon","profession":"монтажеры","enProfession":"editor"},{"id":611649,"photo":"https://st.kp.yandex.net/images/actor_iphone/iphone360_611649.jpg","name":"Пол Кэмерон","enName":"Paul Cameron","profession":"операторы","enProfession":"operator"},{"id":10207,"photo":"https://st.kp.yandex.net/images/actor_iphone/iphone360_10207.jpg","name":"Джерри Брукхаймер","enName":"Jerry Bruckheimer","profession":"продюсеры","enProfession":"producer"},{"id":55021,"photo":"https://st.kp.yandex.net/images/actor_iphone/iphone360_55021.jpg","name":"Денис Шакарян Галицки","enName":"Denice Shakarian Halicki","profession":"продюсеры","enProfession":"producer"},{"id":55022,"photo":"https://st.kp.yandex.net/images/actor_iphone/iphone360_55022.jpg","name":"Джонатан Хенсли","enName":"Jonathan Hensleigh","profession":"продюсеры","enProfession":"producer"},{"id":2945,"photo":"https://st.kp.yandex.net/images/actor_iphone/iphone360_2945.jpg","name":"Аристидес МакГарри","enName":"Aristides McGarry","profession":"продюсеры","enProfession":"producer"},{"id":304211,"photo":"https://st.kp.yandex.net/images/actor_iphone/iphone360_304211.jpg","name":"Петр Семак","enName":null,"profession":"актеры дубляжа","enProfession":"voice_actor"},{"id":269814,"photo":"https://st.kp.yandex.net/images/actor_iphone/iphone360_269814.jpg","name":"Евгения Игумнова","enName":null,"profession":"актеры дубляжа","enProfession":"voice_actor"},{"id":251264,"photo":"https://st.kp.yandex.net/images/actor_iphone/iphone360_251264.jpg","name":"Евгений Иванов","enName":null,"profession":"актеры дубляжа","enProfession":"voice_actor"},{"id":128156,"photo":"https://st.kp.yandex.net/images/actor_iphone/iphone360_128156.jpg","name":"Андрей Толубеев","enName":null,"profession":"актеры дубляжа","enProfession":"voice_actor"},{"id":76124,"photo":"https://st.kp.yandex.net/images/actor_iphone/iphone360_76124.jpg","name":"Валерий Кухарешин","enName":null,"profession":"актеры дубляжа","enProfession":"voice_actor"},{"id":273439,"photo":"https://st.kp.yandex.net/images/actor_iphone/iphone360_273439.jpg","name":"Геннадий Богачёв","enName":null,"profession":"актеры дубляжа","enProfession":"voice_actor"},{"id":700831,"photo":"https://st.kp.yandex.net/images/actor_iphone/iphone360_700831.jpg","name":"Владимир Маслаков","enName":null,"profession":"актеры дубляжа","enProfession":"voice_actor"},{"id":238532,"photo":"https://st.kp.yandex.net/images/actor_iphone/iphone360_238532.jpg","name":"Михаил Пореченков","enName":null,"profession":"актеры дубляжа","enProfession":"voice_actor"},{"id":1736815,"photo":"https://st.kp.yandex.net/images/actor_iphone/iphone360_1736815.jpg","name":"Дмитрий Витов","enName":null,"profession":"актеры дубляжа","enProfession":"voice_actor"},{"id":916397,"photo":"https://st.kp.yandex.net/images/actor_iphone/iphone360_916397.jpg","name":"Александр Баргман","enName":null,"profession":"актеры дубляжа","enProfession":"voice_actor"},{"id":93455,"photo":"https://st.kp.yandex.net/images/actor_iphone/iphone360_93455.jpg","name":"Александр Завьялов","enName":null,"profession":"актеры дубляжа","enProfession":"voice_actor"},{"id":238514,"photo":"https://st.kp.yandex.net/images/actor_iphone/iphone360_238514.jpg","name":"Наталья Данилова","enName":null,"profession":"актеры дубляжа","enProfession":"voice_actor"},{"id":269574,"photo":"https://st.kp.yandex.net/images/actor_iphone/iphone360_269574.jpg","name":"Артур Ваха","enName":null,"profession":"актеры дубляжа","enProfession":"voice_actor"},{"id":477451,"photo":"https://st.kp.yandex.net/images/actor_iphone/iphone360_477451.jpg","name":"Алексей Гурьев","enName":null,"profession":"актеры дубляжа","enProfession":"voice_actor"},{"id":1079049,"photo":"https://st.kp.yandex.net/images/actor_iphone/iphone360_1079049.jpg","name":"Валерий Соловьев","enName":null,"profession":"актеры дубляжа","enProfession":"voice_actor"},{"id":1175949,"photo":"https://st.kp.yandex.net/images/actor_iphone/iphone360_1175949.jpg","name":"Геннадий Смирнов","enName":null,"profession":"актеры дубляжа","enProfession":"voice_actor"},{"id":102357,"photo":"https://st.kp.yandex.net/images/actor_iphone/iphone360_102357.jpg","name":"Андрей Ургант","enName":null,"profession":"актеры дубляжа","enProfession":"voice_actor"},{"id":55007,"photo":"https://st.kp.yandex.net/images/actor_iphone/iphone360_55007.jpg","name":"Г.Б. Галицки","enName":"H.B. Halicki","profession":"редакторы","enProfession":"writer"},{"id":24654,"photo":"https://st.kp.yandex.net/images/actor_iphone/iphone360_24654.jpg","name":"Скотт Розенберг","enName":"Scott Rosenberg","profession":"редакторы","enProfession":"writer"}],"typeNumber":1,"alternativeName":"Gone in Sixty Seconds","enName":null,"names":[{"name":"Угнать за 60 секунд"},{"name":"Gone in Sixty Seconds"}],"ageRating":16,"ratingMpaa":"pg13","shortDescription":"Команда угонщиков-виртуозов должна похитить 50 машин за ночь. Николас Кейдж в драйвовом ремейке экшена 1970-х","imagesInfo":{"framesCount":29},"similarMovies":[{"id":496943,"name":"Форсаж 5","enName":null,"alternativeName":"Fast Five","type":"movie","poster":{"url":"https://avatars.mds.yandex.net/get-kinopoisk-image/1599028/90ecc695-b927-45b4-a012-d9da7e674f52/orig","previewUrl":"https://avatars.mds.yandex.net/get-kinopoisk-image/1599028/90ecc695-b927-45b4-a012-d9da7e674f52/x1000"}},{"id":666,"name":"Форсаж","enName":null,"alternativeName":"The Fast and the Furious","type":"movie","poster":{"url":"https://avatars.mds.yandex.net/get-kinopoisk-image/6201401/8277905e-aa09-465d-b0de-7c389a42f215/orig","previewUrl":"https://avatars.mds.yandex.net/get-kinopoisk-image/6201401/8277905e-aa09-465d-b0de-7c389a42f215/x1000"}},{"id":395978,"name":"Форсаж 4","enName":null,"alternativeName":"Fast & Furious","type":"movie","poster":{"url":"https://avatars.mds.yandex.net/get-kinopoisk-image/4774061/a65f24e3-10db-4325-87b6-49037781ada0/orig","previewUrl":"https://avatars.mds.yandex.net/get-kinopoisk-image/4774061/a65f24e3-10db-4325-87b6-49037781ada0/x1000"}},{"id":477852,"name":"Контрабанда","enName":null,"alternativeName":"Contraband","type":"movie","poster":{"url":"https://avatars.mds.yandex.net/get-kinopoisk-image/1599028/9dd97727-c5dc-460b-bdac-21d734aa99e6/orig","previewUrl":"https://avatars.mds.yandex.net/get-kinopoisk-image/1599028/9dd97727-c5dc-460b-bdac-21d734aa99e6/x1000"}},{"id":678975,"name":"Need for Speed: Жажда скорости","enName":null,"alternativeName":"Need for Speed","type":"movie","poster":{"url":"https://avatars.mds.yandex.net/get-kinopoisk-image/4303601/4b842adb-1cf3-4865-80ce-e3d72d59ba2b/orig","previewUrl":"https://avatars.mds.yandex.net/get-kinopoisk-image/4303601/4b842adb-1cf3-4865-80ce-e3d72d59ba2b/x1000"}},{"id":323,"name":"Двойной форсаж","enName":null,"alternativeName":"2 Fast 2 Furious","type":"movie","poster":{"url":"https://avatars.mds.yandex.net/get-kinopoisk-image/6201401/a7de8b77-34a0-4b22-9574-acec6c689958/orig","previewUrl":"https://avatars.mds.yandex.net/get-kinopoisk-image/6201401/a7de8b77-34a0-4b22-9574-acec6c689958/x1000"}},{"id":106079,"name":"Тройной форсаж: Токийский дрифт","enName":null,"alternativeName":"The Fast and the Furious: Tokyo Drift","type":"movie","poster":{"url":"https://avatars.mds.yandex.net/get-kinopoisk-image/4774061/93898f89-91a1-4084-a2c7-5e5deac4933a/orig","previewUrl":"https://avatars.mds.yandex.net/get-kinopoisk-image/4774061/93898f89-91a1-4084-a2c7-5e5deac4933a/x1000"}},{"id":594736,"name":"Форсаж 6","enName":null,"alternativeName":"Furious 6","type":"movie","poster":{"url":"https://avatars.mds.yandex.net/get-kinopoisk-image/1946459/1441cd7d-a538-4724-b7f0-e131b2fdab21/orig","previewUrl":"https://avatars.mds.yandex.net/get-kinopoisk-image/1946459/1441cd7d-a538-4724-b7f0-e131b2fdab21/x1000"}},{"id":102136,"name":"Смертельная гонка","enName":null,"alternativeName":"Death Race","type":"movie","poster":{"url":"https://avatars.mds.yandex.net/get-kinopoisk-image/1704946/8fd2e2df-81f0-4a3d-aeb3-b386d659e19a/orig","previewUrl":"https://avatars.mds.yandex.net/get-kinopoisk-image/1704946/8fd2e2df-81f0-4a3d-aeb3-b386d659e19a/x1000"}},{"id":53853,"name":"Угнать за 60 секунд","enName":null,"alternativeName":"Gone in 60 Seconds","type":"movie","poster":{"url":"https://avatars.mds.yandex.net/get-kinopoisk-image/1946459/eb1068bc-7e69-4a9e-ac73-7126963d6eae/orig","previewUrl":"https://avatars.mds.yandex.net/get-kinopoisk-image/1946459/eb1068bc-7e69-4a9e-ac73-7126963d6eae/x1000"}}],"sequelsAndPrequels":[{"id":53853,"name":"Угнать за 60 секунд","enName":"Gone in 60 Seconds","alternativeName":"Gone in 60 Seconds","type":"remake","poster":{"url":"https://st.kp.yandex.net/images/film_big/53853.jpg","previewUrl":"https://st.kp.yandex.net/images/film_iphone/iphone360_53853.jpg"}}],"logo":{"url":null},"watchability":{"items":null},"top10":null,"top250":null}