{"fees":{"world":{"value":6047691,"currency":"$"},"usa":{"value":6047691,"currency":"$"}},"status":null,"externalId":{"kpHD":null,"imdb":"tt0263728","tmdb":30379},"rating":{"kp":4.642,"imdb":3.9,"filmCritics":3.3,"russianFilmCritics":0,"await":0},"votes":{"kp":394,"imdb":2893,"filmCritics":20,"russianFilmCritics":0,"await":0},"backdrop":{"url":null,"previewUrl":null},"movieLength":104,"productionCompanies":[{"name":"Infinity Omnimedia","url":null,"previewUrl":null},{"name":"TBN Films","url":null,"previewUrl":null},{"name":"Gener8Xion Entertainment","url":null,"previewUrl":null}],"id":2323,"type":"movie","name":"Вечная битва","description":"Вторая серия фильма про Антихриста в облике крупного бизнесмена Стоуна Александра, начиная с его раннего детства, когда он потерял свою мать в 6-ти летнем возрасте и возненавидел своего сводного брата и пытался убить его, тогда, дьявол поселился в его душе, избрав своим наместником на Земле, послав ему в опекуны ближайшего из своих сподвижников демонов…","premiere":{"country":"США","world":"2001-09-07T00:00:00.000Z"},"slogan":"Настало время свершиться древнему пророчеству","year":2001,"budget":{"value":22000000,"currency":"$"},"poster":{"url":"https://st.kp.yandex.net/images/film_big/2323.jpg","previewUrl":"https://st.kp.yandex.net/images/film_iphone/iphone360_2323.jpg"},"facts":[{"value":"Съемки картины происходили в Израиле (в Тель-Авиве, Иерусалиме, Мегиддо), США (Лос-Анджелес) и столицах Испании, Кении, Италии и Чили.","type":"FACT","spoiler":false},{"value":"На протяжении всей картины ни разу не употребляется слово Иисус Христос. Его туманно называют «назаретянином».","type":"FACT","spoiler":false},{"value":"В сценах, когда 21-летний Стоун Александр встречается с отцом в военном пансионе, он сантиметров на пять выше его. Но спустя десятилетия, Стоун почему-то становится намного ниже, сантиметров на пять ниже отца.","type":"BLOOPER","spoiler":false},{"value":"В фильме есть одна тактическая ошибка. По закону президент и вице-президент США не имеют права лететь на одном и том же самолете.","type":"BLOOPER","spoiler":false}],"genres":[{"name":"фантастика"},{"name":"фэнтези"},{"name":"боевик"},{"name":"триллер"},{"name":"приключения"}],"countries":[{"name":"США"}],"videos":{"trailers":[{"url":"https://www.youtube.com/embed/m_ePpVVaE3Q","name":"The Omega Code 2: Megiddo Movie Trailer","site":"youtube","type":"TRAILER"}],"teasers":[]},"seasonsInfo":[],"persons":[{"id":16194,"photo":"https://st.kp.yandex.net/images/actor_iphone/iphone360_16194.jpg","name":"Майкл Йорк","enName":"Michael York","profession":"актеры","enProfession":"actor"},{"id":38338,"photo":"https://st.kp.yandex.net/images/actor_iphone/iphone360_38338.jpg","name":"Майкл Бин","enName":"Michael Biehn","profession":"актеры","enProfession":"actor"},{"id":52535,"photo":"https://st.kp.yandex.net/images/actor_iphone/iphone360_52535.jpg","name":"Джозеф Маккар","enName":"Joseph Makkar","profession":"актеры","enProfession":"actor"},{"id":30881,"photo":"https://st.kp.yandex.net/images/actor_iphone/iphone360_30881.jpg","name":"Гай Сайнер","enName":"Guy Siner","profession":"актеры","enProfession":"actor"},{"id":10078,"photo":"https://st.kp.yandex.net/images/actor_iphone/iphone360_10078.jpg","name":"Дайан Венора","enName":"Diane Venora","profession":"актеры","enProfession":"actor"},{"id":42792,"photo":"https://st.kp.yandex.net/images/actor_iphone/iphone360_42792.jpg","name":"Майкл Чайнимуринди","enName":"Michael Chinyamurindi","profession":"актеры","enProfession":"actor"},{"id":37649,"photo":"https://st.kp.yandex.net/images/actor_iphone/iphone360_37649.jpg","name":"Джон ДеМита","enName":"John DeMita","profession":"актеры","enProfession":"actor"},{"id":14108,"photo":"https://st.kp.yandex.net/images/actor_iphone/iphone360_14108.jpg","name":"Р. Ли Эрми","enName":"R. Lee Ermey","profession":"актеры","enProfession":"actor"},{"id":1325,"photo":"https://st.kp.yandex.net/images/actor_iphone/iphone360_1325.jpg","name":"Удо Кир","enName":"Udo Kier","profession":"актеры","enProfession":"actor"},{"id":48373,"photo":"https://st.kp.yandex.net/images/actor_iphone/iphone360_48373.jpg","name":"Олег Штефанко","enName":null,"profession":"актеры","enProfession":"actor"},{"id":2984,"photo":"https://st.kp.yandex.net/images/actor_iphone/iphone360_2984.jpg","name":"Франко Неро","enName":"Franco Nero","profession":"актеры","enProfession":"actor"},{"id":1452,"photo":"https://st.kp.yandex.net/images/actor_iphone/iphone360_1452.jpg","name":"Джим Метцлер","enName":"Jim Metzler","profession":"актеры","enProfession":"actor"},{"id":41822,"photo":"https://st.kp.yandex.net/images/actor_iphone/iphone360_41822.jpg","name":"Ной Хантли","enName":"Noah Huntley","profession":"актеры","enProfession":"actor"},{"id":25749,"photo":"https://st.kp.yandex.net/images/actor_iphone/iphone360_25749.jpg","name":"Майкл Пол Чан","enName":"Michael Paul Chan","profession":"актеры","enProfession":"actor"},{"id":52536,"photo":"https://st.kp.yandex.net/images/actor_iphone/iphone360_52536.jpg","name":"Джил Колон","enName":"Gil Colon","profession":"актеры","enProfession":"actor"},{"id":8876,"photo":"https://st.kp.yandex.net/images/actor_iphone/iphone360_8876.jpg","name":"Дэвид Хедисон","enName":"David Hedison","profession":"актеры","enProfession":"actor"},{"id":52537,"photo":"https://st.kp.yandex.net/images/actor_iphone/iphone360_52537.jpg","name":null,"enName":"Elisa Scialpi","profession":"актеры","enProfession":"actor"},{"id":29927,"photo":"https://st.kp.yandex.net/images/actor_iphone/iphone360_29927.jpg","name":"Чад Майкл Мюррэй","enName":"Chad Michael Murray","profession":"актеры","enProfession":"actor"},{"id":14156,"photo":"https://st.kp.yandex.net/images/actor_iphone/iphone360_14156.jpg","name":"Эдуардо Яньес","enName":"Eduardo Yáñez","profession":"актеры","enProfession":"actor"},{"id":23784,"photo":"https://st.kp.yandex.net/images/actor_iphone/iphone360_23784.jpg","name":"Тони Амендола","enName":"Tony Amendola","profession":"актеры","enProfession":"actor"},{"id":52538,"photo":"https://st.kp.yandex.net/images/actor_iphone/iphone360_52538.jpg","name":"Форбс Райли","enName":"Forbes Riley","profession":"актеры","enProfession":"actor"},{"id":52539,"photo":"https://st.kp.yandex.net/images/actor_iphone/iphone360_52539.jpg","name":"Гэвин Финк","enName":"Gavin Fink","profession":"актеры","enProfession":"actor"},{"id":30887,"photo":"https://st.kp.yandex.net/images/actor_iphone/iphone360_30887.jpg","name":"Грег Эллис","enName":"Greg Ellis","profession":"актеры","enProfession":"actor"},{"id":20267,"photo":"https://st.kp.yandex.net/images/actor_iphone/iphone360_20267.jpg","name":"Тим Колсери","enName":"Tim Colceri","profession":"актеры","enProfession":"actor"},{"id":52540,"photo":"https://st.kp.yandex.net/images/actor_iphone/iphone360_52540.jpg","name":"Катрин Дао","enName":"Catherine Dao","profession":"актеры","enProfession":"actor"},{"id":630156,"photo":"https://st.kp.yandex.net/images/actor_iphone/iphone360_630156.jpg","name":"Рэймонд Эдвардс","enName":"Raymond Edwards","profession":"актеры","enProfession":"actor"},{"id":591367,"photo":"https://st.kp.yandex.net/images/actor_iphone/iphone360_591367.jpg","name":null,"enName":"Ilise Fertig","profession":"актеры","enProfession":"actor"},{"id":42519,"photo":"https://st.kp.yandex.net/images/actor_iphone/iphone360_42519.jpg","name":"Кент МакКорд","enName":"Kent McCord","profession":"актеры","enProfession":"actor"},{"id":1104433,"photo":"https://st.kp.yandex.net/images/actor_iphone/iphone360_1104433.jpg","name":"Кристофер Пелант","enName":"Christopher Pelant","profession":"актеры","enProfession":"actor"},{"id":3720091,"photo":"https://st.kp.yandex.net/images/actor_iphone/iphone360_3720091.jpg","name":null,"enName":"Leon Pikor","profession":"актеры","enProfession":"actor"},{"id":39575,"photo":"https://st.kp.yandex.net/images/actor_iphone/iphone360_39575.jpg","name":"Андрей Стерлинг","enName":"Andrei Sterling","profession":"актеры","enProfession":"actor"},{"id":1830114,"photo":"https://st.kp.yandex.net/images/actor_iphone/iphone360_1830114.jpg","name":"Рон Терри","enName":"Ron Terry","profession":"актеры","enProfession":"actor"},{"id":19081,"photo":"https://st.kp.yandex.net/images/actor_iphone/iphone360_19081.jpg","name":"Марк А. Уоттерс","enName":"Mark A. Watters","profession":"актеры","enProfession":"actor"},{"id":1104996,"photo":"https://st.kp.yandex.net/images/actor_iphone/iphone360_1104996.jpg","name":"Нэнси Янг","enName":"Nancy Young","profession":"актеры","enProfession":"actor"},{"id":2649671,"photo":"https://st.kp.yandex.net/images/actor_iphone/iphone360_2649671.jpg","name":null,"enName":"Shane C. Geant","profession":"актеры","enProfession":"actor"},{"id":1543,"photo":"https://st.kp.yandex.net/images/actor_iphone/iphone360_1543.jpg","name":"Даррел Гир","enName":"Darrell Geer","profession":"актеры","enProfession":"actor"},{"id":52541,"photo":"https://st.kp.yandex.net/images/actor_iphone/iphone360_52541.jpg","name":"Ванеза Леза Питински","enName":"Vaneza Leza Pitynski","profession":"актеры","enProfession":"actor"},{"id":4159265,"photo":"https://st.kp.yandex.net/images/actor_iphone/iphone360_4159265.jpg","name":"Дэниэл Острайх","enName":"Daniel Oestreich","profession":"актеры","enProfession":"actor"},{"id":613201,"photo":"https://st.kp.yandex.net/images/actor_iphone/iphone360_613201.jpg","name":"Питер Бернштейн","enName":"Peter Bernstein","profession":"композиторы","enProfession":"composer"},{"id":1988773,"photo":"https://st.kp.yandex.net/images/actor_iphone/iphone360_1988773.jpg","name":"Чарльз Дабо мл.","enName":"Charlie Daboub","profession":"художники","enProfession":"designer"},{"id":2020328,"photo":"https://st.kp.yandex.net/images/actor_iphone/iphone360_2020328.jpg","name":"Ливия Боргоньони","enName":"Livia Borgognoni","profession":"художники","enProfession":"designer"},{"id":1999483,"photo":"https://st.kp.yandex.net/images/actor_iphone/iphone360_1999483.jpg","name":"Джон Чичестер","enName":"John Chichester","profession":"художники","enProfession":"designer"},{"id":2000612,"photo":"https://st.kp.yandex.net/images/actor_iphone/iphone360_2000612.jpg","name":"Шон Холли Куксон","enName":"Shawn Holly Cookson","profession":"художники","enProfession":"designer"},{"id":2011511,"photo":"https://st.kp.yandex.net/images/actor_iphone/iphone360_2011511.jpg","name":"Ричард Римс","enName":"Richard Reams","profession":"ху��ожники","enProfession":"designer"},{"id":52534,"photo":"https://st.kp.yandex.net/images/actor_iphone/iphone360_52534.jpg","name":"Брайан Тренчард-Смит","enName":"Brian Trenchard-Smith","profession":"режиссеры","enProfession":"director"},{"id":1997168,"photo":"https://st.kp.yandex.net/images/actor_iphone/iphone360_1997168.jpg","name":"Джон Лэфферти","enName":"John Lafferty","profession":"монтажеры","enProfession":"editor"},{"id":612863,"photo":"https://st.kp.yandex.net/images/actor_iphone/iphone360_612863.jpg","name":"Альберт Дж. Данк","enName":"Albert J. Dunk","profession":"операторы","enProfession":"operator"},{"id":23855,"photo":"https://st.kp.yandex.net/images/actor_iphone/iphone360_23855.jpg","name":"Гари М. Беттман","enName":"Gary M. Bettman","profession":"продюсеры","enProfession":"producer"},{"id":52542,"photo":"https://st.kp.yandex.net/images/actor_iphone/iphone360_52542.jpg","name":"Ричард Дж. Кук","enName":"Richard J. Cook","profession":"продюсеры","enProfession":"producer"},{"id":52543,"photo":"https://st.kp.yandex.net/images/actor_iphone/iphone360_52543.jpg","name":"Эндрю Крауч","enName":"Andrew Crouch","profession":"продюсеры","enProfession":"producer"},{"id":23856,"photo":"https://st.kp.yandex.net/images/actor_iphone/iphone360_23856.jpg","name":"Мэттью Крауч","enName":"Matthew Crouch","profession":"продюсеры","enProfession":"producer"},{"id":23831,"photo":"https://st.kp.yandex.net/images/actor_iphone/iphone360_23831.jpg","name":"Стефан Блинн","enName":"Stephan Blinn","profession":"редакторы","enProfession":"writer"},{"id":23832,"photo":"https://st.kp.yandex.net/images/actor_iphone/iphone360_23832.jpg","name":"Холлис Бартон","enName":"Hollis Barton","profession":"редакторы","enProfession":"writer"},{"id":34495,"photo":"https://st.kp.yandex.net/images/actor_iphone/iphone360_34495.jpg","name":"Джон Фазано","enName":"John Fasano","profession":"редакторы","enProfession":"writer"}],"typeNumber":1,"alternativeName":"Megiddo: The Omega Code 2","enName":null,"names":[{"name":"Вечная битва"},{"name":"Megiddo: The Omega Code 2"}],"ageRating":12,"ratingMpaa":"pg13","shortDescription":null,"sequelsAndPrequels":[{"id":4045,"name":"Код «Омега»","enName":null,"alternativeName":"The Omega Code","type":"movie","poster":{"url":"https://avatars.mds.yandex.net/get-kinopoisk-image/1704946/b45c7803-4ea4-48c6-bb55-fb1ab28a6268/orig","previewUrl":"https://avatars.mds.yandex.net/get-kinopoisk-image/1704946/b45c7803-4ea4-48c6-bb55-fb1ab28a6268/x1000"}}],"similarMovies":[],"imagesInfo":{"framesCount":25},"logo":{"url":null},"watchability":{"items":null},"top10":null,"top250":null}