{"fees":{"world":{"value":55443032,"currency":"$"},"usa":{"value":39402572,"currency":"$"}},"status":null,"externalId":{"kpHD":null,"imdb":"tt0337711","tmdb":20694},"rating":{"kp":5.637,"imdb":5.5,"filmCritics":5,"russianFilmCritics":0,"await":0},"votes":{"kp":975,"imdb":8618,"filmCritics":89,"russianFilmCritics":0,"await":0},"backdrop":{"url":null,"previewUrl":null},"movieLength":81,"productionCompanies":[{"name":"Nickelodeon Movies","url":"https://www.themoviedb.org/t/p/original/m31fQvZJuUvAgxoqTiCGYFBfZYe.png","previewUrl":"https://www.themoviedb.org/t/p/w500/m31fQvZJuUvAgxoqTiCGYFBfZYe.png"},{"name":"Klasky-Csupo","url":null,"previewUrl":null}],"id":2350,"type":"cartoon","name":"Карапузы встречаются с Торнберри","description":"В этом мультике находчивые аниматоры «подружили» героев своих самых известных кинопроектов - неугомонных карапузов и славную семейку Торнберри! Ваши любимые карапузы отбывают в экзотическое путешествие! Жить без приключений грудняки категорически не желают, а приключения явно неравнодушны к забавным крошкам.\n\nПосле того, как судно, на котором плыли карапузы «благополучно» затонуло, компания детишек-непосед высаживается... на необитаемый остров! Но самое интересное впереди: выяснилось, что крошечные коллеги Робинзона Крузо оказались на дивном тропическом острове не одни! Кто, как вы думаете, составит карапузам «достойную» компанию и не даст скучать ни минуты? Ну, конечно же, дикая семейка Торнберри в полном составе!","premiere":{"country":"США","world":"2003-06-01T00:00:00.000Z"},"slogan":"Spike Speaks","year":2003,"budget":{"value":25000000,"currency":"$"},"poster":{"url":"https://st.kp.yandex.net/images/film_big/2350.jpg","previewUrl":"https://st.kp.yandex.net/images/film_iphone/iphone360_2350.jpg"},"facts":[],"genres":[{"name":"мультфильм"},{"name":"мюзикл"},{"name":"фэнтези"},{"name":"комедия"},{"name":"приключения"},{"name":"семейный"}],"countries":[{"name":"США"}],"videos":{"trailers":[{"url":"https://www.youtube.com/v/tcoXYNIFuhM","name":"Трейлер №2","site":"youtube"},{"url":"http://a772.g.akamai.net/5/772/51/1c35bf6fbd4e49/1a1a1aaa2198c627970773d80669d84574a8d80d3cb12453c02589f25382f668c9329e0375e81787e85abb28970c7aee1d8f046bdd3eb22584eb5ab930990569/rugrats_go_wild_m240.mov","name":"Трейлер","site":"unknown"},{"url":"https://www.youtube.com/embed/Pb8FpdXuU8U","name":"Rugrats Go Wild! Trailer (2003)","site":"youtube","type":"TRAILER"}],"teasers":[]},"seasonsInfo":[],"persons":[{"id":8828,"photo":"https://st.kp.yandex.net/images/actor_iphone/iphone360_8828.jpg","name":"Элизабет Дэйли","enName":"Elizabeth Daily","profession":"актеры","enProfession":"actor"},{"id":8811,"photo":"https://st.kp.yandex.net/images/actor_iphone/iphone360_8811.jpg","name":"Нэнси Картрайт","enName":"Nancy Cartwright","profession":"актеры","enProfession":"actor"},{"id":8831,"photo":"https://st.kp.yandex.net/images/actor_iphone/iphone360_8831.jpg","name":"Кэт Суси","enName":"Kath Soucie","profession":"актеры","enProfession":"actor"},{"id":8841,"photo":"https://st.kp.yandex.net/images/actor_iphone/iphone360_8841.jpg","name":"Дайонн Квон","enName":"Dionne Quan","profession":"актеры","enProfession":"actor"},{"id":8829,"photo":"https://st.kp.yandex.net/images/actor_iphone/iphone360_8829.jpg","name":"Шерил Чейз","enName":"Cheryl Chase","profession":"актеры","enProfession":"actor"},{"id":2414,"photo":"https://st.kp.yandex.net/images/actor_iphone/iphone360_2414.jpg","name":"Тим Карри","enName":"Tim Curry","profession":"актеры","enProfession":"actor"},{"id":8832,"photo":"https://st.kp.yandex.net/images/actor_iphone/iphone360_8832.jpg","name":"Джо Аляски","enName":"Joe Alaskey","profession":"актеры","enProfession":"actor"},{"id":8834,"photo":"https://st.kp.yandex.net/images/actor_iphone/iphone360_8834.jpg","name":"Тресс МакНилл","enName":"Tress MacNeille","profession":"актеры","enProfession":"actor"},{"id":8833,"photo":"https://st.kp.yandex.net/images/actor_iphone/iphone360_8833.jpg","name":"Майкл Белл","enName":"Michael Bell","profession":"актеры","enProfession":"actor"},{"id":8838,"photo":"https://st.kp.yandex.net/images/actor_iphone/iphone360_8838.jpg","name":"Мелани Чартофф","enName":"Melanie Chartoff","profession":"актеры","enProfession":"actor"},{"id":8840,"photo":"https://st.kp.yandex.net/images/actor_iphone/iphone360_8840.jpg","name":"Джулия Като","enName":"Julia Kato","profession":"актеры","enProfession":"actor"},{"id":8842,"photo":"https://st.kp.yandex.net/images/actor_iphone/iphone360_8842.jpg","name":"Филип Проктор","enName":"Phil Proctor","profession":"актеры","enProfession":"actor"},{"id":8835,"photo":"https://st.kp.yandex.net/images/actor_iphone/iphone360_8835.jpg","name":"Джек Райли","enName":"Jack Riley","profession":"актеры","enProfession":"actor"},{"id":8830,"photo":"https://st.kp.yandex.net/images/actor_iphone/iphone360_8830.jpg","name":"Тара Стронг","enName":"Tara Strong","profession":"актеры","enProfession":"actor"},{"id":193,"photo":"https://st.kp.yandex.net/images/actor_iphone/iphone360_193.jpg","name":"Кри Саммер","enName":"Cree Summer","profession":"актеры","enProfession":"actor"},{"id":5207,"photo":"https://st.kp.yandex.net/images/actor_iphone/iphone360_5207.jpg","name":"Даниэль Харрис","enName":"Danielle Harris","profession":"актеры","enProfession":"actor"},{"id":31701,"photo":"https://st.kp.yandex.net/images/actor_iphone/iphone360_31701.jpg","name":"Джоди Карлайл","enName":"Jodi Carlisle","profession":"актеры","enProfession":"actor"},{"id":31699,"photo":"https://st.kp.yandex.net/images/actor_iphone/iphone360_31699.jpg","name":"Лэйси Шабер","enName":"Lacey Chabert","profession":"актеры","enProfession":"actor"},{"id":31700,"photo":"https://st.kp.yandex.net/images/actor_iphone/iphone360_31700.jpg","name":"Фли","enName":"Flea","profession":"актеры","enProfession":"actor"},{"id":14852,"photo":"https://st.kp.yandex.net/images/actor_iphone/iphone360_14852.jpg","name":"Том Кэйн","enName":"Tom Kane","profession":"актеры","enProfession":"actor"},{"id":110,"photo":"https://st.kp.yandex.net/images/actor_iphone/iphone360_110.jpg","name":"Брюс Уиллис","enName":"Bruce Willis","profession":"актеры","enProfession":"actor"},{"id":22661,"photo":"https://st.kp.yandex.net/images/actor_iphone/iphone360_22661.jpg","name":"Тони Джей","enName":"Tony Jay","profession":"актеры","enProfession":"actor"},{"id":31703,"photo":"https://st.kp.yandex.net/images/actor_iphone/iphone360_31703.jpg","name":"Итэн Филлипс","enName":"Ethan Phillips","profession":"актеры","enProfession":"actor"},{"id":31702,"photo":"https://st.kp.yandex.net/images/actor_iphone/iphone360_31702.jpg","name":"Крисси Хинд","enName":"Chrissie Hynde","profession":"актеры","enProfession":"actor"},{"id":590773,"photo":"https://st.kp.yandex.net/images/actor_iphone/iphone360_590773.jpg","name":null,"enName":"Gabriela Willer","profession":"актеры","enProfession":"actor"},{"id":27000,"photo":"https://st.kp.yandex.net/images/actor_iphone/iphone360_27000.jpg","name":"Марк Мазерсбо","enName":"Mark Mothersbaugh","profession":"композиторы","enProfession":"composer"},{"id":2010444,"photo":"https://st.kp.yandex.net/images/actor_iphone/iphone360_2010444.jpg","name":"Дима Маланичев","enName":"Dima Malanitchev","profession":"художники","enProfession":"designer"},{"id":1926780,"photo":"https://st.kp.yandex.net/images/actor_iphone/iphone360_1926780.jpg","name":"Барри Эткинсон","enName":"Barry Atkinson","profession":"художники","enProfession":"designer"},{"id":31698,"photo":"https://st.kp.yandex.net/images/actor_iphone/iphone360_31698.jpg","name":"Джон Энг","enName":"John Eng","profession":"режиссеры","enProfession":"director"},{"id":8870,"photo":"https://st.kp.yandex.net/images/actor_iphone/iphone360_8870.jpg","name":"Нортон Вирген","enName":"Norton Virgien","profession":"режиссеры","enProfession":"director"},{"id":293597,"photo":"https://st.kp.yandex.net/images/actor_iphone/iphone360_293597.jpg","name":"Прийт Пярн","enName":"Priit Pärn","profession":"режиссеры","enProfession":"director"},{"id":2003236,"photo":"https://st.kp.yandex.net/images/actor_iphone/iphone360_2003236.jpg","name":"Джон Брайант","enName":"John Bryant","profession":"монтажеры","enProfession":"editor"},{"id":2017089,"photo":"https://st.kp.yandex.net/images/actor_iphone/iphone360_2017089.jpg","name":"Кимберли Конви","enName":"Kimberly Convy","profession":"монтажеры","enProfession":"editor"},{"id":8863,"photo":"https://st.kp.yandex.net/images/actor_iphone/iphone360_8863.jpg","name":"Габор Чупо","enName":"Gabor Csupo","profession":"продюсеры","enProfession":"producer"},{"id":8865,"photo":"https://st.kp.yandex.net/images/actor_iphone/iphone360_8865.jpg","name":"Арлин Класки","enName":"Arlene Klasky","profession":"продюсеры","enProfession":"producer"},{"id":611835,"photo":"https://st.kp.yandex.net/images/actor_iphone/iphone360_611835.jpg","name":"Джордж Экогни","enName":"George Acogny","profession":"продюсеры","enProfession":"producer"},{"id":8862,"photo":"https://st.kp.yandex.net/images/actor_iphone/iphone360_8862.jpg","name":"Эрик Каземиро","enName":"Eryk Casemiro","profession":"продюсеры","enProfession":"producer"},{"id":1672422,"photo":"https://st.kp.yandex.net/images/actor_iphone/iphone360_1672422.jpg","name":"Татьяна Весёлкина","enName":null,"profession":"актеры дубляжа","enProfession":"voice_actor"},{"id":273180,"photo":"https://st.kp.yandex.net/images/actor_iphone/iphone360_273180.jpg","name":"Никита Прозоровский","enName":null,"profession":"актеры дубляжа","enProfession":"voice_actor"},{"id":8825,"photo":"https://st.kp.yandex.net/images/actor_iphone/iphone360_8825.jpg","name":"Кейт Бутилье","enName":"Kate Boutilier","profession":"редакторы","enProfession":"writer"},{"id":1103979,"photo":"https://st.kp.yandex.net/images/actor_iphone/iphone360_1103979.jpg","name":"Моника Пайпер","enName":"Monica Piper","profession":"редакторы","enProfession":"writer"},{"id":144801,"photo":"https://st.kp.yandex.net/images/actor_iphone/iphone360_144801.jpg","name":"Дэвид Ригал","enName":"David Regal","profession":"редакторы","enProfession":"writer"},{"id":51311,"photo":"https://st.kp.yandex.net/images/actor_iphone/iphone360_51311.jpg","name":"Пол Гринберг","enName":"Paul Greenberg","profession":"редакторы","enProfession":"writer"}],"typeNumber":3,"alternativeName":"Rugrats Go Wild","enName":null,"names":[{"name":"Карапузы встречаются с Торнберри"},{"name":"Rugrats Go Wild"}],"ratingMpaa":"pg","shortDescription":null,"similarMovies":[],"sequelsAndPrequels":[{"id":214312,"name":"Ох, уж эти детки!","enName":null,"alternativeName":"Rugrats","type":"animated-series","poster":{"url":"https://avatars.mds.yandex.net/get-kinopoisk-image/1599028/4785dbcf-e3c1-4398-8564-214f1a3771cb/orig","previewUrl":"https://avatars.mds.yandex.net/get-kinopoisk-image/1599028/4785dbcf-e3c1-4398-8564-214f1a3771cb/x1000"}},{"id":2355,"name":"Карапузы","enName":null,"alternativeName":"The Rugrats Movie","type":"cartoon","poster":{"url":"https://avatars.mds.yandex.net/get-kinopoisk-image/1900788/511e4ba2-cad0-4cf2-b10a-8efd97547199/orig","previewUrl":"https://avatars.mds.yandex.net/get-kinopoisk-image/1900788/511e4ba2-cad0-4cf2-b10a-8efd97547199/x1000"}},{"id":2353,"name":"Карапузы в Париже","enName":null,"alternativeName":"Rugrats in Paris: The Movie - Rugrats II","type":"cartoon","poster":{"url":"https://avatars.mds.yandex.net/get-kinopoisk-image/1898899/1f75c8ab-e70b-4cc6-b5a9-5eb6cb2fe188/orig","previewUrl":"https://avatars.mds.yandex.net/get-kinopoisk-image/1898899/1f75c8ab-e70b-4cc6-b5a9-5eb6cb2fe188/x1000"}},{"id":230636,"name":"Ох уж эти детки!: Детки подросли","enName":null,"alternativeName":"The Rugrats: All Growed Up","type":"cartoon","poster":{"url":"https://avatars.mds.yandex.net/get-kinopoisk-image/1600647/a5cd5ec8-95d1-4ca7-996c-332b02eb420a/orig","previewUrl":"https://avatars.mds.yandex.net/get-kinopoisk-image/1600647/a5cd5ec8-95d1-4ca7-996c-332b02eb420a/x1000"}},{"id":230637,"name":null,"enName":null,"alternativeName":"Rugrats: Still Babies After All These Years","type":"movie","poster":{"url":"https://avatars.mds.yandex.net/get-kinopoisk-image/1599028/e07f8f0c-e8b2-4816-9361-e470437e2b43/orig","previewUrl":"https://avatars.mds.yandex.net/get-kinopoisk-image/1599028/e07f8f0c-e8b2-4816-9361-e470437e2b43/x1000"}},{"id":230675,"name":"Детки подросли","enName":null,"alternativeName":"All Grown Up!","type":"animated-series","poster":{"url":"https://avatars.mds.yandex.net/get-kinopoisk-image/1600647/f6b67b9a-6fd8-4205-a201-2d23226bb39b/orig","previewUrl":"https://avatars.mds.yandex.net/get-kinopoisk-image/1600647/f6b67b9a-6fd8-4205-a201-2d23226bb39b/x1000"}}],"ageRating":6,"logo":{"url":null},"watchability":{"items":null},"top10":null,"top250":null}