{"fees":{"world":{"value":44460850,"currency":"$"},"usa":{"value":36706141,"currency":"$"}},"status":null,"externalId":{"kpHD":"4aa8242ee5d392b28e552ce4d75833e0","imdb":"tt0265632","tmdb":19405},"rating":{"kp":6.153,"imdb":6.5,"filmCritics":5.8,"russianFilmCritics":0,"await":0},"votes":{"kp":382,"imdb":11084,"filmCritics":70,"russianFilmCritics":0,"await":0},"backdrop":{"url":"https://avatars.mds.yandex.net/get-ott/1534341/2a00000177fbd6501253729bb0ae0855a69d/orig","previewUrl":"https://avatars.mds.yandex.net/get-ott/1534341/2a00000177fbd6501253729bb0ae0855a69d/x1000"},"movieLength":82,"productionCompanies":[{"name":"Disney Television Animation","url":"https://www.themoviedb.org/t/p/original/jTPNzDEn7eHmp3nEXEEtkHm6jLg.png","previewUrl":"https://www.themoviedb.org/t/p/w500/jTPNzDEn7eHmp3nEXEEtkHm6jLg.png"}],"id":2352,"type":"cartoon","name":"Каникулы: Прочь из школы","description":"Учебный год был долгим и трудным, и теперь Ти Джей Детвейлер собирается наверстать упущенное - он готов целыми сутками играть со своими друзьями. Однако его планы рушатся. Выясняется, что все его приятели разъехались по летним лагерям отдыха, оставив его в одиночестве проводить лето. Но скука мгновенно улетучивается, когда, проезжая на велосипеде мимо опустевшего школьного двора, Ти Джей видит яркий зеленый свет. Свет исходит от главного здания школы и Ти Джей убежден, что там происходит нечто сверхъестественное...","premiere":{"country":"США","world":"2001-02-10T00:00:00.000Z"},"slogan":"Don't Mess With Recess","year":2001,"budget":{"value":23000000,"currency":"$"},"poster":{"url":"https://st.kp.yandex.net/images/film_big/2352.jpg","previewUrl":"https://st.kp.yandex.net/images/film_iphone/iphone360_2352.jpg"},"facts":[],"genres":[{"name":"мультфильм"},{"name":"комедия"},{"name":"приключения"},{"name":"семейный"}],"countries":[{"name":"США"}],"videos":{"trailers":[{"url":"https://www.youtube.com/watch?v=9XnbPCojy2w","name":"Каникулы: Прочь из школы - Трейлер","site":"YouTube","size":1080,"type":"TRAILER"},{"url":"https://www.youtube.com/embed/9cRn-bV5vdc","name":"Recess: School's Out","site":"youtube","type":"TRAILER"},{"url":"https://www.youtube.com/embed/9XnbPCojy2w","name":"Каникулы: Прочь из школы - Трейлер","site":"youtube","type":"TRAILER"}],"teasers":[]},"seasonsInfo":[],"persons":[{"id":1960178,"photo":"https://st.kp.yandex.net/images/actor_iphone/iphone360_1960178.jpg","name":"Рики Д’Шон Коллинз","enName":"Rickey D'Shon Collins","profession":"актеры","enProfession":"actor"},{"id":33163,"photo":"https://st.kp.yandex.net/images/actor_iphone/iphone360_33163.jpg","name":"Джейсон Дэвис","enName":"Jason Davis","profession":"актеры","enProfession":"actor"},{"id":50753,"photo":"https://st.kp.yandex.net/images/actor_iphone/iphone360_50753.jpg","name":"Эшли Джонсон","enName":"Ashley Johnson","profession":"актеры","enProfession":"actor"},{"id":27679,"photo":"https://st.kp.yandex.net/images/actor_iphone/iphone360_27679.jpg","name":"Эндрю Лоуренс","enName":"Andrew Lawrence","profession":"актеры","enProfession":"actor"},{"id":20131,"photo":"https://st.kp.yandex.net/images/actor_iphone/iphone360_20131.jpg","name":"Кортленд Мид","enName":"Courtland Mead","profession":"актеры","enProfession":"actor"},{"id":50296,"photo":"https://st.kp.yandex.net/images/actor_iphone/iphone360_50296.jpg","name":"Памела Адлон","enName":"Pamela Adlon","profession":"актеры","enProfession":"actor"},{"id":21369,"photo":"https://st.kp.yandex.net/images/actor_iphone/iphone360_21369.jpg","name":"Дэбни Коулмен","enName":"Dabney Coleman","profession":"актеры","enProfession":"actor"},{"id":23967,"photo":"https://st.kp.yandex.net/images/actor_iphone/iphone360_23967.jpg","name":"Робер Гуле","enName":"Robert Goulet","profession":"актеры","enProfession":"actor"},{"id":12873,"photo":"https://st.kp.yandex.net/images/actor_iphone/iphone360_12873.jpg","name":"Мелисса Джоан Харт","enName":"Melissa Joan Hart","profession":"актеры","enProfession":"actor"},{"id":25141,"photo":"https://st.kp.yandex.net/images/actor_iphone/iphone360_25141.jpg","name":"Питер МакНикол","enName":"Peter MacNicol","profession":"актеры","enProfession":"actor"},{"id":50754,"photo":"https://st.kp.yandex.net/images/actor_iphone/iphone360_50754.jpg","name":"Эйприл Уинчелл","enName":"April Winchell","profession":"актеры","enProfession":"actor"},{"id":22953,"photo":"https://st.kp.yandex.net/images/actor_iphone/iphone360_22953.jpg","name":"Джеймс Вудс","enName":"James Woods","profession":"актеры","enProfession":"actor"},{"id":22597,"photo":"https://st.kp.yandex.net/images/actor_iphone/iphone360_22597.jpg","name":"Дидрих Бадер","enName":"Diedrich Bader","profession":"актеры","enProfession":"actor"},{"id":21365,"photo":"https://st.kp.yandex.net/images/actor_iphone/iphone360_21365.jpg","name":"Эллис Бисли","enName":"Allyce Beasley","profession":"актеры","enProfession":"actor"},{"id":15266,"photo":"https://st.kp.yandex.net/images/actor_iphone/iphone360_15266.jpg","name":"Грегг Бергер","enName":"Gregg Berger","profession":"актеры","enProfession":"actor"},{"id":50756,"photo":"https://st.kp.yandex.net/images/actor_iphone/iphone360_50756.jpg","name":"Кли Браггер","enName":"Klee Bragger","profession":"актеры","enProfession":"actor"},{"id":20802,"photo":"https://st.kp.yandex.net/images/actor_iphone/iphone360_20802.jpg","name":"Клэнси Браун","enName":"Clancy Brown","profession":"актеры","enProfession":"actor"},{"id":8812,"photo":"https://st.kp.yandex.net/images/actor_iphone/iphone360_8812.jpg","name":"Дэн Кастелланета","enName":"Dan Castellaneta","profession":"актеры","enProfession":"actor"},{"id":50758,"photo":"https://st.kp.yandex.net/images/actor_iphone/iphone360_50758.jpg","name":"Торан Коделл","enName":"Toran Caudell","profession":"актеры","enProfession":"actor"},{"id":50755,"photo":"https://st.kp.yandex.net/images/actor_iphone/iphone360_50755.jpg","name":"Рэйчел Крэйн","enName":"Rachel Crane","profession":"актеры","enProfession":"actor"},{"id":8828,"photo":"https://st.kp.yandex.net/images/actor_iphone/iphone360_8828.jpg","name":"Элизабет Дэйли","enName":"Elizabeth Daily","profession":"актеры","enProfession":"actor"},{"id":14108,"photo":"https://st.kp.yandex.net/images/actor_iphone/iphone360_14108.jpg","name":"Р. Ли Эрми","enName":"R. Lee Ermey","profession":"актеры","enProfession":"actor"},{"id":50759,"photo":"https://st.kp.yandex.net/images/actor_iphone/iphone360_50759.jpg","name":"Рон Гласс","enName":"Ron Glass","profession":"актеры","enProfession":"actor"},{"id":22661,"photo":"https://st.kp.yandex.net/images/actor_iphone/iphone360_22661.jpg","name":"Тони Джей","enName":"Tony Jay","profession":"актеры","enProfession":"actor"},{"id":26147,"photo":"https://st.kp.yandex.net/images/actor_iphone/iphone360_26147.jpg","name":"Клайд Кусацу","enName":"Clyde Kusatsu","profession":"актеры","enProfession":"actor"},{"id":31413,"photo":"https://st.kp.yandex.net/images/actor_iphone/iphone360_31413.jpg","name":"Чарльз Кимбро","enName":"Charles Kimbrough","profession":"актеры","enProfession":"actor"},{"id":8834,"photo":"https://st.kp.yandex.net/images/actor_iphone/iphone360_8834.jpg","name":"Тресс МакНилл","enName":"Tress MacNeille","profession":"актеры","enProfession":"actor"},{"id":3837,"photo":"https://st.kp.yandex.net/images/actor_iphone/iphone360_3837.jpg","name":"Андреа Мартин","enName":"Andrea Martin","profession":"актеры","enProfession":"actor"},{"id":44512,"photo":"https://st.kp.yandex.net/images/actor_iphone/iphone360_44512.jpg","name":"Энди МакЭфи","enName":"Anndi McAfee","profession":"актеры","enProfession":"actor"},{"id":50761,"photo":"https://st.kp.yandex.net/images/actor_iphone/iphone360_50761.jpg","name":"Марк Роберт Майерс","enName":"Mark Robert Myers","profession":"актеры","enProfession":"actor"},{"id":21452,"photo":"https://st.kp.yandex.net/images/actor_iphone/iphone360_21452.jpg","name":"Райан О’Донохью","enName":"Ryan O'Donohue","profession":"актеры","enProfession":"actor"},{"id":8842,"photo":"https://st.kp.yandex.net/images/actor_iphone/iphone360_8842.jpg","name":"Филип Проктор","enName":"Phil Proctor","profession":"актеры","enProfession":"actor"},{"id":11962,"photo":"https://st.kp.yandex.net/images/actor_iphone/iphone360_11962.jpg","name":"Патрик Ренна","enName":"Patrick Renna","profession":"актеры","enProfession":"actor"},{"id":8844,"photo":"https://st.kp.yandex.net/images/actor_iphone/iphone360_8844.jpg","name":"Кевин Майкл Ричардсон","enName":"Kevin Michael Richardson","profession":"актеры","enProfession":"actor"},{"id":8835,"photo":"https://st.kp.yandex.net/images/actor_iphone/iphone360_8835.jpg","name":"Джек Райли","enName":"Jack Riley","profession":"актеры","enProfession":"actor"},{"id":44509,"photo":"https://st.kp.yandex.net/images/actor_iphone/iphone360_44509.jpg","name":"Джастин Шенкароу","enName":"Justin Shenkarow","profession":"актеры","enProfession":"actor"},{"id":50757,"photo":"https://st.kp.yandex.net/images/actor_iphone/iphone360_50757.jpg","name":"Майкл Шульман","enName":"Michael Shulman","profession":"актеры","enProfession":"actor"},{"id":44504,"photo":"https://st.kp.yandex.net/images/actor_iphone/iphone360_44504.jpg","name":"Франческа Смит","enName":"Francesca Marie Smith","profession":"актеры","enProfession":"actor"},{"id":8831,"photo":"https://st.kp.yandex.net/images/actor_iphone/iphone360_8831.jpg","name":"Кэт Суси","enName":"Kath Soucie","profession":"актеры","enProfession":"actor"},{"id":5209,"photo":"https://st.kp.yandex.net/images/actor_iphone/iphone360_5209.jpg","name":"Роберт Стэк","enName":"Robert Stack","profession":"актеры","enProfession":"actor"},{"id":50762,"photo":"https://st.kp.yandex.net/images/actor_iphone/iphone360_50762.jpg","name":"Кен Своффорд","enName":"Ken Swofford","profession":"актеры","enProfession":"actor"},{"id":50760,"photo":"https://st.kp.yandex.net/images/actor_iphone/iphone360_50760.jpg","name":"Николас Туртурро","enName":"Nicholas Turturro","profession":"актеры","enProfession":"actor"},{"id":21221,"photo":"https://st.kp.yandex.net/images/actor_iphone/iphone360_21221.jpg","name":"Эрик фон Деттен","enName":"Erik von Detten","profession":"актеры","enProfession":"actor"},{"id":22598,"photo":"https://st.kp.yandex.net/images/actor_iphone/iphone360_22598.jpg","name":"Пол Вилсон","enName":"Paul Willson","profession":"актеры","enProfession":"actor"},{"id":50763,"photo":"https://st.kp.yandex.net/images/actor_iphone/iphone360_50763.jpg","name":"Кэти Сагал","enName":"Katey Sagal","profession":"актеры","enProfession":"actor"},{"id":613300,"photo":"https://st.kp.yandex.net/images/actor_iphone/iphone360_613300.jpg","name":"Дэнис М. Хэннигэн","enName":"Denis M. Hannigan","profession":"композиторы","enProfession":"composer"},{"id":2018057,"photo":"https://st.kp.yandex.net/images/actor_iphone/iphone360_2018057.jpg","name":"Эрик Кийес","enName":"Eric S. Keyes","profession":"художники","enProfession":"designer"},{"id":50748,"photo":"https://st.kp.yandex.net/images/actor_iphone/iphone360_50748.jpg","name":"Чак Шитз","enName":"Chuck Sheetz","profession":"режиссеры","enProfession":"director"},{"id":2018056,"photo":"https://st.kp.yandex.net/images/actor_iphone/iphone360_2018056.jpg","name":"Тони Мисгальски","enName":"Tony Mizgalski","profession":"монтажеры","enProfession":"editor"},{"id":47779,"photo":"https://st.kp.yandex.net/images/actor_iphone/iphone360_47779.jpg","name":"Тосио Судзуки","enName":"Toshio Suzuki","profession":"продюсеры","enProfession":"producer"},{"id":50764,"photo":"https://st.kp.yandex.net/images/actor_iphone/iphone360_50764.jpg","name":"Стивен Своффорд","enName":"Stephen Swofford","profession":"продюсеры","enProfession":"producer"},{"id":50750,"photo":"https://st.kp.yandex.net/images/actor_iphone/iphone360_50750.jpg","name":"Джо Ансолабехере","enName":"Joe Ansolabehere","profession":"продюсеры","enProfession":"producer"},{"id":50749,"photo":"https://st.kp.yandex.net/images/actor_iphone/iphone360_50749.jpg","name":"Пол Джермейн","enName":"Paul Germain","profession":"продюсеры","enProfession":"producer"},{"id":1653657,"photo":"https://st.kp.yandex.net/images/actor_iphone/iphone360_1653657.jpg","name":"Прохор Чеховской","enName":null,"profession":"актеры дубляжа","enProfession":"voice_actor"},{"id":3920022,"photo":"https://st.kp.yandex.net/images/actor_iphone/iphone360_3920022.jpg","name":"Владимир Войтюк","enName":null,"profession":"актеры дубляжа","enProfession":"voice_actor"},{"id":2531039,"photo":"https://st.kp.yandex.net/images/actor_iphone/iphone360_2531039.jpg","name":"Анна Драгилева","enName":null,"profession":"актеры дубляжа","enProfession":"voice_actor"},{"id":1823007,"photo":"https://st.kp.yandex.net/images/actor_iphone/iphone360_1823007.jpg","name":"Иван Непомнящий","enName":null,"profession":"актеры дубляжа","enProfession":"voice_actor"},{"id":2379714,"photo":"https://st.kp.yandex.net/images/actor_iphone/iphone360_2379714.jpg","name":"Еремей Черевко","enName":null,"profession":"актеры дубляжа","enProfession":"voice_actor"},{"id":1643982,"photo":"https://st.kp.yandex.net/images/actor_iphone/iphone360_1643982.jpg","name":"Лина Иванова","enName":null,"profession":"актеры дубляжа","enProfession":"voice_actor"},{"id":266167,"photo":"https://st.kp.yandex.net/images/actor_iphone/iphone360_266167.jpg","name":"Алексей Войтюк","enName":null,"profession":"актеры дубляжа","enProfession":"voice_actor"},{"id":1861716,"photo":"https://st.kp.yandex.net/images/actor_iphone/iphone360_1861716.jpg","name":"Юлия Яблонская","enName":null,"profession":"актеры дубляжа","enProfession":"voice_actor"},{"id":273180,"photo":"https://st.kp.yandex.net/images/actor_iphone/iphone360_273180.jpg","name":"Никита Прозоровский","enName":null,"profession":"актеры дубляжа","enProfession":"voice_actor"},{"id":1608429,"photo":"https://st.kp.yandex.net/images/actor_iphone/iphone360_1608429.jpg","name":"Александр Носков","enName":null,"profession":"актеры дубляжа","enProfession":"voice_actor"},{"id":2741276,"photo":"https://st.kp.yandex.net/images/actor_iphone/iphone360_2741276.jpg","name":"Антон Савенков","enName":null,"profession":"актеры дубляжа","enProfession":"voice_actor"},{"id":290512,"photo":"https://st.kp.yandex.net/images/actor_iphone/iphone360_290512.jpg","name":"Ольга Сирина","enName":null,"profession":"актеры дубляжа","enProfession":"voice_actor"},{"id":1459799,"photo":"https://st.kp.yandex.net/images/actor_iphone/iphone360_1459799.jpg","name":"Станислав Стрелков","enName":null,"profession":"актеры дубляжа","enProfession":"voice_actor"},{"id":1672422,"photo":"https://st.kp.yandex.net/images/actor_iphone/iphone360_1672422.jpg","name":"Татьяна Весёлкина","enName":null,"profession":"актеры дубляжа","enProfession":"voice_actor"},{"id":50749,"photo":"https://st.kp.yandex.net/images/actor_iphone/iphone360_50749.jpg","name":"Пол Джермейн","enName":"Paul Germain","profession":"редакторы","enProfession":"writer"},{"id":50750,"photo":"https://st.kp.yandex.net/images/actor_iphone/iphone360_50750.jpg","name":"Джо Ансолабехере","enName":"Joe Ansolabehere","profession":"редакторы","enProfession":"writer"},{"id":50751,"photo":"https://st.kp.yandex.net/images/actor_iphone/iphone360_50751.jpg","name":"Джонатан Гринберг","enName":"Jonathan Greenberg","profession":"редакторы","enProfession":"writer"}],"typeNumber":3,"alternativeName":"Recess: School's Out","enName":null,"names":[{"name":"Каникулы: Прочь из школы"},{"name":"Recess: School's Out"},{"name":"La cour de récré : Vive les vacances","language":"FR","type":null},{"name":"Recess - School's Out","language":"US","type":null},{"name":"La banda del patio","language":"ES","type":null},{"name":"Rasten - Uppdrag rädda sommarlovet","language":"SE","type":null},{"name":"Frikvarter Kampen Om Sommerferien","language":"DK","type":null},{"name":"Llego el Recreo","language":"CL","type":"Latinoamerica"},{"name":"Το Διάλειμμα: Διακοπές για Πάντα","language":"GR","type":null}],"similarMovies":[],"sequelsAndPrequels":[{"id":85209,"name":"Переменка","enName":null,"alternativeName":"Recess","type":"animated-series","poster":{"url":"https://avatars.mds.yandex.net/get-kinopoisk-image/1704946/6e62ae55-a7e0-4add-b816-1424aad64d80/orig","previewUrl":"https://avatars.mds.yandex.net/get-kinopoisk-image/1704946/6e62ae55-a7e0-4add-b816-1424aad64d80/x1000"}},{"id":229169,"name":"Рождественская переменка: Чудо на Третьей улице","enName":null,"alternativeName":"Recess Christmas: Miracle on Third Street","type":"cartoon","poster":{"url":"https://avatars.mds.yandex.net/get-kinopoisk-image/1629390/cb4d03b4-3674-4ce4-96ae-ea8a3f39c507/orig","previewUrl":"https://avatars.mds.yandex.net/get-kinopoisk-image/1629390/cb4d03b4-3674-4ce4-96ae-ea8a3f39c507/x1000"}},{"id":258299,"name":"Каникулы: Закончился пятый класс","enName":null,"alternativeName":"Recess: Taking the Fifth Grade","type":"cartoon","poster":{"url":"https://avatars.mds.yandex.net/get-kinopoisk-image/1599028/e6db139a-3daf-4eb3-bc26-ca2e19012b33/orig","previewUrl":"https://avatars.mds.yandex.net/get-kinopoisk-image/1599028/e6db139a-3daf-4eb3-bc26-ca2e19012b33/x1000"}},{"id":258300,"name":"Каникулы: Все выросли","enName":null,"alternativeName":"Recess: All Growed Down","type":"cartoon","poster":{"url":"https://avatars.mds.yandex.net/get-kinopoisk-image/1946459/e76e0efe-e574-4c92-84b3-3b7ad1529133/orig","previewUrl":"https://avatars.mds.yandex.net/get-kinopoisk-image/1946459/e76e0efe-e574-4c92-84b3-3b7ad1529133/x1000"}}],"ratingMpaa":"g","shortDescription":"Ти Джей возвращается в школу, чтобы спасти каникулы. Анимация с героями сериала «Переменка» и приятным юмором","ageRating":6,"logo":{"url":"https://avatars.mds.yandex.net/get-ott/1648503/2a00000177fcd8a13ccc199dfe60000cbfd3/orig"},"watchability":{"items":null},"top10":null,"top250":null}