{"fees":{"world":{"value":103291131,"currency":"$"},"usa":{"value":76507756,"currency":"$"}},"status":null,"externalId":{"kpHD":null,"imdb":"tt0213203","tmdb":16340},"rating":{"kp":5.909,"imdb":6.1,"filmCritics":6.3,"russianFilmCritics":0,"await":0},"votes":{"kp":924,"imdb":13037,"filmCritics":75,"russianFilmCritics":0,"await":0},"backdrop":{"url":null,"previewUrl":null},"movieLength":78,"productionCompanies":[{"name":"Paramount","url":"https://www.themoviedb.org/t/p/original/fycMZt242LVjagMByZOLUGbCvv3.png","previewUrl":"https://www.themoviedb.org/t/p/w500/fycMZt242LVjagMByZOLUGbCvv3.png"},{"name":"Nickelodeon Movies","url":"https://www.themoviedb.org/t/p/original/m31fQvZJuUvAgxoqTiCGYFBfZYe.png","previewUrl":"https://www.themoviedb.org/t/p/w500/m31fQvZJuUvAgxoqTiCGYFBfZYe.png"},{"name":"Klasky-Csupo","url":null,"previewUrl":null}],"id":2353,"type":"cartoon","name":"Карапузы в Париже","description":"Приключения продолжаются! Наши любимые карапузы решили взять приступом город Париж! Берегись Франция: самые отчаянные малыши на свете решили осчастливить тебя своим внезапным визитом. Земля древних галлов доживает свои последние спокойные часы перед тем, как на нее ступит нога карапуза...","premiere":{"country":"США","world":"2000-11-05T00:00:00.000Z","russia":"2001-12-11T00:00:00.000Z"},"slogan":"France never had a chance!","year":2000,"budget":{"value":30000000,"currency":"$"},"poster":{"url":"https://st.kp.yandex.net/images/film_big/2353.jpg","previewUrl":"https://st.kp.yandex.net/images/film_iphone/iphone360_2353.jpg"},"facts":[],"genres":[{"name":"мультфильм"},{"name":"мелодрама"},{"name":"комедия"},{"name":"приключения"},{"name":"семейный"}],"countries":[{"name":"Германия"},{"name":"США"}],"videos":{"trailers":[{"url":"http://a772.g.akamai.net/5/772/51/19970257bb51c3/1a1a1aaa2198c627970773d80669d84574a8d80d3cb12453c02589f25382f668c9329e0375e81787e85abb28970c7aee1d8f046bdd3eb22584ed5bba2a8bfd66d9/rugrats_144a.mov","name":"Трейлер","site":"unknown"},{"url":"https://www.youtube.com/embed/F8riqB7r5EQ","name":"Rugrats In Paris trailer","site":"youtube","type":"TRAILER"}],"teasers":[]},"seasonsInfo":[],"persons":[{"id":8828,"photo":"https://st.kp.yandex.net/images/actor_iphone/iphone360_8828.jpg","name":"Элизабет Дэйли","enName":"Elizabeth Daily","profession":"актеры","enProfession":"actor"},{"id":8830,"photo":"https://st.kp.yandex.net/images/actor_iphone/iphone360_8830.jpg","name":"Тара Стронг","enName":"Tara Strong","profession":"актеры","enProfession":"actor"},{"id":8829,"photo":"https://st.kp.yandex.net/images/actor_iphone/iphone360_8829.jpg","name":"Шерил Чейз","enName":"Cheryl Chase","profession":"актеры","enProfession":"actor"},{"id":8827,"photo":"https://st.kp.yandex.net/images/actor_iphone/iphone360_8827.jpg","name":"Кристин Кавана","enName":"Christine Cavanaugh","profession":"актеры","enProfession":"actor"},{"id":193,"photo":"https://st.kp.yandex.net/images/actor_iphone/iphone360_193.jpg","name":"Кри Саммер","enName":"Cree Summer","profession":"актеры","enProfession":"actor"},{"id":8831,"photo":"https://st.kp.yandex.net/images/actor_iphone/iphone360_8831.jpg","name":"Кэт Суси","enName":"Kath Soucie","profession":"актеры","enProfession":"actor"},{"id":8833,"photo":"https://st.kp.yandex.net/images/actor_iphone/iphone360_8833.jpg","name":"Майкл Белл","enName":"Michael Bell","profession":"актеры","enProfession":"actor"},{"id":8834,"photo":"https://st.kp.yandex.net/images/actor_iphone/iphone360_8834.jpg","name":"Тресс МакНилл","enName":"Tress MacNeille","profession":"актеры","enProfession":"actor"},{"id":8839,"photo":"https://st.kp.yandex.net/images/actor_iphone/iphone360_8839.jpg","name":"Кэйси Касем","enName":"Casey Kasem","profession":"актеры","enProfession":"actor"},{"id":8832,"photo":"https://st.kp.yandex.net/images/actor_iphone/iphone360_8832.jpg","name":"Джо Аляски","enName":"Joe Alaskey","profession":"актеры","enProfession":"actor"},{"id":3129,"photo":"https://st.kp.yandex.net/images/actor_iphone/iphone360_3129.jpg","name":"Дебби Рейнолдс","enName":"Debbie Reynolds","profession":"актеры","enProfession":"actor"},{"id":8835,"photo":"https://st.kp.yandex.net/images/actor_iphone/iphone360_8835.jpg","name":"Джек Райли","enName":"Jack Riley","profession":"актеры","enProfession":"actor"},{"id":8836,"photo":"https://st.kp.yandex.net/images/actor_iphone/iphone360_8836.jpg","name":"Сьюзен Сарандон","enName":"Susan Sarandon","profession":"актеры","enProfession":"actor"},{"id":8837,"photo":"https://st.kp.yandex.net/images/actor_iphone/iphone360_8837.jpg","name":"Джон Литгоу","enName":"John Lithgow","profession":"актеры","enProfession":"actor"},{"id":8855,"photo":"https://st.kp.yandex.net/images/actor_iphone/iphone360_8855.jpg","name":"Марлен Мицуко Яманэ","enName":"Marlene Mitsuko Yamane","profession":"актеры","enProfession":"actor"},{"id":8856,"photo":"https://st.kp.yandex.net/images/actor_iphone/iphone360_8856.jpg","name":null,"enName":"Darrell Kunitomi","profession":"актеры","enProfession":"actor"},{"id":376692,"photo":"https://st.kp.yandex.net/images/actor_iphone/iphone360_376692.jpg","name":"Го Мисава","enName":"Goh Misawa","profession":"актеры","enProfession":"actor"},{"id":8840,"photo":"https://st.kp.yandex.net/images/actor_iphone/iphone360_8840.jpg","name":"Джулия Като","enName":"Julia Kato","profession":"актеры","enProfession":"actor"},{"id":8838,"photo":"https://st.kp.yandex.net/images/actor_iphone/iphone360_8838.jpg","name":"Мелани Чартофф","enName":"Melanie Chartoff","profession":"актеры","enProfession":"actor"},{"id":8847,"photo":"https://st.kp.yandex.net/images/actor_iphone/iphone360_8847.jpg","name":"Маргарет Смит","enName":"Margaret Smith","profession":"актеры","enProfession":"actor"},{"id":8848,"photo":"https://st.kp.yandex.net/images/actor_iphone/iphone360_8848.jpg","name":"Филлип Саймон","enName":"Phillipe Simon","profession":"актеры","enProfession":"actor"},{"id":8842,"photo":"https://st.kp.yandex.net/images/actor_iphone/iphone360_8842.jpg","name":"Филип Проктор","enName":"Phil Proctor","profession":"актеры","enProfession":"actor"},{"id":8820,"photo":"https://st.kp.yandex.net/images/actor_iphone/iphone360_8820.jpg","name":"Пол Димайер","enName":"Paul Demeyer","profession":"актеры","enProfession":"actor"},{"id":8843,"photo":"https://st.kp.yandex.net/images/actor_iphone/iphone360_8843.jpg","name":"Мако","enName":"Mako","profession":"актеры","enProfession":"actor"},{"id":2414,"photo":"https://st.kp.yandex.net/images/actor_iphone/iphone360_2414.jpg","name":"Тим Карри","enName":"Tim Curry","profession":"актеры","enProfession":"actor"},{"id":8844,"photo":"https://st.kp.yandex.net/images/actor_iphone/iphone360_8844.jpg","name":"Кевин Майкл Ричардсон","enName":"Kevin Michael Richardson","profession":"актеры","enProfession":"actor"},{"id":8845,"photo":"https://st.kp.yandex.net/images/actor_iphone/iphone360_8845.jpg","name":"Билли Уэст","enName":"Billy West","profession":"актеры","enProfession":"actor"},{"id":8841,"photo":"https://st.kp.yandex.net/images/actor_iphone/iphone360_8841.jpg","name":"Дайонн Квон","enName":"Dionne Quan","profession":"актеры","enProfession":"actor"},{"id":8846,"photo":"https://st.kp.yandex.net/images/actor_iphone/iphone360_8846.jpg","name":"Ричард Мишель","enName":"Richard Michel","profession":"актеры","enProfession":"actor"},{"id":8849,"photo":"https://st.kp.yandex.net/images/actor_iphone/iphone360_8849.jpg","name":"Филип Бенишу","enName":"Philip Benichou","profession":"актеры","enProfession":"actor"},{"id":2386012,"photo":"https://st.kp.yandex.net/images/actor_iphone/iphone360_2386012.jpg","name":"Браден Райт","enName":"Braden Wright","profession":"актеры","enProfession":"actor"},{"id":8851,"photo":"https://st.kp.yandex.net/images/actor_iphone/iphone360_8851.jpg","name":null,"enName":"Lisa McClowry","profession":"актеры","enProfession":"actor"},{"id":8852,"photo":"https://st.kp.yandex.net/images/actor_iphone/iphone360_8852.jpg","name":"Чарльз Фэзи","enName":"Charles Fathy","profession":"актеры","enProfession":"actor"},{"id":8812,"photo":"https://st.kp.yandex.net/images/actor_iphone/iphone360_8812.jpg","name":"Дэн Кастелланета","enName":"Dan Castellaneta","profession":"актеры","enProfession":"actor"},{"id":8858,"photo":"https://st.kp.yandex.net/images/actor_iphone/iphone360_8858.jpg","name":null,"enName":"Hannah Makragelidis","profession":"актеры","enProfession":"actor"},{"id":8853,"photo":"https://st.kp.yandex.net/images/actor_iphone/iphone360_8853.jpg","name":"Чарльз Адлер","enName":"Charlie Adler","profession":"актеры","enProfession":"actor"},{"id":8859,"photo":"https://st.kp.yandex.net/images/actor_iphone/iphone360_8859.jpg","name":"Шеннон Стефенс","enName":"Shannon Stephens","profession":"актеры","enProfession":"actor"},{"id":8854,"photo":"https://st.kp.yandex.net/images/actor_iphone/iphone360_8854.jpg","name":"Роджер Роуз","enName":"Roger Rose","profession":"актеры","enProfession":"actor"},{"id":8860,"photo":"https://st.kp.yandex.net/images/actor_iphone/iphone360_8860.jpg","name":"Бен Сандерлэнд","enName":"Ben Sunderland","profession":"актеры","enProfession":"actor"},{"id":86780,"photo":"https://st.kp.yandex.net/images/actor_iphone/iphone360_86780.jpg","name":"Кэн Эномото","enName":"Ken Enomoto","profession":"актеры","enProfession":"actor"},{"id":72651,"photo":"https://st.kp.yandex.net/images/actor_iphone/iphone360_72651.jpg","name":"Франсуаза Робертсон","enName":"Françoise Robertson","profession":"актеры","enProfession":"actor"},{"id":1140819,"photo":"https://st.kp.yandex.net/images/actor_iphone/iphone360_1140819.jpg","name":"Бруно Стефан","enName":"Bruno Stephane","profession":"актеры","enProfession":"actor"},{"id":105975,"photo":"https://st.kp.yandex.net/images/actor_iphone/iphone360_105975.jpg","name":"Тохору Масамуне","enName":"Tohoru Masamune","profession":"актеры","enProfession":"actor"},{"id":8861,"photo":"https://st.kp.yandex.net/images/actor_iphone/iphone360_8861.jpg","name":"Патриция Аямэ Томсон","enName":"Patricia Ayame Thomson","profession":"актеры","enProfession":"actor"},{"id":27000,"photo":"https://st.kp.yandex.net/images/actor_iphone/iphone360_27000.jpg","name":"Марк Мазерсбо","enName":"Mark Mothersbaugh","profession":"композиторы","enProfession":"composer"},{"id":2010444,"photo":"https://st.kp.yandex.net/images/actor_iphone/iphone360_2010444.jpg","name":"Дима Маланичев","enName":"Dima Malanitchev","profession":"художники","enProfession":"designer"},{"id":2028129,"photo":"https://st.kp.yandex.net/images/actor_iphone/iphone360_2028129.jpg","name":"Гена Корнишев","enName":"Gena Kornyshev","profession":"художники","enProfession":"designer"},{"id":8819,"photo":"https://st.kp.yandex.net/images/actor_iphone/iphone360_8819.jpg","name":"Стиг Бергквист","enName":"Stig Bergqvist","profession":"режиссеры","enProfession":"director"},{"id":8820,"photo":"https://st.kp.yandex.net/images/actor_iphone/iphone360_8820.jpg","name":"Пол Димайер","enName":"Paul Demeyer","profession":"режиссеры","enProfession":"director"},{"id":2003236,"photo":"https://st.kp.yandex.net/images/actor_iphone/iphone360_2003236.jpg","name":"Джон Брайант","enName":"John Bryant","profession":"монтажеры","enProfession":"editor"},{"id":8863,"photo":"https://st.kp.yandex.net/images/actor_iphone/iphone360_8863.jpg","name":"Габор Чупо","enName":"Gabor Csupo","profession":"продюсеры","enProfession":"producer"},{"id":8865,"photo":"https://st.kp.yandex.net/images/actor_iphone/iphone360_8865.jpg","name":"Арлин Класки","enName":"Arlene Klasky","profession":"продюсеры","enProfession":"producer"},{"id":8862,"photo":"https://st.kp.yandex.net/images/actor_iphone/iphone360_8862.jpg","name":"Эрик Каземиро","enName":"Eryk Casemiro","profession":"продюсеры","enProfession":"producer"},{"id":8864,"photo":"https://st.kp.yandex.net/images/actor_iphone/iphone360_8864.jpg","name":"Элби Хехт","enName":"Albie Hecht","profession":"продюсеры","enProfession":"producer"},{"id":1672422,"photo":"https://st.kp.yandex.net/images/actor_iphone/iphone360_1672422.jpg","name":"Татьяна Весёлкина","enName":null,"profession":"актеры дубляжа","enProfession":"voice_actor"},{"id":1649301,"photo":"https://st.kp.yandex.net/images/actor_iphone/iphone360_1649301.jpg","name":"Ольга Голованова","enName":null,"profession":"актеры дубляжа","enProfession":"voice_actor"},{"id":273180,"photo":"https://st.kp.yandex.net/images/actor_iphone/iphone360_273180.jpg","name":"Никита Прозоровский","enName":null,"profession":"актеры дубляжа","enProfession":"voice_actor"},{"id":8822,"photo":"https://st.kp.yandex.net/images/actor_iphone/iphone360_8822.jpg","name":"Дж. Дэвид Стем","enName":"J. David Stem","profession":"редакторы","enProfession":"writer"},{"id":8821,"photo":"https://st.kp.yandex.net/images/actor_iphone/iphone360_8821.jpg","name":"Дэвид Н. Уайсс","enName":"David N. Weiss","profession":"редакторы","enProfession":"writer"},{"id":8823,"photo":"https://st.kp.yandex.net/images/actor_iphone/iphone360_8823.jpg","name":"Джилл Гори","enName":"Jill Gorey","profession":"редакторы","enProfession":"writer"},{"id":8824,"photo":"https://st.kp.yandex.net/images/actor_iphone/iphone360_8824.jpg","name":"Барбара Херндон","enName":"Barbara Herndon","profession":"редакторы","enProfession":"writer"}],"typeNumber":3,"alternativeName":"Rugrats in Paris: The Movie - Rugrats II","enName":null,"names":[{"name":"Карапузы в Париже"},{"name":"Rugrats in Paris: The Movie - Rugrats II"},{"name":"Les Razmoket à Paris, le film","language":"FR","type":null},{"name":"Rugrats en Paris","language":"ES","type":null},{"name":"Rugrats en París: la película","language":"ES","type":null},{"name":"Ох, уж эти детки 2","language":"RU","type":null},{"name":"Rugrats i Paris","language":"NO","type":null},{"name":"Ratjetoe in Parijs - De Film","language":"NL","type":null},{"name":"Rugrats 2","language":"US","type":"Series Title"},{"name":"야러그래츠 : 파리 대모험","language":"KR","type":null}],"ageRating":0,"ratingMpaa":"g","shortDescription":null,"similarMovies":[],"sequelsAndPrequels":[{"id":214312,"name":"Ох, уж эти детки!","enName":null,"alternativeName":"Rugrats","type":"animated-series","poster":{"url":"https://avatars.mds.yandex.net/get-kinopoisk-image/1599028/4785dbcf-e3c1-4398-8564-214f1a3771cb/orig","previewUrl":"https://avatars.mds.yandex.net/get-kinopoisk-image/1599028/4785dbcf-e3c1-4398-8564-214f1a3771cb/x1000"}},{"id":2355,"name":"Карапузы","enName":null,"alternativeName":"The Rugrats Movie","type":"cartoon","poster":{"url":"https://avatars.mds.yandex.net/get-kinopoisk-image/1900788/511e4ba2-cad0-4cf2-b10a-8efd97547199/orig","previewUrl":"https://avatars.mds.yandex.net/get-kinopoisk-image/1900788/511e4ba2-cad0-4cf2-b10a-8efd97547199/x1000"}},{"id":230636,"name":"Ох уж эти детки!: Детки подросли","enName":null,"alternativeName":"The Rugrats: All Growed Up","type":"cartoon","poster":{"url":"https://avatars.mds.yandex.net/get-kinopoisk-image/1600647/a5cd5ec8-95d1-4ca7-996c-332b02eb420a/orig","previewUrl":"https://avatars.mds.yandex.net/get-kinopoisk-image/1600647/a5cd5ec8-95d1-4ca7-996c-332b02eb420a/x1000"}},{"id":230637,"name":null,"enName":null,"alternativeName":"Rugrats: Still Babies After All These Years","type":"movie","poster":{"url":"https://avatars.mds.yandex.net/get-kinopoisk-image/1599028/e07f8f0c-e8b2-4816-9361-e470437e2b43/orig","previewUrl":"https://avatars.mds.yandex.net/get-kinopoisk-image/1599028/e07f8f0c-e8b2-4816-9361-e470437e2b43/x1000"}},{"id":230675,"name":"Детки подросли","enName":null,"alternativeName":"All Grown Up!","type":"animated-series","poster":{"url":"https://avatars.mds.yandex.net/get-kinopoisk-image/1600647/f6b67b9a-6fd8-4205-a201-2d23226bb39b/orig","previewUrl":"https://avatars.mds.yandex.net/get-kinopoisk-image/1600647/f6b67b9a-6fd8-4205-a201-2d23226bb39b/x1000"}},{"id":2350,"name":"Карапузы встречаются с Торнберри","enName":null,"alternativeName":"Rugrats Go Wild","type":"cartoon","poster":{"url":"https://avatars.mds.yandex.net/get-kinopoisk-image/1773646/56cca215-f15a-4e4e-baff-07129125023a/orig","previewUrl":"https://avatars.mds.yandex.net/get-kinopoisk-image/1773646/56cca215-f15a-4e4e-baff-07129125023a/x1000"}}],"logo":{"url":null},"watchability":{"items":null},"top10":null,"top250":null}