{"videos":{"trailers":[],"teasers":[]},"status":null,"externalId":{"kpHD":null,"imdb":"tt0258100","tmdb":14923},"rating":{"kp":5.542,"imdb":6.2,"filmCritics":6.4,"russianFilmCritics":0,"await":0},"votes":{"kp":295,"imdb":5878,"filmCritics":7,"russianFilmCritics":0,"await":0},"backdrop":{"url":null,"previewUrl":null},"movieLength":86,"productionCompanies":[{"name":"HBO","url":"https://www.themoviedb.org/t/p/original/tuomPhY2UtuPTqqFnKMVHvSb724.png","previewUrl":"https://www.themoviedb.org/t/p/w500/tuomPhY2UtuPTqqFnKMVHvSb724.png"},{"name":"Burg/Koules Productions","url":null,"previewUrl":null},{"name":"Dakota North Entertainment","url":null,"previewUrl":null},{"name":"Dakota Pictures","url":"https://www.themoviedb.org/t/p/original/3WxMsoZ8XiyxzjJsbvlX139yk1o.png","previewUrl":"https://www.themoviedb.org/t/p/w500/3WxMsoZ8XiyxzjJsbvlX139yk1o.png"}],"id":2401,"type":"movie","name":"Беги, Ронни, беги","description":"Ронни Доббс - волосатый, вечно пьяный шалопай, который, кажется, не может отказать себе в «удовольствии» быть арестованным. Увидевшего его однажды в каком-то реалити-шоу голливудского продюссера Терри Твилштейна  осенила блестящая мысль - создать шоу, основанное на Ронни, таком как он есть.\n\nВнезапно Ронни становится национальной звездой ТВ и голливудской знаменитостью. Но не за горами тот день, когда жизнь в чистоте и вращение в «высшем свете» сделают его другим - более спокойным, более культурным. Что тогда? Конец карьеры? Или начало новой?","premiere":{"country":"США","world":"2003-09-16T00:00:00.000Z"},"slogan":"From Doin' Time to Prime Time","year":2002,"poster":{"url":"https://st.kp.yandex.net/images/film_big/2401.jpg","previewUrl":"https://st.kp.yandex.net/images/film_iphone/iphone360_2401.jpg"},"facts":[],"genres":[{"name":"комедия"}],"countries":[{"name":"США"}],"seasonsInfo":[],"persons":[{"id":42520,"photo":"https://st.kp.yandex.net/images/actor_iphone/iphone360_42520.jpg","name":"Брюс Тейлор","enName":"Bruce Taylor","profession":"актеры","enProfession":"actor"},{"id":2786,"photo":"https://st.kp.yandex.net/images/actor_iphone/iphone360_2786.jpg","name":"Дэвид Кросс","enName":"David Cross","profession":"актеры","enProfession":"actor"},{"id":8409,"photo":"https://st.kp.yandex.net/images/actor_iphone/iphone360_8409.jpg","name":"Леон Ламар","enName":"Leon Lamar","profession":"актеры","enProfession":"actor"},{"id":42515,"photo":"https://st.kp.yandex.net/images/actor_iphone/iphone360_42515.jpg","name":"Индия Коспер","enName":"India Cosper","profession":"актеры","enProfession":"actor"},{"id":737102,"photo":"https://st.kp.yandex.net/images/actor_iphone/iphone360_737102.jpg","name":"Блэйз Уолкер","enName":"Blaze Walker","profession":"актеры","enProfession":"actor"},{"id":737103,"photo":"https://st.kp.yandex.net/images/actor_iphone/iphone360_737103.jpg","name":"Сторм Уолкер","enName":"Storm Walker","profession":"актеры","enProfession":"actor"},{"id":30178,"photo":"https://st.kp.yandex.net/images/actor_iphone/iphone360_30178.jpg","name":"Джилл Тэлли","enName":"Jill Talley","profession":"актеры","enProfession":"actor"},{"id":66905,"photo":"https://st.kp.yandex.net/images/actor_iphone/iphone360_66905.jpg","name":"Пол Карден","enName":"Paul Carden","profession":"актеры","enProfession":"actor"},{"id":42514,"photo":"https://st.kp.yandex.net/images/actor_iphone/iphone360_42514.jpg","name":"Бекки Тая","enName":"Becky Thyre","profession":"актеры","enProfession":"actor"},{"id":15161,"photo":"https://st.kp.yandex.net/images/actor_iphone/iphone360_15161.jpg","name":"Сули МакКалло","enName":"Suli McCullough","profession":"актеры","enProfession":"actor"},{"id":2789,"photo":"https://st.kp.yandex.net/images/actor_iphone/iphone360_2789.jpg","name":"Дэвид Кокнер","enName":"David Koechner","profession":"актеры","enProfession":"actor"},{"id":737104,"photo":"https://st.kp.yandex.net/images/actor_iphone/iphone360_737104.jpg","name":null,"enName":"Saucy","profession":"актеры","enProfession":"actor"},{"id":42513,"photo":"https://st.kp.yandex.net/images/actor_iphone/iphone360_42513.jpg","name":"Э.Дж. Де ла Пена","enName":"E.J. De La Pena","profession":"актеры","enProfession":"actor"},{"id":737105,"photo":"https://st.kp.yandex.net/images/actor_iphone/iphone360_737105.jpg","name":"Джонатан Пеллетье","enName":"Jonathon Pelletier","profession":"актеры","enProfession":"actor"},{"id":66568,"photo":"https://st.kp.yandex.net/images/actor_iphone/iphone360_66568.jpg","name":"Кимберли Шварц","enName":"Kimberly Schwartz","profession":"актеры","enProfession":"actor"},{"id":737106,"photo":"https://st.kp.yandex.net/images/actor_iphone/iphone360_737106.jpg","name":"Мэттью Дрэйпер","enName":"Matthew Draper","profession":"актеры","enProfession":"actor"},{"id":42525,"photo":"https://st.kp.yandex.net/images/actor_iphone/iphone360_42525.jpg","name":"Эмбер Уоллес","enName":"Amber Brooke","profession":"актеры","enProfession":"actor"},{"id":266,"photo":"https://st.kp.yandex.net/images/actor_iphone/iphone360_266.jpg","name":"М. К. Гейни","enName":"M.C. Gainey","profession":"актеры","enProfession":"actor"},{"id":10801,"photo":"https://st.kp.yandex.net/images/actor_iphone/iphone360_10801.jpg","name":"Фрэнк Хойт Тейлор","enName":"Frank Hoyt Taylor","profession":"актеры","enProfession":"actor"},{"id":9726,"photo":"https://st.kp.yandex.net/images/actor_iphone/iphone360_9726.jpg","name":"Билл Роуэлл","enName":"Bill Rowell","profession":"актеры","enProfession":"actor"},{"id":737107,"photo":"https://st.kp.yandex.net/images/actor_iphone/iphone360_737107.jpg","name":null,"enName":"Pearlyne Irving","profession":"актеры","enProfession":"actor"},{"id":610416,"photo":"https://st.kp.yandex.net/images/actor_iphone/iphone360_610416.jpg","name":"Шон Морер","enName":"Shawn Maurer","profession":"актеры","enProfession":"actor"},{"id":20772,"photo":"https://st.kp.yandex.net/images/actor_iphone/iphone360_20772.jpg","name":"Томми Смелцер","enName":"Tommy Smeltzer","profession":"актеры","enProfession":"actor"},{"id":247658,"photo":"https://st.kp.yandex.net/images/actor_iphone/iphone360_247658.jpg","name":"Бретт Пайсель","enName":"Brett Paesel","profession":"актеры","enProfession":"actor"},{"id":11846,"photo":"https://st.kp.yandex.net/images/actor_iphone/iphone360_11846.jpg","name":"Боб Оденкёрк","enName":"Bob Odenkirk","profession":"актеры","enProfession":"actor"},{"id":30166,"photo":"https://st.kp.yandex.net/images/actor_iphone/iphone360_30166.jpg","name":"Брайан Посен","enName":"Brian Posehn","profession":"актеры","enProfession":"actor"},{"id":20448,"photo":"https://st.kp.yandex.net/images/actor_iphone/iphone360_20448.jpg","name":"Пэттон Освальт","enName":"Patton Oswalt","profession":"актеры","enProfession":"actor"},{"id":3104092,"photo":"https://st.kp.yandex.net/images/actor_iphone/iphone360_3104092.jpg","name":"Донна Райт","enName":"Donna Wright","profession":"актеры","enProfession":"actor"},{"id":93480,"photo":"https://st.kp.yandex.net/images/actor_iphone/iphone360_93480.jpg","name":"Кент Дейли","enName":"Ken Daly","profession":"актеры","enProfession":"actor"},{"id":562560,"photo":"https://st.kp.yandex.net/images/actor_iphone/iphone360_562560.jpg","name":"Даг Бенсон","enName":"Doug Benson","profession":"актеры","enProfession":"actor"},{"id":737108,"photo":"https://st.kp.yandex.net/images/actor_iphone/iphone360_737108.jpg","name":"Дин Холлэнд","enName":"Dean Holland","profession":"актеры","enProfession":"actor"},{"id":737109,"photo":"https://st.kp.yandex.net/images/actor_iphone/iphone360_737109.jpg","name":"Джон Матта","enName":"John Matta","profession":"актеры","enProfession":"actor"},{"id":737110,"photo":"https://st.kp.yandex.net/images/actor_iphone/iphone360_737110.jpg","name":"Чарльз Каннарелла","enName":"Charles Cannarella","profession":"актеры","enProfession":"actor"},{"id":737111,"photo":"https://st.kp.yandex.net/images/actor_iphone/iphone360_737111.jpg","name":"Тодд Каннарелла","enName":"Todd Cannarella","profession":"актеры","enProfession":"actor"},{"id":737112,"photo":"https://st.kp.yandex.net/images/actor_iphone/iphone360_737112.jpg","name":"Блейн Картрайт","enName":"Blaine Cartwright","profession":"актеры","enProfession":"actor"},{"id":39115,"photo":"https://st.kp.yandex.net/images/actor_iphone/iphone360_39115.jpg","name":"Тед Мэнсон","enName":"Ted Manson","profession":"актеры","enProfession":"actor"},{"id":737113,"photo":"https://st.kp.yandex.net/images/actor_iphone/iphone360_737113.jpg","name":"Крис Фрайзер","enName":"Chris Fraser","profession":"актеры","enProfession":"actor"},{"id":737114,"photo":"https://st.kp.yandex.net/images/actor_iphone/iphone360_737114.jpg","name":"Марк Риверз","enName":"Mark Rivers","profession":"актеры","enProfession":"actor"},{"id":230556,"photo":"https://st.kp.yandex.net/images/actor_iphone/iphone360_230556.jpg","name":"Кенни Альфонсо","enName":"Kenny Alfonso","profession":"актеры","enProfession":"actor"},{"id":11808,"photo":"https://st.kp.yandex.net/images/actor_iphone/iphone360_11808.jpg","name":"Грег Берендт","enName":"Greg Behrendt","profession":"актеры","enProfession":"actor"},{"id":42511,"photo":"https://st.kp.yandex.net/images/actor_iphone/iphone360_42511.jpg","name":"Б.Дж. Портер","enName":"BJ Porter","profession":"актеры","enProfession":"actor"},{"id":68871,"photo":"https://st.kp.yandex.net/images/actor_iphone/iphone360_68871.jpg","name":"Лекс Д. Геддингс","enName":"Lex D. Geddings","profession":"актеры","enProfession":"actor"},{"id":8809,"photo":"https://st.kp.yandex.net/images/actor_iphone/iphone360_8809.jpg","name":"Дэйв Фоли","enName":"David Foley","profession":"актеры","enProfession":"actor"},{"id":3151,"photo":"https://st.kp.yandex.net/images/actor_iphone/iphone360_3151.jpg","name":"Энди Рихтер","enName":"Andy Richter","profession":"актеры","enProfession":"actor"},{"id":7102,"photo":"https://st.kp.yandex.net/images/actor_iphone/iphone360_7102.jpg","name":"Сара Силверман","enName":"Sarah Silverman","profession":"актеры","enProfession":"actor"},{"id":737115,"photo":"https://st.kp.yandex.net/images/actor_iphone/iphone360_737115.jpg","name":null,"enName":"Austin Lite","profession":"актеры","enProfession":"actor"},{"id":737116,"photo":"https://st.kp.yandex.net/images/actor_iphone/iphone360_737116.jpg","name":"Зак Ковальске","enName":"Zack Kowalske","profession":"актеры","enProfession":"actor"},{"id":737117,"photo":"https://st.kp.yandex.net/images/actor_iphone/iphone360_737117.jpg","name":null,"enName":"Sandy Poirier-Rogers","profession":"актеры","enProfession":"actor"},{"id":737118,"photo":"https://st.kp.yandex.net/images/actor_iphone/iphone360_737118.jpg","name":"Имон Гленнон","enName":"Eamon Glennon","profession":"актеры","enProfession":"actor"},{"id":30170,"photo":"https://st.kp.yandex.net/images/actor_iphone/iphone360_30170.jpg","name":"Ваге Манукян","enName":"Vahe Manoukian","profession":"актеры","enProfession":"actor"},{"id":737119,"photo":"https://st.kp.yandex.net/images/actor_iphone/iphone360_737119.jpg","name":"Джо Е. Милли","enName":"Joe E. Milli","profession":"актеры","enProfession":"actor"},{"id":737120,"photo":"https://st.kp.yandex.net/images/actor_iphone/iphone360_737120.jpg","name":"Джейсон Криппс","enName":"Jason Cripps","profession":"актеры","enProfession":"actor"},{"id":737121,"photo":"https://st.kp.yandex.net/images/actor_iphone/iphone360_737121.jpg","name":"Рэй Вульф","enName":"Ray Wolf","profession":"актеры","enProfession":"actor"},{"id":42516,"photo":"https://st.kp.yandex.net/images/actor_iphone/iphone360_42516.jpg","name":"Джейсон Хорган","enName":"Jason Horgan","profession":"актеры","enProfession":"actor"},{"id":10168,"photo":"https://st.kp.yandex.net/images/actor_iphone/iphone360_10168.jpg","name":"Кортни Джеймс Стюарт","enName":"Courtney James Stewart","profession":"актеры","enProfession":"actor"},{"id":597219,"photo":"https://st.kp.yandex.net/images/actor_iphone/iphone360_597219.jpg","name":"Йояо Хсю","enName":"Yoyao Hsueh","profession":"актеры","enProfession":"actor"},{"id":563088,"photo":"https://st.kp.yandex.net/images/actor_iphone/iphone360_563088.jpg","name":"Нил Махони","enName":"Neil Mahoney","profession":"актеры","enProfession":"actor"},{"id":737122,"photo":"https://st.kp.yandex.net/images/actor_iphone/iphone360_737122.jpg","name":null,"enName":"Steve Grest","profession":"актеры","enProfession":"actor"},{"id":1583603,"photo":"https://st.kp.yandex.net/images/actor_iphone/iphone360_1583603.jpg","name":"Крис Кенни","enName":"Chris Kenny","profession":"актеры","enProfession":"actor"},{"id":737123,"photo":"https://st.kp.yandex.net/images/actor_iphone/iphone360_737123.jpg","name":"Джефф Гэйл","enName":"Jeff Gale","profession":"актеры","enProfession":"actor"},{"id":26637,"photo":"https://st.kp.yandex.net/images/actor_iphone/iphone360_26637.jpg","name":"Трей Паркер","enName":"Trey Parker","profession":"актеры","enProfession":"actor"},{"id":26638,"photo":"https://st.kp.yandex.net/images/actor_iphone/iphone360_26638.jpg","name":"Мэтт Стоун","enName":"Matt Stone","profession":"актеры","enProfession":"actor"},{"id":455856,"photo":"https://st.kp.yandex.net/images/actor_iphone/iphone360_455856.jpg","name":"Дэвид Бэддиэл","enName":"David Baddiel","profession":"актеры","enProfession":"actor"},{"id":381259,"photo":"https://st.kp.yandex.net/images/actor_iphone/iphone360_381259.jpg","name":"Морвенна Бэнкс","enName":"Morwenna Banks","profession":"актеры","enProfession":"actor"},{"id":9208,"photo":"https://st.kp.yandex.net/images/actor_iphone/iphone360_9208.jpg","name":"Бен Стиллер","enName":"Ben Stiller","profession":"актеры","enProfession":"actor"},{"id":33509,"photo":"https://st.kp.yandex.net/images/actor_iphone/iphone360_33509.jpg","name":"Джон Стамос","enName":"John Stamos","profession":"актеры","enProfession":"actor"},{"id":8219,"photo":"https://st.kp.yandex.net/images/actor_iphone/iphone360_8219.jpg","name":"Ребекка Ромейн","enName":"Rebecca Romijn","profession":"актеры","enProfession":"actor"},{"id":257435,"photo":"https://st.kp.yandex.net/images/actor_iphone/iphone360_257435.jpg","name":"Колин Малоне","enName":"Colin Malone","profession":"актеры","enProfession":"actor"},{"id":13657,"photo":"https://st.kp.yandex.net/images/actor_iphone/iphone360_13657.jpg","name":"Гарри Шендлинг","enName":"Garry Shandling","profession":"актеры","enProfession":"actor"},{"id":42517,"photo":"https://st.kp.yandex.net/images/actor_iphone/iphone360_42517.jpg","name":"Скотт Иэн","enName":"Scott Ian","profession":"актеры","enProfession":"actor"},{"id":14014,"photo":"https://st.kp.yandex.net/images/actor_iphone/iphone360_14014.jpg","name":"Кэти Гриффин","enName":"Kathy Griffin","profession":"актеры","enProfession":"actor"},{"id":33401,"photo":"https://st.kp.yandex.net/images/actor_iphone/iphone360_33401.jpg","name":"Крэйг Энтон","enName":"Craig Anton","profession":"актеры","enProfession":"actor"},{"id":22630,"photo":"https://st.kp.yandex.net/images/actor_iphone/iphone360_22630.jpg","name":"Джефф Гарлин","enName":"Jeff Garlin","profession":"актеры","enProfession":"actor"},{"id":3143,"photo":"https://st.kp.yandex.net/images/actor_iphone/iphone360_3143.jpg","name":"Лаура Кайтлингер","enName":"Laura Kightlinger","profession":"актеры","enProfession":"actor"},{"id":737124,"photo":"https://st.kp.yandex.net/images/actor_iphone/iphone360_737124.jpg","name":"Кристофер Нгуйен","enName":"Christopher Nguyen","profession":"актеры","enProfession":"actor"},{"id":47623,"photo":"https://st.kp.yandex.net/images/actor_iphone/iphone360_47623.jpg","name":"Джон Эндрюс","enName":"John Alan Andrews","profession":"актеры","enProfession":"actor"},{"id":456748,"photo":"https://st.kp.yandex.net/images/actor_iphone/iphone360_456748.jpg","name":"Дрю МакУини","enName":"Drew McWeeny","profession":"актеры","enProfession":"actor"},{"id":25028,"photo":"https://st.kp.yandex.net/images/actor_iphone/iphone360_25028.jpg","name":"Скотт Томпсон","enName":"Scott Thompson","profession":"актеры","enProfession":"actor"},{"id":2576,"photo":"https://st.kp.yandex.net/images/actor_iphone/iphone360_2576.jpg","name":"Патрик Варбертон","enName":"Patrick Warburton","profession":"актеры","enProfession":"actor"},{"id":737125,"photo":"https://st.kp.yandex.net/images/actor_iphone/iphone360_737125.jpg","name":"Шон Шеппард","enName":"Shawn Sheppard","profession":"актеры","enProfession":"actor"},{"id":114636,"photo":"https://st.kp.yandex.net/images/actor_iphone/iphone360_114636.jpg","name":"Брик Беркс","enName":"Brik Berkes","profession":"актеры","enProfession":"actor"},{"id":30044,"photo":"https://st.kp.yandex.net/images/actor_iphone/iphone360_30044.jpg","name":"Фелесиа Рэфилд","enName":"Felecia Rafield","profession":"актеры","enProfession":"actor"},{"id":1104434,"photo":"https://st.kp.yandex.net/images/actor_iphone/iphone360_1104434.jpg","name":"Том Брэдли","enName":"Tom Bradley","profession":"актеры","enProfession":"actor"},{"id":42512,"photo":"https://st.kp.yandex.net/images/actor_iphone/iphone360_42512.jpg","name":"Никки Кокс","enName":"Nikki Cox","profession":"актеры","enProfession":"actor"},{"id":455852,"photo":"https://st.kp.yandex.net/images/actor_iphone/iphone360_455852.jpg","name":"Элиша Чоис","enName":"Elisha Choice","profession":"актеры","enProfession":"actor"},{"id":113657,"photo":"https://st.kp.yandex.net/images/actor_iphone/iphone360_113657.jpg","name":"Грег Харрис","enName":"Gregorio","profession":"актеры","enProfession":"actor"},{"id":995814,"photo":"https://st.kp.yandex.net/images/actor_iphone/iphone360_995814.jpg","name":"Том Кенни","enName":"Tom Kenny","profession":"актеры","enProfession":"actor"},{"id":23416,"photo":"https://st.kp.yandex.net/images/actor_iphone/iphone360_23416.jpg","name":"Пол Ф. Томпкинс","enName":"Paul F. Tompkins","profession":"актеры","enProfession":"actor"},{"id":1104435,"photo":"https://st.kp.yandex.net/images/actor_iphone/iphone360_1104435.jpg","name":"Венди Кросс","enName":"Wendy Cross","profession":"актеры","enProfession":"actor"},{"id":26474,"photo":"https://st.kp.yandex.net/images/actor_iphone/iphone360_26474.jpg","name":"Мэнди Пэтинкин","enName":"Mandy Patinkin","profession":"актеры","enProfession":"actor"},{"id":737127,"photo":"https://st.kp.yandex.net/images/actor_iphone/iphone360_737127.jpg","name":"Куки Бриндл","enName":"Cookie Brindle","profession":"актеры","enProfession":"actor"},{"id":9714,"photo":"https://st.kp.yandex.net/images/actor_iphone/iphone360_9714.jpg","name":"Мэри Линн Райскаб","enName":"Mary Lynn Rajskub","profession":"актеры","enProfession":"actor"},{"id":86384,"photo":"https://st.kp.yandex.net/images/actor_iphone/iphone360_86384.jpg","name":"Джим Тернер","enName":"Jim Turner","profession":"актеры","enProfession":"actor"},{"id":23724,"photo":"https://st.kp.yandex.net/images/actor_iphone/iphone360_23724.jpg","name":"Джек Блэк","enName":"Jack Black","profession":"актеры","enProfession":"actor"},{"id":224127,"photo":"https://st.kp.yandex.net/images/actor_iphone/iphone360_224127.jpg","name":"Бобби Браунинг","enName":"Bobby Browning","profession":"актеры","enProfession":"actor"},{"id":737130,"photo":"https://st.kp.yandex.net/images/actor_iphone/iphone360_737130.jpg","name":"Дэвид Геддис","enName":"David Gaddis","profession":"актеры","enProfession":"actor"},{"id":737131,"photo":"https://st.kp.yandex.net/images/actor_iphone/iphone360_737131.jpg","name":null,"enName":"Matt Johson","profession":"актеры","enProfession":"actor"},{"id":737132,"photo":"https://st.kp.yandex.net/images/actor_iphone/iphone360_737132.jpg","name":"Джейсон Леонард Калиш","enName":"Jason Leonard Kalish","profession":"актеры","enProfession":"actor"},{"id":380863,"photo":"https://st.kp.yandex.net/images/actor_iphone/iphone360_380863.jpg","name":"Патрик Лемон","enName":"Patrick Lemon","profession":"актеры","enProfession":"actor"},{"id":737133,"photo":"https://st.kp.yandex.net/images/actor_iphone/iphone360_737133.jpg","name":"Антонио Луис","enName":"Antonio Ribeiro","profession":"актеры","enProfession":"actor"},{"id":737134,"photo":"https://st.kp.yandex.net/images/actor_iphone/iphone360_737134.jpg","name":"Скотт Пальма","enName":"Scott Palma","profession":"актеры","enProfession":"actor"},{"id":737135,"photo":"https://st.kp.yandex.net/images/actor_iphone/iphone360_737135.jpg","name":"Крис Райан","enName":"Chris Ryan","profession":"актеры","enProfession":"actor"},{"id":737136,"photo":"https://st.kp.yandex.net/images/actor_iphone/iphone360_737136.jpg","name":"Тофер Сиддонс","enName":"Topher Siddons","profession":"актеры","enProfession":"actor"},{"id":42522,"photo":"https://st.kp.yandex.net/images/actor_iphone/iphone360_42522.jpg","name":"Грег Томпсон","enName":"Greg Thompson","profession":"актеры","enProfession":"actor"},{"id":737137,"photo":"https://st.kp.yandex.net/images/actor_iphone/iphone360_737137.jpg","name":null,"enName":"Geoff Uterhardt","profession":"актеры","enProfession":"actor"},{"id":613615,"photo":"https://st.kp.yandex.net/images/actor_iphone/iphone360_613615.jpg","name":"Кит МакЛеод","enName":"Keith McLeod","profession":"актеры","enProfession":"actor"},{"id":539996,"photo":"https://st.kp.yandex.net/images/actor_iphone/iphone360_539996.jpg","name":"Карл Маццоконе ст.","enName":"Carl Mazzocone Sr.","profession":"актеры","enProfession":"actor"},{"id":9704,"photo":"https://st.kp.yandex.net/images/actor_iphone/iphone360_9704.jpg","name":"Рода Гриффис","enName":"Rhoda Griffis","profession":"актеры","enProfession":"actor"},{"id":31049,"photo":"https://st.kp.yandex.net/images/actor_iphone/iphone360_31049.jpg","name":"Скотт Эдсит","enName":"Scott Adsit","profession":"актеры","enProfession":"actor"},{"id":14108,"photo":"https://st.kp.yandex.net/images/actor_iphone/iphone360_14108.jpg","name":"Р. Ли Эрми","enName":"R. Lee Ermey","profession":"актеры","enProfession":"actor"},{"id":38299,"photo":"https://st.kp.yandex.net/images/actor_iphone/iphone360_38299.jpg","name":"Скотт Окерман","enName":"Scott Aukerman","profession":"актеры","enProfession":"actor"},{"id":737138,"photo":"https://st.kp.yandex.net/images/actor_iphone/iphone360_737138.jpg","name":"Карен Тёрви","enName":"Karen Turvey","profession":"актеры","enProfession":"actor"},{"id":85531,"photo":"https://st.kp.yandex.net/images/actor_iphone/iphone360_85531.jpg","name":"Андерсон Мартин","enName":"Anderson Martin","profession":"актеры","enProfession":"actor"},{"id":66918,"photo":"https://st.kp.yandex.net/images/actor_iphone/iphone360_66918.jpg","name":"Билл Крабб","enName":"Bill Crabb","profession":"актеры","enProfession":"actor"},{"id":42519,"photo":"https://st.kp.yandex.net/images/actor_iphone/iphone360_42519.jpg","name":"Кент МакКорд","enName":"Kent McCord","profession":"актеры","enProfession":"actor"},{"id":737139,"photo":"https://st.kp.yandex.net/images/actor_iphone/iphone360_737139.jpg","name":"Миллерс","enName":"The Millers","profession":"актеры","enProfession":"actor"},{"id":1980,"photo":"https://st.kp.yandex.net/images/actor_iphone/iphone360_1980.jpg","name":"Мартин Клебба","enName":"Martin Klebba","profession":"актеры","enProfession":"actor"},{"id":7950,"photo":"https://st.kp.yandex.net/images/actor_iphone/iphone360_7950.jpg","name":"Полли Крэйг","enName":"Polly Craig","profession":"актеры","enProfession":"actor"},{"id":737140,"photo":"https://st.kp.yandex.net/images/actor_iphone/iphone360_737140.jpg","name":"Ри Ловенталь","enName":"Rhea Lowenthal","profession":"актеры","enProfession":"actor"},{"id":518334,"photo":"https://st.kp.yandex.net/images/actor_iphone/iphone360_518334.jpg","name":"Лэнс Бэнгс","enName":"Lance Bangs","profession":"актеры","enProfession":"actor"},{"id":224105,"photo":"https://st.kp.yandex.net/images/actor_iphone/iphone360_224105.jpg","name":"Крис Бёрнс","enName":"Chris Burns","profession":"актеры","enProfession":"actor"},{"id":1104436,"photo":"https://st.kp.yandex.net/images/actor_iphone/iphone360_1104436.jpg","name":"Даррен В. Конрад","enName":"Darren W. Conrad","profession":"актеры","enProfession":"actor"},{"id":1023154,"photo":"https://st.kp.yandex.net/images/actor_iphone/iphone360_1023154.jpg","name":"Анджела ДеОун","enName":"Angela DeAwn","profession":"актеры","enProfession":"actor"},{"id":9041,"photo":"https://st.kp.yandex.net/images/actor_iphone/iphone360_9041.jpg","name":"Джон Эннис","enName":"John Ennis","profession":"актеры","enProfession":"actor"},{"id":1396,"photo":"https://st.kp.yandex.net/images/actor_iphone/iphone360_1396.jpg","name":"Джефф Голдблюм","enName":"Jeff Goldblum","profession":"актеры","enProfession":"actor"},{"id":42518,"photo":"https://st.kp.yandex.net/images/actor_iphone/iphone360_42518.jpg","name":"Мэйнард Джеймс Кинэн","enName":"Maynard James Keenan","profession":"актеры","enProfession":"actor"},{"id":18047,"photo":"https://st.kp.yandex.net/images/actor_iphone/iphone360_18047.jpg","name":"Джастин Нилл","enName":"Justin Neill","profession":"актеры","enProfession":"actor"},{"id":19755,"photo":"https://st.kp.yandex.net/images/actor_iphone/iphone360_19755.jpg","name":"Джим Нортон","enName":"Jim Norton","profession":"актеры","enProfession":"actor"},{"id":1081603,"photo":"https://st.kp.yandex.net/images/actor_iphone/iphone360_1081603.jpg","name":"Даг Петерсон","enName":"Doug Peterson","profession":"актеры","enProfession":"actor"},{"id":908272,"photo":"https://st.kp.yandex.net/images/actor_iphone/iphone360_908272.jpg","name":"Билл Филпутт","enName":"Bill Philputt","profession":"актеры","enProfession":"actor"},{"id":3362589,"photo":"https://st.kp.yandex.net/images/actor_iphone/iphone360_3362589.jpg","name":null,"enName":"Charles K. Redlinger","profession":"актеры","enProfession":"actor"},{"id":1127308,"photo":"https://st.kp.yandex.net/images/actor_iphone/iphone360_1127308.jpg","name":"Синтия Ричардс","enName":"Cynthia Richards","profession":"актеры","enProfession":"actor"},{"id":563862,"photo":"https://st.kp.yandex.net/images/actor_iphone/iphone360_563862.jpg","name":"Ксавьер Риверз","enName":"Xavier Rivers","profession":"актеры","enProfession":"actor"},{"id":31297,"photo":"https://st.kp.yandex.net/images/actor_iphone/iphone360_31297.jpg","name":"Дебора Тикер","enName":"Deborah Theaker","profession":"актеры","enProfession":"actor"},{"id":224098,"photo":"https://st.kp.yandex.net/images/actor_iphone/iphone360_224098.jpg","name":"Дэн Триандифлу","enName":"Dan Triandiflou","profession":"актеры","enProfession":"actor"},{"id":1232591,"photo":"https://st.kp.yandex.net/images/actor_iphone/iphone360_1232591.jpg","name":"Кулап Вилейсэк","enName":"Kulap Vilaysack","profession":"актеры","enProfession":"actor"},{"id":566013,"photo":"https://st.kp.yandex.net/images/actor_iphone/iphone360_566013.jpg","name":"Джо Уолш","enName":"Joe Walsh","profession":"актеры","enProfession":"actor"},{"id":42523,"photo":"https://st.kp.yandex.net/images/actor_iphone/iphone360_42523.jpg","name":"Стив Уоррен","enName":"Steve Warren","profession":"актеры","enProfession":"actor"},{"id":38299,"photo":"https://st.kp.yandex.net/images/actor_iphone/iphone360_38299.jpg","name":"Скотт Окерман","enName":"Scott Aukerman","profession":"композиторы","enProfession":"composer"},{"id":54124,"photo":"https://st.kp.yandex.net/images/actor_iphone/iphone360_54124.jpg","name":"Эбан Шлеттер","enName":"Eban Schletter","profession":"композиторы","enProfession":"composer"},{"id":55821,"photo":"https://st.kp.yandex.net/images/actor_iphone/iphone360_55821.jpg","name":"Робб Уилсон Кинг","enName":"Robb Wilson King","profession":"художники","enProfession":"designer"},{"id":1987982,"photo":"https://st.kp.yandex.net/images/actor_iphone/iphone360_1987982.jpg","name":"Дэн Баттс","enName":"Dan Butts","profession":"художники","enProfession":"designer"},{"id":632821,"photo":"https://st.kp.yandex.net/images/actor_iphone/iphone360_632821.jpg","name":"Паула Элинс","enName":"Paula Elins","profession":"художники","enProfession":"designer"},{"id":2019182,"photo":"https://st.kp.yandex.net/images/actor_iphone/iphone360_2019182.jpg","name":"Мелинда Сандерс","enName":"Melinda Sanders","profession":"художники","enProfession":"designer"},{"id":30158,"photo":"https://st.kp.yandex.net/images/actor_iphone/iphone360_30158.jpg","name":"Трой Миллер","enName":"Troy Miller","profession":"режиссеры","enProfession":"director"},{"id":737108,"photo":"https://st.kp.yandex.net/images/actor_iphone/iphone360_737108.jpg","name":"Дин Холлэнд","enName":"Dean Holland","profession":"монтажеры","enProfession":"editor"},{"id":610416,"photo":"https://st.kp.yandex.net/images/actor_iphone/iphone360_610416.jpg","name":"Шон Морер","enName":"Shawn Maurer","profession":"операторы","enProfession":"operator"},{"id":278,"photo":"https://st.kp.yandex.net/images/actor_iphone/iphone360_278.jpg","name":"Марк Бёрг","enName":"Mark Burg","profession":"продюсеры","enProfession":"producer"},{"id":284,"photo":"https://st.kp.yandex.net/images/actor_iphone/iphone360_284.jpg","name":"Орен Каулз","enName":"Oren Koules","profession":"продюсеры","enProfession":"producer"},{"id":30158,"photo":"https://st.kp.yandex.net/images/actor_iphone/iphone360_30158.jpg","name":"Трой Миллер","enName":"Troy Miller","profession":"продюсеры","enProfession":"producer"},{"id":30676,"photo":"https://st.kp.yandex.net/images/actor_iphone/iphone360_30676.jpg","name":"Ричард Бренер","enName":"Richard Brener","profession":"продюсеры","enProfession":"producer"},{"id":2786,"photo":"https://st.kp.yandex.net/images/actor_iphone/iphone360_2786.jpg","name":"Дэвид Кросс","enName":"David Cross","profession":"редакторы","enProfession":"writer"},{"id":11846,"photo":"https://st.kp.yandex.net/images/actor_iphone/iphone360_11846.jpg","name":"Боб Оденкёрк","enName":"Bob Odenkirk","profession":"редакторы","enProfession":"writer"},{"id":38299,"photo":"https://st.kp.yandex.net/images/actor_iphone/iphone360_38299.jpg","name":"Скотт Окерман","enName":"Scott Aukerman","profession":"редакторы","enProfession":"writer"},{"id":42511,"photo":"https://st.kp.yandex.net/images/actor_iphone/iphone360_42511.jpg","name":"Б.Дж. Портер","enName":"BJ Porter","profession":"редакторы","enProfession":"writer"}],"typeNumber":1,"alternativeName":"Run Ronnie Run","enName":null,"names":[{"name":"Беги, Ронни, беги"},{"name":"Run Ronnie Run"}],"similarMovies":[],"sequelsAndPrequels":[],"fees":{"world":{},"russia":{},"usa":{}},"ratingMpaa":"r","shortDescription":null,"budget":{},"imagesInfo":{"framesCount":3},"ageRating":12,"logo":{"url":null},"watchability":{"items":null},"top10":null,"top250":null}