{"status":null,"externalId":{"kpHD":null,"imdb":"tt0321442","tmdb":14892},"rating":{"kp":5.938,"imdb":6.1,"filmCritics":6.2,"russianFilmCritics":0,"await":0},"votes":{"kp":481,"imdb":4162,"filmCritics":6,"russianFilmCritics":0,"await":0},"backdrop":{"url":null,"previewUrl":null},"movieLength":94,"productionCompanies":[{"name":"North by Northwest Entertainment","url":null,"previewUrl":null},{"name":"Aura Entertainment","url":null,"previewUrl":null},{"name":"Echo Lake Entertainment","url":"https://www.themoviedb.org/t/p/original/yV2P6SlxuicJTwUvUUqoOBAEreC.png","previewUrl":"https://www.themoviedb.org/t/p/w500/yV2P6SlxuicJTwUvUUqoOBAEreC.png"}],"id":2508,"type":"movie","name":"Большая пустота","description":"Джон Персон получит 25 000 долларов от своего соседа Нили, если сумеет доставить синий чемодан дальнобойщику по кличке Ковбой. Предложение заманчивое, ведь безработный актер Джон успел наделать в Лос-Анджелесе долгов.\n\nСмущает лишь то, что Джон не имеет права заглядывать в чемодан и должен беречь его пуще собственной жизни. Ковбой обосновался в местечке Бейкер на самой границе Долины Смерти. Когда Джон туда добирается, Ковбоя уже и след простыл. Странные вещи начинаются после того, как Джону сообщают, что Бейкер — не просто привал для дальнобойщиков, но и глубоко законспирированный межпланетный порт, с которого стартуют летающие тарелки. Вскоре выясняется, что нанявший Джона сосед найден обезглавленным. За разъяснениями к Джону срочно выезжает агент ФБР.\n\nДжон начинает подозревать, что ввязался во что-то более серьезное, чем обычная курьерская доставка.","premiere":{"country":"Франция","world":"2003-05-16T00:00:00.000Z"},"slogan":"Cowboys. Aliens. Blue suitcases and bowling balls. Strange things are happening out in the middle of nowhere.","year":2003,"poster":{"url":"https://st.kp.yandex.net/images/film_big/2508.jpg","previewUrl":"https://st.kp.yandex.net/images/film_iphone/iphone360_2508.jpg"},"facts":[],"genres":[{"name":"фантастика"},{"name":"драма"},{"name":"комедия"},{"name":"детектив"}],"countries":[{"name":"США"}],"videos":{"trailers":[{"url":"https://widgets.kinopoisk.ru/discovery/trailer/8550?onlyPlayer=1&autoplay=1&cover=1","name":"Трейлер","site":"kinopoisk_widget"},{"url":"https://www.youtube.com/embed/JlPJNlW4PT0","name":"The Big Empty (2003) trailer","site":"youtube","type":"TRAILER"}],"teasers":[]},"seasonsInfo":[],"persons":[{"id":9559,"photo":"https://st.kp.yandex.net/images/actor_iphone/iphone360_9559.jpg","name":"Джон Фавро","enName":"Jon Favreau","profession":"актеры","enProfession":"actor"},{"id":13480,"photo":"https://st.kp.yandex.net/images/actor_iphone/iphone360_13480.jpg","name":"Джои Лорен Эдамс","enName":"Joey Lauren Adams","profession":"актеры","enProfession":"actor"},{"id":8988,"photo":"https://st.kp.yandex.net/images/actor_iphone/iphone360_8988.jpg","name":"Бад Корт","enName":"Bud Cort","profession":"актеры","enProfession":"actor"},{"id":31971,"photo":"https://st.kp.yandex.net/images/actor_iphone/iphone360_31971.jpg","name":"Джон Грайз","enName":"Jon Gries","profession":"актеры","enProfession":"actor"},{"id":23263,"photo":"https://st.kp.yandex.net/images/actor_iphone/iphone360_23263.jpg","name":"Дэрил Ханна","enName":"Daryl Hannah","profession":"актеры","enProfession":"actor"},{"id":18115,"photo":"https://st.kp.yandex.net/images/actor_iphone/iphone360_18115.jpg","name":"Адам Бич","enName":"Adam Beach","profession":"актеры","enProfession":"actor"},{"id":22434,"photo":"https://st.kp.yandex.net/images/actor_iphone/iphone360_22434.jpg","name":"Гэри Фармер","enName":"Gary Farmer","profession":"актеры","enProfession":"actor"},{"id":205,"photo":"https://st.kp.yandex.net/images/actor_iphone/iphone360_205.jpg","name":"Рэйчел Ли Кук","enName":"Rachael Leigh Cook","profession":"актеры","enProfession":"actor"},{"id":13487,"photo":"https://st.kp.yandex.net/images/actor_iphone/iphone360_13487.jpg","name":"Брент Бриско","enName":"Brent Briscoe","profession":"актеры","enProfession":"actor"},{"id":23371,"photo":"https://st.kp.yandex.net/images/actor_iphone/iphone360_23371.jpg","name":"Мелора Уолтерс","enName":"Melora Walters","profession":"актеры","enProfession":"actor"},{"id":720,"photo":"https://st.kp.yandex.net/images/actor_iphone/iphone360_720.jpg","name":"Келси Грэммер","enName":"Kelsey Grammer","profession":"актеры","enProfession":"actor"},{"id":28092,"photo":"https://st.kp.yandex.net/images/actor_iphone/iphone360_28092.jpg","name":"Шон Бин","enName":"Sean Bean","profession":"актеры","enProfession":"actor"},{"id":539524,"photo":"https://st.kp.yandex.net/images/actor_iphone/iphone360_539524.jpg","name":null,"enName":"Alejandra Aguilan","profession":"актеры","enProfession":"actor"},{"id":539525,"photo":"https://st.kp.yandex.net/images/actor_iphone/iphone360_539525.jpg","name":"Джей Бразерс","enName":"Jay Brothers","profession":"актеры","enProfession":"actor"},{"id":539526,"photo":"https://st.kp.yandex.net/images/actor_iphone/iphone360_539526.jpg","name":null,"enName":"Sara Fouts","profession":"актеры","enProfession":"actor"},{"id":539527,"photo":"https://st.kp.yandex.net/images/actor_iphone/iphone360_539527.jpg","name":"Бритни Джиллам","enName":"Britney Gillum","profession":"актеры","enProfession":"actor"},{"id":539528,"photo":"https://st.kp.yandex.net/images/actor_iphone/iphone360_539528.jpg","name":null,"enName":"Martin Gluhar","profession":"актеры","enProfession":"actor"},{"id":539529,"photo":"https://st.kp.yandex.net/images/actor_iphone/iphone360_539529.jpg","name":"Джесси Дженкинс","enName":"Jessie Jenkins","profession":"актеры","enProfession":"actor"},{"id":32982,"photo":"https://st.kp.yandex.net/images/actor_iphone/iphone360_32982.jpg","name":"Стивен Дж. Каплан","enName":"Steven G. Kaplan","profession":"актеры","enProfession":"actor"},{"id":539530,"photo":"https://st.kp.yandex.net/images/actor_iphone/iphone360_539530.jpg","name":"Мами Пауэлл","enName":"Mamie Powell","profession":"актеры","enProfession":"actor"},{"id":517995,"photo":"https://st.kp.yandex.net/images/actor_iphone/iphone360_517995.jpg","name":"Джералд Смит","enName":"Gerald Smith","profession":"актеры","enProfession":"actor"},{"id":539531,"photo":"https://st.kp.yandex.net/images/actor_iphone/iphone360_539531.jpg","name":"Мария Смит","enName":"Maria Smith","profession":"актеры","enProfession":"actor"},{"id":66717,"photo":"https://st.kp.yandex.net/images/actor_iphone/iphone360_66717.jpg","name":"Патти Смит","enName":"Patti Smith","profession":"актеры","enProfession":"actor"},{"id":539532,"photo":"https://st.kp.yandex.net/images/actor_iphone/iphone360_539532.jpg","name":"Брайан Типпетт","enName":"Brian Tippett","profession":"актеры","enProfession":"actor"},{"id":539533,"photo":"https://st.kp.yandex.net/images/actor_iphone/iphone360_539533.jpg","name":"Энтони Валлехос","enName":"Anthony Vallejos","profession":"актеры","enProfession":"actor"},{"id":539534,"photo":"https://st.kp.yandex.net/images/actor_iphone/iphone360_539534.jpg","name":"Гордон Валлехос","enName":"Gordon Vallejos","profession":"актеры","enProfession":"actor"},{"id":539535,"photo":"https://st.kp.yandex.net/images/actor_iphone/iphone360_539535.jpg","name":"Ларри Милл","enName":"Larry Mill","profession":"актеры","enProfession":"actor"},{"id":539536,"photo":"https://st.kp.yandex.net/images/actor_iphone/iphone360_539536.jpg","name":null,"enName":"Bona Potenta","profession":"актеры","enProfession":"actor"},{"id":9278,"photo":"https://st.kp.yandex.net/images/actor_iphone/iphone360_9278.jpg","name":"Дэнни Трехо","enName":"Danny Trejo","profession":"актеры","enProfession":"actor"},{"id":610752,"photo":"https://st.kp.yandex.net/images/actor_iphone/iphone360_610752.jpg","name":"Брайан Тайлер","enName":"Brian Tyler","profession":"композиторы","enProfession":"composer"},{"id":72615,"photo":"https://st.kp.yandex.net/images/actor_iphone/iphone360_72615.jpg","name":"Аарон Осборн","enName":"Aaron Osborne","profession":"художники","enProfession":"designer"},{"id":1996972,"photo":"https://st.kp.yandex.net/images/actor_iphone/iphone360_1996972.jpg","name":"Эрин Кохрэн","enName":"Erin Cochran","profession":"художники","enProfession":"designer"},{"id":1086210,"photo":"https://st.kp.yandex.net/images/actor_iphone/iphone360_1086210.jpg","name":"Кристин М. Бурк","enName":"Kristin M. Burke","profession":"художники","enProfession":"designer"},{"id":1986441,"photo":"https://st.kp.yandex.net/images/actor_iphone/iphone360_1986441.jpg","name":"Мисси Паркер","enName":"Missy Parker","profession":"художники","enProfession":"designer"},{"id":32979,"photo":"https://st.kp.yandex.net/images/actor_iphone/iphone360_32979.jpg","name":"Стив Андерсон","enName":"Steve Anderson","profession":"режиссеры","enProfession":"director"},{"id":1998785,"photo":"https://st.kp.yandex.net/images/actor_iphone/iphone360_1998785.jpg","name":"Скот Скалисе","enName":"Scot Scalise","profession":"монтажеры","enProfession":"editor"},{"id":614071,"photo":"https://st.kp.yandex.net/images/actor_iphone/iphone360_614071.jpg","name":"Крис Мэнли","enName":"Chris Manley","profession":"операторы","enProfession":"operator"},{"id":32981,"photo":"https://st.kp.yandex.net/images/actor_iphone/iphone360_32981.jpg","name":"Грегг Л. Дэниэл","enName":"Gregg L. Daniel","profession":"продюсеры","enProfession":"producer"},{"id":865,"photo":"https://st.kp.yandex.net/images/actor_iphone/iphone360_865.jpg","name":"Даг Манкофф","enName":"Doug Mankoff","profession":"продюсеры","enProfession":"producer"},{"id":32984,"photo":"https://st.kp.yandex.net/images/actor_iphone/iphone360_32984.jpg","name":"Кит Резник","enName":"Keith Resnick","profession":"продюсеры","enProfession":"producer"},{"id":868,"photo":"https://st.kp.yandex.net/images/actor_iphone/iphone360_868.jpg","name":"Эндрю Сполдинг","enName":"Andrew Spaulding","profession":"продюсеры","enProfession":"producer"},{"id":32979,"photo":"https://st.kp.yandex.net/images/actor_iphone/iphone360_32979.jpg","name":"Стив Андерсон","enName":"Steve Anderson","profession":"редакторы","enProfession":"writer"}],"typeNumber":1,"alternativeName":"The Big Empty","enName":null,"names":[{"name":"Большая пустота"},{"name":"The Big Empty"},{"name":"神采星球","language":"CN","type":null}],"ageRating":16,"budget":{},"ratingMpaa":"r","fees":{"world":{},"russia":{},"usa":{}},"shortDescription":null,"sequelsAndPrequels":[],"similarMovies":[],"imagesInfo":{"framesCount":17},"logo":{"url":null},"watchability":{"items":null},"top10":null,"top250":null}