{"fees":{"world":{"value":68514844,"currency":"$"},"russia":{"value":730000,"currency":"$"},"usa":{"value":20991364,"currency":"$"}},"status":null,"externalId":{"kpHD":"4260880fc59440d0aa7bebf2d9940253","imdb":"tt0318155","tmdb":10715},"rating":{"kp":6.15,"imdb":5.8,"filmCritics":6.1,"russianFilmCritics":0,"await":0},"votes":{"kp":9267,"imdb":38806,"filmCritics":137,"russianFilmCritics":0,"await":0},"backdrop":{"url":"https://avatars.mds.yandex.net/get-ott/2439731/2a0000017b18393da6171411964c29b7c9c7/orig","previewUrl":"https://avatars.mds.yandex.net/get-ott/2439731/2a0000017b18393da6171411964c29b7c9c7/x1000"},"movieLength":93,"productionCompanies":[{"name":"Warner Bros. Animation","url":"https://www.themoviedb.org/t/p/original/l5zW8jjmQOCx2dFmvnmbYmqoBmL.png","previewUrl":"https://www.themoviedb.org/t/p/w500/l5zW8jjmQOCx2dFmvnmbYmqoBmL.png"},{"name":"Baltimore Spring Creek Productions","url":null,"previewUrl":null},{"name":"Goldmann Pictures","url":null,"previewUrl":null},{"name":"Lonely Film Productions GmbH & Co. KG.","url":null,"previewUrl":null},{"name":"Warner Bros. Pictures","url":"https://www.themoviedb.org/t/p/original/ky0xOc5OrhzkZ1N6KyUxacfQsCk.png","previewUrl":"https://www.themoviedb.org/t/p/w500/ky0xOc5OrhzkZ1N6KyUxacfQsCk.png"}],"id":2518,"type":"cartoon","name":"Луни Тюнз: Снова в деле","description":"Анимационные герои: Багс Банни и Даффи Дак - в реальной жизни! Поиски пропавшего человека и огромного мифического алмаза приводят Багса и Даффи сначала в Лас-Вегас, а затем в непроходимые джунгли Африки…","premiere":{"country":"США","world":"2003-11-09T00:00:00.000Z","russia":"2003-12-18T00:00:00.000Z","cinema":"2003-12-18T00:00:00.000Z","dvd":"2011-09-22T00:00:00.000Z"},"slogan":"The biggest animated adventure ever to hit real life","year":2003,"budget":{"value":80000000,"currency":"$"},"poster":{"url":"https://st.kp.yandex.net/images/film_big/2518.jpg","previewUrl":"https://st.kp.yandex.net/images/film_iphone/iphone360_2518.jpg"},"facts":[{"value":"Момент для выхода на экраны был выбран крайне неудачно. Вначале планировалось устроить премьеру в июле, но это решение пришлось изменить, т.к. на экраны вышел мультфильм &laquo;<a href=\"/film/7908/\" class=\"all\">В поисках Немо</a>&raquo; (2003) и мгновенно стал кассовым успехом. Релиз фильма пришёлся на ноябрь, однако произошло это сразу после выхода фильмов &laquo;<a href=\"/film/8057/\" class=\"all\">Братец медвежонок</a>&raquo; и &laquo;<a href=\"/film/7222/\" class=\"all\">Эльф</a>&raquo; и незадолго до премьер фильмов &laquo;<a href=\"/film/8065/\" class=\"all\">Кот</a>&raquo; и &laquo;<a href=\"/film/3498/\" class=\"all\">Властелин колец: Возвращение короля</a>&raquo;. Вдобавок ко всему в компании Warner Bros. ещё не пришли в себя после проблем с производством фильма и превышением сметы, поэтому устраивать фильму &laquo;Луни Тьюнз: Снова в деле&raquo; шумную рекламную кампанию не стали.","type":"FACT","spoiler":false},{"value":"<a href=\"/name/14251/\" class=\"all\">Брендан Фрейзер</a> так хорошо озвучил Таза, что было решено заменить им постоянного актёра озвучивания <a href=\"/name/195/\" class=\"all\">Джима Каммингса</a>.","type":"FACT","spoiler":false},{"value":"Когда Даффи забирает свои вещи, в коробке видна фотография настоящих братьев Уорнеров — Джека Леонарда (1892-1978) и Гарри Морриса (1881-1958), основателей студии Warner Bros.","type":"FACT","spoiler":false},{"value":"Фильм планировался как продолжение картины &laquo;<a href=\"/film/8169/\" class=\"all\">Космический джем</a>&raquo; (<a href=\"/name/88268/\" class=\"all\">Джо Питка</a>, 1996). Считалось, что в главной роли сыграет <a href=\"/name/29855/\" class=\"all\">Джеки Чан</a>, однако дальше замысла дело так и не пошло.","type":"FACT","spoiler":false},{"value":"По традиции все анимационные персонажи в фильме нарисованы вручную. Трёхмерная компьютерная анимация использовалась только при создании объектов вроде космических кораблей, ракеты Вайла И. Койота, робота-собаки и морковок Багза.","type":"FACT","spoiler":false},{"value":"Элмер Фадд гонится за Багзом и Даффи по трём всемирно известным картинам. Это &laquo;Воскресный день на острове Гранд-Жатт&raquo; Жоржа Сёра (1859-1891) из Чикагского института искусств, &laquo;Постоянство памяти&raquo; Сальвадора Дали (1904-1989) из Музея современного искусства в Нью-Йорке и &laquo;Крик&raquo; Эдварда Мунка (1863-1944) из собрания музея Мунка в Осло.","type":"FACT","spoiler":false},{"value":"Автомобиль в фильме — это Tuscan независимой британской компании TVR. В Великобритании каждый год собирается порядка 1 000 таких автомобилей. На момент выхода фильма на экраны речи о сборке в США не шло.","type":"FACT","spoiler":false},{"value":"Во время драки в казино Даффи советует Ди Джею укусить кого-то за ухо. Это отсылка к инциденту с ухом <a href=\"/name/9842/\" class=\"all\">Эвандер Холлифилд</a>, которое в 1997-м году ему откусил боксёр <a href=\"/name/25852/\" class=\"all\">Майк Тайсон</a>.","type":"FACT","spoiler":false},{"value":"Когда Элмер Фадд гонится за Багзом и Даффи по музею, фоном звучит сюита из цикла &laquo;Картинки с выставки&raquo; Модеста Мусоргского (1839-1881) — своеобразной музыкальной прогулки по воображаемой выставочной галерее.","type":"FACT","spoiler":false}],"genres":[{"name":"мультфильм"},{"name":"комедия"},{"name":"приключения"},{"name":"семейный"}],"countries":[{"name":"Германия"},{"name":"США"}],"videos":{"trailers":[{"url":"https://widgets.kinopoisk.ru/discovery/trailer/4803?onlyPlayer=1&autoplay=1&cover=1","name":"Трейлер","site":"kinopoisk_widget"},{"url":"https://www.youtube.com/embed/WKix-x7tBv0","name":"Looney Tunes  Back in Action 2003 trailer","site":"youtube","type":"TRAILER"},{"url":"https://www.youtube.com/embed/5cKjOl2wr2A","name":"Looney Tunes: Back in Action - Trailer #1","site":"youtube","type":"TRAILER"},{"url":"https://www.youtube.com/embed/Wjvc6VYwe0I","name":"Looney Tunes: Back in Action (trailer 2)","site":"youtube","type":"TRAILER"},{"url":"https://www.youtube.com/embed/8Dp96EMpUf0","name":"Луни Тюнз: Снова в деле - Трейлер","site":"youtube","type":"TRAILER"}],"teasers":[]},"seasonsInfo":[],"persons":[{"id":14251,"photo":"https://st.kp.yandex.net/images/actor_iphone/iphone360_14251.jpg","name":"Брендан Фрейзер","enName":"Brendan Fraser","profession":"актеры","enProfession":"actor"},{"id":8806,"photo":"https://st.kp.yandex.net/images/actor_iphone/iphone360_8806.jpg","name":"Дженна Элфман","enName":"Jenna Elfman","profession":"актеры","enProfession":"actor"},{"id":25673,"photo":"https://st.kp.yandex.net/images/actor_iphone/iphone360_25673.jpg","name":"Стив Мартин","enName":"Steve Martin","profession":"актеры","enProfession":"actor"},{"id":380,"photo":"https://st.kp.yandex.net/images/actor_iphone/iphone360_380.jpg","name":"Тимоти Далтон","enName":"Timothy Dalton","profession":"актеры","enProfession":"actor"},{"id":32177,"photo":"https://st.kp.yandex.net/images/actor_iphone/iphone360_32177.jpg","name":"Хэзер Локлир","enName":"Heather Locklear","profession":"актеры","enProfession":"actor"},{"id":21823,"photo":"https://st.kp.yandex.net/images/actor_iphone/iphone360_21823.jpg","name":"Джоан Кьюсак","enName":"Joan Cusack","profession":"актеры","enProfession":"actor"},{"id":9025,"photo":"https://st.kp.yandex.net/images/actor_iphone/iphone360_9025.jpg","name":"Билл Голдберг","enName":"Bill Goldberg","profession":"актеры","enProfession":"actor"},{"id":33000,"photo":"https://st.kp.yandex.net/images/actor_iphone/iphone360_33000.jpg","name":"Дон Стэнтон","enName":"Don Stanton","profession":"актеры","enProfession":"actor"},{"id":32999,"photo":"https://st.kp.yandex.net/images/actor_iphone/iphone360_32999.jpg","name":"Дэн Стэнтон","enName":"Dan Stanton","profession":"актеры","enProfession":"actor"},{"id":32995,"photo":"https://st.kp.yandex.net/images/actor_iphone/iphone360_32995.jpg","name":"Дик Миллер","enName":"Dick Miller","profession":"актеры","enProfession":"actor"},{"id":2924,"photo":"https://st.kp.yandex.net/images/actor_iphone/iphone360_2924.jpg","name":"Роджер Корман","enName":"Roger Corman","profession":"актеры","enProfession":"actor"},{"id":32993,"photo":"https://st.kp.yandex.net/images/actor_iphone/iphone360_32993.jpg","name":"Кевин МакКарти","enName":"Kevin McCarthy","profession":"актеры","enProfession":"actor"},{"id":32989,"photo":"https://st.kp.yandex.net/images/actor_iphone/iphone360_32989.jpg","name":"Джефф Гордон","enName":"Jeff Gordon","profession":"актеры","enProfession":"actor"},{"id":13414,"photo":"https://st.kp.yandex.net/images/actor_iphone/iphone360_13414.jpg","name":"Мэттью Лиллард","enName":"Matthew Lillard","profession":"актеры","enProfession":"actor"},{"id":5373,"photo":"https://st.kp.yandex.net/images/actor_iphone/iphone360_5373.jpg","name":"Мэри Воронов","enName":"Mary Woronov","profession":"актеры","enProfession":"actor"},{"id":23669,"photo":"https://st.kp.yandex.net/images/actor_iphone/iphone360_23669.jpg","name":"Марк Лоуренс","enName":"Marc Lawrence","profession":"актеры","enProfession":"actor"},{"id":24275,"photo":"https://st.kp.yandex.net/images/actor_iphone/iphone360_24275.jpg","name":"Билл МакКинни","enName":"Bill McKinney","profession":"актеры","enProfession":"actor"},{"id":27684,"photo":"https://st.kp.yandex.net/images/actor_iphone/iphone360_27684.jpg","name":"Джордж Мёрдок","enName":"George Murdock","profession":"актеры","enProfession":"actor"},{"id":32998,"photo":"https://st.kp.yandex.net/images/actor_iphone/iphone360_32998.jpg","name":"Роберт Пикардо","enName":"Robert Picardo","profession":"актеры","enProfession":"actor"},{"id":6469,"photo":"https://st.kp.yandex.net/images/actor_iphone/iphone360_6469.jpg","name":"Рон Перлман","enName":"Ron Perlman","profession":"актеры","enProfession":"actor"},{"id":54347,"photo":"https://st.kp.yandex.net/images/actor_iphone/iphone360_54347.jpg","name":"Вернон Уэллс","enName":"Vernon Wells","profession":"актеры","enProfession":"actor"},{"id":5813,"photo":"https://st.kp.yandex.net/images/actor_iphone/iphone360_5813.jpg","name":"Лео Росси","enName":"Leo Rossi","profession":"актеры","enProfession":"actor"},{"id":41027,"photo":"https://st.kp.yandex.net/images/actor_iphone/iphone360_41027.jpg","name":"Арчи Хан","enName":"Archie Hahn","profession":"актеры","enProfession":"actor"},{"id":9566,"photo":"https://st.kp.yandex.net/images/actor_iphone/iphone360_9566.jpg","name":"Аллан Граф","enName":"Allan Graf","profession":"актеры","enProfession":"actor"},{"id":475844,"photo":"https://st.kp.yandex.net/images/actor_iphone/iphone360_475844.jpg","name":"Остин Кучия","enName":"Austyn Cuccia","profession":"актеры","enProfession":"actor"},{"id":475845,"photo":"https://st.kp.yandex.net/images/actor_iphone/iphone360_475845.jpg","name":"Мари-Клод Жак","enName":"Marie-Claude Jacques","profession":"актеры","enProfession":"actor"},{"id":45566,"photo":"https://st.kp.yandex.net/images/actor_iphone/iphone360_45566.jpg","name":"Майкл Азриа","enName":"Michael Azria","profession":"актеры","enProfession":"actor"},{"id":475846,"photo":"https://st.kp.yandex.net/images/actor_iphone/iphone360_475846.jpg","name":"Дэн Романелли","enName":"Dan Romanelli","profession":"актеры","enProfession":"actor"},{"id":1347642,"photo":"https://st.kp.yandex.net/images/actor_iphone/iphone360_1347642.jpg","name":"Райан Макон","enName":"Ryan Macon","profession":"актеры","enProfession":"actor"},{"id":119921,"photo":"https://st.kp.yandex.net/images/actor_iphone/iphone360_119921.jpg","name":"Кевин Томпсон","enName":"Kevin Thompson","profession":"актеры","enProfession":"actor"},{"id":13592,"photo":"https://st.kp.yandex.net/images/actor_iphone/iphone360_13592.jpg","name":"Артуро Джил","enName":"Arturo Gil","profession":"актеры","enProfession":"actor"},{"id":39196,"photo":"https://st.kp.yandex.net/images/actor_iphone/iphone360_39196.jpg","name":"Гэбриел Пиментель","enName":"Gabriel Pimentel","profession":"актеры","enProfession":"actor"},{"id":32987,"photo":"https://st.kp.yandex.net/images/actor_iphone/iphone360_32987.jpg","name":"Стив Бабиар","enName":"Steve Babiar","profession":"актеры","enProfession":"actor"},{"id":1980,"photo":"https://st.kp.yandex.net/images/actor_iphone/iphone360_1980.jpg","name":"Мартин Клебба","enName":"Martin Klebba","profession":"актеры","enProfession":"actor"},{"id":8832,"photo":"https://st.kp.yandex.net/images/actor_iphone/iphone360_8832.jpg","name":"Джо Аляски","enName":"Joe Alaskey","profession":"актеры","enProfession":"actor"},{"id":42534,"photo":"https://st.kp.yandex.net/images/actor_iphone/iphone360_42534.jpg","name":"Джефф Беннетт","enName":"Jeff Bennett","profession":"актеры","enProfession":"actor"},{"id":8845,"photo":"https://st.kp.yandex.net/images/actor_iphone/iphone360_8845.jpg","name":"Билли Уэст","enName":"Billy West","profession":"актеры","enProfession":"actor"},{"id":29090,"photo":"https://st.kp.yandex.net/images/actor_iphone/iphone360_29090.jpg","name":"Эрик Голдберг","enName":"Eric Goldberg","profession":"актеры","enProfession":"actor"},{"id":52561,"photo":"https://st.kp.yandex.net/images/actor_iphone/iphone360_52561.jpg","name":"Брюс Ланойл","enName":"Bruce Lanoil","profession":"актеры","enProfession":"actor"},{"id":55447,"photo":"https://st.kp.yandex.net/images/actor_iphone/iphone360_55447.jpg","name":"Джун Форэй","enName":"June Foray","profession":"актеры","enProfession":"actor"},{"id":7321,"photo":"https://st.kp.yandex.net/images/actor_iphone/iphone360_7321.jpg","name":"Боб Берген","enName":"Bob Bergen","profession":"актеры","enProfession":"actor"},{"id":8839,"photo":"https://st.kp.yandex.net/images/actor_iphone/iphone360_8839.jpg","name":"Кэйси Касем","enName":"Casey Kasem","profession":"актеры","enProfession":"actor"},{"id":8967,"photo":"https://st.kp.yandex.net/images/actor_iphone/iphone360_8967.jpg","name":"Фрэнк Уэлкер","enName":"Frank Welker","profession":"актеры","enProfession":"actor"},{"id":103783,"photo":"https://st.kp.yandex.net/images/actor_iphone/iphone360_103783.jpg","name":"Дэн Чэмберс","enName":"Danny Chambers","profession":"актеры","enProfession":"actor"},{"id":21364,"photo":"https://st.kp.yandex.net/images/actor_iphone/iphone360_21364.jpg","name":"Стэн Фреберг","enName":"Stan Freberg","profession":"актеры","enProfession":"actor"},{"id":99344,"photo":"https://st.kp.yandex.net/images/actor_iphone/iphone360_99344.jpg","name":"Уилл Райан","enName":"Will Ryan","profession":"актеры","enProfession":"actor"},{"id":7334,"photo":"https://st.kp.yandex.net/images/actor_iphone/iphone360_7334.jpg","name":"Дэнни Манн","enName":"Danny Mann","profession":"актеры","enProfession":"actor"},{"id":54987,"photo":"https://st.kp.yandex.net/images/actor_iphone/iphone360_54987.jpg","name":"Мэл Бланк","enName":"Mel Blanc","profession":"актеры","enProfession":"actor"},{"id":32305,"photo":"https://st.kp.yandex.net/images/actor_iphone/iphone360_32305.jpg","name":"Тара Уилсон","enName":"Tara Wilson","profession":"актеры","enProfession":"actor"},{"id":475849,"photo":"https://st.kp.yandex.net/images/actor_iphone/iphone360_475849.jpg","name":"Тани МакКолл","enName":"Tanee McCall","profession":"актеры","enProfession":"actor"},{"id":475850,"photo":"https://st.kp.yandex.net/images/actor_iphone/iphone360_475850.jpg","name":"Джелси Уайсс","enName":"Gelsey Weiss","profession":"актеры","enProfession":"actor"},{"id":475783,"photo":"https://st.kp.yandex.net/images/actor_iphone/iphone360_475783.jpg","name":"Бренда Мэй Хэмилтон","enName":"Brenda Mae Hamilton","profession":"актеры","enProfession":"actor"},{"id":38315,"photo":"https://st.kp.yandex.net/images/actor_iphone/iphone360_38315.jpg","name":"Лиз Рамос","enName":"Liz Ramos","profession":"актеры","enProfession":"actor"},{"id":475851,"photo":"https://st.kp.yandex.net/images/actor_iphone/iphone360_475851.jpg","name":"Эмили Роуз Захари","enName":"Emily Rose Zachary","profession":"актеры","enProfession":"actor"},{"id":16084,"photo":"https://st.kp.yandex.net/images/actor_iphone/iphone360_16084.jpg","name":"Бекка Свейцер","enName":"Becca Sweitzer","profession":"актеры","enProfession":"actor"},{"id":34149,"photo":"https://st.kp.yandex.net/images/actor_iphone/iphone360_34149.jpg","name":"Джанина Гаррауэй","enName":"Janina Garraway","profession":"актеры","enProfession":"actor"},{"id":16086,"photo":"https://st.kp.yandex.net/images/actor_iphone/iphone360_16086.jpg","name":"Алиша Вилер","enName":"Alysha Wheeler","profession":"актеры","enProfession":"actor"},{"id":32988,"photo":"https://st.kp.yandex.net/images/actor_iphone/iphone360_32988.jpg","name":"Мики Дюран","enName":"Micki Duran","profession":"актеры","enProfession":"actor"},{"id":475852,"photo":"https://st.kp.yandex.net/images/actor_iphone/iphone360_475852.jpg","name":"Чи Джонсон","enName":"Chi Johnson","profession":"актеры","enProfession":"actor"},{"id":22641,"photo":"https://st.kp.yandex.net/images/actor_iphone/iphone360_22641.jpg","name":"Шилан Спенсер","enName":"Shealan Spencer","profession":"актеры","enProfession":"actor"},{"id":32711,"photo":"https://st.kp.yandex.net/images/actor_iphone/iphone360_32711.jpg","name":"Шанти Лоури","enName":"Shanti Lowry","profession":"актеры","enProfession":"actor"},{"id":11203,"photo":"https://st.kp.yandex.net/images/actor_iphone/iphone360_11203.jpg","name":"Брэндон Хеншель","enName":"Brandon Henschel","profession":"актеры","enProfession":"actor"},{"id":52589,"photo":"https://st.kp.yandex.net/images/actor_iphone/iphone360_52589.jpg","name":"Эрика Гадис","enName":"Erica Gudis","profession":"актеры","enProfession":"actor"},{"id":24009,"photo":"https://st.kp.yandex.net/images/actor_iphone/iphone360_24009.jpg","name":"Джон Манро Камерон","enName":"John Munro Cameron","profession":"актеры","enProfession":"actor"},{"id":24689,"photo":"https://st.kp.yandex.net/images/actor_iphone/iphone360_24689.jpg","name":"Питер Грейвз","enName":"Peter Graves","profession":"актеры","enProfession":"actor"},{"id":32991,"photo":"https://st.kp.yandex.net/images/actor_iphone/iphone360_32991.jpg","name":"Глен Хамбли","enName":"Glen Hambly","profession":"актеры","enProfession":"actor"},{"id":425043,"photo":"https://st.kp.yandex.net/images/actor_iphone/iphone360_425043.jpg","name":"Питер Хоукинс","enName":"Peter Hawkins","profession":"актеры","enProfession":"actor"},{"id":67609,"photo":"https://st.kp.yandex.net/images/actor_iphone/iphone360_67609.jpg","name":"Майкл Джордан","enName":"Michael Jordan","profession":"актеры","enProfession":"actor"},{"id":479006,"photo":"https://st.kp.yandex.net/images/actor_iphone/iphone360_479006.jpg","name":"Луис Кишш","enName":"Louis Kiss","profession":"актеры","enProfession":"actor"},{"id":32992,"photo":"https://st.kp.yandex.net/images/actor_iphone/iphone360_32992.jpg","name":"Никки Мартин","enName":"Nikki Martin","profession":"актеры","enProfession":"actor"},{"id":32996,"photo":"https://st.kp.yandex.net/images/actor_iphone/iphone360_32996.jpg","name":"Мэри Митчел","enName":"Mary Mitchel","profession":"актеры","enProfession":"actor"},{"id":45035,"photo":"https://st.kp.yandex.net/images/actor_iphone/iphone360_45035.jpg","name":"Лаура Оррико","enName":"Laura Orrico","profession":"актеры","enProfession":"actor"},{"id":32997,"photo":"https://st.kp.yandex.net/images/actor_iphone/iphone360_32997.jpg","name":"Роберт Париджи","enName":"Robert Parigi","profession":"актеры","enProfession":"actor"},{"id":8842,"photo":"https://st.kp.yandex.net/images/actor_iphone/iphone360_8842.jpg","name":"Филип Проктор","enName":"Phil Proctor","profession":"актеры","enProfession":"actor"},{"id":47274,"photo":"https://st.kp.yandex.net/images/actor_iphone/iphone360_47274.jpg","name":"Питер Ренадэй","enName":"Peter Renaday","profession":"актеры","enProfession":"actor"},{"id":33003,"photo":"https://st.kp.yandex.net/images/actor_iphone/iphone360_33003.jpg","name":"Дин Рицца","enName":"Dean Ricca","profession":"актеры","enProfession":"actor"},{"id":139357,"photo":"https://st.kp.yandex.net/images/actor_iphone/iphone360_139357.jpg","name":"Робот Робби","enName":"Robby the Robot","profession":"актеры","enProfession":"actor"},{"id":479007,"photo":"https://st.kp.yandex.net/images/actor_iphone/iphone360_479007.jpg","name":"Марк Таварес","enName":"Mark Tavares","profession":"актеры","enProfession":"actor"},{"id":554284,"photo":"https://st.kp.yandex.net/images/actor_iphone/iphone360_554284.jpg","name":"Китон Тиндэлл","enName":"Keaton Tyndall","profession":"актеры","enProfession":"actor"},{"id":554285,"photo":"https://st.kp.yandex.net/images/actor_iphone/iphone360_554285.jpg","name":"Кайли Тиндэлл","enName":"Kylie Tyndall","profession":"актеры","enProfession":"actor"},{"id":33002,"photo":"https://st.kp.yandex.net/images/actor_iphone/iphone360_33002.jpg","name":"Марк Виниелло","enName":"Mark Viniello","profession":"актеры","enProfession":"actor"},{"id":14271,"photo":"https://st.kp.yandex.net/images/actor_iphone/iphone360_14271.jpg","name":"Том Вудрафф мл.","enName":"Tom Woodruff Jr.","profession":"актеры","enProfession":"actor"},{"id":128785,"photo":"https://st.kp.yandex.net/images/actor_iphone/iphone360_128785.jpg","name":"Джерри Голдсмит","enName":"Jerry Goldsmith","profession":"композиторы","enProfession":"composer"},{"id":587128,"photo":"https://st.kp.yandex.net/images/actor_iphone/iphone360_587128.jpg","name":"Билл Брзески","enName":"Bill Brzeski","profession":"художники","enProfession":"designer"},{"id":2112496,"photo":"https://st.kp.yandex.net/images/actor_iphone/iphone360_2112496.jpg","name":"Боб Бойл","enName":"Bob Boyle","profession":"художники","enProfession":"designer"},{"id":2006947,"photo":"https://st.kp.yandex.net/images/actor_iphone/iphone360_2006947.jpg","name":"Пол Сонски","enName":"Paul Sonski","profession":"художники","enProfession":"designer"},{"id":2006948,"photo":"https://st.kp.yandex.net/images/actor_iphone/iphone360_2006948.jpg","name":"Стелла Ваккаро","enName":"Stella Vaccaro","profession":"художники","enProfession":"designer"},{"id":1529346,"photo":"https://st.kp.yandex.net/images/actor_iphone/iphone360_1529346.jpg","name":"Мэри Е. Вогт","enName":"Mary E. Vogt","profession":"художники","enProfession":"designer"},{"id":1988031,"photo":"https://st.kp.yandex.net/images/actor_iphone/iphone360_1988031.jpg","name":"Лиза К. Сессионс","enName":"Lisa K. Sessions","profession":"художники","enProfession":"designer"},{"id":3124,"photo":"https://st.kp.yandex.net/images/actor_iphone/iphone360_3124.jpg","name":"Джо Данте","enName":"Joe Dante","profession":"режиссеры","enProfession":"director"},{"id":29090,"photo":"https://st.kp.yandex.net/images/actor_iphone/iphone360_29090.jpg","name":"Эрик Голдберг","enName":"Eric Goldberg","profession":"режиссеры","enProfession":"director"},{"id":2006946,"photo":"https://st.kp.yandex.net/images/actor_iphone/iphone360_2006946.jpg","name":"Рик Финни","enName":"Rick Finney","profession":"монтажеры","enProfession":"editor"},{"id":318428,"photo":"https://st.kp.yandex.net/images/actor_iphone/iphone360_318428.jpg","name":"Маршалл Харви","enName":"Marshall Harvey","profession":"монтажеры","enProfession":"editor"},{"id":101732,"photo":"https://st.kp.yandex.net/images/actor_iphone/iphone360_101732.jpg","name":"Дин Канди","enName":"Dean Cundey","profession":"операторы","enProfession":"operator"},{"id":3425276,"photo":"https://st.kp.yandex.net/images/actor_iphone/iphone360_3425276.jpg","name":null,"enName":"Pierluigi De Mas","profession":"продюсеры","enProfession":"producer"},{"id":33006,"photo":"https://st.kp.yandex.net/images/actor_iphone/iphone360_33006.jpg","name":"Берни Голдманн","enName":"Bernie Goldmann","profession":"продюсеры","enProfession":"producer"},{"id":8286,"photo":"https://st.kp.yandex.net/images/actor_iphone/iphone360_8286.jpg","name":"Джоэль Саймон","enName":"Joel Simon","profession":"продюсеры","enProfession":"producer"},{"id":171,"photo":"https://st.kp.yandex.net/images/actor_iphone/iphone360_171.jpg","name":"Паула Вайнштейн","enName":"Paula Weinstein","profession":"продюсеры","enProfession":"producer"},{"id":1616407,"photo":"https://st.kp.yandex.net/images/actor_iphone/iphone360_1616407.jpg","name":"Всеволод Кузнецов","enName":null,"profession":"актеры дубляжа","enProfession":"voice_actor"},{"id":269650,"photo":"https://st.kp.yandex.net/images/actor_iphone/iphone360_269650.jpg","name":"Любовь Германова","enName":null,"profession":"актеры дубляжа","enProfession":"voice_actor"},{"id":1078857,"photo":"https://st.kp.yandex.net/images/actor_iphone/iphone360_1078857.jpg","name":"Алексей Колган","enName":null,"profession":"актеры дубляжа","enProfession":"voice_actor"},{"id":261729,"photo":"https://st.kp.yandex.net/images/actor_iphone/iphone360_261729.jpg","name":"Владимир Антоник","enName":null,"profession":"актеры дубляжа","enProfession":"voice_actor"},{"id":1649301,"photo":"https://st.kp.yandex.net/images/actor_iphone/iphone360_1649301.jpg","name":"Ольга Голованова","enName":null,"profession":"актеры дубляжа","enProfession":"voice_actor"},{"id":297906,"photo":"https://st.kp.yandex.net/images/actor_iphone/iphone360_297906.jpg","name":"Наталья Гурзо","enName":null,"profession":"актеры дубляжа","enProfession":"voice_actor"},{"id":320243,"photo":"https://st.kp.yandex.net/images/actor_iphone/iphone360_320243.jpg","name":"Виктор Петров","enName":null,"profession":"актеры дубляжа","enProfession":"voice_actor"},{"id":1232680,"photo":"https://st.kp.yandex.net/images/actor_iphone/iphone360_1232680.jpg","name":"Илья Бледный","enName":null,"profession":"актеры дубляжа","enProfession":"voice_actor"},{"id":281059,"photo":"https://st.kp.yandex.net/images/actor_iphone/iphone360_281059.jpg","name":"Александр Рыжков","enName":null,"profession":"актеры дубляжа","enProfession":"voice_actor"},{"id":284235,"photo":"https://st.kp.yandex.net/images/actor_iphone/iphone360_284235.jpg","name":"Дальвин Щербаков","enName":null,"profession":"актеры дубляжа","enProfession":"voice_actor"},{"id":290228,"photo":"https://st.kp.yandex.net/images/actor_iphone/iphone360_290228.jpg","name":"Вячеслав Баранов","enName":null,"profession":"актеры дубляжа","enProfession":"voice_actor"},{"id":1079073,"photo":"https://st.kp.yandex.net/images/actor_iphone/iphone360_1079073.jpg","name":"Андрей Бархударов","enName":null,"profession":"актеры дубляжа","enProfession":"voice_actor"},{"id":1492686,"photo":"https://st.kp.yandex.net/images/actor_iphone/iphone360_1492686.jpg","name":"Андрей Ярославцев","enName":null,"profession":"актеры дубляжа","enProfession":"voice_actor"},{"id":224608,"photo":"https://st.kp.yandex.net/images/actor_iphone/iphone360_224608.jpg","name":"Борис Шувалов","enName":null,"profession":"актеры дубляжа","enProfession":"voice_actor"},{"id":287613,"photo":"https://st.kp.yandex.net/images/actor_iphone/iphone360_287613.jpg","name":"Сергей Чекан","enName":null,"profession":"актеры дубляжа","enProfession":"voice_actor"},{"id":1419143,"photo":"https://st.kp.yandex.net/images/actor_iphone/iphone360_1419143.jpg","name":"Дмитрий Филимонов","enName":null,"profession":"актеры дубляжа","enProfession":"voice_actor"},{"id":1604859,"photo":"https://st.kp.yandex.net/images/actor_iphone/iphone360_1604859.jpg","name":"Борис Токарев","enName":null,"profession":"актеры дубляжа","enProfession":"voice_actor"},{"id":1622833,"photo":"https://st.kp.yandex.net/images/actor_iphone/iphone360_1622833.jpg","name":"Павел Сметанкин","enName":null,"profession":"актеры дубляжа","enProfession":"voice_actor"},{"id":2921158,"photo":"https://st.kp.yandex.net/images/actor_iphone/iphone360_2921158.jpg","name":"Михаил Исхаков","enName":null,"profession":"актеры дубляжа","enProfession":"voice_actor"},{"id":32947,"photo":"https://st.kp.yandex.net/images/actor_iphone/iphone360_32947.jpg","name":"Ларри Дойл","enName":"Larry Doyle","profession":"редакторы","enProfession":"writer"}],"typeNumber":3,"alternativeName":"Looney Tunes: Back in Action","enName":null,"names":[{"name":"Луни Тюнз: Снова в деле"},{"name":"Looney Tunes: Back in Action"}],"ageRating":12,"ratingMpaa":"pg","similarMovies":[{"id":7108,"name":"Кто подставил кролика Роджера","enName":null,"alternativeName":"Who Framed Roger Rabbit","type":"cartoon","poster":{"url":"https://avatars.mds.yandex.net/get-kinopoisk-image/1629390/f98f19c7-b2be-4719-9091-0c4eb2b29332/orig","previewUrl":"https://avatars.mds.yandex.net/get-kinopoisk-image/1629390/f98f19c7-b2be-4719-9091-0c4eb2b29332/x1000"}},{"id":9319,"name":"Параллельный мир","enName":null,"alternativeName":"Cool World","type":"cartoon","poster":{"url":"https://avatars.mds.yandex.net/get-kinopoisk-image/1629390/3fc8ff06-d902-4a78-8e26-a4e7efe8bbc9/orig","previewUrl":"https://avatars.mds.yandex.net/get-kinopoisk-image/1629390/3fc8ff06-d902-4a78-8e26-a4e7efe8bbc9/x1000"}},{"id":1593,"name":"Приключения Рокки и Буллвинкля","enName":null,"alternativeName":"The Adventures of Rocky & Bullwinkle","type":"cartoon","poster":{"url":"https://avatars.mds.yandex.net/get-kinopoisk-image/1898899/0e0bb79e-0e88-495e-8433-1bf3fb4aec3d/orig","previewUrl":"https://avatars.mds.yandex.net/get-kinopoisk-image/1898899/0e0bb79e-0e88-495e-8433-1bf3fb4aec3d/x1000"}}],"imagesInfo":{"framesCount":33},"shortDescription":"Багз Банни и компания спасают звезду шпионских фильмов. Анимационно-игровые приключения в разных уголках Земли","sequelsAndPrequels":[{"id":841747,"name":"Космический джем: Новое поколение","enName":null,"alternativeName":"Space Jam: A New Legacy","type":"cartoon","poster":{"url":"https://avatars.mds.yandex.net/get-kinopoisk-image/1629390/4684938c-1fe1-4f3c-b254-f123d250c618/orig","previewUrl":"https://avatars.mds.yandex.net/get-kinopoisk-image/1629390/4684938c-1fe1-4f3c-b254-f123d250c618/x1000"}}],"logo":{"url":"https://avatars.mds.yandex.net/get-ott/2419418/2a0000017b183a2385fa3324add652e97ea1/orig"},"watchability":{"items":null},"top10":null,"top250":null}