{"fees":{"world":{"value":131095614,"currency":"$"},"russia":{"value":303000,"currency":"$"},"usa":{"value":81261177,"currency":"$"}},"status":null,"externalId":{"kpHD":"4f3b0f4783edcde2b885bbebf10e8a28","imdb":"tt0332379","tmdb":1584},"rating":{"kp":7.166,"imdb":7.2,"filmCritics":7.7,"russianFilmCritics":0,"await":0},"votes":{"kp":48048,"imdb":313858,"filmCritics":200,"russianFilmCritics":1,"await":0},"backdrop":{"url":"https://avatars.mds.yandex.net/get-ott/2439731/2a0000016e6f9794b0082494237664e94926/orig","previewUrl":"https://avatars.mds.yandex.net/get-ott/2439731/2a0000016e6f9794b0082494237664e94926/x1000"},"movieLength":109,"productionCompanies":[{"name":"Paramount","url":"https://www.themoviedb.org/t/p/original/fycMZt242LVjagMByZOLUGbCvv3.png","previewUrl":"https://www.themoviedb.org/t/p/w500/fycMZt242LVjagMByZOLUGbCvv3.png"},{"name":"Scott Rudin Productions","url":null,"previewUrl":null},{"name":"NEW Century","url":null,"previewUrl":null},{"name":"MFP Munich Film Partners GmbH & Company I. Produktions KG","url":null,"previewUrl":null},{"name":"Sor Productions","url":null,"previewUrl":null}],"id":2519,"type":"movie","name":"Школа рока","description":"После нескольких лет подъема блестящая карьера рок-звезды Дьюи Финна заканчивается полным провалом. Все, что его теперь ждет, это неоплаченные долги и тяжелая депрессия. Но, перехватив не предназначавшийся ему телефонный звонок и придя в изумление от зарплаты (650 долларов в неделю), Дьюи устраивается работать в частную школу.\n\nЕго отношение к музыке и детям творит там чудеса, и вскоре появляется возможность начать звездную карьеру заново. Нужно только выиграть конкурс лучших рок-групп – и все проблемы легко разрешатся. Дьюи полон оптимизма, ведь вместе с ним его новый друг - девятилетний Зак, виртуозно играющий на гитаре!","premiere":{"country":"Канада","world":"2003-09-09T00:00:00.000Z","russia":"2004-02-26T00:00:00.000Z","cinema":"2004-02-26T00:00:00.000Z"},"slogan":"Нам не нужно образование","year":2003,"budget":{"value":35000000,"currency":"$"},"poster":{"url":"https://st.kp.yandex.net/images/film_big/2519.jpg","previewUrl":"https://st.kp.yandex.net/images/film_iphone/iphone360_2519.jpg"},"facts":[{"value":"Идея фильма пришла в голову сценаристу Майку Уайту, когда он стал соседом Джека Блэка. Уайт часто видел этого актера бегающим голым по коридорам и слышал музыку, которую Блэк включал в своей квартире на полную громкость (эта музыка была потом использована в картине). Уайт также сыграл в фильме учителя, которого заменил Дьюи (Блэк).","type":"FACT","spoiler":false},{"value":"Первоначально к проекту был привлечен режиссер Стивен Фрирс.","type":"FACT","spoiler":false},{"value":"Джек Блэк получил роль учителя-музыканта совсем не случайно, поскольку он известен еще и как гитарист и певец, выступающий в пародийной рок-группе “Tenacious D”.","type":"FACT","spoiler":false},{"value":"В финальной сцене, когда герой Джека Блэка прыгает со сцены на зрителей, актера страховали каскадеры.","type":"FACT","spoiler":false},{"value":"Все автомобили, на которых ездят родители учеников, одной марки — Volvo.","type":"FACT","spoiler":false},{"value":"Участники рок-группы Led Zeppelin, которые, как правило, неохотно  дают разрешение на использование своей музыки в коммерческих целях, позволили включить в фильм песню «Immigrant Song», поскольку создатели ленты обратились с этой просьбой в довольно необычной форме. Это обращение было снято режиссером картины Ричардом Линклэйтером на пленку; в ролике, который потом вошел в DVD-версию фильма, Джек Блэк в присутствии тысячи кричащих фанатов просит Led Zeppelin оказать ему эту услугу.","type":"FACT","spoiler":false}],"genres":[{"name":"комедия"},{"name":"музыка"}],"countries":[{"name":"США"},{"name":"Германия"}],"videos":{"trailers":[{"url":"https://widgets.kinopoisk.ru/discovery/trailer/55589?onlyPlayer=1&autoplay=1&cover=1","name":"Французский тизер","site":"kinopoisk_widget"},{"url":"https://widgets.kinopoisk.ru/discovery/trailer/3242?onlyPlayer=1&autoplay=1&cover=1","name":"Видеоклип «School of Rock»","site":"kinopoisk_widget"},{"url":"https://widgets.kinopoisk.ru/discovery/trailer/491?onlyPlayer=1&autoplay=1&cover=1","name":"Трейлер","site":"kinopoisk_widget"},{"url":"https://www.youtube.com/embed/l_ngIv5kFNY","name":"YouTube Movies Trailer","site":"youtube","type":"TRAILER"},{"url":"https://www.youtube.com/embed/_AjjRZhiWHI","name":"SCHOOL OF ROCK (TRAILER)","site":"youtube","type":"TRAILER"}],"teasers":[]},"seasonsInfo":[],"persons":[{"id":23724,"photo":"https://st.kp.yandex.net/images/actor_iphone/iphone360_23724.jpg","name":"Джек Блэк","enName":"Jack Black","profession":"актеры","enProfession":"actor"},{"id":21823,"photo":"https://st.kp.yandex.net/images/actor_iphone/iphone360_21823.jpg","name":"Джоан Кьюсак","enName":"Joan Cusack","profession":"актеры","enProfession":"actor"},{"id":11255,"photo":"https://st.kp.yandex.net/images/actor_iphone/iphone360_11255.jpg","name":"Майк Уайт","enName":"Mike White","profession":"актеры","enProfession":"actor"},{"id":7102,"photo":"https://st.kp.yandex.net/images/actor_iphone/iphone360_7102.jpg","name":"Сара Силверман","enName":"Sarah Silverman","profession":"актеры","enProfession":"actor"},{"id":26502,"photo":"https://st.kp.yandex.net/images/actor_iphone/iphone360_26502.jpg","name":"Адам Паскаль","enName":"Adam Pascal","profession":"актеры","enProfession":"actor"},{"id":230878,"photo":"https://st.kp.yandex.net/images/actor_iphone/iphone360_230878.jpg","name":"Лукас Папаэлиас","enName":"Lucas Papaelias","profession":"актеры","enProfession":"actor"},{"id":44297,"photo":"https://st.kp.yandex.net/images/actor_iphone/iphone360_44297.jpg","name":"Крис Стэк","enName":"Chris Stack","profession":"актеры","enProfession":"actor"},{"id":45058,"photo":"https://st.kp.yandex.net/images/actor_iphone/iphone360_45058.jpg","name":"Лукас Бабин","enName":"Lucas Babin","profession":"актеры","enProfession":"actor"},{"id":33022,"photo":"https://st.kp.yandex.net/images/actor_iphone/iphone360_33022.jpg","name":"Джордан-Клэр Грин","enName":"Jordan-Claire Green","profession":"актеры","enProfession":"actor"},{"id":33021,"photo":"https://st.kp.yandex.net/images/actor_iphone/iphone360_33021.jpg","name":"Вероника Аффлербах","enName":"Veronica Afflerbach","profession":"актеры","enProfession":"actor"},{"id":33016,"photo":"https://st.kp.yandex.net/images/actor_iphone/iphone360_33016.jpg","name":"Миранда Косгров","enName":"Miranda Cosgrove","profession":"актеры","enProfession":"actor"},{"id":33009,"photo":"https://st.kp.yandex.net/images/actor_iphone/iphone360_33009.jpg","name":"Джои Гейдос","enName":"Joey Gaydos Jr.","profession":"актеры","enProfession":"actor"},{"id":33014,"photo":"https://st.kp.yandex.net/images/actor_iphone/iphone360_33014.jpg","name":"Роберт Тсаи","enName":"Robert Tsai","profession":"актеры","enProfession":"actor"},{"id":33020,"photo":"https://st.kp.yandex.net/images/actor_iphone/iphone360_33020.jpg","name":"Анджело Массагли","enName":"Angelo Massagli","profession":"актеры","enProfession":"actor"},{"id":33011,"photo":"https://st.kp.yandex.net/images/actor_iphone/iphone360_33011.jpg","name":"Кевин Александер Кларк","enName":"Kevin Alexander Clark","profession":"актеры","enProfession":"actor"},{"id":33010,"photo":"https://st.kp.yandex.net/images/actor_iphone/iphone360_33010.jpg","name":"Мэриам Хассан","enName":"Maryam Hassan","profession":"актеры","enProfession":"actor"},{"id":33015,"photo":"https://st.kp.yandex.net/images/actor_iphone/iphone360_33015.jpg","name":"Кэйтлин Хейл","enName":"Caitlin Hale","profession":"актеры","enProfession":"actor"},{"id":3150,"photo":"https://st.kp.yandex.net/images/actor_iphone/iphone360_3150.jpg","name":"Коул Хоукинс","enName":"Cole Hawkins","profession":"актеры","enProfession":"actor"},{"id":33017,"photo":"https://st.kp.yandex.net/images/actor_iphone/iphone360_33017.jpg","name":"Брайан Фалдуто","enName":"Brian Falduto","profession":"актеры","enProfession":"actor"},{"id":33019,"photo":"https://st.kp.yandex.net/images/actor_iphone/iphone360_33019.jpg","name":"Джеймс Хоузи","enName":"James Hosey","profession":"актеры","enProfession":"actor"},{"id":27217,"photo":"https://st.kp.yandex.net/images/actor_iphone/iphone360_27217.jpg","name":"Алейша Аллен","enName":"Aleisha Allen","profession":"актеры","enProfession":"actor"},{"id":33018,"photo":"https://st.kp.yandex.net/images/actor_iphone/iphone360_33018.jpg","name":"Захари Инфанте","enName":"Z Infante","profession":"актеры","enProfession":"actor"},{"id":33012,"photo":"https://st.kp.yandex.net/images/actor_iphone/iphone360_33012.jpg","name":"Ребекка Браун","enName":"Rivkah Reyes","profession":"актеры","enProfession":"actor"},{"id":475853,"photo":"https://st.kp.yandex.net/images/actor_iphone/iphone360_475853.jpg","name":"Жаклин Нейденталь","enName":"Jaclyn Neidenthal","profession":"актеры","enProfession":"actor"},{"id":67934,"photo":"https://st.kp.yandex.net/images/actor_iphone/iphone360_67934.jpg","name":"Сьюззанн Дугласс","enName":"Suzzanne Douglas","profession":"актеры","enProfession":"actor"},{"id":33898,"photo":"https://st.kp.yandex.net/images/actor_iphone/iphone360_33898.jpg","name":"Эрон Откасик","enName":"Eron Otcasek","profession":"актеры","enProfession":"actor"},{"id":481568,"photo":"https://st.kp.yandex.net/images/actor_iphone/iphone360_481568.jpg","name":"Карлос Веласкес","enName":"Carlos Velazquez","profession":"актеры","enProfession":"actor"},{"id":475854,"photo":"https://st.kp.yandex.net/images/actor_iphone/iphone360_475854.jpg","name":"Кимберли Григсби","enName":"Kimberly Grigsby","profession":"актеры","enProfession":"actor"},{"id":48407,"photo":"https://st.kp.yandex.net/images/actor_iphone/iphone360_48407.jpg","name":"Ли Уилкоф","enName":"Lee Wilkof","profession":"актеры","enProfession":"actor"},{"id":53146,"photo":"https://st.kp.yandex.net/images/actor_iphone/iphone360_53146.jpg","name":"Кейт Макгрегор-Стюарт","enName":"Kate McGregor-Stewart","profession":"актеры","enProfession":"actor"},{"id":12640,"photo":"https://st.kp.yandex.net/images/actor_iphone/iphone360_12640.jpg","name":"Уолли Данн","enName":"Wally Dunn","profession":"актеры","enProfession":"actor"},{"id":44683,"photo":"https://st.kp.yandex.net/images/actor_iphone/iphone360_44683.jpg","name":"Тим Хоппер","enName":"Tim Hopper","profession":"актеры","enProfession":"actor"},{"id":475855,"photo":"https://st.kp.yandex.net/images/actor_iphone/iphone360_475855.jpg","name":"Майкл Домингес-Рудольф","enName":"Michael Dominguez-Rudolph","profession":"актеры","enProfession":"actor"},{"id":475856,"photo":"https://st.kp.yandex.net/images/actor_iphone/iphone360_475856.jpg","name":"Крэш Кортез","enName":"Crash Cortez","profession":"актеры","enProfession":"actor"},{"id":7094,"photo":"https://st.kp.yandex.net/images/actor_iphone/iphone360_7094.jpg","name":"Никки Кэтт","enName":"Nicky Katt","profession":"актеры","enProfession":"actor"},{"id":475857,"photo":"https://st.kp.yandex.net/images/actor_iphone/iphone360_475857.jpg","name":"Джон Хигсмит","enName":"John Highsmith","profession":"актеры","enProfession":"actor"},{"id":38711,"photo":"https://st.kp.yandex.net/images/actor_iphone/iphone360_38711.jpg","name":"Хезер Голденхерш","enName":"Heather Goldenhersh","profession":"актеры","enProfession":"actor"},{"id":48261,"photo":"https://st.kp.yandex.net/images/actor_iphone/iphone360_48261.jpg","name":"Тимоти «Спид» Левич","enName":"Timothy «Speed» Levitch","profession":"актеры","enProfession":"actor"},{"id":517994,"photo":"https://st.kp.yandex.net/images/actor_iphone/iphone360_517994.jpg","name":"Скотт Грэхэм","enName":"Scott Graham","profession":"актеры","enProfession":"actor"},{"id":2355,"photo":"https://st.kp.yandex.net/images/actor_iphone/iphone360_2355.jpg","name":"Шэрон Вашингтон","enName":"Sharon Washington","profession":"актеры","enProfession":"actor"},{"id":243188,"photo":"https://st.kp.yandex.net/images/actor_iphone/iphone360_243188.jpg","name":"Ким Брокингтон","enName":"Kim Brockington","profession":"актеры","enProfession":"actor"},{"id":475859,"photo":"https://st.kp.yandex.net/images/actor_iphone/iphone360_475859.jpg","name":"Марти Мерфи","enName":"Marty Murphy","profession":"актеры","enProfession":"actor"},{"id":105632,"photo":"https://st.kp.yandex.net/images/actor_iphone/iphone360_105632.jpg","name":"Кэтлин МакНенни","enName":"Kathleen McNenny","profession":"актеры","enProfession":"actor"},{"id":12301,"photo":"https://st.kp.yandex.net/images/actor_iphone/iphone360_12301.jpg","name":"Джоэнна Адлер","enName":"Joanna Adler","profession":"актеры","enProfession":"actor"},{"id":20611,"photo":"https://st.kp.yandex.net/images/actor_iphone/iphone360_20611.jpg","name":"Роберт Лин","enName":"Robert Lin","profession":"актеры","enProfession":"actor"},{"id":33023,"photo":"https://st.kp.yandex.net/images/actor_iphone/iphone360_33023.jpg","name":"Бэрри Шурчин","enName":"Barry Shurchin","profession":"актеры","enProfession":"actor"},{"id":7905,"photo":"https://st.kp.yandex.net/images/actor_iphone/iphone360_7905.jpg","name":"МакИнтайр Диксон","enName":"MacIntyre Dixon","profession":"актеры","enProfession":"actor"},{"id":40448,"photo":"https://st.kp.yandex.net/images/actor_iphone/iphone360_40448.jpg","name":"Эми Седарис","enName":"Amy Sedaris","profession":"актеры","enProfession":"actor"},{"id":33027,"photo":"https://st.kp.yandex.net/images/actor_iphone/iphone360_33027.jpg","name":"Мэри Форчун","enName":"Mary Fortune","profession":"актеры","enProfession":"actor"},{"id":28834,"photo":"https://st.kp.yandex.net/images/actor_iphone/iphone360_28834.jpg","name":"Мэнди Зигфрид","enName":"Mandy Siegfried","profession":"актеры","enProfession":"actor"},{"id":67769,"photo":"https://st.kp.yandex.net/images/actor_iphone/iphone360_67769.jpg","name":"Элиза Ки","enName":"Elle Key","profession":"актеры","enProfession":"actor"},{"id":475860,"photo":"https://st.kp.yandex.net/images/actor_iphone/iphone360_475860.jpg","name":"Карлос Дж. Да Силва","enName":"Carlos J. Da Silva","profession":"актеры","enProfession":"actor"},{"id":475861,"photo":"https://st.kp.yandex.net/images/actor_iphone/iphone360_475861.jpg","name":"Йен О’Мэлли","enName":"Ian O'Malley","profession":"актеры","enProfession":"actor"},{"id":475862,"photo":"https://st.kp.yandex.net/images/actor_iphone/iphone360_475862.jpg","name":"Крис Лайн","enName":"Chris Line","profession":"актеры","enProfession":"actor"},{"id":475863,"photo":"https://st.kp.yandex.net/images/actor_iphone/iphone360_475863.jpg","name":"Кайл Мини","enName":"Kyle Meaney","profession":"актеры","enProfession":"actor"},{"id":30114,"photo":"https://st.kp.yandex.net/images/actor_iphone/iphone360_30114.jpg","name":"Лорен Адлер","enName":"Lauren Adler","profession":"актеры","enProfession":"actor"},{"id":56656,"photo":"https://st.kp.yandex.net/images/actor_iphone/iphone360_56656.jpg","name":"Мириам Бланкер","enName":"Myriam Blanckaert","profession":"актеры","enProfession":"actor"},{"id":1083014,"photo":"https://st.kp.yandex.net/images/actor_iphone/iphone360_1083014.jpg","name":"Келли Энн Барнс","enName":"Kelly Anne Burns","profession":"актеры","enProfession":"actor"},{"id":584306,"photo":"https://st.kp.yandex.net/images/actor_iphone/iphone360_584306.jpg","name":"Лиэнн Кабрера","enName":"Leanne Cabrera","profession":"актеры","enProfession":"actor"},{"id":1104443,"photo":"https://st.kp.yandex.net/images/actor_iphone/iphone360_1104443.jpg","name":"Катрин А. Каллахан","enName":"Catherine A. Callahan","profession":"актеры","enProfession":"actor"},{"id":1459489,"photo":"https://st.kp.yandex.net/images/actor_iphone/iphone360_1459489.jpg","name":"Брук Кэмпбелл","enName":"Brooke Campbell","profession":"актеры","enProfession":"actor"},{"id":60555,"photo":"https://st.kp.yandex.net/images/actor_iphone/iphone360_60555.jpg","name":"Седрик Кэннон","enName":"Cedric Cannon","profession":"актеры","enProfession":"actor"},{"id":1104444,"photo":"https://st.kp.yandex.net/images/actor_iphone/iphone360_1104444.jpg","name":"Майк Клементе","enName":"Mike Clemente","profession":"актеры","enProfession":"actor"},{"id":33026,"photo":"https://st.kp.yandex.net/images/actor_iphone/iphone360_33026.jpg","name":"Эмби Дэниэл","enName":"Anivile Daniel","profession":"актеры","enProfession":"actor"},{"id":12197,"photo":"https://st.kp.yandex.net/images/actor_iphone/iphone360_12197.jpg","name":"Джейн ДеНобл","enName":"Jane DeNoble","profession":"актеры","enProfession":"actor"},{"id":4917249,"photo":"https://st.kp.yandex.net/images/actor_iphone/iphone360_4917249.jpg","name":null,"enName":"Paul Evans","profession":"актеры","enProfession":"actor"},{"id":4086774,"photo":"https://st.kp.yandex.net/images/actor_iphone/iphone360_4086774.jpg","name":"Эрин Гласс","enName":"Erin Glass","profession":"актеры","enProfession":"actor"},{"id":5063176,"photo":"https://st.kp.yandex.net/images/actor_iphone/iphone360_5063176.jpg","name":null,"enName":"Renee Nicole Gray","profession":"актеры","enProfession":"actor"},{"id":785,"photo":"https://st.kp.yandex.net/images/actor_iphone/iphone360_785.jpg","name":"Райли Дж. Мэтьюз мл.","enName":"Riley G. Matthews Jr.","profession":"актеры","enProfession":"actor"},{"id":1194967,"photo":"https://st.kp.yandex.net/images/actor_iphone/iphone360_1194967.jpg","name":"Джада Монтемарано","enName":"Jada Montemarano","profession":"актеры","enProfession":"actor"},{"id":1576256,"photo":"https://st.kp.yandex.net/images/actor_iphone/iphone360_1576256.jpg","name":"Муни Сузуки","enName":"The Mooney Suzuki","profession":"актеры","enProfession":"actor"},{"id":1820192,"photo":"https://st.kp.yandex.net/images/actor_iphone/iphone360_1820192.jpg","name":"Матео Морено","enName":"Mateo Moreno","profession":"актеры","enProfession":"actor"},{"id":583743,"photo":"https://st.kp.yandex.net/images/actor_iphone/iphone360_583743.jpg","name":"Мой Лиан","enName":"Lian Moy","profession":"актеры","enProfession":"actor"},{"id":1484609,"photo":"https://st.kp.yandex.net/images/actor_iphone/iphone360_1484609.jpg","name":"Карен Назаров","enName":"Karina Nazarov","profession":"актеры","enProfession":"actor"},{"id":1104442,"photo":"https://st.kp.yandex.net/images/actor_iphone/iphone360_1104442.jpg","name":"Райан О’Коннор","enName":"Ryan O'Connor","profession":"актеры","enProfession":"actor"},{"id":582586,"photo":"https://st.kp.yandex.net/images/actor_iphone/iphone360_582586.jpg","name":"Скотт Скверски","enName":"Scott Skversky","profession":"актеры","enProfession":"actor"},{"id":1874396,"photo":"https://st.kp.yandex.net/images/actor_iphone/iphone360_1874396.jpg","name":"Кайли Скотт","enName":"Caileigh Scott","profession":"актеры","enProfession":"actor"},{"id":1118630,"photo":"https://st.kp.yandex.net/images/actor_iphone/iphone360_1118630.jpg","name":"Джонни Салливан","enName":"Johnny Sullivan","profession":"актеры","enProfession":"actor"},{"id":1297395,"photo":"https://st.kp.yandex.net/images/actor_iphone/iphone360_1297395.jpg","name":null,"enName":"Jamie Vergan","profession":"актеры","enProfession":"actor"},{"id":33029,"photo":"https://st.kp.yandex.net/images/actor_iphone/iphone360_33029.jpg","name":"Джо Вачовски","enName":"Joe Wachowski","profession":"актеры","enProfession":"actor"},{"id":4628,"photo":"https://st.kp.yandex.net/images/actor_iphone/iphone360_4628.jpg","name":"Фрэнк Уэйли","enName":"Frank Whaley","profession":"актеры","enProfession":"actor"},{"id":76375,"photo":"https://st.kp.yandex.net/images/actor_iphone/iphone360_76375.jpg","name":"Ангус Янг","enName":"Angus Young","profession":"актеры","enProfession":"actor"},{"id":611875,"photo":"https://st.kp.yandex.net/images/actor_iphone/iphone360_611875.jpg","name":"Крэйг Уэдрен","enName":"Craig Wedren","profession":"композиторы","enProfession":"composer"},{"id":1958894,"photo":"https://st.kp.yandex.net/images/actor_iphone/iphone360_1958894.jpg","name":"Джереми Конуэй","enName":"Jeremy Conway","profession":"художники","enProfession":"designer"},{"id":1998493,"photo":"https://st.kp.yandex.net/images/actor_iphone/iphone360_1998493.jpg","name":"Адам Шер","enName":"Adam Scher","profession":"художники","enProfession":"designer"},{"id":1994325,"photo":"https://st.kp.yandex.net/images/actor_iphone/iphone360_1994325.jpg","name":"Карен Патч","enName":"Karen Patch","profession":"художники","enProfession":"designer"},{"id":1999792,"photo":"https://st.kp.yandex.net/images/actor_iphone/iphone360_1999792.jpg","name":"Карин Визель","enName":"Karin Wiesel Holmes","profession":"художники","enProfession":"designer"},{"id":33008,"photo":"https://st.kp.yandex.net/images/actor_iphone/iphone360_33008.jpg","name":"Ричард Линклейтер","enName":"Richard Linklater","profession":"режиссеры","enProfession":"director"},{"id":1996271,"photo":"https://st.kp.yandex.net/images/actor_iphone/iphone360_1996271.jpg","name":"Сандра Адер","enName":"Sandra Adair","profession":"монтажеры","enProfession":"editor"},{"id":611126,"photo":"https://st.kp.yandex.net/images/actor_iphone/iphone360_611126.jpg","name":"Рогир Стофферс","enName":"Rogier Stoffers","profession":"операторы","enProfession":"operator"},{"id":7217,"photo":"https://st.kp.yandex.net/images/actor_iphone/iphone360_7217.jpg","name":"Скотт Рудин","enName":"Scott Rudin","profession":"продюсеры","enProfession":"producer"},{"id":33030,"photo":"https://st.kp.yandex.net/images/actor_iphone/iphone360_33030.jpg","name":"Скотт Аверсано","enName":"Scott Aversano","profession":"продюсеры","enProfession":"producer"},{"id":23054,"photo":"https://st.kp.yandex.net/images/actor_iphone/iphone360_23054.jpg","name":"Стив Николаидес","enName":"Steve Nicolaides","profession":"продюсеры","enProfession":"producer"},{"id":1078857,"photo":"https://st.kp.yandex.net/images/actor_iphone/iphone360_1078857.jpg","name":"Алексей Колган","enName":null,"profession":"актеры дубляжа","enProfession":"voice_actor"},{"id":1653673,"photo":"https://st.kp.yandex.net/images/actor_iphone/iphone360_1653673.jpg","name":"Марина Бакина","enName":null,"profession":"актеры дубляжа","enProfession":"voice_actor"},{"id":1193331,"photo":"https://st.kp.yandex.net/images/actor_iphone/iphone360_1193331.jpg","name":"Сергей Бурунов","enName":null,"profession":"актеры дубляжа","enProfession":"voice_actor"},{"id":1656488,"photo":"https://st.kp.yandex.net/images/actor_iphone/iphone360_1656488.jpg","name":"Наталья Гребенкина","enName":null,"profession":"актеры дубляжа","enProfession":"voice_actor"},{"id":1078947,"photo":"https://st.kp.yandex.net/images/actor_iphone/iphone360_1078947.jpg","name":"Александр Клюквин","enName":null,"profession":"актеры дубляжа","enProfession":"voice_actor"},{"id":882961,"photo":"https://st.kp.yandex.net/images/actor_iphone/iphone360_882961.jpg","name":"Анастасия Волкова","enName":null,"profession":"актеры дубляжа","enProfession":"voice_actor"},{"id":224641,"photo":"https://st.kp.yandex.net/images/actor_iphone/iphone360_224641.jpg","name":"Алексей Елистратов","enName":null,"profession":"актеры дубляжа","enProfession":"voice_actor"},{"id":1568402,"photo":"https://st.kp.yandex.net/images/actor_iphone/iphone360_1568402.jpg","name":"Роман Шмаков","enName":null,"profession":"актеры дубляжа","enProfession":"voice_actor"},{"id":1419143,"photo":"https://st.kp.yandex.net/images/actor_iphone/iphone360_1419143.jpg","name":"Дмитрий Филимонов","enName":null,"profession":"актеры дубляжа","enProfession":"voice_actor"},{"id":11255,"photo":"https://st.kp.yandex.net/images/actor_iphone/iphone360_11255.jpg","name":"Майк Уайт","enName":"Mike White","profession":"редакторы","enProfession":"writer"}],"typeNumber":1,"alternativeName":"School of Rock","enName":null,"names":[{"name":"Школа рока"},{"name":"School of Rock"},{"name":"The School of Rock","language":"US","type":"on-screen title"},{"name":"阿sir嚟自樂人谷","language":"HK","type":null},{"name":"Escola de Rock","language":"PT","type":null},{"name":"スクール・オブ・ロック","language":"JP","type":null},{"name":"Escuela de rock","language":"MX","type":null},{"name":"스쿨 오브 락","language":"KR","type":null},{"name":"Rock Academy","language":"FR","type":null},{"name":"Rocksuli","language":"HU","type":null},{"name":"Szkoła rocka","language":"PL","type":null}],"ageRating":12,"ratingMpaa":"pg13","similarMovies":[{"id":416824,"name":"Рок-волна","enName":null,"alternativeName":"The Boat That Rocked","type":"movie","poster":{"url":"https://avatars.mds.yandex.net/get-kinopoisk-image/1629390/fce806c3-1a06-4f99-b3bc-7fa7fc1450e0/orig","previewUrl":"https://avatars.mds.yandex.net/get-kinopoisk-image/1629390/fce806c3-1a06-4f99-b3bc-7fa7fc1450e0/x1000"}},{"id":312375,"name":"Голый барабанщик","enName":null,"alternativeName":"The Rocker","type":"movie","poster":{"url":"https://avatars.mds.yandex.net/get-kinopoisk-image/1629390/c921b1a2-81b5-4db0-9f4f-c22cea2babe2/orig","previewUrl":"https://avatars.mds.yandex.net/get-kinopoisk-image/1629390/c921b1a2-81b5-4db0-9f4f-c22cea2babe2/x1000"}},{"id":465673,"name":"Очень плохая училка","enName":null,"alternativeName":"Bad Teacher","type":"movie","poster":{"url":"https://avatars.mds.yandex.net/get-kinopoisk-image/1629390/3d9d61b6-2d7b-45eb-a86a-9dbb68471c90/orig","previewUrl":"https://avatars.mds.yandex.net/get-kinopoisk-image/1629390/3d9d61b6-2d7b-45eb-a86a-9dbb68471c90/x1000"}},{"id":23342,"name":"Выбор судьбы","enName":null,"alternativeName":"Tenacious D in The Pick of Destiny","type":"movie","poster":{"url":"https://avatars.mds.yandex.net/get-kinopoisk-image/1600647/57d61e75-f3c6-47a4-a01f-70d120c6ccc0/orig","previewUrl":"https://avatars.mds.yandex.net/get-kinopoisk-image/1600647/57d61e75-f3c6-47a4-a01f-70d120c6ccc0/x1000"}},{"id":518063,"name":"Толстяк на ринге","enName":null,"alternativeName":"Here Comes the Boom","type":"movie","poster":{"url":"https://avatars.mds.yandex.net/get-kinopoisk-image/4774061/e0dc0d01-4d1c-460a-a734-de7a9e11bf12/orig","previewUrl":"https://avatars.mds.yandex.net/get-kinopoisk-image/4774061/e0dc0d01-4d1c-460a-a734-de7a9e11bf12/x1000"}},{"id":6555,"name":"Сестричка, действуй 2","enName":null,"alternativeName":"Sister Act 2: Back in the Habit","type":"movie","poster":{"url":"https://avatars.mds.yandex.net/get-kinopoisk-image/1629390/4170dde2-c869-4b01-8a3b-a16a174e4525/orig","previewUrl":"https://avatars.mds.yandex.net/get-kinopoisk-image/1629390/4170dde2-c869-4b01-8a3b-a16a174e4525/x1000"}},{"id":51481,"name":"Хористы","enName":null,"alternativeName":"Les Choristes","type":"movie","poster":{"url":"https://avatars.mds.yandex.net/get-kinopoisk-image/1599028/2dca7b9f-da9b-44ff-97f0-947588bb7519/orig","previewUrl":"https://avatars.mds.yandex.net/get-kinopoisk-image/1599028/2dca7b9f-da9b-44ff-97f0-947588bb7519/x1000"}},{"id":21781,"name":"Высшая школа рок-н-ролла","enName":null,"alternativeName":"Rock 'n' Roll High School","type":"movie","poster":{"url":"https://avatars.mds.yandex.net/get-kinopoisk-image/1946459/289142f0-65db-4284-88aa-936fc5de6638/orig","previewUrl":"https://avatars.mds.yandex.net/get-kinopoisk-image/1946459/289142f0-65db-4284-88aa-936fc5de6638/x1000"}},{"id":771978,"name":"Зачётный препод","enName":null,"alternativeName":"Fack ju Göhte","type":"movie","poster":{"url":"https://avatars.mds.yandex.net/get-kinopoisk-image/1600647/fede7ad6-7d1f-450b-a4a9-a6816c21b8a7/orig","previewUrl":"https://avatars.mds.yandex.net/get-kinopoisk-image/1600647/fede7ad6-7d1f-450b-a4a9-a6816c21b8a7/x1000"}},{"id":1408157,"name":"Боги хеви-метала","enName":null,"alternativeName":"Metal Lords","type":"movie","poster":{"url":"https://avatars.mds.yandex.net/get-kinopoisk-image/4303601/d243bebf-063f-4876-94c0-644e27d26226/orig","previewUrl":"https://avatars.mds.yandex.net/get-kinopoisk-image/4303601/d243bebf-063f-4876-94c0-644e27d26226/x1000"}}],"imagesInfo":{"framesCount":121},"shortDescription":"Безработный гитарист притворяется учителем и устраивает рок-революцию в школе. Комедия Ричарда Линклейтера","sequelsAndPrequels":[],"logo":{"url":"https://avatars.mds.yandex.net/get-ott/1531675/2a000001747cf19d1e961aaeecd4e705508b/orig"},"watchability":{"items":[{"name":"Okko","logo":{"url":"https://avatars.mds.yandex.net/get-ott/239697/7713e586-17d1-42d1-ac62-53e9ef1e70c3/orig"},"url":"https://okko.tv/movie/school-of-rock?utm_medium=referral&utm_source=yandex_search&utm_campaign=new_search_feed"},{"name":"Иви","logo":{"url":"https://avatars.mds.yandex.net/get-ott/2419418/0dfd1724-848f-4725-9160-abc571f41c11/orig"},"url":"https://www.ivi.ru/watch/112391?utm_source=yandex&utm_medium=wizard"}]},"top10":null,"top250":null}