{"videos":{"trailers":[],"teasers":[]},"status":null,"externalId":{"kpHD":null,"imdb":"tt0338111","tmdb":38185},"rating":{"kp":7.027,"imdb":7.2,"filmCritics":0,"russianFilmCritics":0,"await":0},"votes":{"kp":2806,"imdb":5087,"filmCritics":0,"russianFilmCritics":0,"await":0},"backdrop":{"url":null,"previewUrl":null},"movieLength":9,"productionCompanies":[],"id":2606,"type":"movie","name":"Заложница","description":"Три дня назад была похищена глава крупной компании. Водитель привозит похитителю выкуп, но на месте обмена всё идет совсем не так, как предполагалось. И теперь спасти женщину могут только находчивость водителя и скорость BMW Z4…","premiere":{"country":"США","world":"2002-10-24T00:00:00.000Z"},"slogan":null,"year":2002,"poster":{"url":"https://st.kp.yandex.net/images/film_big/2606.jpg","previewUrl":"https://st.kp.yandex.net/images/film_iphone/iphone360_2606.jpg"},"facts":null,"genres":[{"name":"короткометражка"},{"name":"боевик"},{"name":"триллер"},{"name":"криминал"},{"name":"приключения"}],"countries":[{"name":"США"},{"name":"Великобритания"}],"seasonsInfo":[],"persons":[{"id":2933,"photo":"https://st.kp.yandex.net/images/actor_iphone/iphone360_2933.jpg","name":"Клайв Оуэн","enName":"Clive Owen","profession":"актеры","enProfession":"actor"},{"id":3561,"photo":"https://st.kp.yandex.net/images/actor_iphone/iphone360_3561.jpg","name":"Мори Чайкин","enName":"Maury Chaykin","profession":"актеры","enProfession":"actor"},{"id":6657,"photo":"https://st.kp.yandex.net/images/actor_iphone/iphone360_6657.jpg","name":"Кэтрин Моррис","enName":"Kathryn Morris","profession":"актеры","enProfession":"actor"},{"id":728,"photo":"https://st.kp.yandex.net/images/actor_iphone/iphone360_728.jpg","name":"Дариус МакКрэри","enName":"Darius McCrary","profession":"актеры","enProfession":"actor"},{"id":8768,"photo":"https://st.kp.yandex.net/images/actor_iphone/iphone360_8768.jpg","name":"Джерри Бекер","enName":"Gerry Becker","profession":"актеры","enProfession":"actor"},{"id":32203,"photo":"https://st.kp.yandex.net/images/actor_iphone/iphone360_32203.jpg","name":"Джеймс МакДональд","enName":"James MacDonald","profession":"актеры","enProfession":"actor"},{"id":98047,"photo":"https://st.kp.yandex.net/images/actor_iphone/iphone360_98047.jpg","name":"Роберт «Рок» Галотти","enName":"Robert «Rock» Galotti","profession":"актеры","enProfession":"actor"},{"id":60125,"photo":"https://st.kp.yandex.net/images/actor_iphone/iphone360_60125.jpg","name":"Лион Риз","enName":"Lyon Reese","profession":"актеры","enProfession":"actor"},{"id":567797,"photo":"https://st.kp.yandex.net/images/actor_iphone/iphone360_567797.jpg","name":"Джина Бриганти","enName":"Gina Briganti","profession":"актеры","enProfession":"actor"},{"id":36986,"photo":"https://st.kp.yandex.net/images/actor_iphone/iphone360_36986.jpg","name":"Кристофер Джилбертсон","enName":"Christopher Gilbertson","profession":"актеры","enProfession":"actor"},{"id":563089,"photo":"https://st.kp.yandex.net/images/actor_iphone/iphone360_563089.jpg","name":"Шеннон Хольцер","enName":"Shannon Holzer","profession":"актеры","enProfession":"actor"},{"id":40683,"photo":"https://st.kp.yandex.net/images/actor_iphone/iphone360_40683.jpg","name":"Джеймс Д. Девер","enName":"James D. Dever","profession":"актеры","enProfession":"actor"},{"id":404832,"photo":"https://st.kp.yandex.net/images/actor_iphone/iphone360_404832.jpg","name":"Стив Яблонски","enName":"Steve Jablonsky","profession":"композиторы","enProfession":"composer"},{"id":2006793,"photo":"https://st.kp.yandex.net/images/actor_iphone/iphone360_2006793.jpg","name":"Дебора Эванс","enName":"Deborah Evans","profession":"художники","enProfession":"designer"},{"id":1996126,"photo":"https://st.kp.yandex.net/images/actor_iphone/iphone360_1996126.jpg","name":"Адам Лустиг","enName":"Adam Lustig","profession":"художники","enProfession":"designer"},{"id":2006794,"photo":"https://st.kp.yandex.net/images/actor_iphone/iphone360_2006794.jpg","name":"Ким Бауэн","enName":"Kim Bowen","profession":"художники","enProfession":"designer"},{"id":30729,"photo":"https://st.kp.yandex.net/images/actor_iphone/iphone360_30729.jpg","name":"Джон Ву","enName":"John Woo","profession":"режиссеры","enProfession":"director"},{"id":2006792,"photo":"https://st.kp.yandex.net/images/actor_iphone/iphone360_2006792.jpg","name":"Джефф Гулло","enName":"Jeff Gullo","profession":"монтажеры","enProfession":"editor"},{"id":2354661,"photo":"https://st.kp.yandex.net/images/actor_iphone/iphone360_2354661.jpg","name":"Энгус Уолл","enName":"Angus Wall","profession":"монтажеры","enProfession":"editor"},{"id":608614,"photo":"https://st.kp.yandex.net/images/actor_iphone/iphone360_608614.jpg","name":"Джефри Л. Кимбалл","enName":"Jeffrey L. Kimball","profession":"операторы","enProfession":"operator"},{"id":52973,"photo":"https://st.kp.yandex.net/images/actor_iphone/iphone360_52973.jpg","name":"Тони МакГарри","enName":"Tony McGarry","profession":"продюсеры","enProfession":"producer"},{"id":40716,"photo":"https://st.kp.yandex.net/images/actor_iphone/iphone360_40716.jpg","name":"Артур Андерсон","enName":"Arthur Anderson","profession":"продюсеры","enProfession":"producer"},{"id":54720,"photo":"https://st.kp.yandex.net/images/actor_iphone/iphone360_54720.jpg","name":"Джулс Дэйли","enName":"Jules Daly","profession":"продюсеры","enProfession":"producer"},{"id":231256,"photo":"https://st.kp.yandex.net/images/actor_iphone/iphone360_231256.jpg","name":"Брайан Ди Лоренцо","enName":"Brian DiLorenzo","profession":"продюсеры","enProfession":"producer"},{"id":2932,"photo":"https://st.kp.yandex.net/images/actor_iphone/iphone360_2932.jpg","name":"Дэвид Картер","enName":"David Carter","profession":"редакторы","enProfession":"writer"},{"id":231251,"photo":"https://st.kp.yandex.net/images/actor_iphone/iphone360_231251.jpg","name":"Грег Хан","enName":"Greg Hahn","profession":"редакторы","enProfession":"writer"},{"id":231252,"photo":"https://st.kp.yandex.net/images/actor_iphone/iphone360_231252.jpg","name":"Винсент Нго","enName":"Vy Vincent Ngo","profession":"редакторы","enProfession":"writer"}],"typeNumber":1,"alternativeName":"Hostage","enName":null,"names":[{"name":"Заложница"},{"name":"Hostage"},{"name":"The Hire: Hostage","language":"US","type":null}],"ageRating":null,"budget":{},"ratingMpaa":null,"fees":{"world":{},"russia":{},"usa":{}},"shortDescription":null,"similarMovies":[],"sequelsAndPrequels":[{"id":12200,"name":"Пороховая бочка","enName":null,"alternativeName":"Powder Keg","type":"movie","poster":{"url":"https://avatars.mds.yandex.net/get-kinopoisk-image/1777765/65e4affd-040a-4488-920c-5b45e1171c6e/orig","previewUrl":"https://avatars.mds.yandex.net/get-kinopoisk-image/1777765/65e4affd-040a-4488-920c-5b45e1171c6e/x1000"}},{"id":12201,"name":"Звезда","enName":null,"alternativeName":"Star","type":"movie","poster":{"url":"https://avatars.mds.yandex.net/get-kinopoisk-image/1600647/3f320d7b-8218-4733-ab91-d3d5a84bee04/orig","previewUrl":"https://avatars.mds.yandex.net/get-kinopoisk-image/1600647/3f320d7b-8218-4733-ab91-d3d5a84bee04/x1000"}},{"id":4762,"name":"Слежка","enName":null,"alternativeName":"The Follow","type":"movie","poster":{"url":"https://avatars.mds.yandex.net/get-kinopoisk-image/1777765/7d3e4219-0beb-4625-bddf-6e0f34c1c88d/orig","previewUrl":"https://avatars.mds.yandex.net/get-kinopoisk-image/1777765/7d3e4219-0beb-4625-bddf-6e0f34c1c88d/x1000"}},{"id":12203,"name":"Избранный","enName":null,"alternativeName":"Chosen","type":"movie","poster":{"url":"https://avatars.mds.yandex.net/get-kinopoisk-image/1704946/e1b5387a-19f7-4183-8956-fc774f78e097/orig","previewUrl":"https://avatars.mds.yandex.net/get-kinopoisk-image/1704946/e1b5387a-19f7-4183-8956-fc774f78e097/x1000"}},{"id":12204,"name":"Засада","enName":null,"alternativeName":"Ambush","type":"movie","poster":{"url":"https://avatars.mds.yandex.net/get-kinopoisk-image/1704946/e1b5387a-19f7-4183-8956-fc774f78e097/orig","previewUrl":"https://avatars.mds.yandex.net/get-kinopoisk-image/1704946/e1b5387a-19f7-4183-8956-fc774f78e097/x1000"}},{"id":2605,"name":"Сделка с Дьяволом","enName":null,"alternativeName":"Beat the Devil","type":"movie","poster":{"url":"https://avatars.mds.yandex.net/get-kinopoisk-image/1773646/be9aa801-0bf1-4fe8-b094-2ec22e867687/orig","previewUrl":"https://avatars.mds.yandex.net/get-kinopoisk-image/1773646/be9aa801-0bf1-4fe8-b094-2ec22e867687/x1000"}},{"id":2604,"name":"Маятник","enName":null,"alternativeName":"Ticker","type":"movie","poster":{"url":"https://avatars.mds.yandex.net/get-kinopoisk-image/1704946/cb564cfb-b3f6-4b66-9566-a1a47fba3ef4/orig","previewUrl":"https://avatars.mds.yandex.net/get-kinopoisk-image/1704946/cb564cfb-b3f6-4b66-9566-a1a47fba3ef4/x1000"}},{"id":1004919,"name":"Побег","enName":null,"alternativeName":"The Escape","type":"movie","poster":{"url":"https://avatars.mds.yandex.net/get-kinopoisk-image/1898899/6fa4f8d5-92b3-4f8e-bb5c-461e2a54987d/orig","previewUrl":"https://avatars.mds.yandex.net/get-kinopoisk-image/1898899/6fa4f8d5-92b3-4f8e-bb5c-461e2a54987d/x1000"}}],"logo":{"url":null},"watchability":{"items":null},"top10":null,"top250":null}