{"fees":{"world":{"value":783766341,"currency":"$"},"russia":{"value":9325000,"currency":"$"},"usa":{"value":373585825,"currency":"$"}},"status":null,"externalId":{"kpHD":"4b8ade0170ae4d9a80c22f2d43e3ecfe","imdb":"tt0316654","tmdb":558},"rating":{"kp":7.336,"imdb":7.4,"filmCritics":8.3,"russianFilmCritics":0,"await":0},"votes":{"kp":300676,"imdb":667300,"filmCritics":275,"russianFilmCritics":0,"await":0},"backdrop":{"url":"https://avatars.mds.yandex.net/get-ott/2439731/2a00000171791f233e54b75efa9a4dc4ea9a/orig","previewUrl":"https://avatars.mds.yandex.net/get-ott/2439731/2a00000171791f233e54b75efa9a4dc4ea9a/x1000"},"movieLength":127,"productionCompanies":[{"name":"Marvel Enterprises","url":"https://www.themoviedb.org/t/p/original/2WpWp9b108hizjHKdA107hFmvQ5.png","previewUrl":"https://www.themoviedb.org/t/p/w500/2WpWp9b108hizjHKdA107hFmvQ5.png"},{"name":"Sony Pictures","url":"https://www.themoviedb.org/t/p/original/GagSvqWlyPdkFHMfQ3pNq6ix9P.png","previewUrl":"https://www.themoviedb.org/t/p/w500/GagSvqWlyPdkFHMfQ3pNq6ix9P.png"},{"name":"Columbia Pictures","url":"https://www.themoviedb.org/t/p/original/71BqEFAF4V3qjjMPCpLuyJFB9A.png","previewUrl":"https://www.themoviedb.org/t/p/w500/71BqEFAF4V3qjjMPCpLuyJFB9A.png"},{"name":"Laura Ziskin Productions","url":null,"previewUrl":null}],"id":2898,"type":"movie","name":"Человек-паук 2","description":"Тихоня Питер Паркер балансирует на грани двух своих жизней: супергероя Человека-паука и обычного студента колледжа. Его отношения со всеми, кто ему дорог, в опасности или зашли в тупик. А жизнь приготовила ему новое испытание. Он должен использовать все свои суперспособности, чтобы одолеть жестокого безумца доктора Отто Октавиуса.","premiere":{"country":"Литва","world":"2004-06-25T00:00:00.000Z","russia":"2004-06-30T00:00:00.000Z","cinema":"2004-07-02T00:00:00.000Z","dvd":"2012-06-21T00:00:00.000Z","bluray":"2013-10-01T00:00:00.000Z"},"slogan":"Take Another Spin In IMAX","year":2004,"budget":{"value":200000000,"currency":"$"},"poster":{"url":"https://st.kp.yandex.net/images/film_big/2898.jpg","previewUrl":"https://st.kp.yandex.net/images/film_iphone/iphone360_2898.jpg"},"facts":[{"value":"На роль доктора Октавиус режиссер <a href=\"/name/9940/\" class=\"all\">Сэм Рэйми</a> изначально планировал пригласить <a href=\"/name/24821/\" class=\"all\">Сэма Нила</a> или <a href=\"/name/718/\" class=\"all\">Роберта Де Ниро</a>.","type":"FACT","spoiler":false},{"value":"54 миллиона долларов были потрачены только лишь на компьютерные спецэффекты.","type":"FACT","spoiler":false},{"value":"Съемки второй части начались до официального утверждения сценария.","type":"FACT","spoiler":false},{"value":"<a href=\"/name/9940/\" class=\"all\">Сэм Рэйми</a> стал режиссером сиквела 1 апреля 2002 года, ровно за месяц до премьеры первого фильма.","type":"FACT","spoiler":false},{"value":"Участие <a href=\"/name/10095/\" class=\"all\">Тоби Магуайра</a> было под большим вопросом, т.к. актера замучали хронические боли в спине (после съемок в фильме «<a href=\"/film/2976/\" class=\"all\">Фаворит</a>»). Роль Человека-паука уже были готовы отдать <a href=\"/name/22692/\" class=\"all\">Джейку Джиленхолу</a> (бойфренд <a href=\"/name/58/\" class=\"all\">Кирстен Данст</a> в то время), однако Тоби нашел в себе силы принять участие в съемках. Кстати, за эту роль он получил рекордный в своей карьере гонорар — 17 миллионов долларов.","type":"FACT","spoiler":false},{"value":"Начало съемок было запланировано на январь 2003 года. В феврале из-за травмы руки <a href=\"/name/10095/\" class=\"all\">Тоби Магуайра</a> съемки были приостановлены на 2 месяца.","type":"FACT","spoiler":false},{"value":"<a href=\"/name/58/\" class=\"all\">Кирстен Данст</a> в ходе одного из интервью призналась, что в более ранних версиях сценария фигурировал персонаж Черная Кошка.","type":"FACT","spoiler":false},{"value":"Когда было объявлено о намерении сценаристов включить в сюжет персонаж Черная Кошка, актриса <a href=\"/name/23866/\" class=\"all\">Хлоя Севиньи</a> буквально умоляла режиссера картины <a href=\"/name/9940/\" class=\"all\">Сэма Рэйми</a> взять её на эту роль.","type":"FACT","spoiler":false},{"value":"По задумке промо-группы логотип «Человека-паука 2» должен был регулярно появляться в ходе трансляций матчей Национальной Бейсбольной Лиги. Однако негативная реакция телеболельщиков вынудила продюсеров отказаться от этой затеи.","type":"FACT","spoiler":false},{"value":"В фильме, помимо доктора Октавиуса в исполнении <a href=\"/name/6225/\" class=\"all\">Альфреда Молины</a>, упоминаются два других злодея: Джон Джеймсон, также известный как Человек-волк, и Доктор Курт Коннорс (он упоминался в первом фильме в роли босса Питера Паркера), также известный под псевдонимом Ящер.","type":"FACT","spoiler":false},{"value":"На роль Отто Октавиуса рассматривались кандидатуры <a href=\"/name/7888/\" class=\"all\">Эда Харриса</a> и <a href=\"/name/6145/\" class=\"all\">Криса Купера</a>. Крис Купер в последствии сыграл Нормана Озборна в <a href=\"/film/602409/\" class=\"all\">Новом Человеке-пауке 2: Высокое напряжение</a>.","type":"FACT","spoiler":false},{"value":"Во время съёмок фильма было использовано 35 костюмов Человека-паука.","type":"FACT","spoiler":false},{"value":"Банк, в котором происходит драка между Человеком-пауком и Осьминогом, — тот же самый банк, что и в фильме «<a href=\"/film/24682/\" class=\"all\">Полицейская академия 6: Город в осаде</a>».","type":"FACT","spoiler":false},{"value":"<a href=\"/name/9966/\" class=\"all\">Дэнни Элфман</a>, написавший музыку к фильму (а также к еще нескольким картинам <a href=\"/name/9940/\" class=\"all\">Сэма Рэйми</a>), серьёзно поссорился с режиссером. После завершения съёмок он заявил, что больше никогда не будет работать с Сэмом.","type":"FACT","spoiler":false},{"value":"Изначально Брюс Кэмпбелл должен был сыграть доктора Коннорса (Ящер). В первом варианте сценария Ящер должен был появиться в концовке фильма. Доктор Октавиус, узнав, кто скрывается под маской Человека-паука, старался ему помочь остановить Ящера. Однако <a href=\"/name/9940/\" class=\"all\">Сэм Рэйми</a> отверг данное развитие сюжета, т.к. не хотел делать Ящера вместе с Гарри Осборном главными злодеями третьей части. Также Рэйми был более чем уверен, что зрители моментально вспомнят, что Брюс сыграл небольшую роль в первом фильме.","type":"FACT","spoiler":false},{"value":"Два мальчика, которые отдают Человеку-пауку его маску в поезде, — кузены <a href=\"/name/10095/\" class=\"all\">Тоби Магуайра</a>.","type":"FACT","spoiler":false},{"value":"Для фильма рассматривались следующие названия: «Spider-Man: No More», «Spider-Man 2 Lives» и «Spider-Man: Unmasked». В первом заявлении о подготовке к съемкам сиквела упоминалось название «The Amazing Spider-Man».","type":"FACT","spoiler":false},{"value":"Рисунки на начальных титрах сделаны Алексом Россом.","type":"FACT","spoiler":false},{"value":"Одна из сюжетных линий фильма основана на пятидесятом выпуске комикса The Amazing Spider-Man — Spider-Man No More.","type":"FACT","spoiler":false},{"value":"<a href=\"/name/7989/\" class=\"all\">Джерри О`Коннелл</a> пробовался на роль Джона Джеймсона.","type":"FACT","spoiler":false},{"value":"<a href=\"/name/111436/\" class=\"all\">Айван Рэйми</a> «полировал» сценарий.","type":"FACT","spoiler":false},{"value":"Имя арендодателя квартиры, в которой живет Питер, — Диткович. Это — ссылка на <a href=\"/name/36183/\" class=\"all\">Стива Дитко</a>, одного из создателей Человека-паука.","type":"FACT","spoiler":false},{"value":"Драка между доктором Октавиусом и Человеком-пауком на крыше поезда была идеей <a href=\"/name/9940/\" class=\"all\">Сэма Рэйми</a>. Именно данную сцену снимали в первую очередь.","type":"FACT","spoiler":false},{"value":"На одном из этапов производства фильма <a href=\"/name/10092/\" class=\"all\">Майкл Чабон</a> работал над сценарием.","type":"FACT","spoiler":false},{"value":"Агент <a href=\"/name/10095/\" class=\"all\">Тоби Магуайра</a> запросил в качестве гонорара Тоби $25 миллионов или 10% от кассовых сборов. Студия Columbia Pictures отклонила данное предложение.","type":"FACT","spoiler":false},{"value":"<a href=\"/name/6225/\" class=\"all\">Альфред Молина</a>, сыгравший доктора Октавиуса, дал имена четырем щупальцам: Лари, Гарри, Фло и Мо.","type":"FACT","spoiler":false},{"value":"Когда Джеймсон рассуждает, как назвать доктора Октавиуса, один из вариантов предложенных Хоффманом — доктор Стрэндж (Doctor Strange). На что Джеймсон отвечает, что данное имя уже занято. Это отсылка на союзника Человека-паука из комиксов.","type":"FACT","spoiler":false},{"value":"Адрес «Пиццерии Джо» точно такой же, как у Доктора Стрэнджа в комиксах о Человеке-пауке.","type":"FACT","spoiler":false},{"value":"Телефонный номер «Пиццерии Джо» — 212-366-1182 — это номер реально-существующей пиццерии в Нью-Йорке.","type":"FACT","spoiler":false},{"value":"30 июня 2004 года фильм установил новый рекорд по сборам за первый день проката, приходящийся на среду, — $40 442 604.","type":"FACT","spoiler":false},{"value":"На одном из надгробий в сцене на кладбище содержится имя <a href=\"/name/1529290/\" class=\"all\">Нила Спайсэка</a>, создателя декораций для фильма.","type":"FACT","spoiler":false},{"value":"Сцена, в которой Питер Паркер бежит по улице, расстегивая рубашку, под которой скрыт костюм Человека-паука, — ссылка на «<a href=\"/film/7145/\" class=\"all\">Супермена</a>» (1978).","type":"FACT","spoiler":false},{"value":"Сцена, в которой Питер Паркер пытается перепрыгнуть со здания на здание, напоминает соответствующую сцену из «<a href=\"/film/301/\" class=\"all\">Матрицы</a>» (1999).","type":"FACT","spoiler":false},{"value":"Скрипачка (<a href=\"/name/51024/\" class=\"all\">Элиз Дин</a>) играет музыкальную тему из одного из первых мультсериалов про Человека-паука.","type":"FACT","spoiler":false},{"value":"Если внимательно рассмотреть первую страницу Daily Bugle, то помимо заголовка «Спайди и доктор Ок грабят банк!» можно заметить заголовок «Может ли хроническая боль в спине привести к усушке мозгов?». Последний — это возможная шутка на проблемы со спиной <a href=\"/name/10095/\" class=\"all\">Тоби Магуайра</a>.","type":"FACT","spoiler":false},{"value":"Когда доктор Октавиус появляется на страницах Daily Bugle в первый раз, он изображен точно так же, как и при своем первом появлении в комиксах о Человеке-пауке.","type":"FACT","spoiler":false},{"value":"Пре-продакшн, сценарий и подбор актеров были закончены в течение одного года с момента выхода первого фильма.","type":"FACT","spoiler":false},{"value":"Шарики из паутины, которыми кидается Человек-паук, впервые появились в The Amazing Spider-Man 53.","type":"FACT","spoiler":false},{"value":"Изначально <a href=\"/name/9940/\" class=\"all\">Сэм Рэйми</a> хотел снимать фильм с соотношением сторон 1.85:1. Но затем изменил свое решение на 2.35:1.","type":"FACT","spoiler":false},{"value":"Стихи, которые читает ��итер Мэри Джейн, взяты из поэмы <a href=\"/name/80292/\" class=\"all\">Генри Вэдсворта Лонгфеллоу</a> «Четыре ветра».","type":"FACT","spoiler":false},{"value":"Когда Джеймсон предлагает за костюм Человека-паука $50, в ответ он слышит: «Я смогу выручить за него больше на eBay». В 2001 году четыре костюма главного персонажа фильма были украдены со съёмочной площадки. Костюмы были найдены восемнадцать месяцев спустя, а по подозрению в краже был арестован один из бывших охранников студии. В свое время Columbia Pictures предложила награду в $25 000 за возвращение пропавших костюмов. Студия явно продешевила, т.к. по оценке коллекционеров каждый костюм стоил около $50 000.","type":"FACT","spoiler":false},{"value":"Когда Питер сбегает по лестнице, для того чтобы избежать встречи со своим арендодателем, последний говорит по-русски: «Балбес! Зачем только такие рождаются?»","type":"FACT","spoiler":false},{"value":"По словам <a href=\"/name/278101/\" class=\"all\">Билла Поупа</a> (оператор), для съёмок сцены драки Спайди и доктора Ока на крыше поезда было использовано 16 камер: Super 35, шесть Panavision Super 65mm, четыре Arri 435, восемь VistaVision, 8-perf Iwerks.","type":"FACT","spoiler":false},{"value":"Актер <a href=\"/name/36205/\" class=\"all\">Скотт Спигел</a>, сыгравший человека с балкона, чуть было не съевшего кусок пиццы, написал сценарий и сыграл одну из ролей в другом фильме режиссера <a href=\"/name/9940/\" class=\"all\">Сэма Рэйми</a> «<a href=\"/film/2894/\" class=\"all\">Зловещие мертвецы</a>».","type":"FACT","spoiler":false},{"value":"В сцене сразу после ограбления банка, когда Доктор Октавиус, Человек-Паук и тётя Мэй находятся на стене здания, все актёры — включая 76-летнюю <a href=\"/name/209/\" class=\"all\">Розмари Харрис</a> — на самом деле висели на тросах на большой высоте.","type":"FACT","spoiler":false},{"value":"В сцене, когда Питер роняет учебники на площадке колледжа и наклоняется, чтобы поднять их, он получает черной сумкой по лицу от проходящего мимо студента. Человек, который нес сумку, — режиссер картины <a href=\"/name/9940/\" class=\"all\">Сэм Рэйми</a>.","type":"FACT","spoiler":false},{"value":"Создатель Человека-Паука <a href=\"/name/8242/\" class=\"all\">Стэн Ли</a> появляется в этом фильме в своём стандартном камео. В сцене, когда Паук и Док Ок сражаются на стене здания первый кадр улицы в течение боя показывает, как женщину отталкивают от падающих обломков здания; человек, который отталкивает её, — и есть Ли.","type":"FACT","spoiler":false},{"value":"Пьеса, в которой играет Мэри Джейн — «Как важно быть серьёзным» <a href=\"/name/24174/\" class=\"all\">Оскара Уайльда</a>. Сцена в театре, когда приходит Питер, взята из второго действия.","type":"FACT","spoiler":false},{"value":"Полный вариант фильма имеет хронометраж 135 минут.","type":"FACT","spoiler":false},{"value":"Каратель (еще один супергерой вселенной Марвел) появляется в камео в сцене, где Мэри Джейн бежит через улицу в свадебном платье. Карателя сыграл <a href=\"/name/240547/\" class=\"all\">Том МакКомас</a>, дублер <a href=\"/name/3591/\" class=\"all\">Томаса Джейна</a> из фильма &laquo;<a href=\"/film/17661/\" class=\"all\">Каратель</a>&raquo; 2004-го года.","type":"FACT","spoiler":false},{"value":"<a href=\"/name/10095/\" class=\"all\">Тоби Магуайр</a> — вегетарианец. В сцене у закусочной его герой ест сосиску из тофу.","type":"FACT","spoiler":false},{"value":"В фильме содержатся несколько визуальных ссылок на первую картину. Среди них:\n<br />   — Питер вбегает в горящий дом, для того чтобы спасти ребенка.\n<br />   — Питер бежит по крыше здания, перед тем как выпустить паутину.\n<br />   — Питер выбрасывает мусор на заднем дворе дома тети Мэй и говорит с Мэри Джейн.\n<br />   — Вид из глаз Питера, когда он смотрит сквозь очки и видит размытую картинку.","type":"FACT","spoiler":true}],"genres":[{"name":"фантастика"},{"name":"боевик"},{"name":"приключения"}],"countries":[{"name":"США"}],"videos":{"trailers":[{"url":"https://www.youtube.com/embed/3jBFwltrxJw","name":"Trailer","site":"youtube","type":"TRAILER"},{"url":"https://www.youtube.com/embed/naXEdXPR8ME","name":"Человек-Паук 2 - Trailer","site":"youtube","type":"TRAILER"},{"url":"https://www.youtube.com/embed/wNMPl9SMYmk","name":"Человек-паук 2 - Трейлер","site":"youtube","type":"TRAILER"},{"url":"https://www.youtube.com/embed/syHnvh1HvtA","name":"Человек паук 2 трейлер","site":"youtube","type":"TRAILER"}],"teasers":[]},"seasonsInfo":[],"persons":[{"id":10095,"photo":"https://st.kp.yandex.net/images/actor_iphone/iphone360_10095.jpg","name":"Тоби Магуайр","enName":"Tobey Maguire","profession":"актеры","enProfession":"actor"},{"id":58,"photo":"https://st.kp.yandex.net/images/actor_iphone/iphone360_58.jpg","name":"Кирстен Данст","enName":"Kirsten Dunst","profession":"актеры","enProfession":"actor"},{"id":22879,"photo":"https://st.kp.yandex.net/images/actor_iphone/iphone360_22879.jpg","name":"Джеймс Франко","enName":"James Franco","profession":"актеры","enProfession":"actor"},{"id":6225,"photo":"https://st.kp.yandex.net/images/actor_iphone/iphone360_6225.jpg","name":"Альфред Молина","enName":"Alfred Molina","profession":"актеры","enProfession":"actor"},{"id":209,"photo":"https://st.kp.yandex.net/images/actor_iphone/iphone360_209.jpg","name":"Розмари Харрис","enName":"Rosemary Harris","profession":"актеры","enProfession":"actor"},{"id":8552,"photo":"https://st.kp.yandex.net/images/actor_iphone/iphone360_8552.jpg","name":"Дж.К. Симмонс","enName":"J.K. Simmons","profession":"актеры","enProfession":"actor"},{"id":10663,"photo":"https://st.kp.yandex.net/images/actor_iphone/iphone360_10663.jpg","name":"Донна Мерфи","enName":"Donna Murphy","profession":"актеры","enProfession":"actor"},{"id":223232,"photo":"https://st.kp.yandex.net/images/actor_iphone/iphone360_223232.jpg","name":"Дэниэл Гиллис","enName":"Daniel Gillies","profession":"актеры","enProfession":"actor"},{"id":3102,"photo":"https://st.kp.yandex.net/images/actor_iphone/iphone360_3102.jpg","name":"Дилан Бейкер","enName":"Dylan Baker","profession":"актеры","enProfession":"actor"},{"id":9392,"photo":"https://st.kp.yandex.net/images/actor_iphone/iphone360_9392.jpg","name":"Билл Нанн","enName":"Bill Nunn","profession":"актеры","enProfession":"actor"},{"id":40305,"photo":"https://st.kp.yandex.net/images/actor_iphone/iphone360_40305.jpg","name":"Ванесса Ферлито","enName":"Vanessa Ferlito","profession":"актеры","enProfession":"actor"},{"id":2343,"photo":"https://st.kp.yandex.net/images/actor_iphone/iphone360_2343.jpg","name":"Аасиф Мандви","enName":"Aasif Mandvi","profession":"актеры","enProfession":"actor"},{"id":9274,"photo":"https://st.kp.yandex.net/images/actor_iphone/iphone360_9274.jpg","name":"Уиллем Дефо","enName":"Willem Dafoe","profession":"актеры","enProfession":"actor"},{"id":8874,"photo":"https://st.kp.yandex.net/images/actor_iphone/iphone360_8874.jpg","name":"Клифф Робертсон","enName":"Cliff Robertson","profession":"актеры","enProfession":"actor"},{"id":24146,"photo":"https://st.kp.yandex.net/images/actor_iphone/iphone360_24146.jpg","name":"Тед Рэйми","enName":"Ted Raimi","profession":"актеры","enProfession":"actor"},{"id":31163,"photo":"https://st.kp.yandex.net/images/actor_iphone/iphone360_31163.jpg","name":"Элизабет Бэнкс","enName":"Elizabeth Banks","profession":"актеры","enProfession":"actor"},{"id":36186,"photo":"https://st.kp.yandex.net/images/actor_iphone/iphone360_36186.jpg","name":"Брюс Кэмпбелл","enName":"Bruce Campbell","profession":"актеры","enProfession":"actor"},{"id":23765,"photo":"https://st.kp.yandex.net/images/actor_iphone/iphone360_23765.jpg","name":"Грегг Эдельман","enName":"Gregg Edelman","profession":"актеры","enProfession":"actor"},{"id":22697,"photo":"https://st.kp.yandex.net/images/actor_iphone/iphone360_22697.jpg","name":"Илья Баскин","enName":"Ilya Baskin","profession":"актеры","enProfession":"actor"},{"id":232981,"photo":"https://st.kp.yandex.net/images/actor_iphone/iphone360_232981.jpg","name":"Маджейна Това","enName":"Mageina Tovah","profession":"актеры","enProfession":"actor"},{"id":24139,"photo":"https://st.kp.yandex.net/images/actor_iphone/iphone360_24139.jpg","name":"Дэниэл Дэ Ким","enName":"Daniel Dae Kim","profession":"актеры","enProfession":"actor"},{"id":28935,"photo":"https://st.kp.yandex.net/images/actor_iphone/iphone360_28935.jpg","name":"Хэл Спаркс","enName":"Hal Sparks","profession":"актеры","enProfession":"actor"},{"id":223233,"photo":"https://st.kp.yandex.net/images/actor_iphone/iphone360_223233.jpg","name":"Джоэл МакХэйл","enName":"Joel McHale","profession":"актеры","enProfession":"actor"},{"id":8242,"photo":"https://st.kp.yandex.net/images/actor_iphone/iphone360_8242.jpg","name":"Стэн Ли","enName":"Stan Lee","profession":"актеры","enProfession":"actor"},{"id":50727,"photo":"https://st.kp.yandex.net/images/actor_iphone/iphone360_50727.jpg","name":"Келли Коннелл","enName":"Kelly Connell","profession":"актеры","enProfession":"actor"},{"id":13487,"photo":"https://st.kp.yandex.net/images/actor_iphone/iphone360_13487.jpg","name":"Брент Бриско","enName":"Brent Briscoe","profession":"актеры","enProfession":"actor"},{"id":105627,"photo":"https://st.kp.yandex.net/images/actor_iphone/iphone360_105627.jpg","name":"Эмили Дешанель","enName":"Emily Deschanel","profession":"актеры","enProfession":"actor"},{"id":565015,"photo":"https://st.kp.yandex.net/images/actor_iphone/iphone360_565015.jpg","name":"Джейсон Фиоре-Ортиз","enName":"Jason Fiore-Ortiz","profession":"актеры","enProfession":"actor"},{"id":36205,"photo":"https://st.kp.yandex.net/images/actor_iphone/iphone360_36205.jpg","name":"Скотт Шпигель","enName":"Scott Spiegel","profession":"актеры","enProfession":"actor"},{"id":111441,"photo":"https://st.kp.yandex.net/images/actor_iphone/iphone360_111441.jpg","name":"Энди Бэйл","enName":"Andy Bale","profession":"актеры","enProfession":"actor"},{"id":31226,"photo":"https://st.kp.yandex.net/images/actor_iphone/iphone360_31226.jpg","name":"Кристин Эстабрук","enName":"Christine Estabrook","profession":"актеры","enProfession":"actor"},{"id":302,"photo":"https://st.kp.yandex.net/images/actor_iphone/iphone360_302.jpg","name":"Молли Чик","enName":"Molly Cheek","profession":"актеры","enProfession":"actor"},{"id":1006,"photo":"https://st.kp.yandex.net/images/actor_iphone/iphone360_1006.jpg","name":"Джон Пэкстон","enName":"John Paxton","profession":"актеры","enProfession":"actor"},{"id":35956,"photo":"https://st.kp.yandex.net/images/actor_iphone/iphone360_35956.jpg","name":"Джой Брайант","enName":"Joy Bryant","profession":"актеры","enProfession":"actor"},{"id":1370,"photo":"https://st.kp.yandex.net/images/actor_iphone/iphone360_1370.jpg","name":"Джоэнн Барон","enName":"Joanne Baron","profession":"актеры","enProfession":"actor"},{"id":8126,"photo":"https://st.kp.yandex.net/images/actor_iphone/iphone360_8126.jpg","name":"Питер МакРобби","enName":"Peter McRobbie","profession":"актеры","enProfession":"actor"},{"id":23728,"photo":"https://st.kp.yandex.net/images/actor_iphone/iphone360_23728.jpg","name":"Тимоти Джером","enName":"Timothy Jerome","profession":"актеры","enProfession":"actor"},{"id":21611,"photo":"https://st.kp.yandex.net/images/actor_iphone/iphone360_21611.jpg","name":"Тейлор Гилберт","enName":"Taylor Gilbert","profession":"актеры","enProfession":"actor"},{"id":565018,"photo":"https://st.kp.yandex.net/images/actor_iphone/iphone360_565018.jpg","name":"Питер Вурас","enName":"Peter Vouras","profession":"актеры","enProfession":"actor"},{"id":60156,"photo":"https://st.kp.yandex.net/images/actor_iphone/iphone360_60156.jpg","name":"Доннел Роулингс","enName":"Donnell Rawlings","profession":"актеры","enProfession":"actor"},{"id":565019,"photo":"https://st.kp.yandex.net/images/actor_iphone/iphone360_565019.jpg","name":"Захри Роджерс","enName":"Zachry Rogers","profession":"актеры","enProfession":"actor"},{"id":565020,"photo":"https://st.kp.yandex.net/images/actor_iphone/iphone360_565020.jpg","name":"Элла Роджерс","enName":"Ella Rogers","profession":"актеры","enProfession":"actor"},{"id":8581,"photo":"https://st.kp.yandex.net/images/actor_iphone/iphone360_8581.jpg","name":"Луис Ломбарди","enName":"Louis Lombardi","profession":"актеры","enProfession":"actor"},{"id":32723,"photo":"https://st.kp.yandex.net/images/actor_iphone/iphone360_32723.jpg","name":"Марк Джон Джеффрис","enName":"Marc John Jefferies","profession":"актеры","enProfession":"actor"},{"id":565021,"photo":"https://st.kp.yandex.net/images/actor_iphone/iphone360_565021.jpg","name":"Рошон Феган","enName":"Roshon Fegan","profession":"актеры","enProfession":"actor"},{"id":563730,"photo":"https://st.kp.yandex.net/images/actor_iphone/iphone360_563730.jpg","name":"Брендан Патрик Коннор","enName":"Brendan Patrick Connor","profession":"актеры","enProfession":"actor"},{"id":2608,"photo":"https://st.kp.yandex.net/images/actor_iphone/iphone360_2608.jpg","name":"Рид Даймонд","enName":"Reed Diamond","profession":"актеры","enProfession":"actor"},{"id":36253,"photo":"https://st.kp.yandex.net/images/actor_iphone/iphone360_36253.jpg","name":"Дэн Каллахан","enName":"Dan Callahan","profession":"актеры","enProfession":"actor"},{"id":51024,"photo":"https://st.kp.yandex.net/images/actor_iphone/iphone360_51024.jpg","name":"Элиз Динь","enName":"Elyse Dinh","profession":"актеры","enProfession":"actor"},{"id":29701,"photo":"https://st.kp.yandex.net/images/actor_iphone/iphone360_29701.jpg","name":"Джон Лэндис","enName":"John Landis","profession":"актеры","enProfession":"actor"},{"id":33192,"photo":"https://st.kp.yandex.net/images/actor_iphone/iphone360_33192.jpg","name":"Тим Стормс","enName":"Tim Storms","profession":"актеры","enProfession":"actor"},{"id":8612,"photo":"https://st.kp.yandex.net/images/actor_iphone/iphone360_8612.jpg","name":"Сьюзи Парк","enName":"Susie Park","profession":"актеры","enProfession":"actor"},{"id":565023,"photo":"https://st.kp.yandex.net/images/actor_iphone/iphone360_565023.jpg","name":"Тришиа Питерс","enName":"Tricia Peters","profession":"актеры","enProfession":"actor"},{"id":36215,"photo":"https://st.kp.yandex.net/images/actor_iphone/iphone360_36215.jpg","name":"Майкл Эдвард Томас","enName":"Michael Edward Thomas","profession":"актеры","enProfession":"actor"},{"id":9345,"photo":"https://st.kp.yandex.net/images/actor_iphone/iphone360_9345.jpg","name":"Энн Бетанкур","enName":"Anne Betancourt","profession":"актеры","enProfession":"actor"},{"id":565024,"photo":"https://st.kp.yandex.net/images/actor_iphone/iphone360_565024.jpg","name":"Венус Лам","enName":"Venus Lam","profession":"актеры","enProfession":"actor"},{"id":24091,"photo":"https://st.kp.yandex.net/images/actor_iphone/iphone360_24091.jpg","name":"Билл Э. Роджерс","enName":"Bill E. Rogers","profession":"актеры","enProfession":"actor"},{"id":36214,"photo":"https://st.kp.yandex.net/images/actor_iphone/iphone360_36214.jpg","name":"Джо Вирзи","enName":"Joe Virzi","profession":"актеры","enProfession":"actor"},{"id":39046,"photo":"https://st.kp.yandex.net/images/actor_iphone/iphone360_39046.jpg","name":"Дж. Том Кэри","enName":"Tom Carey","profession":"актеры","enProfession":"actor"},{"id":565025,"photo":"https://st.kp.yandex.net/images/actor_iphone/iphone360_565025.jpg","name":"Джопол Епп","enName":"Jopaul Van Epp","profession":"актеры","enProfession":"actor"},{"id":565026,"photo":"https://st.kp.yandex.net/images/actor_iphone/iphone360_565026.jpg","name":"Уэстон Епп","enName":"Weston Epp","profession":"актеры","enProfession":"actor"},{"id":23302,"photo":"https://st.kp.yandex.net/images/actor_iphone/iphone360_23302.jpg","name":"Питер Аллас","enName":"Peter Allas","profession":"актеры","enProfession":"actor"},{"id":32230,"photo":"https://st.kp.yandex.net/images/actor_iphone/iphone360_32230.jpg","name":"Брианна Браун","enName":"Brianna Brown","profession":"актеры","enProfession":"actor"},{"id":36203,"photo":"https://st.kp.yandex.net/images/actor_iphone/iphone360_36203.jpg","name":"Билл Кэлверт","enName":"Bill Calvert","profession":"актеры","enProfession":"actor"},{"id":113681,"photo":"https://st.kp.yandex.net/images/actor_iphone/iphone360_113681.jpg","name":"Тони Камписи","enName":"Tony Campisi","profession":"актеры","enProfession":"actor"},{"id":32004,"photo":"https://st.kp.yandex.net/images/actor_iphone/iphone360_32004.jpg","name":"Джои Диаз","enName":"Joey Diaz","profession":"актеры","enProfession":"actor"},{"id":565029,"photo":"https://st.kp.yandex.net/images/actor_iphone/iphone360_565029.jpg","name":"Хлоя Дикстра","enName":"Chloe Dykstra","profession":"актеры","enProfession":"actor"},{"id":565030,"photo":"https://st.kp.yandex.net/images/actor_iphone/iphone360_565030.jpg","name":"Симона Гордон","enName":"Simone Gordon","profession":"актеры","enProfession":"actor"},{"id":81829,"photo":"https://st.kp.yandex.net/images/actor_iphone/iphone360_81829.jpg","name":"Дэн Хикс","enName":"Dan Hicks","profession":"актеры","enProfession":"actor"},{"id":565032,"photo":"https://st.kp.yandex.net/images/actor_iphone/iphone360_565032.jpg","name":"Джулия Макс","enName":"Julia Max","profession":"актеры","enProfession":"actor"},{"id":565033,"photo":"https://st.kp.yandex.net/images/actor_iphone/iphone360_565033.jpg","name":"Саванна Поуп","enName":"Savannah Pope","profession":"актеры","enProfession":"actor"},{"id":36187,"photo":"https://st.kp.yandex.net/images/actor_iphone/iphone360_36187.jpg","name":"Тимоти Патрик Куилл","enName":"Timothy Patrick Quill","profession":"актеры","enProfession":"actor"},{"id":36195,"photo":"https://st.kp.yandex.net/images/actor_iphone/iphone360_36195.jpg","name":"Джилл Сейр","enName":"Jill Sayre","profession":"актеры","enProfession":"actor"},{"id":565034,"photo":"https://st.kp.yandex.net/images/actor_iphone/iphone360_565034.jpg","name":"Рики Дж. Уильямс","enName":"Rickey G. Williams","profession":"актеры","enProfession":"actor"},{"id":737924,"photo":"https://st.kp.yandex.net/images/actor_iphone/iphone360_737924.jpg","name":"Дакота Андерсон","enName":"Dakota Anderson","profession":"актеры","enProfession":"actor"},{"id":4549164,"photo":"https://st.kp.yandex.net/images/actor_iphone/iphone360_4549164.jpg","name":null,"enName":"Sal Ardisi","profession":"актеры","enProfession":"actor"},{"id":30078,"photo":"https://st.kp.yandex.net/images/actor_iphone/iphone360_30078.jpg","name":"Майкл Артур","enName":"Michael Arthur","profession":"актеры","enProfession":"actor"},{"id":914045,"photo":"https://st.kp.yandex.net/images/actor_iphone/iphone360_914045.jpg","name":"Дэмиэн Бэйли","enName":"Damian Bailey","profession":"актеры","enProfession":"actor"},{"id":6136261,"photo":"https://st.kp.yandex.net/images/actor_iphone/iphone360_6136261.jpg","name":null,"enName":"Alan Charles Blackney","profession":"актеры","enProfession":"actor"},{"id":679034,"photo":"https://st.kp.yandex.net/images/actor_iphone/iphone360_679034.jpg","name":"Дэвид Бланк","enName":"David Blanc","profession":"актеры","enProfession":"actor"},{"id":15425,"photo":"https://st.kp.yandex.net/images/actor_iphone/iphone360_15425.jpg","name":"Фрэнк Бонсанге","enName":"Frank Bonsangue","profession":"актеры","enProfession":"actor"},{"id":1530381,"photo":"https://st.kp.yandex.net/images/actor_iphone/iphone360_1530381.jpg","name":"Дэвид Бостон","enName":"David Boston","profession":"актеры","enProfession":"actor"},{"id":34740,"photo":"https://st.kp.yandex.net/images/actor_iphone/iphone360_34740.jpg","name":"Се Браун","enName":"Sho Brown","profession":"актеры","enProfession":"actor"},{"id":4234963,"photo":"https://st.kp.yandex.net/images/actor_iphone/iphone360_4234963.jpg","name":null,"enName":"Luke Burnyeat","profession":"актеры","enProfession":"actor"},{"id":33151,"photo":"https://st.kp.yandex.net/images/actor_iphone/iphone360_33151.jpg","name":"Джон Камерон","enName":"John Cameron","profession":"актеры","enProfession":"actor"},{"id":25725,"photo":"https://st.kp.yandex.net/images/actor_iphone/iphone360_25725.jpg","name":"Джозеф М. Караччоло","enName":"Joseph M. Caracciolo","profession":"актеры","enProfession":"actor"},{"id":463434,"photo":"https://st.kp.yandex.net/images/actor_iphone/iphone360_463434.jpg","name":"Синди Чунг","enName":"Cindy Cheung","profession":"актеры","enProfession":"actor"},{"id":482171,"photo":"https://st.kp.yandex.net/images/actor_iphone/iphone360_482171.jpg","name":"Питер Чинкотти","enName":"Peter Cincotti","profession":"актеры","enProfession":"actor"},{"id":4336382,"photo":"https://st.kp.yandex.net/images/actor_iphone/iphone360_4336382.jpg","name":null,"enName":"Lee Cogburn","profession":"актеры","enProfession":"actor"},{"id":4510868,"photo":"https://st.kp.yandex.net/images/actor_iphone/iphone360_4510868.jpg","name":null,"enName":"Al Collado","profession":"актеры","enProfession":"actor"},{"id":50218,"photo":"https://st.kp.yandex.net/images/actor_iphone/iphone360_50218.jpg","name":"Кристина Р. Коуплэнд","enName":"Christina R. Copeland","profession":"актеры","enProfession":"actor"},{"id":2679428,"photo":"https://st.kp.yandex.net/images/actor_iphone/iphone360_2679428.jpg","name":"Дон Каннингэм","enName":"Dono Cunningham","profession":"актеры","enProfession":"actor"},{"id":50733,"photo":"https://st.kp.yandex.net/images/actor_iphone/iphone360_50733.jpg","name":"Винни Капоне","enName":"Vince Cupone","profession":"актеры","enProfession":"actor"},{"id":9972,"photo":"https://st.kp.yandex.net/images/actor_iphone/iphone360_9972.jpg","name":"Грант Кертис","enName":"Grant Curtis","profession":"актеры","enProfession":"actor"},{"id":1118211,"photo":"https://st.kp.yandex.net/images/actor_iphone/iphone360_1118211.jpg","name":"Барбара Энн Дэвисон","enName":"Barbara Ann Davison","profession":"актеры","enProfession":"actor"},{"id":591366,"photo":"https://st.kp.yandex.net/images/actor_iphone/iphone360_591366.jpg","name":"Кэлвин Дин","enName":"Calvin Dean","profession":"актеры","enProfession":"actor"},{"id":966055,"photo":"https://st.kp.yandex.net/images/actor_iphone/iphone360_966055.jpg","name":"Алтара Мишель","enName":"A.M. Driver","profession":"актеры","enProfession":"actor"},{"id":48635,"photo":"https://st.kp.yandex.net/images/actor_iphone/iphone360_48635.jpg","name":"Фабрицио Фанте","enName":"Fabrizio Fante","profession":"актеры","enProfession":"actor"},{"id":5760617,"photo":"https://st.kp.yandex.net/images/actor_iphone/iphone360_5760617.jpg","name":null,"enName":"Doug Ferony","profession":"актеры","enProfession":"actor"},{"id":737624,"photo":"https://st.kp.yandex.net/images/actor_iphone/iphone360_737624.jpg","name":"Филлип Грэмм","enName":"Phillip Gramm","profession":"актеры","enProfession":"actor"},{"id":3490356,"photo":"https://st.kp.yandex.net/images/actor_iphone/iphone360_3490356.jpg","name":"Халла","enName":"Halla","profession":"актеры","enProfession":"actor"},{"id":1171415,"photo":"https://st.kp.yandex.net/images/actor_iphone/iphone360_1171415.jpg","name":"Мохаммед Хассан","enName":"Mohammed Hassan","profession":"актеры","enProfession":"actor"},{"id":1304846,"photo":"https://st.kp.yandex.net/images/actor_iphone/iphone360_1304846.jpg","name":"Андре М. Джонсон","enName":"Andre Johnson","profession":"актеры","enProfession":"actor"},{"id":2275620,"photo":"https://st.kp.yandex.net/images/actor_iphone/iphone360_2275620.jpg","name":"Эдвард Джонсон","enName":"Edward Johnson","profession":"актеры","enProfession":"actor"},{"id":740082,"photo":"https://st.kp.yandex.net/images/actor_iphone/iphone360_740082.jpg","name":"Дженис Джонс","enName":"Janis Jones","profession":"актеры","enProfession":"actor"},{"id":278615,"photo":"https://st.kp.yandex.net/images/actor_iphone/iphone360_278615.jpg","name":"Раджеш Кхаттар","enName":"Rajesh Khattar","profession":"актеры","enProfession":"actor"},{"id":1050517,"photo":"https://st.kp.yandex.net/images/actor_iphone/iphone360_1050517.jpg","name":"Майкл Килкаллен","enName":"Michael Kilcullen","profession":"актеры","enProfession":"actor"},{"id":1171266,"photo":"https://st.kp.yandex.net/images/actor_iphone/iphone360_1171266.jpg","name":"Эйлин Ковенер","enName":"Eileen Kovener","profession":"актеры","enProfession":"actor"},{"id":38819,"photo":"https://st.kp.yandex.net/images/actor_iphone/iphone360_38819.jpg","name":"Фил ЛаМарр","enName":"Phil LaMarr","profession":"актеры","enProfession":"actor"},{"id":964388,"photo":"https://st.kp.yandex.net/images/actor_iphone/iphone360_964388.jpg","name":"Фрэнк Лэнгли","enName":"Frank Langley","profession":"актеры","enProfession":"actor"},{"id":1082973,"photo":"https://st.kp.yandex.net/images/actor_iphone/iphone360_1082973.jpg","name":null,"enName":"Rachel Lehrer","profession":"актеры","enProfession":"actor"},{"id":1258458,"photo":"https://st.kp.yandex.net/images/actor_iphone/iphone360_1258458.jpg","name":"Пейтон Лист","enName":"Peyton List","profession":"актеры","enProfession":"actor"},{"id":1234213,"photo":"https://st.kp.yandex.net/images/actor_iphone/iphone360_1234213.jpg","name":"Спенсер Лист","enName":"Spencer List","profession":"актеры","enProfession":"actor"},{"id":730231,"photo":"https://st.kp.yandex.net/images/actor_iphone/iphone360_730231.jpg","name":"Лорелей Лли","enName":"Lorelei Llee","profession":"актеры","enProfession":"actor"},{"id":4292755,"photo":"https://st.kp.yandex.net/images/actor_iphone/iphone360_4292755.jpg","name":null,"enName":"Fancy Macelli","profession":"актеры","enProfession":"actor"},{"id":1487154,"photo":"https://st.kp.yandex.net/images/actor_iphone/iphone360_1487154.jpg","name":null,"enName":"Paul-Dean Martin","profession":"актеры","enProfession":"actor"},{"id":66852,"photo":"https://st.kp.yandex.net/images/actor_iphone/iphone360_66852.jpg","name":"Карина Мастрипполито","enName":"Carina Mastrippolito","profession":"актеры","enProfession":"actor"},{"id":1465693,"photo":"https://st.kp.yandex.net/images/actor_iphone/iphone360_1465693.jpg","name":"Дэниэл Мейсен","enName":"Daniel Maysen","profession":"актеры","enProfession":"actor"},{"id":5480586,"photo":"https://st.kp.yandex.net/images/actor_iphone/iphone360_5480586.jpg","name":null,"enName":"Tony Mazzucchi","profession":"актеры","enProfession":"actor"},{"id":658831,"photo":"https://st.kp.yandex.net/images/actor_iphone/iphone360_658831.jpg","name":"Трой Меткалф","enName":"Troy Metcalf","profession":"актеры","enProfession":"actor"},{"id":36231,"photo":"https://st.kp.yandex.net/images/actor_iphone/iphone360_36231.jpg","name":"Клаудия Кац Минник","enName":"Claudia Katz Minnick","profession":"актеры","enProfession":"actor"},{"id":1142526,"photo":"https://st.kp.yandex.net/images/actor_iphone/iphone360_1142526.jpg","name":"Исмаэль Морено","enName":"Ismael Moreno","profession":"актеры","enProfession":"actor"},{"id":2258163,"photo":"https://st.kp.yandex.net/images/actor_iphone/iphone360_2258163.jpg","name":"Джо Нельсон","enName":"Joseph Nelson","profession":"актеры","enProfession":"actor"},{"id":1222467,"photo":"https://st.kp.yandex.net/images/actor_iphone/iphone360_1222467.jpg","name":"Дэвид Оррис","enName":"David Orris","profession":"актеры","enProfession":"actor"},{"id":1132080,"photo":"https://st.kp.yandex.net/images/actor_iphone/iphone360_1132080.jpg","name":"Ронн Озук","enName":"Ronn Ozuk","profession":"актеры","enProfession":"actor"},{"id":1561701,"photo":"https://st.kp.yandex.net/images/actor_iphone/iphone360_1561701.jpg","name":"Кристофер Порто","enName":"Christopher Porto","profession":"актеры","enProfession":"actor"},{"id":9940,"photo":"https://st.kp.yandex.net/images/actor_iphone/iphone360_9940.jpg","name":"Сэм Рэйми","enName":"Sam Raimi","profession":"актеры","enProfession":"actor"},{"id":127294,"photo":"https://st.kp.yandex.net/images/actor_iphone/iphone360_127294.jpg","name":"Рэнди Райнхольц","enName":"Randy Reinholz","profession":"актеры","enProfession":"actor"},{"id":2749020,"photo":"https://st.kp.yandex.net/images/actor_iphone/iphone360_2749020.jpg","name":"Карла Родс","enName":"Carla Rhodes","profession":"актеры","enProfession":"actor"},{"id":39574,"photo":"https://st.kp.yandex.net/images/actor_iphone/iphone360_39574.jpg","name":"Рейчел Родерик","enName":"Rachelle Roderick","profession":"актеры","enProfession":"actor"},{"id":582586,"photo":"https://st.kp.yandex.net/images/actor_iphone/iphone360_582586.jpg","name":"Скотт Скверски","enName":"Scott Skversky","profession":"актеры","enProfession":"actor"},{"id":6486077,"photo":"https://st.kp.yandex.net/images/actor_iphone/iphone360_6486077.jpg","name":"Сильвия Росс","enName":"Sylvia Ross","profession":"актеры","enProfession":"actor"},{"id":14267,"photo":"https://st.kp.yandex.net/images/actor_iphone/iphone360_14267.jpg","name":"Бонни Соммервиль","enName":"Bonnie Somerville","profession":"актеры","enProfession":"actor"},{"id":1615423,"photo":"https://st.kp.yandex.net/images/actor_iphone/iphone360_1615423.jpg","name":"Джимми Стар","enName":"Jimmy Star","profession":"актеры","enProfession":"actor"},{"id":22709,"photo":"https://st.kp.yandex.net/images/actor_iphone/iphone360_22709.jpg","name":"Дуглас Свондер","enName":"Douglas Swander","profession":"актеры","enProfession":"actor"},{"id":1718332,"photo":"https://st.kp.yandex.net/images/actor_iphone/iphone360_1718332.jpg","name":"Энджел Таормина","enName":"Angel Katherine Taormina","profession":"актеры","enProfession":"actor"},{"id":1617066,"photo":"https://st.kp.yandex.net/images/actor_iphone/iphone360_1617066.jpg","name":"Джон Тернер","enName":"John Thurner","profession":"актеры","enProfession":"actor"},{"id":2298076,"photo":"https://st.kp.yandex.net/images/actor_iphone/iphone360_2298076.jpg","name":"Джейсон Толер","enName":"Jason Toler","profession":"актеры","enProfession":"actor"},{"id":584126,"photo":"https://st.kp.yandex.net/images/actor_iphone/iphone360_584126.jpg","name":"Генри Труонг","enName":"Henry Truong","profession":"актеры","enProfession":"actor"},{"id":3253610,"photo":"https://st.kp.yandex.net/images/actor_iphone/iphone360_3253610.jpg","name":null,"enName":"Michael Urbanski","profession":"актеры","enProfession":"actor"},{"id":741587,"photo":"https://st.kp.yandex.net/images/actor_iphone/iphone360_741587.jpg","name":"Уэсли Волси","enName":"Wesley Volcy","profession":"актеры","enProfession":"actor"},{"id":565017,"photo":"https://st.kp.yandex.net/images/actor_iphone/iphone360_565017.jpg","name":"Лу Волп","enName":"Lou Volpe","profession":"актеры","enProfession":"actor"},{"id":20776,"photo":"https://st.kp.yandex.net/images/actor_iphone/iphone360_20776.jpg","name":"Гаррет Уоррен","enName":"Garrett Warren","profession":"актеры","enProfession":"actor"},{"id":316102,"photo":"https://st.kp.yandex.net/images/actor_iphone/iphone360_316102.jpg","name":"Джек Уэтеролл","enName":"Jack Wetherall","profession":"актеры","enProfession":"actor"},{"id":1610480,"photo":"https://st.kp.yandex.net/images/actor_iphone/iphone360_1610480.jpg","name":"Кен Уортон","enName":"Ken Wharton","profession":"актеры","enProfession":"actor"},{"id":9966,"photo":"https://st.kp.yandex.net/images/actor_iphone/iphone360_9966.jpg","name":"Дэнни Элфман","enName":"Danny Elfman","profession":"композиторы","enProfession":"composer"},{"id":1529290,"photo":"https://st.kp.yandex.net/images/actor_iphone/iphone360_1529290.jpg","name":"Нил Спайсэк","enName":"Neil Spisak","profession":"художники","enProfession":"designer"},{"id":2001561,"photo":"https://st.kp.yandex.net/images/actor_iphone/iphone360_2001561.jpg","name":"Джефф Нипп","enName":"Jeff Knipp","profession":"художники","enProfession":"designer"},{"id":1987595,"photo":"https://st.kp.yandex.net/images/actor_iphone/iphone360_1987595.jpg","name":"Скотт П. Мерфи","enName":"Scott P. Murphy","profession":"художники","enProfession":"designer"},{"id":1988916,"photo":"https://st.kp.yandex.net/images/actor_iphone/iphone360_1988916.jpg","name":"Стив Сэклад","enName":"Steve Saklad","profession":"художники","enProfession":"designer"},{"id":1987209,"photo":"https://st.kp.yandex.net/images/actor_iphone/iphone360_1987209.jpg","name":"Томас Валентайн","enName":"Thomas Valentine","profession":"художники","enProfession":"designer"},{"id":2001867,"photo":"https://st.kp.yandex.net/images/actor_iphone/iphone360_2001867.jpg","name":"Томас П. Уилкинс","enName":"Thomas P. Wilkins","profession":"художники","enProfession":"designer"},{"id":1741462,"photo":"https://st.kp.yandex.net/images/actor_iphone/iphone360_1741462.jpg","name":"Джеймс Эчесон","enName":"James Acheson","profession":"художники","enProfession":"designer"},{"id":128634,"photo":"https://st.kp.yandex.net/images/actor_iphone/iphone360_128634.jpg","name":"Гари Джонс","enName":"Gary Jones","profession":"художники","enProfession":"designer"},{"id":545287,"photo":"https://st.kp.yandex.net/images/actor_iphone/iphone360_545287.jpg","name":"Джей Харт","enName":"Jay Hart","profession":"художники","enProfession":"designer"},{"id":9940,"photo":"https://st.kp.yandex.net/images/actor_iphone/iphone360_9940.jpg","name":"Сэм Рэйми","enName":"Sam Raimi","profession":"режиссеры","enProfession":"director"},{"id":1976030,"photo":"https://st.kp.yandex.net/images/actor_iphone/iphone360_1976030.jpg","name":"Боб Муравски","enName":"Bob Murawski","profession":"монтажеры","enProfession":"editor"},{"id":278101,"photo":"https://st.kp.yandex.net/images/actor_iphone/iphone360_278101.jpg","name":"Билл Поуп","enName":"Bill Pope","profession":"операторы","enProfession":"operator"},{"id":8281,"photo":"https://st.kp.yandex.net/images/actor_iphone/iphone360_8281.jpg","name":"Ави Арад","enName":"Avi Arad","profession":"продюсеры","enProfession":"producer"},{"id":36241,"photo":"https://st.kp.yandex.net/images/actor_iphone/iphone360_36241.jpg","name":"Лора Зискин","enName":"Laura Ziskin","profession":"продюсеры","enProfession":"producer"},{"id":25725,"photo":"https://st.kp.yandex.net/images/actor_iphone/iphone360_25725.jpg","name":"Джозеф М. Караччоло","enName":"Joseph M. Caracciolo","profession":"продюсеры","enProfession":"producer"},{"id":9972,"photo":"https://st.kp.yandex.net/images/actor_iphone/iphone360_9972.jpg","name":"Грант Кертис","enName":"Grant Curtis","profession":"продюсеры","enProfession":"producer"},{"id":251264,"photo":"https://st.kp.yandex.net/images/actor_iphone/iphone360_251264.jpg","name":"Евгений Иванов","enName":null,"profession":"актеры дубляжа","enProfession":"voice_actor"},{"id":477449,"photo":"https://st.kp.yandex.net/images/actor_iphone/iphone360_477449.jpg","name":"Елена Шульман","enName":null,"profession":"актеры дубляжа","enProfession":"voice_actor"},{"id":1373937,"photo":"https://st.kp.yandex.net/images/actor_iphone/iphone360_1373937.jpg","name":"Ярослав Иванов","enName":null,"profession":"актеры дубляжа","enProfession":"voice_actor"},{"id":76127,"photo":"https://st.kp.yandex.net/images/actor_iphone/iphone360_76127.jpg","name":"Сергей Паршин","enName":null,"profession":"актеры дубляжа","enProfession":"voice_actor"},{"id":310612,"photo":"https://st.kp.yandex.net/images/actor_iphone/iphone360_310612.jpg","name":"Елена Ставрогина","enName":null,"profession":"актеры дубляжа","enProfession":"voice_actor"},{"id":37403,"photo":"https://st.kp.yandex.net/images/actor_iphone/iphone360_37403.jpg","name":"Вадим Гущин","enName":null,"profession":"актеры дубляжа","enProfession":"voice_actor"},{"id":1735783,"photo":"https://st.kp.yandex.net/images/actor_iphone/iphone360_1735783.jpg","name":"Александра Кожевникова","enName":null,"profession":"актеры дубляжа","enProfession":"voice_actor"},{"id":37392,"photo":"https://st.kp.yandex.net/images/actor_iphone/iphone360_37392.jpg","name":"Максим Сергеев","enName":null,"profession":"актеры дубляжа","enProfession":"voice_actor"},{"id":277595,"photo":"https://st.kp.yandex.net/images/actor_iphone/iphone360_277595.jpg","name":"Юрий Лазарев","enName":null,"profession":"актеры дубляжа","enProfession":"voice_actor"},{"id":76124,"photo":"https://st.kp.yandex.net/images/actor_iphone/iphone360_76124.jpg","name":"Валерий Кухарешин","enName":null,"profession":"актеры дубляжа","enProfession":"voice_actor"},{"id":273444,"photo":"https://st.kp.yandex.net/images/actor_iphone/iphone360_273444.jpg","name":"Валерий Захарьев","enName":null,"profession":"актеры дубляжа","enProfession":"voice_actor"},{"id":273439,"photo":"https://st.kp.yandex.net/images/actor_iphone/iphone360_273439.jpg","name":"Геннадий Богачёв","enName":null,"profession":"актеры дубляжа","enProfession":"voice_actor"},{"id":1736815,"photo":"https://st.kp.yandex.net/images/actor_iphone/iphone360_1736815.jpg","name":"Дмитрий Витов","enName":null,"profession":"актеры дубляжа","enProfession":"voice_actor"},{"id":917602,"photo":"https://st.kp.yandex.net/images/actor_iphone/iphone360_917602.jpg","name":"Светлана Репетина","enName":null,"profession":"актеры дубляжа","enProfession":"voice_actor"},{"id":310711,"photo":"https://st.kp.yandex.net/images/actor_iphone/iphone360_310711.jpg","name":"Олег Куликович","enName":null,"profession":"актеры дубляжа","enProfession":"voice_actor"},{"id":477450,"photo":"https://st.kp.yandex.net/images/actor_iphone/iphone360_477450.jpg","name":"Анатолий Петров","enName":null,"profession":"актеры дубляжа","enProfession":"voice_actor"},{"id":322169,"photo":"https://st.kp.yandex.net/images/actor_iphone/iphone360_322169.jpg","name":"Гелий Сысоев","enName":null,"profession":"актеры дубляжа","enProfession":"voice_actor"},{"id":251226,"photo":"https://st.kp.yandex.net/images/actor_iphone/iphone360_251226.jpg","name":"Иван Паршин","enName":null,"profession":"актеры дубляжа","enProfession":"voice_actor"},{"id":1481688,"photo":"https://st.kp.yandex.net/images/actor_iphone/iphone360_1481688.jpg","name":"Александр Машанов","enName":null,"profession":"актеры дубляжа","enProfession":"voice_actor"},{"id":38838,"photo":"https://st.kp.yandex.net/images/actor_iphone/iphone360_38838.jpg","name":"Элвин Сарджент","enName":"Alvin Sargent","profession":"редакторы","enProfession":"writer"},{"id":8242,"photo":"https://st.kp.yandex.net/images/actor_iphone/iphone360_8242.jpg","name":"Стэн Ли","enName":"Stan Lee","profession":"редакторы","enProfession":"writer"},{"id":36183,"photo":"https://st.kp.yandex.net/images/actor_iphone/iphone360_36183.jpg","name":"Стив Дитко","enName":"Steve Ditko","profession":"редакторы","enProfession":"writer"},{"id":29853,"photo":"https://st.kp.yandex.net/images/actor_iphone/iphone360_29853.jpg","name":"Альфред Гоф","enName":"Alfred Gough","profession":"редакторы","enProfession":"writer"}],"typeNumber":1,"alternativeName":"Spider-Man 2","enName":null,"names":[{"name":"Человек-паук 2"},{"name":"Spider-Man 2"}],"similarMovies":[{"id":263531,"name":"Мстители","enName":null,"alternativeName":"The Avengers","type":"movie","poster":{"url":"https://avatars.mds.yandex.net/get-kinopoisk-image/1898899/972b7f43-9677-40ce-a9bc-02a88ad3919d/orig","previewUrl":"https://avatars.mds.yandex.net/get-kinopoisk-image/1898899/972b7f43-9677-40ce-a9bc-02a88ad3919d/x1000"}},{"id":160946,"name":"Первый мститель","enName":null,"alternativeName":"Captain America: The First Avenger","type":"movie","poster":{"url":"https://avatars.mds.yandex.net/get-kinopoisk-image/6201401/e33e1f96-bb6b-4630-a419-c90af926c7f3/orig","previewUrl":"https://avatars.mds.yandex.net/get-kinopoisk-image/6201401/e33e1f96-bb6b-4630-a419-c90af926c7f3/x1000"}},{"id":61237,"name":"Железный человек","enName":null,"alternativeName":"Iron Man","type":"movie","poster":{"url":"https://avatars.mds.yandex.net/get-kinopoisk-image/4774061/c8e2f069-15f1-4803-95c0-aba858fec360/orig","previewUrl":"https://avatars.mds.yandex.net/get-kinopoisk-image/4774061/c8e2f069-15f1-4803-95c0-aba858fec360/x1000"}},{"id":411924,"name":"Железный человек 2","enName":null,"alternativeName":"Iron Man 2","type":"movie","poster":{"url":"https://avatars.mds.yandex.net/get-kinopoisk-image/1629390/ed4b6bbb-f755-4977-bf33-005d2c30f67f/orig","previewUrl":"https://avatars.mds.yandex.net/get-kinopoisk-image/1629390/ed4b6bbb-f755-4977-bf33-005d2c30f67f/x1000"}},{"id":462762,"name":"Железный человек 3","enName":null,"alternativeName":"Iron Man Three","type":"movie","poster":{"url":"https://avatars.mds.yandex.net/get-kinopoisk-image/1600647/272776a1-9beb-45a9-8e02-867ba9c7f571/orig","previewUrl":"https://avatars.mds.yandex.net/get-kinopoisk-image/1600647/272776a1-9beb-45a9-8e02-867ba9c7f571/x1000"}},{"id":47237,"name":"Бэтмен: Начало","enName":null,"alternativeName":"Batman Begins","type":"movie","poster":{"url":"https://avatars.mds.yandex.net/get-kinopoisk-image/1704946/be4b776a-5ab6-42b4-9147-5c3ec6b53c44/orig","previewUrl":"https://avatars.mds.yandex.net/get-kinopoisk-image/1704946/be4b776a-5ab6-42b4-9147-5c3ec6b53c44/x1000"}},{"id":102151,"name":"Хэнкок","enName":null,"alternativeName":"Hancock","type":"movie","poster":{"url":"https://avatars.mds.yandex.net/get-kinopoisk-image/6201401/c7a589a4-8e7f-4d5f-ade9-af1379617a7c/orig","previewUrl":"https://avatars.mds.yandex.net/get-kinopoisk-image/6201401/c7a589a4-8e7f-4d5f-ade9-af1379617a7c/x1000"}},{"id":23263,"name":"Фантастическая четверка","enName":null,"alternativeName":"Fantastic Four","type":"movie","poster":{"url":"https://avatars.mds.yandex.net/get-kinopoisk-image/1599028/08be7a96-d674-4911-b4c6-398871ae57f8/orig","previewUrl":"https://avatars.mds.yandex.net/get-kinopoisk-image/1599028/08be7a96-d674-4911-b4c6-398871ae57f8/x1000"}},{"id":462358,"name":"Люди Икс: Первый класс","enName":null,"alternativeName":"X-Men: First Class","type":"movie","poster":{"url":"https://avatars.mds.yandex.net/get-kinopoisk-image/1629390/851c15e3-2729-45bc-b3e7-ea684728c725/orig","previewUrl":"https://avatars.mds.yandex.net/get-kinopoisk-image/1629390/851c15e3-2729-45bc-b3e7-ea684728c725/x1000"}},{"id":95232,"name":"Человек-паук","enName":null,"alternativeName":"Spider-Man","type":"animated-series","poster":{"url":"https://avatars.mds.yandex.net/get-kinopoisk-image/1704946/88df5e67-0de7-42e1-9cee-ae60cc711187/orig","previewUrl":"https://avatars.mds.yandex.net/get-kinopoisk-image/1704946/88df5e67-0de7-42e1-9cee-ae60cc711187/x1000"}}],"sequelsAndPrequels":[{"id":838,"name":"Человек-паук","enName":null,"alternativeName":"Spider-Man","type":"movie","poster":{"url":"https://avatars.mds.yandex.net/get-kinopoisk-image/1946459/428e2842-4157-45e8-a9af-1e5245e52c37/orig","previewUrl":"https://avatars.mds.yandex.net/get-kinopoisk-image/1946459/428e2842-4157-45e8-a9af-1e5245e52c37/x1000"}},{"id":82441,"name":"Человек-паук 3: Враг в отражении","enName":null,"alternativeName":"Spider-Man 3","type":"movie","poster":{"url":"https://avatars.mds.yandex.net/get-kinopoisk-image/1773646/2fc0214a-668d-4453-9abf-30b201b767ba/orig","previewUrl":"https://avatars.mds.yandex.net/get-kinopoisk-image/1773646/2fc0214a-668d-4453-9abf-30b201b767ba/x1000"}},{"id":278217,"name":"Новый Человек-паук","enName":null,"alternativeName":"The Amazing Spider-Man","type":"movie","poster":{"url":"https://avatars.mds.yandex.net/get-kinopoisk-image/1704946/94bbf625-f375-4629-8345-2e9565c07d56/orig","previewUrl":"https://avatars.mds.yandex.net/get-kinopoisk-image/1704946/94bbf625-f375-4629-8345-2e9565c07d56/x1000"}},{"id":602409,"name":"Новый Человек-паук: Высокое напряжение","enName":null,"alternativeName":"The Amazing Spider-Man 2","type":"movie","poster":{"url":"https://avatars.mds.yandex.net/get-kinopoisk-image/1946459/6018c36f-464c-4933-8a83-1b07b90c4e4e/orig","previewUrl":"https://avatars.mds.yandex.net/get-kinopoisk-image/1946459/6018c36f-464c-4933-8a83-1b07b90c4e4e/x1000"}},{"id":1309570,"name":"Человек-паук: Нет пути домой","enName":null,"alternativeName":"Spider-Man: No Way Home","type":"movie","poster":{"url":"https://avatars.mds.yandex.net/get-kinopoisk-image/6201401/731c4031-7389-44f4-8c15-f9f4e3b0ed90/orig","previewUrl":"https://avatars.mds.yandex.net/get-kinopoisk-image/6201401/731c4031-7389-44f4-8c15-f9f4e3b0ed90/x1000"}}],"ratingMpaa":"pg13","shortDescription":"Нью-Йорку угрожает Осьминог, а у супергероя пропали способности. Сэм Рэйми связал блокбастер и личную драму","imagesInfo":{"framesCount":113},"ageRating":12,"logo":{"url":"https://avatars.mds.yandex.net/get-ott/2385704/2a000001717922044c3b5f49433205206beb/orig"},"watchability":{"items":[{"name":"Okko","logo":{"url":"https://avatars.mds.yandex.net/get-ott/239697/7713e586-17d1-42d1-ac62-53e9ef1e70c3/orig"},"url":"https://okko.tv/movie/spider-man-2-fullhd?utm_medium=referral&utm_source=yandex_search&utm_campaign=new_search_feed"},{"name":"Иви","logo":{"url":"https://avatars.mds.yandex.net/get-ott/2419418/0dfd1724-848f-4725-9160-abc571f41c11/orig"},"url":"https://www.ivi.ru/watch/83419?utm_source=yandex&utm_medium=wizard"},{"name":"Wink","logo":{"url":"https://avatars.mds.yandex.net/get-ott/1672343/54096cbe-cc3b-41c9-8e44-990ebbca8d61/orig"},"url":"https://wink.ru/media_items/54953889?utm_source=yandex&utm_medium=koldunschick&utm_content=name"},{"name":"viju","logo":{"url":"https://avatars.mds.yandex.net/get-ott/224348/8b10c84b-e1bb-4493-9bc4-6ee56554403a/orig"},"url":"https://viju.ru/filmy/chelovek-pauk-2?utm_campaign=yandex_content_integration&utm_medium=affiliate&utm_source=yandex"}]},"top10":null,"top250":null}