{"fees":{"world":{"value":20146150,"currency":"$"},"usa":{"value":16930185,"currency":"$"}},"status":null,"externalId":{"kpHD":"436a9663c055fb879bcfc3d316f1675c","imdb":"tt0261289","tmdb":12771},"rating":{"kp":6.987,"imdb":5.3,"filmCritics":3.2,"russianFilmCritics":0,"await":0},"votes":{"kp":29442,"imdb":18087,"filmCritics":113,"russianFilmCritics":0,"await":0},"backdrop":{"url":"https://avatars.mds.yandex.net/get-ott/1531675/2a0000016b557f430971e927437fe4ef57c8/orig","previewUrl":"https://avatars.mds.yandex.net/get-ott/1531675/2a0000016b557f430971e927437fe4ef57c8/x1000"},"movieLength":102,"productionCompanies":[{"name":"Paramount","url":"https://www.themoviedb.org/t/p/original/fycMZt242LVjagMByZOLUGbCvv3.png","previewUrl":"https://www.themoviedb.org/t/p/w500/fycMZt242LVjagMByZOLUGbCvv3.png"}],"id":2899,"type":"movie","name":"Мошенники","description":"Гордон и Сара Мур - не совсем обычная супружеская пара. Сара - типичная англичанка, Гордон - типичный техасец. Благодаря совместным усилиям их скотоводческое ранчо приносит огромные доходы. Прощаясь с мужем в аэропорту и садясь в самолет, направляющийся в Нью-Йорк, Сара и подумать не могла, какой сюрприз приготовил ей благоверный. В его жизни появилась другая женщина, и он хочет развестись...","premiere":{"country":"США","world":"2002-08-20T00:00:00.000Z","russia":"2002-11-14T00:00:00.000Z","cinema":"2002-11-14T00:00:00.000Z"},"slogan":"The One Thing That Could Bring Them Together Is Revenge","year":2002,"budget":{"value":29000000,"currency":"$"},"poster":{"url":"https://st.kp.yandex.net/images/film_big/2899.jpg","previewUrl":"https://st.kp.yandex.net/images/film_iphone/iphone360_2899.jpg"},"facts":[],"genres":[{"name":"мелодрама"},{"name":"комедия"}],"countries":[{"name":"Германия"},{"name":"США"}],"videos":{"trailers":[{"url":"https://widgets.kinopoisk.ru/discovery/trailer/16373?onlyPlayer=1&autoplay=1&cover=1","name":"Трейлер (русский язык)","site":"kinopoisk_widget"},{"url":"https://widgets.kinopoisk.ru/discovery/trailer/4792?onlyPlayer=1&autoplay=1&cover=1","name":"Трейлер","site":"kinopoisk_widget"},{"url":"https://widgets.kinopoisk.ru/discovery/trailer/86649?onlyPlayer=1&autoplay=1&cover=1","name":"Трейлер №2","site":"kinopoisk_widget"},{"url":"https://www.youtube.com/embed/yH5LUdNfKb0","name":"Serving Sara Trailer","site":"youtube","type":"TRAILER"}],"teasers":[]},"seasonsInfo":[],"persons":[{"id":7081,"photo":"https://st.kp.yandex.net/images/actor_iphone/iphone360_7081.jpg","name":"Мэттью Перри","enName":"Matthew Perry","profession":"актеры","enProfession":"actor"},{"id":14252,"photo":"https://st.kp.yandex.net/images/actor_iphone/iphone360_14252.jpg","name":"Элизабет Хёрли","enName":"Elizabeth Hurley","profession":"актеры","enProfession":"actor"},{"id":2827,"photo":"https://st.kp.yandex.net/images/actor_iphone/iphone360_2827.jpg","name":"Винсент Пасторе","enName":"Vincent Pastore","profession":"актеры","enProfession":"actor"},{"id":36186,"photo":"https://st.kp.yandex.net/images/actor_iphone/iphone360_36186.jpg","name":"Брюс Кэмпбелл","enName":"Bruce Campbell","profession":"актеры","enProfession":"actor"},{"id":13390,"photo":"https://st.kp.yandex.net/images/actor_iphone/iphone360_13390.jpg","name":"Седрик «Развлекатель»","enName":"Cedric the Entertainer","profession":"актеры","enProfession":"actor"},{"id":28630,"photo":"https://st.kp.yandex.net/images/actor_iphone/iphone360_28630.jpg","name":"Эми Адамс","enName":"Amy Adams","profession":"актеры","enProfession":"actor"},{"id":6270,"photo":"https://st.kp.yandex.net/images/actor_iphone/iphone360_6270.jpg","name":"Терри Крюс","enName":"Terry Crews","profession":"актеры","enProfession":"actor"},{"id":11797,"photo":"https://st.kp.yandex.net/images/actor_iphone/iphone360_11797.jpg","name":"Джерри Стиллер","enName":"Jerry Stiller","profession":"актеры","enProfession":"actor"},{"id":13833,"photo":"https://st.kp.yandex.net/images/actor_iphone/iphone360_13833.jpg","name":"Маршалл Белл","enName":"Marshall Bell","profession":"актеры","enProfession":"actor"},{"id":38953,"photo":"https://st.kp.yandex.net/images/actor_iphone/iphone360_38953.jpg","name":"Дерек Саузерс","enName":"Derek Southers","profession":"актеры","enProfession":"actor"},{"id":38954,"photo":"https://st.kp.yandex.net/images/actor_iphone/iphone360_38954.jpg","name":"Алан Эклс","enName":"Alan Ackles","profession":"актеры","enProfession":"actor"},{"id":38955,"photo":"https://st.kp.yandex.net/images/actor_iphone/iphone360_38955.jpg","name":"Робин МакГи","enName":"Robin McGee","profession":"актеры","enProfession":"actor"},{"id":38956,"photo":"https://st.kp.yandex.net/images/actor_iphone/iphone360_38956.jpg","name":"Брент Дункан","enName":"Brent Duncan","profession":"актеры","enProfession":"actor"},{"id":38957,"photo":"https://st.kp.yandex.net/images/actor_iphone/iphone360_38957.jpg","name":"Эли Жак","enName":"Eli Jacques","profession":"актеры","enProfession":"actor"},{"id":30562,"photo":"https://st.kp.yandex.net/images/actor_iphone/iphone360_30562.jpg","name":"Джон Уэйн Шафер","enName":"John Wayne Shafer","profession":"актеры","enProfession":"actor"},{"id":679,"photo":"https://st.kp.yandex.net/images/actor_iphone/iphone360_679.jpg","name":"Джо Витерелли","enName":"Joe Viterelli","profession":"актеры","enProfession":"actor"},{"id":8583,"photo":"https://st.kp.yandex.net/images/actor_iphone/iphone360_8583.jpg","name":"Винс Чичери","enName":"Vince Cecere","profession":"актеры","enProfession":"actor"},{"id":4162,"photo":"https://st.kp.yandex.net/images/actor_iphone/iphone360_4162.jpg","name":"Тони Лонго","enName":"Tony Longo","profession":"актеры","enProfession":"actor"},{"id":38958,"photo":"https://st.kp.yandex.net/images/actor_iphone/iphone360_38958.jpg","name":"Родерик Уотсон","enName":"Roderick Watson","profession":"актеры","enProfession":"actor"},{"id":8056,"photo":"https://st.kp.yandex.net/images/actor_iphone/iphone360_8056.jpg","name":"Джорджия Фой","enName":"Georgia Foy","profession":"актеры","enProfession":"actor"},{"id":38959,"photo":"https://st.kp.yandex.net/images/actor_iphone/iphone360_38959.jpg","name":"Мари Миранда","enName":"Marie Miranda","profession":"актеры","enProfession":"actor"},{"id":38960,"photo":"https://st.kp.yandex.net/images/actor_iphone/iphone360_38960.jpg","name":"Элейна Хаффман","enName":"Alaina Huffman","profession":"актеры","enProfession":"actor"},{"id":38961,"photo":"https://st.kp.yandex.net/images/actor_iphone/iphone360_38961.jpg","name":"Хезер Хант","enName":"Heather Hunt","profession":"актеры","enProfession":"actor"},{"id":26369,"photo":"https://st.kp.yandex.net/images/actor_iphone/iphone360_26369.jpg","name":"Мелинда Ренна","enName":"Melinda Renna","profession":"актеры","enProfession":"actor"},{"id":38962,"photo":"https://st.kp.yandex.net/images/actor_iphone/iphone360_38962.jpg","name":"Мария Арита","enName":"Maria Arita","profession":"актеры","enProfession":"actor"},{"id":38963,"photo":"https://st.kp.yandex.net/images/actor_iphone/iphone360_38963.jpg","name":"Мэри Лайонс","enName":"Mary Lyons","profession":"актеры","enProfession":"actor"},{"id":31632,"photo":"https://st.kp.yandex.net/images/actor_iphone/iphone360_31632.jpg","name":"Джим Уилки","enName":"Jim Wilkey","profession":"актеры","enProfession":"actor"},{"id":35475,"photo":"https://st.kp.yandex.net/images/actor_iphone/iphone360_35475.jpg","name":"Хэл Роули","enName":"Hal Rawley","profession":"актеры","enProfession":"actor"},{"id":11078,"photo":"https://st.kp.yandex.net/images/actor_iphone/iphone360_11078.jpg","name":"Коати Мунди","enName":"Coati Mundi","profession":"актеры","enProfession":"actor"},{"id":14115,"photo":"https://st.kp.yandex.net/images/actor_iphone/iphone360_14115.jpg","name":"Хулио Седильо","enName":"Julio Cesar Cedillo","profession":"актеры","enProfession":"actor"},{"id":15574,"photo":"https://st.kp.yandex.net/images/actor_iphone/iphone360_15574.jpg","name":"Эндрю Уилсон","enName":"Andrew Wilson","profession":"актеры","enProfession":"actor"},{"id":38964,"photo":"https://st.kp.yandex.net/images/actor_iphone/iphone360_38964.jpg","name":"Джон Роули","enName":"John Rawley","profession":"актеры","enProfession":"actor"},{"id":38965,"photo":"https://st.kp.yandex.net/images/actor_iphone/iphone360_38965.jpg","name":"Роберт Д. МакТир","enName":"Robert D. McTeer","profession":"актеры","enProfession":"actor"},{"id":38966,"photo":"https://st.kp.yandex.net/images/actor_iphone/iphone360_38966.jpg","name":"Оуида Уайт","enName":"Ouida White","profession":"актеры","enProfession":"actor"},{"id":38967,"photo":"https://st.kp.yandex.net/images/actor_iphone/iphone360_38967.jpg","name":"Пол Шульте","enName":"Paul Schulte","profession":"актеры","enProfession":"actor"},{"id":1513611,"photo":"https://st.kp.yandex.net/images/actor_iphone/iphone360_1513611.jpg","name":"Келли Саундерс","enName":"Kelley Saunders","profession":"актеры","enProfession":"actor"},{"id":38969,"photo":"https://st.kp.yandex.net/images/actor_iphone/iphone360_38969.jpg","name":"Шерил Акеми Тома","enName":"Cheryl Toma Sanders","profession":"актеры","enProfession":"actor"},{"id":38970,"photo":"https://st.kp.yandex.net/images/actor_iphone/iphone360_38970.jpg","name":"Пол Фудзимото","enName":"Paul Fujimoto","profession":"актеры","enProfession":"actor"},{"id":38971,"photo":"https://st.kp.yandex.net/images/actor_iphone/iphone360_38971.jpg","name":"Дон Пирл","enName":"Don Pirl","profession":"актеры","enProfession":"actor"},{"id":38972,"photo":"https://st.kp.yandex.net/images/actor_iphone/iphone360_38972.jpg","name":"Уолли Уэлш","enName":"Wally Welch","profession":"актеры","enProfession":"actor"},{"id":38973,"photo":"https://st.kp.yandex.net/images/actor_iphone/iphone360_38973.jpg","name":"Тоби Меткалф","enName":"Toby Metcalf","profession":"актеры","enProfession":"actor"},{"id":38974,"photo":"https://st.kp.yandex.net/images/actor_iphone/iphone360_38974.jpg","name":"Рэмси Уильямс","enName":"Ramsey Williams","profession":"актеры","enProfession":"actor"},{"id":38975,"photo":"https://st.kp.yandex.net/images/actor_iphone/iphone360_38975.jpg","name":"Мирелли Тейлор","enName":"Mirelly Taylor","profession":"актеры","enProfession":"actor"},{"id":38976,"photo":"https://st.kp.yandex.net/images/actor_iphone/iphone360_38976.jpg","name":"Либби Виллари","enName":"Libby Villari","profession":"актеры","enProfession":"actor"},{"id":38977,"photo":"https://st.kp.yandex.net/images/actor_iphone/iphone360_38977.jpg","name":"Аманда Дентон","enName":"Amanda Denton","profession":"актеры","enProfession":"actor"},{"id":38978,"photo":"https://st.kp.yandex.net/images/actor_iphone/iphone360_38978.jpg","name":"Корт Янг","enName":"Court Young","profession":"актеры","enProfession":"actor"},{"id":31912,"photo":"https://st.kp.yandex.net/images/actor_iphone/iphone360_31912.jpg","name":"Дэвид Скотт Хек","enName":"David Scott Heck","profession":"актеры","enProfession":"actor"},{"id":31869,"photo":"https://st.kp.yandex.net/images/actor_iphone/iphone360_31869.jpg","name":"Рик Морроу","enName":"Rick Morrow","profession":"актеры","enProfession":"actor"},{"id":24705,"photo":"https://st.kp.yandex.net/images/actor_iphone/iphone360_24705.jpg","name":"Никки Шилер Зиринг","enName":"Nikki Schieler Ziering","profession":"актеры","enProfession":"actor"},{"id":1090402,"photo":"https://st.kp.yandex.net/images/actor_iphone/iphone360_1090402.jpg","name":"Тэмми Барр","enName":"Tammy Barr","profession":"актеры","enProfession":"actor"},{"id":960169,"photo":"https://st.kp.yandex.net/images/actor_iphone/iphone360_960169.jpg","name":"Уилл Брансон","enName":"Will Brunson","profession":"актеры","enProfession":"actor"},{"id":681712,"photo":"https://st.kp.yandex.net/images/actor_iphone/iphone360_681712.jpg","name":"Ребекка Бустаманте","enName":"Rebecca Bustamante","profession":"актеры","enProfession":"actor"},{"id":38979,"photo":"https://st.kp.yandex.net/images/actor_iphone/iphone360_38979.jpg","name":"Деидре А. Кэннон","enName":"Deidre A. Cannon","profession":"актеры","enProfession":"actor"},{"id":35978,"photo":"https://st.kp.yandex.net/images/actor_iphone/iphone360_35978.jpg","name":"Лиза Карнахан","enName":"Lisa Carnahan","profession":"актеры","enProfession":"actor"},{"id":3993302,"photo":"https://st.kp.yandex.net/images/actor_iphone/iphone360_3993302.jpg","name":null,"enName":"Matthew Cason","profession":"актеры","enProfession":"actor"},{"id":35991,"photo":"https://st.kp.yandex.net/images/actor_iphone/iphone360_35991.jpg","name":"Эш Кристиан","enName":"Ash Christian","profession":"актеры","enProfession":"actor"},{"id":1331566,"photo":"https://st.kp.yandex.net/images/actor_iphone/iphone360_1331566.jpg","name":"Ретт Эшли Кросби","enName":"Rhett Ashley Crosby","profession":"актеры","enProfession":"actor"},{"id":5156097,"photo":"https://st.kp.yandex.net/images/actor_iphone/iphone360_5156097.jpg","name":null,"enName":"Joe Cucinotti","profession":"актеры","enProfession":"actor"},{"id":4652866,"photo":"https://st.kp.yandex.net/images/actor_iphone/iphone360_4652866.jpg","name":null,"enName":"Lanora Cuellar","profession":"актеры","enProfession":"actor"},{"id":565206,"photo":"https://st.kp.yandex.net/images/actor_iphone/iphone360_565206.jpg","name":"Джаред Дэй","enName":"Jared Day","profession":"актеры","enProfession":"actor"},{"id":1122043,"photo":"https://st.kp.yandex.net/images/actor_iphone/iphone360_1122043.jpg","name":"Лиза Мари Дюпри","enName":"Lisa Marie Dupree","profession":"актеры","enProfession":"actor"},{"id":5470058,"photo":"https://st.kp.yandex.net/images/actor_iphone/iphone360_5470058.jpg","name":"Джо Форбс","enName":"Joe Forbes","profession":"актеры","enProfession":"actor"},{"id":481238,"photo":"https://st.kp.yandex.net/images/actor_iphone/iphone360_481238.jpg","name":"Марк Форте","enName":"Mark Forte","profession":"актеры","enProfession":"actor"},{"id":520141,"photo":"https://st.kp.yandex.net/images/actor_iphone/iphone360_520141.jpg","name":"Эшли Хэд","enName":"Ashley Head","profession":"актеры","enProfession":"actor"},{"id":26380,"photo":"https://st.kp.yandex.net/images/actor_iphone/iphone360_26380.jpg","name":"Пол Хэкманн","enName":"Paul Heckmann","profession":"актеры","enProfession":"actor"},{"id":35992,"photo":"https://st.kp.yandex.net/images/actor_iphone/iphone360_35992.jpg","name":"Дженнифер Хепп","enName":"Jennifer Hepp","profession":"актеры","enProfession":"actor"},{"id":417275,"photo":"https://st.kp.yandex.net/images/actor_iphone/iphone360_417275.jpg","name":"Рик Херод","enName":"Rick Herod","profession":"актеры","enProfession":"actor"},{"id":3660952,"photo":"https://st.kp.yandex.net/images/actor_iphone/iphone360_3660952.jpg","name":"Шелби Джонс","enName":"Shelby Jones","profession":"актеры","enProfession":"actor"},{"id":22593,"photo":"https://st.kp.yandex.net/images/actor_iphone/iphone360_22593.jpg","name":"Майк Джадж","enName":"Mike Judge","profession":"актеры","enProfession":"actor"},{"id":4327542,"photo":"https://st.kp.yandex.net/images/actor_iphone/iphone360_4327542.jpg","name":null,"enName":"Shelley Kaehr","profession":"актеры","enProfession":"actor"},{"id":557987,"photo":"https://st.kp.yandex.net/images/actor_iphone/iphone360_557987.jpg","name":"Уильям Кидд","enName":"William Kidd","profession":"актеры","enProfession":"actor"},{"id":556494,"photo":"https://st.kp.yandex.net/images/actor_iphone/iphone360_556494.jpg","name":"Джейсон Даффи Клемм","enName":"Jason Duffy Klemm","profession":"актеры","enProfession":"actor"},{"id":35993,"photo":"https://st.kp.yandex.net/images/actor_iphone/iphone360_35993.jpg","name":"Майкл С. Кениг","enName":"Michael S. Koenig","profession":"актеры","enProfession":"actor"},{"id":38983,"photo":"https://st.kp.yandex.net/images/actor_iphone/iphone360_38983.jpg","name":"Ивонна Линн","enName":"Yvonna Lynn","profession":"актеры","enProfession":"actor"},{"id":417273,"photo":"https://st.kp.yandex.net/images/actor_iphone/iphone360_417273.jpg","name":"Майкл Марко","enName":"Michael Marco","profession":"актеры","enProfession":"actor"},{"id":1897197,"photo":"https://st.kp.yandex.net/images/actor_iphone/iphone360_1897197.jpg","name":"Эрин МакКанн","enName":"Erin McCann","profession":"актеры","enProfession":"actor"},{"id":4742009,"photo":"https://st.kp.yandex.net/images/actor_iphone/iphone360_4742009.jpg","name":"Пол Макмайкл","enName":"Paul McMichael","profession":"актеры","enProfession":"actor"},{"id":518332,"photo":"https://st.kp.yandex.net/images/actor_iphone/iphone360_518332.jpg","name":"Джон МакФален","enName":"Jon McPhalen","profession":"актеры","enProfession":"actor"},{"id":544082,"photo":"https://st.kp.yandex.net/images/actor_iphone/iphone360_544082.jpg","name":"Тэмми Нгуен","enName":"Tammy Nguyen","profession":"актеры","enProfession":"actor"},{"id":1218967,"photo":"https://st.kp.yandex.net/images/actor_iphone/iphone360_1218967.jpg","name":"Роза Николс","enName":"Rosa Nichols","profession":"актеры","enProfession":"actor"},{"id":614387,"photo":"https://st.kp.yandex.net/images/actor_iphone/iphone360_614387.jpg","name":"Брайан Нолен","enName":"Brian Nolen","profession":"актеры","enProfession":"actor"},{"id":228358,"photo":"https://st.kp.yandex.net/images/actor_iphone/iphone360_228358.jpg","name":"Джон Фелан","enName":"John Phelan","profession":"актеры","enProfession":"actor"},{"id":390841,"photo":"https://st.kp.yandex.net/images/actor_iphone/iphone360_390841.jpg","name":"Ричард Филлипс","enName":"Richard Phillips","profession":"актеры","enProfession":"actor"},{"id":404989,"photo":"https://st.kp.yandex.net/images/actor_iphone/iphone360_404989.jpg","name":"Ларри Пёртелл","enName":"Larry Purtell","profession":"актеры","enProfession":"actor"},{"id":584723,"photo":"https://st.kp.yandex.net/images/actor_iphone/iphone360_584723.jpg","name":"Вернон Ривз","enName":"Vernon Reeves","profession":"актеры","enProfession":"actor"},{"id":3859011,"photo":"https://st.kp.yandex.net/images/actor_iphone/iphone360_3859011.jpg","name":"Бобби Шу","enName":"Bobby Shue","profession":"актеры","enProfession":"actor"},{"id":4086993,"photo":"https://st.kp.yandex.net/images/actor_iphone/iphone360_4086993.jpg","name":null,"enName":"Gregory Rae Stone","profession":"актеры","enProfession":"actor"},{"id":3950837,"photo":"https://st.kp.yandex.net/images/actor_iphone/iphone360_3950837.jpg","name":null,"enName":"Matt Wallace","profession":"актеры","enProfession":"actor"},{"id":3976362,"photo":"https://st.kp.yandex.net/images/actor_iphone/iphone360_3976362.jpg","name":null,"enName":"Channing Webb","profession":"актеры","enProfession":"actor"},{"id":8069,"photo":"https://st.kp.yandex.net/images/actor_iphone/iphone360_8069.jpg","name":"Фара Уайт","enName":"Farah White","profession":"актеры","enProfession":"actor"},{"id":6418016,"photo":"https://st.kp.yandex.net/images/actor_iphone/iphone360_6418016.jpg","name":null,"enName":"Beth Wilbins","profession":"актеры","enProfession":"actor"},{"id":38987,"photo":"https://st.kp.yandex.net/images/actor_iphone/iphone360_38987.jpg","name":"Филлип Уилбурн","enName":"Phillip Wilburn","profession":"актеры","enProfession":"actor"},{"id":590633,"photo":"https://st.kp.yandex.net/images/actor_iphone/iphone360_590633.jpg","name":"Стефен Вэйд Уилсон","enName":"Stephen Wade Wilson","profession":"актеры","enProfession":"actor"},{"id":613782,"photo":"https://st.kp.yandex.net/images/actor_iphone/iphone360_613782.jpg","name":"Маркус Миллер","enName":"Marcus Miller","profession":"композиторы","enProfession":"composer"},{"id":1987169,"photo":"https://st.kp.yandex.net/images/actor_iphone/iphone360_1987169.jpg","name":"Расти Смит","enName":"Rusty Smith","profession":"художники","enProfession":"designer"},{"id":1678049,"photo":"https://st.kp.yandex.net/images/actor_iphone/iphone360_1678049.jpg","name":"Дрю Боутон","enName":"Drew Boughton","profession":"художники","enProfession":"designer"},{"id":2078106,"photo":"https://st.kp.yandex.net/images/actor_iphone/iphone360_2078106.jpg","name":"Лиз Карни","enName":"Liz Carney","profession":"художники","enProfession":"designer"},{"id":2006900,"photo":"https://st.kp.yandex.net/images/actor_iphone/iphone360_2006900.jpg","name":"Дж. Грэй Смит","enName":"J. Grey Smith","profession":"художники","enProfession":"designer"},{"id":1988891,"photo":"https://st.kp.yandex.net/images/actor_iphone/iphone360_1988891.jpg","name":"Френсин Джеймисон-Танчук","enName":"Francine Jamison-Tanchuck","profession":"художники","enProfession":"designer"},{"id":1986724,"photo":"https://st.kp.yandex.net/images/actor_iphone/iphone360_1986724.jpg","name":"Карла Керри","enName":"Carla Curry","profession":"художники","enProfession":"designer"},{"id":38952,"photo":"https://st.kp.yandex.net/images/actor_iphone/iphone360_38952.jpg","name":"Реджинальд Хадлин","enName":"Reginald Hudlin","profession":"режиссеры","enProfession":"director"},{"id":2000667,"photo":"https://st.kp.yandex.net/images/actor_iphone/iphone360_2000667.jpg","name":"Джим Миллер","enName":"Jim Miller","profession":"монтажеры","enProfession":"editor"},{"id":88636,"photo":"https://st.kp.yandex.net/images/actor_iphone/iphone360_88636.jpg","name":"Роберт Бринкманн","enName":"Robert Brinkmann","profession":"операторы","enProfession":"operator"},{"id":23572,"photo":"https://st.kp.yandex.net/images/actor_iphone/iphone360_23572.jpg","name":"Дэн Халстед","enName":"Dan Halsted","profession":"продюсеры","enProfession":"producer"},{"id":24860,"photo":"https://st.kp.yandex.net/images/actor_iphone/iphone360_24860.jpg","name":"Дэн Колсруд","enName":"Dan Kolsrud","profession":"продюсеры","enProfession":"producer"},{"id":41649,"photo":"https://st.kp.yandex.net/images/actor_iphone/iphone360_41649.jpg","name":"Роланд Пеллегрино","enName":"Roland Pellegrino","profession":"продюсеры","enProfession":"producer"},{"id":38988,"photo":"https://st.kp.yandex.net/images/actor_iphone/iphone360_38988.jpg","name":"Дэвид Шеер","enName":"David Scheer","profession":"продюсеры","enProfession":"producer"},{"id":37392,"photo":"https://st.kp.yandex.net/images/actor_iphone/iphone360_37392.jpg","name":"Максим Сергеев","enName":null,"profession":"актеры дубляжа","enProfession":"voice_actor"},{"id":317877,"photo":"https://st.kp.yandex.net/images/actor_iphone/iphone360_317877.jpg","name":"Елена Комиссаренко","enName":null,"profession":"актеры дубляжа","enProfession":"voice_actor"},{"id":269574,"photo":"https://st.kp.yandex.net/images/actor_iphone/iphone360_269574.jpg","name":"Артур Ваха","enName":null,"profession":"актеры дубляжа","enProfession":"voice_actor"},{"id":1079049,"photo":"https://st.kp.yandex.net/images/actor_iphone/iphone360_1079049.jpg","name":"Валерий Соловьев","enName":null,"profession":"актеры дубляжа","enProfession":"voice_actor"},{"id":1828724,"photo":"https://st.kp.yandex.net/images/actor_iphone/iphone360_1828724.jpg","name":"Сергей Воробьев","enName":null,"profession":"актеры дубляжа","enProfession":"voice_actor"},{"id":477449,"photo":"https://st.kp.yandex.net/images/actor_iphone/iphone360_477449.jpg","name":"Елена Шульман","enName":null,"profession":"актеры дубляжа","enProfession":"voice_actor"},{"id":277374,"photo":"https://st.kp.yandex.net/images/actor_iphone/iphone360_277374.jpg","name":"Станислав Концевич","enName":null,"profession":"актеры дубляжа","enProfession":"voice_actor"},{"id":76124,"photo":"https://st.kp.yandex.net/images/actor_iphone/iphone360_76124.jpg","name":"Валерий Кухарешин","enName":null,"profession":"актеры дубляжа","enProfession":"voice_actor"},{"id":1188897,"photo":"https://st.kp.yandex.net/images/actor_iphone/iphone360_1188897.jpg","name":"Андрей Зайцев","enName":null,"profession":"актеры дубляжа","enProfession":"voice_actor"},{"id":700831,"photo":"https://st.kp.yandex.net/images/actor_iphone/iphone360_700831.jpg","name":"Владимир Маслаков","enName":null,"profession":"актеры дубляжа","enProfession":"voice_actor"},{"id":31068,"photo":"https://st.kp.yandex.net/images/actor_iphone/iphone360_31068.jpg","name":"Джей Шерик","enName":"Jay Scherick","profession":"редакторы","enProfession":"writer"},{"id":31069,"photo":"https://st.kp.yandex.net/images/actor_iphone/iphone360_31069.jpg","name":"Дэвид Ронн","enName":"David Ronn","profession":"редакторы","enProfession":"writer"}],"typeNumber":1,"alternativeName":"Serving Sara","enName":null,"names":[{"name":"Мошенники"},{"name":"Serving Sara"}],"ageRating":16,"ratingMpaa":"pg13","similarMovies":[{"id":462662,"name":"Охотник за головами","enName":null,"alternativeName":"The Bounty Hunter","type":"movie","poster":{"url":"https://avatars.mds.yandex.net/get-kinopoisk-image/4774061/4258d0fd-1932-4070-8761-0d18479a8605/orig","previewUrl":"https://avatars.mds.yandex.net/get-kinopoisk-image/4774061/4258d0fd-1932-4070-8761-0d18479a8605/x1000"}},{"id":505774,"name":"Очень опасная штучка","enName":null,"alternativeName":"One for the Money","type":"movie","poster":{"url":"https://avatars.mds.yandex.net/get-kinopoisk-image/1599028/e74fa4c2-3c06-4418-ae50-7e37ad648bac/orig","previewUrl":"https://avatars.mds.yandex.net/get-kinopoisk-image/1599028/e74fa4c2-3c06-4418-ae50-7e37ad648bac/x1000"}},{"id":3921,"name":"Успеть до полуночи","enName":null,"alternativeName":"Midnight Run","type":"movie","poster":{"url":"https://avatars.mds.yandex.net/get-kinopoisk-image/1629390/4062a476-6fbe-4fdf-acb0-f5f1765af68d/orig","previewUrl":"https://avatars.mds.yandex.net/get-kinopoisk-image/1629390/4062a476-6fbe-4fdf-acb0-f5f1765af68d/x1000"}},{"id":883,"name":"Девять ярдов","enName":null,"alternativeName":"The Whole Nine Yards","type":"movie","poster":{"url":"https://avatars.mds.yandex.net/get-kinopoisk-image/1600647/12f62307-bd48-43f3-9686-03d6be6c7d07/orig","previewUrl":"https://avatars.mds.yandex.net/get-kinopoisk-image/1600647/12f62307-bd48-43f3-9686-03d6be6c7d07/x1000"}}],"imagesInfo":{"framesCount":19},"shortDescription":"Сара нанимает адвоката, чтобы пустить по миру неверного мужа. Комедийная драма с Элизабет Хёрли и Мэттью Перри","sequelsAndPrequels":[],"logo":{"url":null},"watchability":{"items":[{"name":"Okko","logo":{"url":"https://avatars.mds.yandex.net/get-ott/239697/7713e586-17d1-42d1-ac62-53e9ef1e70c3/orig"},"url":"https://okko.tv/movie/serving-sara?utm_medium=referral&utm_source=yandex_search&utm_campaign=new_search_feed"},{"name":"Иви","logo":{"url":"https://avatars.mds.yandex.net/get-ott/2419418/0dfd1724-848f-4725-9160-abc571f41c11/orig"},"url":"https://www.ivi.ru/watch/132577?utm_source=yandex&utm_medium=wizard"},{"name":"KION","logo":{"url":"https://avatars.mds.yandex.net/get-ott/239697/daeb142e-3ecc-4bb2-9bff-4827996643ab/orig"},"url":"https://kion.ru/video/movie/400309175?utm_source=yandex&utm_medium=organic&utm_campaign=wizard"},{"name":"PREMIER","logo":{"url":"https://avatars.mds.yandex.net/get-ott/239697/0f86e907-9531-47e9-87bd-5101a08d4e30/orig"},"url":"https://premier.one/show/17544?utm_source=yandex&utm_medium=yandex_feed_search&utm_campaign=yandex_feed"},{"name":"more.tv","logo":{"url":"https://avatars.mds.yandex.net/get-ott/1648503/97e3cbbd-40ee-4298-888d-ed2d0f022a69/orig"},"url":"https://more.tv/moshenniki?utm_source=yandex-snippet&utm_medium=snippet&utm_campaign=moshenniki"},{"name":"Кино1ТВ","logo":{"url":"https://avatars.mds.yandex.net/get-ott/1672343/4e5f7a8e-d5ac-4904-9fc0-208753ccf520/orig"},"url":"https://kino.1tv.ru/serials/moshenniki?utm_source=yandex&utm_medium=wizard"},{"name":"Wink","logo":{"url":"https://avatars.mds.yandex.net/get-ott/1672343/54096cbe-cc3b-41c9-8e44-990ebbca8d61/orig"},"url":"https://wink.ru/media_items/58836624?utm_source=yandex&utm_medium=koldunschick&utm_content=name"}]},"top10":null,"top250":null}