{"fees":{"world":{"value":104391623,"currency":"$"},"russia":{"value":963307,"currency":"$"},"usa":{"value":50547998,"currency":"$"}},"status":null,"externalId":{"kpHD":"498c886841981a3187530faa8f44065b","imdb":"tt0290095","tmdb":10771},"rating":{"kp":6.912,"imdb":5.4,"filmCritics":4.4,"russianFilmCritics":0,"await":0},"votes":{"kp":66898,"imdb":85822,"filmCritics":137,"russianFilmCritics":0,"await":0},"backdrop":{"url":"https://avatars.mds.yandex.net/get-ott/2419418/2a000001771bdb8a290322f5b8fc4baa9dfc/orig","previewUrl":"https://avatars.mds.yandex.net/get-ott/2419418/2a000001771bdb8a290322f5b8fc4baa9dfc/x1000"},"movieLength":98,"productionCompanies":[{"name":"Vanguard Films","url":null,"previewUrl":null},{"name":"Parkes+MacDonald Image Nation","url":null,"previewUrl":null},{"name":"Blue Train Productions","url":null,"previewUrl":null}],"id":2930,"type":"movie","name":"Смокинг","description":"Пока агент Кларк Девлин находится в коме, рядовому нью-йоркскому таксисту Джимми Тонгу приходится взять на себя секретную миссию по заказу правительства США. К Тонгу переходит компьютеризованный смокинг Девлина, который придает его носителю необычайные способности в плане драк, маскировки и обольщения.\n\nИ Джимми начинает захватывающую жизнь секретного агента в компании с такой же дилетанткой, как и он сам...","premiere":{"country":"США","world":"2002-09-19T00:00:00.000Z","russia":"2002-11-14T00:00:00.000Z","cinema":"2002-11-15T00:00:00.000Z","dvd":"2003-10-21T00:00:00.000Z"},"slogan":"Самое главное - это правильно одеться перед дракой","year":2002,"budget":{"value":60000000,"currency":"$"},"poster":{"url":"https://st.kp.yandex.net/images/film_big/2930.jpg","previewUrl":"https://st.kp.yandex.net/images/film_iphone/iphone360_2930.jpg"},"facts":[],"genres":[{"name":"фантастика"},{"name":"боевик"},{"name":"комедия"}],"countries":[{"name":"США"}],"videos":{"trailers":[{"url":"https://www.youtube.com/watch?v=KVG5101aqXk","name":"Удаленный фрагмент №1","site":"youtube"},{"url":"http://images.countingdown.com/images/theater2/650492/media/650492_qt_m_m.mov","name":"Трейлер","site":"unknown"},{"url":"https://www.youtube.com/watch?v=T4lweHNWoMM","name":"Удаленный фрагмент №2","site":"youtube"},{"url":"https://www.youtube.com/watch?v=4Be_hl84P3U","name":"Удаленный фрагмент №3","site":"youtube"},{"url":"https://www.youtube.com/watch?v=LSwve-2YlAE","name":"Удаленный фрагмент №4","site":"youtube"},{"url":"https://www.youtube.com/embed/5FeOoZrWSKI","name":"Trailer","site":"youtube","type":"TRAILER"}],"teasers":[]},"seasonsInfo":[],"persons":[{"id":29855,"photo":"https://st.kp.yandex.net/images/actor_iphone/iphone360_29855.jpg","name":"Джеки Чан","enName":"Jackie Chan","profession":"актеры","enProfession":"actor"},{"id":27733,"photo":"https://st.kp.yandex.net/images/actor_iphone/iphone360_27733.jpg","name":"Дженнифер Лав Хьюитт","enName":"Jennifer Love Hewitt","profession":"актеры","enProfession":"actor"},{"id":7407,"photo":"https://st.kp.yandex.net/images/actor_iphone/iphone360_7407.jpg","name":"Джейсон Айзекс","enName":"Jason Isaacs","profession":"актеры","enProfession":"actor"},{"id":13461,"photo":"https://st.kp.yandex.net/images/actor_iphone/iphone360_13461.jpg","name":"Деби Мейзар","enName":"Debi Mazar","profession":"актеры","enProfession":"actor"},{"id":747,"photo":"https://st.kp.yandex.net/images/actor_iphone/iphone360_747.jpg","name":"Ричи Костер","enName":"Ritchie Coster","profession":"актеры","enProfession":"actor"},{"id":6237,"photo":"https://st.kp.yandex.net/images/actor_iphone/iphone360_6237.jpg","name":"Петер Стормаре","enName":"Peter Stormare","profession":"актеры","enProfession":"actor"},{"id":33141,"photo":"https://st.kp.yandex.net/images/actor_iphone/iphone360_33141.jpg","name":"Миа Коттет","enName":"Mia Cottet","profession":"актеры","enProfession":"actor"},{"id":7897,"photo":"https://st.kp.yandex.net/images/actor_iphone/iphone360_7897.jpg","name":"Романи Малко","enName":"Romany Malco","profession":"актеры","enProfession":"actor"},{"id":1741,"photo":"https://st.kp.yandex.net/images/actor_iphone/iphone360_1741.jpg","name":"Дэниэл Кэш","enName":"Daniel Kash","profession":"актеры","enProfession":"actor"},{"id":31512,"photo":"https://st.kp.yandex.net/images/actor_iphone/iphone360_31512.jpg","name":"Джоди Расикот","enName":"Jody Racicot","profession":"актеры","enProfession":"actor"},{"id":21340,"photo":"https://st.kp.yandex.net/images/actor_iphone/iphone360_21340.jpg","name":"Бойд Бэнкс","enName":"Boyd Banks","profession":"актеры","enProfession":"actor"},{"id":1814,"photo":"https://st.kp.yandex.net/images/actor_iphone/iphone360_1814.jpg","name":"Скотт Виквэа","enName":"Scott Wickware","profession":"актеры","enProfession":"actor"},{"id":23008,"photo":"https://st.kp.yandex.net/images/actor_iphone/iphone360_23008.jpg","name":"Кристиан Потенза","enName":"Christian Potenza","profession":"актеры","enProfession":"actor"},{"id":25315,"photo":"https://st.kp.yandex.net/images/actor_iphone/iphone360_25315.jpg","name":"Карен Глэйв","enName":"Karen Glave","profession":"актеры","enProfession":"actor"},{"id":37097,"photo":"https://st.kp.yandex.net/images/actor_iphone/iphone360_37097.jpg","name":"Скотт Яфе","enName":"Scott Yaphe","profession":"актеры","enProfession":"actor"},{"id":37098,"photo":"https://st.kp.yandex.net/images/actor_iphone/iphone360_37098.jpg","name":"Пол Бейтс","enName":"Paul Bates","profession":"актеры","enProfession":"actor"},{"id":1959605,"photo":"https://st.kp.yandex.net/images/actor_iphone/iphone360_1959605.jpg","name":"Ной Дэнби","enName":"Noah Dalton Danby","profession":"актеры","enProfession":"actor"},{"id":37099,"photo":"https://st.kp.yandex.net/images/actor_iphone/iphone360_37099.jpg","name":"Сесиль Кристобал","enName":"Cecile Cristobal","profession":"актеры","enProfession":"actor"},{"id":6488,"photo":"https://st.kp.yandex.net/images/actor_iphone/iphone360_6488.jpg","name":"Колин Мохри","enName":"Colin Mochrie","profession":"актеры","enProfession":"actor"},{"id":1673,"photo":"https://st.kp.yandex.net/images/actor_iphone/iphone360_1673.jpg","name":"Ким Робертс","enName":"Kim Roberts","profession":"актеры","enProfession":"actor"},{"id":37100,"photo":"https://st.kp.yandex.net/images/actor_iphone/iphone360_37100.jpg","name":"Фред Рутерфорд","enName":"Fred Rutherford","profession":"актеры","enProfession":"actor"},{"id":37101,"photo":"https://st.kp.yandex.net/images/actor_iphone/iphone360_37101.jpg","name":"Джордан Мэдли","enName":"Jordan Madley","profession":"актеры","enProfession":"actor"},{"id":37102,"photo":"https://st.kp.yandex.net/images/actor_iphone/iphone360_37102.jpg","name":"Феникс Гонзалес","enName":"Phoenix Gonzales","profession":"актеры","enProfession":"actor"},{"id":3443,"photo":"https://st.kp.yandex.net/images/actor_iphone/iphone360_3443.jpg","name":"Крэйг Элдридж","enName":"Craig Eldridge","profession":"актеры","enProfession":"actor"},{"id":1960046,"photo":"https://st.kp.yandex.net/images/actor_iphone/iphone360_1960046.jpg","name":"Стэйси ДеПасс","enName":"Stacey DePass","profession":"актеры","enProfession":"actor"},{"id":21130,"photo":"https://st.kp.yandex.net/images/actor_iphone/iphone360_21130.jpg","name":"Рон Гэбриел","enName":"Ron Gabriel","profession":"актеры","enProfession":"actor"},{"id":1667,"photo":"https://st.kp.yandex.net/images/actor_iphone/iphone360_1667.jpg","name":"Марсия Беннетт","enName":"Marcia Bennett","profession":"актеры","enProfession":"actor"},{"id":37104,"photo":"https://st.kp.yandex.net/images/actor_iphone/iphone360_37104.jpg","name":"Майкл Аюб","enName":"Michael Ayoub","profession":"актеры","enProfession":"actor"},{"id":1959763,"photo":"https://st.kp.yandex.net/images/actor_iphone/iphone360_1959763.jpg","name":"Брайан Родс","enName":"Brian Rhodes","profession":"актеры","enProfession":"actor"},{"id":37105,"photo":"https://st.kp.yandex.net/images/actor_iphone/iphone360_37105.jpg","name":"Фрэнк Накашима","enName":"Frank Nakashima","profession":"актеры","enProfession":"actor"},{"id":37106,"photo":"https://st.kp.yandex.net/images/actor_iphone/iphone360_37106.jpg","name":"Руди Уэбб","enName":"Rudy Webb","profession":"актеры","enProfession":"actor"},{"id":37107,"photo":"https://st.kp.yandex.net/images/actor_iphone/iphone360_37107.jpg","name":"Рег Дрегер","enName":"Reg Dreger","profession":"актеры","enProfession":"actor"},{"id":31313,"photo":"https://st.kp.yandex.net/images/actor_iphone/iphone360_31313.jpg","name":"Диана С. Вэн","enName":"Diana C. Weng","profession":"актеры","enProfession":"actor"},{"id":30408,"photo":"https://st.kp.yandex.net/images/actor_iphone/iphone360_30408.jpg","name":"Майк «Наг» Наганг","enName":"Mike «Nug» Nahrgang","profession":"актеры","enProfession":"actor"},{"id":37108,"photo":"https://st.kp.yandex.net/images/actor_iphone/iphone360_37108.jpg","name":"Пол Браунштейн","enName":"Paul Braunstein","profession":"актеры","enProfession":"actor"},{"id":37109,"photo":"https://st.kp.yandex.net/images/actor_iphone/iphone360_37109.jpg","name":"Джон Катуччи","enName":"John Catucci","profession":"актеры","enProfession":"actor"},{"id":7760,"photo":"https://st.kp.yandex.net/images/actor_iphone/iphone360_7760.jpg","name":"Роберт Тинклер","enName":"Rob Tinkler","profession":"актеры","enProfession":"actor"},{"id":37110,"photo":"https://st.kp.yandex.net/images/actor_iphone/iphone360_37110.jpg","name":"Дэниэл Аикен","enName":"Daniel Aiken","profession":"актеры","enProfession":"actor"},{"id":30687,"photo":"https://st.kp.yandex.net/images/actor_iphone/iphone360_30687.jpg","name":"Байо Акинфеми","enName":"Bayo Akinfemi","profession":"актеры","enProfession":"actor"},{"id":24776,"photo":"https://st.kp.yandex.net/images/actor_iphone/iphone360_24776.jpg","name":"Аллен Стюарт-Коутс","enName":"Allen Stewart-Coates","profession":"актеры","enProfession":"actor"},{"id":37111,"photo":"https://st.kp.yandex.net/images/actor_iphone/iphone360_37111.jpg","name":"Лоуренс Камикавадзи","enName":"Lawrence Kamikawaji","profession":"актеры","enProfession":"actor"},{"id":37112,"photo":"https://st.kp.yandex.net/images/actor_iphone/iphone360_37112.jpg","name":"Пол Хаггетт","enName":"Paul Huggett","profession":"актеры","enProfession":"actor"},{"id":37113,"photo":"https://st.kp.yandex.net/images/actor_iphone/iphone360_37113.jpg","name":"Давид Луза","enName":"Daveed Louza","profession":"актеры","enProfession":"actor"},{"id":37114,"photo":"https://st.kp.yandex.net/images/actor_iphone/iphone360_37114.jpg","name":"Гэвин Стефенс","enName":"Gavin Stephens","profession":"актеры","enProfession":"actor"},{"id":37115,"photo":"https://st.kp.yandex.net/images/actor_iphone/iphone360_37115.jpg","name":"Майкл Пануччи","enName":"Michael Panucci","profession":"актеры","enProfession":"actor"},{"id":37116,"photo":"https://st.kp.yandex.net/images/actor_iphone/iphone360_37116.jpg","name":"Йен Дауни","enName":"Ian Downie","profession":"актеры","enProfession":"actor"},{"id":37117,"photo":"https://st.kp.yandex.net/images/actor_iphone/iphone360_37117.jpg","name":"Джэми Джонс","enName":"Jamie Jones","profession":"актеры","enProfession":"actor"},{"id":30536,"photo":"https://st.kp.yandex.net/images/actor_iphone/iphone360_30536.jpg","name":"Перри Перлмутар","enName":"Perry Perlmutar","profession":"актеры","enProfession":"actor"},{"id":1816,"photo":"https://st.kp.yandex.net/images/actor_iphone/iphone360_1816.jpg","name":"Уильям Линн","enName":"William Lynn","profession":"актеры","enProfession":"actor"},{"id":37118,"photo":"https://st.kp.yandex.net/images/actor_iphone/iphone360_37118.jpg","name":"Джин Грин","enName":"Jean Green","profession":"актеры","enProfession":"actor"},{"id":30537,"photo":"https://st.kp.yandex.net/images/actor_iphone/iphone360_30537.jpg","name":"Джек Даффи","enName":"Jack Duffy","profession":"актеры","enProfession":"actor"},{"id":37119,"photo":"https://st.kp.yandex.net/images/actor_iphone/iphone360_37119.jpg","name":"Фред Ли","enName":"Fred Lee","profession":"актеры","enProfession":"actor"},{"id":37120,"photo":"https://st.kp.yandex.net/images/actor_iphone/iphone360_37120.jpg","name":"Питер Йип","enName":"Peter Yip","profession":"актеры","enProfession":"actor"},{"id":37121,"photo":"https://st.kp.yandex.net/images/actor_iphone/iphone360_37121.jpg","name":"Джим Дэвис","enName":"Jim Davis","profession":"актеры","enProfession":"actor"},{"id":37122,"photo":"https://st.kp.yandex.net/images/actor_iphone/iphone360_37122.jpg","name":"Мэрион Дресслер","enName":"Marion Dressler","profession":"актеры","enProfession":"actor"},{"id":37123,"photo":"https://st.kp.yandex.net/images/actor_iphone/iphone360_37123.jpg","name":"Наоми Эммерсон","enName":"Naomi Emmerson","profession":"актеры","enProfession":"actor"},{"id":37124,"photo":"https://st.kp.yandex.net/images/actor_iphone/iphone360_37124.jpg","name":"Пой Вонг","enName":"Poi Wong","profession":"актеры","enProfession":"actor"},{"id":37125,"photo":"https://st.kp.yandex.net/images/actor_iphone/iphone360_37125.jpg","name":"Лиза Леви","enName":"Lisa Levy","profession":"актеры","enProfession":"actor"},{"id":37126,"photo":"https://st.kp.yandex.net/images/actor_iphone/iphone360_37126.jpg","name":"Питер Гэйл Уильямс","enName":"Peter Gail Williams","profession":"актеры","enProfession":"actor"},{"id":37127,"photo":"https://st.kp.yandex.net/images/actor_iphone/iphone360_37127.jpg","name":"Рафаэль Браун","enName":"Rafael Brown","profession":"актеры","enProfession":"actor"},{"id":36883,"photo":"https://st.kp.yandex.net/images/actor_iphone/iphone360_36883.jpg","name":"Джеймс Браун","enName":"James Brown","profession":"актеры","enProfession":"actor"},{"id":20092,"photo":"https://st.kp.yandex.net/images/actor_iphone/iphone360_20092.jpg","name":"Боб Балабан","enName":"Bob Balaban","profession":"актеры","enProfession":"actor"},{"id":1104456,"photo":"https://st.kp.yandex.net/images/actor_iphone/iphone360_1104456.jpg","name":"Майкл Бунин","enName":"Michael Bunin","profession":"актеры","enProfession":"actor"},{"id":737150,"photo":"https://st.kp.yandex.net/images/actor_iphone/iphone360_737150.jpg","name":"Скотти Кук","enName":"Scotty Cook","profession":"актеры","enProfession":"actor"},{"id":34403,"photo":"https://st.kp.yandex.net/images/actor_iphone/iphone360_34403.jpg","name":"Крис Коппола","enName":"Chris Coppola","profession":"актеры","enProfession":"actor"},{"id":37128,"photo":"https://st.kp.yandex.net/images/actor_iphone/iphone360_37128.jpg","name":"Клер Ходжсон","enName":"Claire Hodgson","profession":"актеры","enProfession":"actor"},{"id":3370269,"photo":"https://st.kp.yandex.net/images/actor_iphone/iphone360_3370269.jpg","name":null,"enName":"Ben Jacob","profession":"актеры","enProfession":"actor"},{"id":2545223,"photo":"https://st.kp.yandex.net/images/actor_iphone/iphone360_2545223.jpg","name":"Тед Кавурис","enName":"Ted Kavouris","profession":"актеры","enProfession":"actor"},{"id":37129,"photo":"https://st.kp.yandex.net/images/actor_iphone/iphone360_37129.jpg","name":"Байрон Макинтайр","enName":"Byron McIntyre","profession":"актеры","enProfession":"actor"},{"id":4334605,"photo":"https://st.kp.yandex.net/images/actor_iphone/iphone360_4334605.jpg","name":"Майкл Серсерчи","enName":"Michael Sercerchi","profession":"актеры","enProfession":"actor"},{"id":458463,"photo":"https://st.kp.yandex.net/images/actor_iphone/iphone360_458463.jpg","name":"Кристоф Бек","enName":"Christophe Beck","profession":"композиторы","enProfession":"composer"},{"id":519312,"photo":"https://st.kp.yandex.net/images/actor_iphone/iphone360_519312.jpg","name":"Джон Дебни","enName":"John Debney","profession":"композиторы","enProfession":"composer"},{"id":1987283,"photo":"https://st.kp.yandex.net/images/actor_iphone/iphone360_1987283.jpg","name":"Пол Д. Остерберри","enName":"Paul D. Austerberry","profession":"художники","enProfession":"designer"},{"id":1986922,"photo":"https://st.kp.yandex.net/images/actor_iphone/iphone360_1986922.jpg","name":"Монте Халлис","enName":"Monte Hallis","profession":"художники","enProfession":"designer"},{"id":2000772,"photo":"https://st.kp.yandex.net/images/actor_iphone/iphone360_2000772.jpg","name":"Найджел Чёрчер","enName":"Nigel Churcher","profession":"художники","enProfession":"designer"},{"id":1109769,"photo":"https://st.kp.yandex.net/images/actor_iphone/iphone360_1109769.jpg","name":"Эрика Эделл Филлипс","enName":"Erica Edell Phillips","profession":"художники","enProfession":"designer"},{"id":1994353,"photo":"https://st.kp.yandex.net/images/actor_iphone/iphone360_1994353.jpg","name":"Яро Дик","enName":"Jaro Dick","profession":"художники","enProfession":"designer"},{"id":4521309,"photo":"https://st.kp.yandex.net/images/actor_iphone/iphone360_4521309.jpg","name":null,"enName":"Graham Macpherson","profession":"художники","enProfession":"designer"},{"id":37095,"photo":"https://st.kp.yandex.net/images/actor_iphone/iphone360_37095.jpg","name":"Кевин Донован","enName":"Kevin Donovan","profession":"режиссеры","enProfession":"director"},{"id":1996699,"photo":"https://st.kp.yandex.net/images/actor_iphone/iphone360_1996699.jpg","name":"Крэйг Херринг","enName":"Craig Herring","profession":"монтажеры","enProfession":"editor"},{"id":614407,"photo":"https://st.kp.yandex.net/images/actor_iphone/iphone360_614407.jpg","name":"Стивен Ф. Уиндон","enName":"Stephen F. Windon","profession":"операторы","enProfession":"operator"},{"id":7219,"photo":"https://st.kp.yandex.net/images/actor_iphone/iphone360_7219.jpg","name":"Адам Шредер","enName":"Adam Schroeder","profession":"продюсеры","enProfession":"producer"},{"id":37132,"photo":"https://st.kp.yandex.net/images/actor_iphone/iphone360_37132.jpg","name":"Джон Х. Уильямс","enName":"John H. Williams","profession":"продюсеры","enProfession":"producer"},{"id":37130,"photo":"https://st.kp.yandex.net/images/actor_iphone/iphone360_37130.jpg","name":"Уильям С. Бисли","enName":"William S. Beasley","profession":"продюсеры","enProfession":"producer"},{"id":29893,"photo":"https://st.kp.yandex.net/images/actor_iphone/iphone360_29893.jpg","name":"Уилли Чань","enName":"Willie Chan","profession":"продюсеры","enProfession":"producer"},{"id":1079073,"photo":"https://st.kp.yandex.net/images/actor_iphone/iphone360_1079073.jpg","name":"Андрей Бархударов","enName":null,"profession":"актеры дубляжа","enProfession":"voice_actor"},{"id":1650216,"photo":"https://st.kp.yandex.net/images/actor_iphone/iphone360_1650216.jpg","name":"Елена Ивасишина","enName":null,"profession":"актеры дубляжа","enProfession":"voice_actor"},{"id":277027,"photo":"https://st.kp.yandex.net/images/actor_iphone/iphone360_277027.jpg","name":"Андрей Градов","enName":null,"profession":"актеры дубляжа","enProfession":"voice_actor"},{"id":269650,"photo":"https://st.kp.yandex.net/images/actor_iphone/iphone360_269650.jpg","name":"Любовь Германова","enName":null,"profession":"актеры дубляжа","enProfession":"voice_actor"},{"id":261729,"photo":"https://st.kp.yandex.net/images/actor_iphone/iphone360_261729.jpg","name":"Владимир Антоник","enName":null,"profession":"актеры дубляжа","enProfession":"voice_actor"},{"id":261638,"photo":"https://st.kp.yandex.net/images/actor_iphone/iphone360_261638.jpg","name":"Алексей Борзунов","enName":null,"profession":"актеры дубляжа","enProfession":"voice_actor"},{"id":1650300,"photo":"https://st.kp.yandex.net/images/actor_iphone/iphone360_1650300.jpg","name":"Людмила Шувалова","enName":null,"profession":"актеры дубляжа","enProfession":"voice_actor"},{"id":1616407,"photo":"https://st.kp.yandex.net/images/actor_iphone/iphone360_1616407.jpg","name":"Всеволод Кузнецов","enName":null,"profession":"актеры дубляжа","enProfession":"voice_actor"},{"id":1642594,"photo":"https://st.kp.yandex.net/images/actor_iphone/iphone360_1642594.jpg","name":"Жанна Никонова","enName":null,"profession":"актеры дубляжа","enProfession":"voice_actor"},{"id":284235,"photo":"https://st.kp.yandex.net/images/actor_iphone/iphone360_284235.jpg","name":"Дальвин Щербаков","enName":null,"profession":"актеры дубляжа","enProfession":"voice_actor"},{"id":122801,"photo":"https://st.kp.yandex.net/images/actor_iphone/iphone360_122801.jpg","name":"Елена Борзунова","enName":null,"profession":"актеры дубляжа","enProfession":"voice_actor"},{"id":1649884,"photo":"https://st.kp.yandex.net/images/actor_iphone/iphone360_1649884.jpg","name":"Андрей Казанцев","enName":null,"profession":"актеры дубляжа","enProfession":"voice_actor"},{"id":281059,"photo":"https://st.kp.yandex.net/images/actor_iphone/iphone360_281059.jpg","name":"Александр Рыжков","enName":null,"profession":"актеры дубляжа","enProfession":"voice_actor"},{"id":590562,"photo":"https://st.kp.yandex.net/images/actor_iphone/iphone360_590562.jpg","name":"Олег Форостенко","enName":null,"profession":"актеры дубляжа","enProfession":"voice_actor"},{"id":116876,"photo":"https://st.kp.yandex.net/images/actor_iphone/iphone360_116876.jpg","name":"Юрий Саранцев","enName":null,"profession":"актеры дубляжа","enProfession":"voice_actor"},{"id":231213,"photo":"https://st.kp.yandex.net/images/actor_iphone/iphone360_231213.jpg","name":"Александр Новиков","enName":null,"profession":"актеры дубляжа","enProfession":"voice_actor"},{"id":261728,"photo":"https://st.kp.yandex.net/images/actor_iphone/iphone360_261728.jpg","name":"Андрей Мартынов","enName":null,"profession":"актеры дубляжа","enProfession":"voice_actor"},{"id":284376,"photo":"https://st.kp.yandex.net/images/actor_iphone/iphone360_284376.jpg","name":"Сергей Балабанов","enName":null,"profession":"актеры дубляжа","enProfession":"voice_actor"},{"id":285821,"photo":"https://st.kp.yandex.net/images/actor_iphone/iphone360_285821.jpg","name":"Ян Янакиев","enName":null,"profession":"актеры дубляжа","enProfession":"voice_actor"},{"id":290301,"photo":"https://st.kp.yandex.net/images/actor_iphone/iphone360_290301.jpg","name":"Александра Назарова","enName":null,"profession":"актеры дубляжа","enProfession":"voice_actor"},{"id":294081,"photo":"https://st.kp.yandex.net/images/actor_iphone/iphone360_294081.jpg","name":"Александр Комлев","enName":null,"profession":"актеры дубляжа","enProfession":"voice_actor"},{"id":310535,"photo":"https://st.kp.yandex.net/images/actor_iphone/iphone360_310535.jpg","name":"Олег Куценко","enName":null,"profession":"актеры дубляжа","enProfession":"voice_actor"},{"id":1144153,"photo":"https://st.kp.yandex.net/images/actor_iphone/iphone360_1144153.jpg","name":"Ольга Плетнёва","enName":null,"profession":"актеры дубляжа","enProfession":"voice_actor"},{"id":1348569,"photo":"https://st.kp.yandex.net/images/actor_iphone/iphone360_1348569.jpg","name":"Александр Хотченков","enName":null,"profession":"актеры дубляжа","enProfession":"voice_actor"},{"id":1629080,"photo":"https://st.kp.yandex.net/images/actor_iphone/iphone360_1629080.jpg","name":"Вадим Медведев","enName":null,"profession":"актеры дубляжа","enProfession":"voice_actor"},{"id":13658,"photo":"https://st.kp.yandex.net/images/actor_iphone/iphone360_13658.jpg","name":"Майкл Лисон","enName":"Michael Leeson","profession":"редакторы","enProfession":"writer"},{"id":56,"photo":"https://st.kp.yandex.net/images/actor_iphone/iphone360_56.jpg","name":"Фил Хэй","enName":"Phil Hay","profession":"редакторы","enProfession":"writer"},{"id":57,"photo":"https://st.kp.yandex.net/images/actor_iphone/iphone360_57.jpg","name":"Мэтт Манфреди","enName":"Matt Manfredi","profession":"редакторы","enProfession":"writer"},{"id":2822529,"photo":"https://st.kp.yandex.net/images/actor_iphone/iphone360_2822529.jpg","name":"Майкл Дж. Уилсон","enName":"Michael J. Wilson","profession":"редакторы","enProfession":"writer"}],"typeNumber":1,"alternativeName":"The Tuxedo","enName":null,"names":[{"name":"Смокинг"},{"name":"The Tuxedo"},{"name":"O Terno de Dois Bilhões de Dólares","language":"BR","type":null},{"name":"הטוקסידו","language":"IL","type":null}],"ageRating":12,"ratingMpaa":"pg13","sequelsAndPrequels":[],"similarMovies":[{"id":431539,"name":"Шпион по соседству","enName":null,"alternativeName":"The Spy Next Door","type":"movie","poster":{"url":"https://avatars.mds.yandex.net/get-kinopoisk-image/1777765/098b16a4-9ad6-42de-8037-5a3e8e4a840f/orig","previewUrl":"https://avatars.mds.yandex.net/get-kinopoisk-image/1777765/098b16a4-9ad6-42de-8037-5a3e8e4a840f/x1000"}},{"id":5575,"name":"Медальон","enName":null,"alternativeName":"The Medallion","type":"movie","poster":{"url":"https://avatars.mds.yandex.net/get-kinopoisk-image/1704946/4cb0cd76-00ad-4009-b8e0-d3ba8732af6c/orig","previewUrl":"https://avatars.mds.yandex.net/get-kinopoisk-image/1704946/4cb0cd76-00ad-4009-b8e0-d3ba8732af6c/x1000"}},{"id":1009784,"name":"Апгрейд","enName":null,"alternativeName":"Upgrade","type":"movie","poster":{"url":"https://avatars.mds.yandex.net/get-kinopoisk-image/1599028/ca1cf536-3adf-40ad-8530-55808ff29e95/orig","previewUrl":"https://avatars.mds.yandex.net/get-kinopoisk-image/1599028/ca1cf536-3adf-40ad-8530-55808ff29e95/x1000"}},{"id":87178,"name":"Напряги извилины","enName":null,"alternativeName":"Get Smart","type":"movie","poster":{"url":"https://avatars.mds.yandex.net/get-kinopoisk-image/4486454/0f9f82a0-650c-4741-9d58-7cf28901258f/orig","previewUrl":"https://avatars.mds.yandex.net/get-kinopoisk-image/4486454/0f9f82a0-650c-4741-9d58-7cf28901258f/x1000"}}],"shortDescription":"Таксист получает чудо-костюм и выходит на борьбу с террористами. Комедийный шпионский боевик с Джеки Чаном","imagesInfo":{"framesCount":22},"logo":{"url":"https://avatars.mds.yandex.net/get-ott/2419418/2a0000017ec34719ebe528f22d9117b88e3c/orig"},"watchability":{"items":null},"top10":null,"top250":null}