{"fees":{"world":{"value":65977295,"currency":"$"},"usa":{"value":30160161,"currency":"$"}},"status":null,"externalId":{"kpHD":"492a66443f6a159b9ead9ba77fb4dadc","imdb":"tt0280486","tmdb":3132},"rating":{"kp":6.585,"imdb":5.6,"filmCritics":0,"russianFilmCritics":0,"await":0},"votes":{"kp":8755,"imdb":48855,"filmCritics":0,"russianFilmCritics":1,"await":0},"backdrop":{"url":"https://avatars.mds.yandex.net/get-ott/1534341/2a00000177a0057df1a4e6126b1ee4d53fc6/orig","previewUrl":"https://avatars.mds.yandex.net/get-ott/1534341/2a00000177a0057df1a4e6126b1ee4d53fc6/x1000"},"movieLength":116,"productionCompanies":[{"name":"Wowow Films","url":null,"previewUrl":null},{"name":"J-Movie Wars","url":null,"previewUrl":null},{"name":"バンダイビジュアル","url":"https://www.themoviedb.org/t/p/original/fO3Aof3lXQclYpBByYC8aneTXwA.png","previewUrl":"https://www.themoviedb.org/t/p/w500/fO3Aof3lXQclYpBByYC8aneTXwA.png"},{"name":"Suncent CinemaWorks","url":null,"previewUrl":null}],"id":2933,"type":"movie","name":"Плохая компания","description":"Когда во время очередного задания погибает агент ЦРУ, агентство решает заменить его братом-близнецом и закончить сверхсекретную операцию, над которой работал погибший. Однако замену трудно назвать адекватной. На место опытного агента, выпускника Гарварда, пришлось поставить ничего не подозревающего уличного прощелыгу. \r\n\r\nЧтобы окончательно не провалить дело, руководство приставляет к новобранцу одного из своих лучших агентов. Сладкая парочка приступает к теперь уже вдвойне рискованной операции...","premiere":{"country":"Колумбия","world":"2002-04-26T00:00:00.000Z","russia":"2002-06-20T00:00:00.000Z","cinema":"2002-06-20T00:00:00.000Z","dvd":"2010-09-28T00:00:00.000Z"},"slogan":"Two Mismatched Partners. One Messed Up Case!","year":2001,"budget":{"value":70000000,"currency":"$"},"poster":{"url":"https://st.kp.yandex.net/images/film_big/2933.jpg","previewUrl":"https://st.kp.yandex.net/images/film_iphone/iphone360_2933.jpg"},"facts":null,"genres":[{"name":"боевик"},{"name":"триллер"},{"name":"комедия"}],"countries":[{"name":"США"},{"name":"Чехия"}],"videos":{"trailers":[{"url":"https://widgets.kinopoisk.ru/discovery/trailer/7412?onlyPlayer=1&autoplay=1&cover=1","name":"Трейлер","site":"kinopoisk_widget"},{"url":"https://www.youtube.com/embed/-h8wWFqwmcA","name":"Bad Company","site":"youtube","type":"TRAILER"},{"url":"https://www.youtube.com/embed/tgBaKwwG2lw","name":"Плохая компания  - Трейлер","site":"youtube","type":"TRAILER"}],"teasers":[]},"seasonsInfo":[],"persons":[{"id":8968,"photo":"https://st.kp.yandex.net/images/actor_iphone/iphone360_8968.jpg","name":"Энтони Хопкинс","enName":"Anthony Hopkins","profession":"актеры","enProfession":"actor"},{"id":1793,"photo":"https://st.kp.yandex.net/images/actor_iphone/iphone360_1793.jpg","name":"Крис Рок","enName":"Chris Rock","profession":"актеры","enProfession":"actor"},{"id":37999,"photo":"https://st.kp.yandex.net/images/actor_iphone/iphone360_37999.jpg","name":"Мэттью Марш","enName":"Matthew Marsh","profession":"актеры","enProfession":"actor"},{"id":376,"photo":"https://st.kp.yandex.net/images/actor_iphone/iphone360_376.jpg","name":"Гэбриел Махт","enName":"Gabriel Macht","profession":"актеры","enProfession":"actor"},{"id":17932,"photo":"https://st.kp.yandex.net/images/actor_iphone/iphone360_17932.jpg","name":"Керри Вашингтон","enName":"Kerry Washington","profession":"актеры","enProfession":"actor"},{"id":12385,"photo":"https://st.kp.yandex.net/images/actor_iphone/iphone360_12385.jpg","name":"Адони Маропис","enName":"Adoni Maropis","profession":"актеры","enProfession":"actor"},{"id":24711,"photo":"https://st.kp.yandex.net/images/actor_iphone/iphone360_24711.jpg","name":"Гарсель Бове","enName":"Garcelle Beauvais","profession":"актеры","enProfession":"actor"},{"id":6237,"photo":"https://st.kp.yandex.net/images/actor_iphone/iphone360_6237.jpg","name":"Петер Стормаре","enName":"Peter Stormare","profession":"актеры","enProfession":"actor"},{"id":38000,"photo":"https://st.kp.yandex.net/images/actor_iphone/iphone360_38000.jpg","name":"Драган Мичанович","enName":"Dragan Micanovic","profession":"актеры","enProfession":"actor"},{"id":28734,"photo":"https://st.kp.yandex.net/images/actor_iphone/iphone360_28734.jpg","name":"Джон Слэттери","enName":"John Slattery","profession":"актеры","enProfession":"actor"},{"id":22535,"photo":"https://st.kp.yandex.net/images/actor_iphone/iphone360_22535.jpg","name":"Брук Смит","enName":"Brooke Smith","profession":"актеры","enProfession":"actor"},{"id":38001,"photo":"https://st.kp.yandex.net/images/actor_iphone/iphone360_38001.jpg","name":"Дэниел Сунджата","enName":"Daniel Sunjata","profession":"актеры","enProfession":"actor"},{"id":38002,"photo":"https://st.kp.yandex.net/images/actor_iphone/iphone360_38002.jpg","name":"ДеВоун Лосон мл.","enName":"DeVone Lawson Jr.","profession":"актеры","enProfession":"actor"},{"id":38003,"photo":"https://st.kp.yandex.net/images/actor_iphone/iphone360_38003.jpg","name":"Уиллс Роббинс","enName":"Wills Robbins","profession":"актеры","enProfession":"actor"},{"id":25628,"photo":"https://st.kp.yandex.net/images/actor_iphone/iphone360_25628.jpg","name":"Марек Васут","enName":"Marek Vasut","profession":"актеры","enProfession":"actor"},{"id":38004,"photo":"https://st.kp.yandex.net/images/actor_iphone/iphone360_38004.jpg","name":"Маджед Ибрахим","enName":"Majed Ibrahim","profession":"актеры","enProfession":"actor"},{"id":21083,"photo":"https://st.kp.yandex.net/images/actor_iphone/iphone360_21083.jpg","name":"Питер Макдисси","enName":"Peter Macdissi","profession":"актеры","enProfession":"actor"},{"id":38005,"photo":"https://st.kp.yandex.net/images/actor_iphone/iphone360_38005.jpg","name":"Фуман Дар","enName":"Luke F Dejahang","profession":"актеры","enProfession":"actor"},{"id":38006,"photo":"https://st.kp.yandex.net/images/actor_iphone/iphone360_38006.jpg","name":"Ирма П. Холл","enName":"Irma P. Hall","profession":"актеры","enProfession":"actor"},{"id":35517,"photo":"https://st.kp.yandex.net/images/actor_iphone/iphone360_35517.jpg","name":"Петр Якл","enName":"Petr Jákl","profession":"актеры","enProfession":"actor"},{"id":38007,"photo":"https://st.kp.yandex.net/images/actor_iphone/iphone360_38007.jpg","name":"Дэн Циски","enName":"Dan Ziskie","profession":"актеры","enProfession":"actor"},{"id":23981,"photo":"https://st.kp.yandex.net/images/actor_iphone/iphone360_23981.jpg","name":"Джон Эйлуорд","enName":"John Aylward","profession":"актеры","enProfession":"actor"},{"id":25947,"photo":"https://st.kp.yandex.net/images/actor_iphone/iphone360_25947.jpg","name":"Джон Финк","enName":"John Fink","profession":"актеры","enProfession":"actor"},{"id":38008,"photo":"https://st.kp.yandex.net/images/actor_iphone/iphone360_38008.jpg","name":"Джозеф Эдвард","enName":"Joseph Edward","profession":"актеры","enProfession":"actor"},{"id":32763,"photo":"https://st.kp.yandex.net/images/actor_iphone/iphone360_32763.jpg","name":"Дебора Раш","enName":"Deborah Rush","profession":"актеры","enProfession":"actor"},{"id":13321,"photo":"https://st.kp.yandex.net/images/actor_iphone/iphone360_13321.jpg","name":"Дэвид Фишер","enName":"David Fisher","profession":"актеры","enProfession":"actor"},{"id":13313,"photo":"https://st.kp.yandex.net/images/actor_iphone/iphone360_13313.jpg","name":"Ян Немейовский","enName":"Jan Nemejovsky","profession":"актеры","enProfession":"actor"},{"id":25923,"photo":"https://st.kp.yandex.net/images/actor_iphone/iphone360_25923.jpg","name":"Винтер Эйв Золи","enName":"Winter Ave Zoli","profession":"актеры","enProfession":"actor"},{"id":38009,"photo":"https://st.kp.yandex.net/images/actor_iphone/iphone360_38009.jpg","name":"Элин Спидлова","enName":"Elin Spidlová","profession":"актеры","enProfession":"actor"},{"id":38010,"photo":"https://st.kp.yandex.net/images/actor_iphone/iphone360_38010.jpg","name":"Магдалена Сускова","enName":"Magdalena Souskova","profession":"актеры","enProfession":"actor"},{"id":30030,"photo":"https://st.kp.yandex.net/images/actor_iphone/iphone360_30030.jpg","name":"Майкл Или","enName":"Michael Ealy","profession":"актеры","enProfession":"actor"},{"id":35946,"photo":"https://st.kp.yandex.net/images/actor_iphone/iphone360_35946.jpg","name":"Т.Дж. Кросс","enName":"T.J. Cross","profession":"актеры","enProfession":"actor"},{"id":38011,"photo":"https://st.kp.yandex.net/images/actor_iphone/iphone360_38011.jpg","name":"Питер Дейвис","enName":"Peter Davies","profession":"актеры","enProfession":"actor"},{"id":3182,"photo":"https://st.kp.yandex.net/images/actor_iphone/iphone360_3182.jpg","name":"Ланетт Уэр","enName":"Lanette Ware","profession":"актеры","enProfession":"actor"},{"id":38012,"photo":"https://st.kp.yandex.net/images/actor_iphone/iphone360_38012.jpg","name":"Аммар Дарайсе","enName":"Ammar Daraiseh","profession":"актеры","enProfession":"actor"},{"id":38013,"photo":"https://st.kp.yandex.net/images/actor_iphone/iphone360_38013.jpg","name":"Иржи Симберски","enName":"Jiri Simberský","profession":"актеры","enProfession":"actor"},{"id":38014,"photo":"https://st.kp.yandex.net/images/actor_iphone/iphone360_38014.jpg","name":"Микулаш Крен","enName":"Mikulás Kren","profession":"актеры","enProfession":"actor"},{"id":38015,"photo":"https://st.kp.yandex.net/images/actor_iphone/iphone360_38015.jpg","name":"Эдди Янсик","enName":"Eddie Yansick","profession":"актеры","enProfession":"actor"},{"id":38016,"photo":"https://st.kp.yandex.net/images/actor_iphone/iphone360_38016.jpg","name":"Филип Бух","enName":"Philip Buch","profession":"актеры","enProfession":"actor"},{"id":38017,"photo":"https://st.kp.yandex.net/images/actor_iphone/iphone360_38017.jpg","name":"Стивен Фишер","enName":"Steven Fisher","profession":"актеры","enProfession":"actor"},{"id":38018,"photo":"https://st.kp.yandex.net/images/actor_iphone/iphone360_38018.jpg","name":"Милош Кулхавы","enName":"Milos Kulhavy","profession":"актеры","enProfession":"actor"},{"id":38019,"photo":"https://st.kp.yandex.net/images/actor_iphone/iphone360_38019.jpg","name":"Петр Власак","enName":"Petr Vlasak","profession":"актеры","enProfession":"actor"},{"id":38020,"photo":"https://st.kp.yandex.net/images/actor_iphone/iphone360_38020.jpg","name":"Виктор Цервенка","enName":"Viktor Cervenka","profession":"актеры","enProfession":"actor"},{"id":38021,"photo":"https://st.kp.yandex.net/images/actor_iphone/iphone360_38021.jpg","name":"Душан Хыска","enName":"Dusan Hyska","profession":"актеры","enProfession":"actor"},{"id":38022,"photo":"https://st.kp.yandex.net/images/actor_iphone/iphone360_38022.jpg","name":"П.И. Ноччио","enName":"P.I. Noccio","profession":"актеры","enProfession":"actor"},{"id":38023,"photo":"https://st.kp.yandex.net/images/actor_iphone/iphone360_38023.jpg","name":"Минна Пиихкала","enName":"Minna Pyyhkala","profession":"актеры","enProfession":"actor"},{"id":3719824,"photo":"https://st.kp.yandex.net/images/actor_iphone/iphone360_3719824.jpg","name":"Курт Брайант","enName":"Kurt Bryant","profession":"актеры","enProfession":"actor"},{"id":38024,"photo":"https://st.kp.yandex.net/images/actor_iphone/iphone360_38024.jpg","name":"Павел Краткий","enName":"Pavel Kratky","profession":"актеры","enProfession":"actor"},{"id":38025,"photo":"https://st.kp.yandex.net/images/actor_iphone/iphone360_38025.jpg","name":"Франтишек Дик","enName":"Frantisek Deak","profession":"актеры","enProfession":"actor"},{"id":38026,"photo":"https://st.kp.yandex.net/images/actor_iphone/iphone360_38026.jpg","name":"Муслим Тагиров","enName":"Muslim Tagirov","profession":"актеры","enProfession":"actor"},{"id":38027,"photo":"https://st.kp.yandex.net/images/actor_iphone/iphone360_38027.jpg","name":"Брэд Харпер","enName":"Brad Harper","profession":"актеры","enProfession":"actor"},{"id":38028,"photo":"https://st.kp.yandex.net/images/actor_iphone/iphone360_38028.jpg","name":"Джефф Мэнтелл","enName":"Jeff Mantel","profession":"актеры","enProfession":"actor"},{"id":38029,"photo":"https://st.kp.yandex.net/images/actor_iphone/iphone360_38029.jpg","name":"Билл Массоф","enName":"Bill Massof","profession":"актеры","enProfession":"actor"},{"id":38030,"photo":"https://st.kp.yandex.net/images/actor_iphone/iphone360_38030.jpg","name":"Шабазз Рэй","enName":"Shabazz Ray","profession":"актеры","enProfession":"actor"},{"id":41077,"photo":"https://st.kp.yandex.net/images/actor_iphone/iphone360_41077.jpg","name":"Джоэль Шугерман","enName":"Joel Sugerman","profession":"актеры","enProfession":"actor"},{"id":38031,"photo":"https://st.kp.yandex.net/images/actor_iphone/iphone360_38031.jpg","name":"Кристофер Бест","enName":"Christopher Best","profession":"актеры","enProfession":"actor"},{"id":38032,"photo":"https://st.kp.yandex.net/images/actor_iphone/iphone360_38032.jpg","name":"Мэттью Золан","enName":"Matthew Zolan","profession":"актеры","enProfession":"actor"},{"id":12111,"photo":"https://st.kp.yandex.net/images/actor_iphone/iphone360_12111.jpg","name":"Дэйл Уайатт","enName":"Dale Wyatt","profession":"актеры","enProfession":"actor"},{"id":38033,"photo":"https://st.kp.yandex.net/images/actor_iphone/iphone360_38033.jpg","name":"Клер Бриттон","enName":"Claire Britton","profession":"актеры","enProfession":"actor"},{"id":9152,"photo":"https://st.kp.yandex.net/images/actor_iphone/iphone360_9152.jpg","name":"Питер фон Берг","enName":"Peter Von Berg","profession":"актеры","enProfession":"actor"},{"id":38034,"photo":"https://st.kp.yandex.net/images/actor_iphone/iphone360_38034.jpg","name":"Филипп Фонлантен","enName":"Philippe Vonlanthen","profession":"актеры","enProfession":"actor"},{"id":34600,"photo":"https://st.kp.yandex.net/images/actor_iphone/iphone360_34600.jpg","name":"Дженнифер Александр","enName":"Jennifer Alexander","profession":"актеры","enProfession":"actor"},{"id":1483518,"photo":"https://st.kp.yandex.net/images/actor_iphone/iphone360_1483518.jpg","name":"Джордж Антонопулос","enName":"George Antonopoulos","profession":"актеры","enProfession":"actor"},{"id":38036,"photo":"https://st.kp.yandex.net/images/actor_iphone/iphone360_38036.jpg","name":"Калими Бакстер","enName":"Kalimi Baxter","profession":"актеры","enProfession":"actor"},{"id":1220180,"photo":"https://st.kp.yandex.net/images/actor_iphone/iphone360_1220180.jpg","name":null,"enName":"Kishe Caelan-Wallace","profession":"актеры","enProfession":"actor"},{"id":76483,"photo":"https://st.kp.yandex.net/images/actor_iphone/iphone360_76483.jpg","name":"Вернон Кэмпбелл","enName":"Vernon Campbell","profession":"актеры","enProfession":"actor"},{"id":60555,"photo":"https://st.kp.yandex.net/images/actor_iphone/iphone360_60555.jpg","name":"Седрик Кэннон","enName":"Cedric Cannon","profession":"актеры","enProfession":"actor"},{"id":47487,"photo":"https://st.kp.yandex.net/images/actor_iphone/iphone360_47487.jpg","name":"Келли Коул Чилдерс","enName":"Kelly Cole Childers","profession":"актеры","enProfession":"actor"},{"id":38037,"photo":"https://st.kp.yandex.net/images/actor_iphone/iphone360_38037.jpg","name":"Чарли Дэй","enName":"Charlie Day","profession":"актеры","enProfession":"actor"},{"id":4133563,"photo":"https://st.kp.yandex.net/images/actor_iphone/iphone360_4133563.jpg","name":null,"enName":"Michael Fewx","profession":"актеры","enProfession":"actor"},{"id":991820,"photo":"https://st.kp.yandex.net/images/actor_iphone/iphone360_991820.jpg","name":"Стефен Галло","enName":"Stephen Gallo","profession":"актеры","enProfession":"actor"},{"id":566018,"photo":"https://st.kp.yandex.net/images/actor_iphone/iphone360_566018.jpg","name":"Майк Гетз","enName":"Mike Getz","profession":"актеры","enProfession":"actor"},{"id":1719855,"photo":"https://st.kp.yandex.net/images/actor_iphone/iphone360_1719855.jpg","name":"Синти Лэйрд","enName":"Cinti Laird","profession":"актеры","enProfession":"actor"},{"id":38039,"photo":"https://st.kp.yandex.net/images/actor_iphone/iphone360_38039.jpg","name":"Аарон Луис Тордини","enName":"Aaron Louis","profession":"актеры","enProfession":"actor"},{"id":1865641,"photo":"https://st.kp.yandex.net/images/actor_iphone/iphone360_1865641.jpg","name":"Дори Манзур","enName":"Dory Manzour","profession":"актеры","enProfession":"actor"},{"id":38038,"photo":"https://st.kp.yandex.net/images/actor_iphone/iphone360_38038.jpg","name":"Рамон Моусес","enName":"Ramon Moses","profession":"актеры","enProfession":"actor"},{"id":38035,"photo":"https://st.kp.yandex.net/images/actor_iphone/iphone360_38035.jpg","name":"Макк Плейз","enName":"Macc Plaise","profession":"актеры","enProfession":"actor"},{"id":1592695,"photo":"https://st.kp.yandex.net/images/actor_iphone/iphone360_1592695.jpg","name":"Лара Энн Слиф","enName":"Lara Anne Slife","profession":"актеры","enProfession":"actor"},{"id":1181948,"photo":"https://st.kp.yandex.net/images/actor_iphone/iphone360_1181948.jpg","name":"Кевин Сквайр","enName":"Kevin Squires","profession":"актеры","enProfession":"actor"},{"id":86975,"photo":"https://st.kp.yandex.net/images/actor_iphone/iphone360_86975.jpg","name":"Кевин Уотсон","enName":"Kevin Watson","profession":"актеры","enProfession":"actor"},{"id":34780,"photo":"https://st.kp.yandex.net/images/actor_iphone/iphone360_34780.jpg","name":"Шей Уигэм","enName":"Shea Whigham","profession":"актеры","enProfession":"actor"},{"id":728857,"photo":"https://st.kp.yandex.net/images/actor_iphone/iphone360_728857.jpg","name":"Мала Райт","enName":"Mala Wright","profession":"актеры","enProfession":"actor"},{"id":63978,"photo":"https://st.kp.yandex.net/images/actor_iphone/iphone360_63978.jpg","name":"Тревор Рэбин","enName":"Trevor Rabin","profession":"композиторы","enProfession":"composer"},{"id":244334,"photo":"https://st.kp.yandex.net/images/actor_iphone/iphone360_244334.jpg","name":"Ян Рулфс","enName":"Jan Roelfs","profession":"художники","enProfession":"designer"},{"id":2001050,"photo":"https://st.kp.yandex.net/images/actor_iphone/iphone360_2001050.jpg","name":"Барбора Бучарова","enName":"Barbora Bucharova","profession":"художники","enProfession":"designer"},{"id":1988898,"photo":"https://st.kp.yandex.net/images/actor_iphone/iphone360_1988898.jpg","name":"В. Стивен Грэхэм","enName":"W. Steven Graham","profession":"художники","enProfession":"designer"},{"id":1994144,"photo":"https://st.kp.yandex.net/images/actor_iphone/iphone360_1994144.jpg","name":"Индржих Кочи","enName":"Jindrich Kocí","profession":"художники","enProfession":"designer"},{"id":1986979,"photo":"https://st.kp.yandex.net/images/actor_iphone/iphone360_1986979.jpg","name":"Беатрикс Аруна Пастор","enName":"Beatrix Aruna Pasztor","profession":"художники","enProfession":"designer"},{"id":1995996,"photo":"https://st.kp.yandex.net/images/actor_iphone/iphone360_1995996.jpg","name":"Лесли А. Поуп","enName":"Leslie Pope","profession":"художники","enProfession":"designer"},{"id":6615,"photo":"https://st.kp.yandex.net/images/actor_iphone/iphone360_6615.jpg","name":"Джоэл Шумахер","enName":"Joel Schumacher","profession":"режиссеры","enProfession":"director"},{"id":137722,"photo":"https://st.kp.yandex.net/images/actor_iphone/iphone360_137722.jpg","name":"Марк Голдблатт","enName":"Mark Goldblatt","profession":"монтажеры","enProfession":"editor"},{"id":30725,"photo":"https://st.kp.yandex.net/images/actor_iphone/iphone360_30725.jpg","name":"Роберт К. Ламберт","enName":"Robert K. Lambert","profession":"монтажеры","enProfession":"editor"},{"id":611243,"photo":"https://st.kp.yandex.net/images/actor_iphone/iphone360_611243.jpg","name":"Дариуш Вольски","enName":"Dariusz Wolski","profession":"операторы","enProfession":"operator"},{"id":37998,"photo":"https://st.kp.yandex.net/images/actor_iphone/iphone360_37998.jpg","name":"Майкл Браунинг","enName":"Michael Browning","profession":"продюсеры","enProfession":"producer"},{"id":10207,"photo":"https://st.kp.yandex.net/images/actor_iphone/iphone360_10207.jpg","name":"Джерри Брукхаймер","enName":"Jerry Bruckheimer","profession":"продюсеры","enProfession":"producer"},{"id":10212,"photo":"https://st.kp.yandex.net/images/actor_iphone/iphone360_10212.jpg","name":"Майк Стенсон","enName":"Mike Stenson","profession":"продюсеры","enProfession":"producer"},{"id":38040,"photo":"https://st.kp.yandex.net/images/actor_iphone/iphone360_38040.jpg","name":"Кенни Бейтс","enName":"Kenny Bates","profession":"продюсеры","enProfession":"producer"},{"id":273120,"photo":"https://st.kp.yandex.net/images/actor_iphone/iphone360_273120.jpg","name":"Вадим Яковлев","enName":null,"profession":"актеры дубляжа","enProfession":"voice_actor"},{"id":277374,"photo":"https://st.kp.yandex.net/images/actor_iphone/iphone360_277374.jpg","name":"Станислав Концевич","enName":null,"profession":"актеры дубляжа","enProfession":"voice_actor"},{"id":76127,"photo":"https://st.kp.yandex.net/images/actor_iphone/iphone360_76127.jpg","name":"Сергей Паршин","enName":null,"profession":"актеры дубляжа","enProfession":"voice_actor"},{"id":1079049,"photo":"https://st.kp.yandex.net/images/actor_iphone/iphone360_1079049.jpg","name":"Валерий Соловьев","enName":null,"profession":"актеры дубляжа","enProfession":"voice_actor"},{"id":477449,"photo":"https://st.kp.yandex.net/images/actor_iphone/iphone360_477449.jpg","name":"Елена Шульман","enName":null,"profession":"актеры дубляжа","enProfession":"voice_actor"},{"id":301196,"photo":"https://st.kp.yandex.net/images/actor_iphone/iphone360_301196.jpg","name":"Татьяна Рассказова","enName":null,"profession":"актеры дубляжа","enProfession":"voice_actor"},{"id":76124,"photo":"https://st.kp.yandex.net/images/actor_iphone/iphone360_76124.jpg","name":"Валерий Кухарешин","enName":null,"profession":"актеры дубляжа","enProfession":"voice_actor"},{"id":37392,"photo":"https://st.kp.yandex.net/images/actor_iphone/iphone360_37392.jpg","name":"Максим Сергеев","enName":null,"profession":"актеры дубляжа","enProfession":"voice_actor"},{"id":37403,"photo":"https://st.kp.yandex.net/images/actor_iphone/iphone360_37403.jpg","name":"Вадим Гущин","enName":null,"profession":"актеры дубляжа","enProfession":"voice_actor"},{"id":1735783,"photo":"https://st.kp.yandex.net/images/actor_iphone/iphone360_1735783.jpg","name":"Александра Кожевникова","enName":null,"profession":"актеры дубляжа","enProfession":"voice_actor"},{"id":1736815,"photo":"https://st.kp.yandex.net/images/actor_iphone/iphone360_1736815.jpg","name":"Дмитрий Витов","enName":null,"profession":"актеры дубляжа","enProfession":"voice_actor"},{"id":1481688,"photo":"https://st.kp.yandex.net/images/actor_iphone/iphone360_1481688.jpg","name":"Александр Машанов","enName":null,"profession":"актеры дубляжа","enProfession":"voice_actor"},{"id":310612,"photo":"https://st.kp.yandex.net/images/actor_iphone/iphone360_310612.jpg","name":"Елена Ставрогина","enName":null,"profession":"актеры дубляжа","enProfession":"voice_actor"},{"id":273444,"photo":"https://st.kp.yandex.net/images/actor_iphone/iphone360_273444.jpg","name":"Валерий Захарьев","enName":null,"profession":"актеры дубляжа","enProfession":"voice_actor"},{"id":285811,"photo":"https://st.kp.yandex.net/images/actor_iphone/iphone360_285811.jpg","name":"Юрий Дедович","enName":null,"profession":"актеры дубляжа","enProfession":"voice_actor"},{"id":310711,"photo":"https://st.kp.yandex.net/images/actor_iphone/iphone360_310711.jpg","name":"Олег Куликович","enName":null,"profession":"актеры дубляжа","enProfession":"voice_actor"},{"id":37997,"photo":"https://st.kp.yandex.net/images/actor_iphone/iphone360_37997.jpg","name":"Джейсон Ричман","enName":"Jason Richman","profession":"редакторы","enProfession":"writer"},{"id":37998,"photo":"https://st.kp.yandex.net/images/actor_iphone/iphone360_37998.jpg","name":"Майкл Браунинг","enName":"Michael Browning","profession":"редакторы","enProfession":"writer"},{"id":38041,"photo":"https://st.kp.yandex.net/images/actor_iphone/iphone360_38041.jpg","name":"Гэри М. Гудмен","enName":"Gary M. Goodman","profession":"редакторы","enProfession":"writer"},{"id":37996,"photo":"https://st.kp.yandex.net/images/actor_iphone/iphone360_37996.jpg","name":"Дэвид Химмелстин","enName":"David Himmelstein","profession":"редакторы","enProfession":"writer"}],"typeNumber":1,"alternativeName":"Bad Company","enName":null,"names":[{"name":"Плохая компания"},{"name":"Bad Company"},{"name":"Em Má Companhia","language":"BR","type":null},{"name":"Mala compañía","language":"CO","type":null},{"name":"9 días","language":"ES","type":null},{"name":"9デイズ","language":"JP","type":null},{"name":"Malas compañías","language":"MX","type":null}],"ageRating":16,"ratingMpaa":"pg13","shortDescription":"Прохвост Джейк должен закончить миссию за погибшего брата-спецагента. Бодрый комедийный экшен с Крисом Роком","sequelsAndPrequels":[],"similarMovies":[{"id":387477,"name":"На крючке","enName":null,"alternativeName":"Eagle Eye","type":"movie","poster":{"url":"https://avatars.mds.yandex.net/get-kinopoisk-image/1773646/e7a8ce2c-7b59-4f58-880d-2f7f14abf783/orig","previewUrl":"https://avatars.mds.yandex.net/get-kinopoisk-image/1773646/e7a8ce2c-7b59-4f58-880d-2f7f14abf783/x1000"}}],"logo":{"url":"https://avatars.mds.yandex.net/get-ott/224348/2a00000177a005a9d5afdd8e86a82c28f6e3/orig"},"watchability":{"items":null},"top10":null,"top250":null}