{"status":null,"externalId":{"kpHD":null,"imdb":"tt0276744","tmdb":43656},"rating":{"kp":6.005,"imdb":5.7,"filmCritics":4.4,"russianFilmCritics":0,"await":0},"votes":{"kp":278,"imdb":1273,"filmCritics":35,"russianFilmCritics":0,"await":0},"backdrop":{"url":null,"previewUrl":null},"movieLength":93,"productionCompanies":[{"name":"Gold Circle Films","url":null,"previewUrl":null},{"name":"13 Moons Productions LLC","url":null,"previewUrl":null}],"id":2934,"type":"movie","name":"Тринадцать лун","description":"Существует древняя легенда о том, что в полнолуние может произойти самое необычное. А теперь просто представьте, что может произойти в ночь 13-ти полных лун. Все переворачивается с ног на голову! И вся жизнь может измениться...","premiere":{"country":"США","world":"2002-01-11T00:00:00.000Z"},"slogan":null,"year":2002,"budget":{"value":2000000,"currency":"$"},"poster":{"url":"https://st.kp.yandex.net/images/film_big/2934.jpg","previewUrl":"https://st.kp.yandex.net/images/film_iphone/iphone360_2934.jpg"},"facts":[],"genres":[{"name":"комедия"}],"countries":[{"name":"США"}],"videos":{"trailers":[{"url":"https://www.youtube.com/watch?v=9-P2EgbMy1A","name":"Peter Dinklage & Steve Buscemi in 13 Moons (2002)","site":"YouTube","size":360,"type":"TRAILER"},{"url":"https://www.youtube.com/embed/9-P2EgbMy1A","name":"Peter Dinklage & Steve Buscemi in 13 Moons (2002)","site":"youtube","type":"TRAILER"}],"teasers":[]},"seasonsInfo":[],"persons":[{"id":2810,"photo":"https://st.kp.yandex.net/images/actor_iphone/iphone360_2810.jpg","name":"Дженнифер Билз","enName":"Jennifer Beals","profession":"актеры","enProfession":"actor"},{"id":26124,"photo":"https://st.kp.yandex.net/images/actor_iphone/iphone360_26124.jpg","name":"Элизабет Бракко","enName":"Elizabeth Bracco","profession":"актеры","enProfession":"actor"},{"id":9271,"photo":"https://st.kp.yandex.net/images/actor_iphone/iphone360_9271.jpg","name":"Стив Бушеми","enName":"Steve Buscemi","profession":"актеры","enProfession":"actor"},{"id":1906,"photo":"https://st.kp.yandex.net/images/actor_iphone/iphone360_1906.jpg","name":"Питер Динклэйдж","enName":"Peter Dinklage","profession":"актеры","enProfession":"actor"},{"id":6481,"photo":"https://st.kp.yandex.net/images/actor_iphone/iphone360_6481.jpg","name":"Дэрил Митчелл","enName":"Daryl Mitchell","profession":"актеры","enProfession":"actor"},{"id":42628,"photo":"https://st.kp.yandex.net/images/actor_iphone/iphone360_42628.jpg","name":"Кэрин Парсонс","enName":"Karyn Parsons","profession":"актеры","enProfession":"actor"},{"id":28987,"photo":"https://st.kp.yandex.net/images/actor_iphone/iphone360_28987.jpg","name":"Дэвид Провал","enName":"David Proval","profession":"актеры","enProfession":"actor"},{"id":38540,"photo":"https://st.kp.yandex.net/images/actor_iphone/iphone360_38540.jpg","name":"Роуз Роллинз","enName":"Rose Rollins","profession":"актеры","enProfession":"actor"},{"id":6237,"photo":"https://st.kp.yandex.net/images/actor_iphone/iphone360_6237.jpg","name":"Петер Стормаре","enName":"Peter Stormare","profession":"актеры","enProfession":"actor"},{"id":6753,"photo":"https://st.kp.yandex.net/images/actor_iphone/iphone360_6753.jpg","name":"Прюитт Тэйлор Винс","enName":"Pruitt Taylor Vince","profession":"актеры","enProfession":"actor"},{"id":4994,"photo":"https://st.kp.yandex.net/images/actor_iphone/iphone360_4994.jpg","name":"Гарет Уильямс","enName":"Gareth Williams","profession":"актеры","enProfession":"actor"},{"id":39180,"photo":"https://st.kp.yandex.net/images/actor_iphone/iphone360_39180.jpg","name":"Остин Вулф","enName":"Austin Wolff","profession":"актеры","enProfession":"actor"},{"id":42629,"photo":"https://st.kp.yandex.net/images/actor_iphone/iphone360_42629.jpg","name":"Франческо Мессина","enName":"Francesco Messina","profession":"актеры","enProfession":"actor"},{"id":21496,"photo":"https://st.kp.yandex.net/images/actor_iphone/iphone360_21496.jpg","name":"Сэм Рокуэлл","enName":"Sam Rockwell","profession":"актеры","enProfession":"actor"},{"id":551887,"photo":"https://st.kp.yandex.net/images/actor_iphone/iphone360_551887.jpg","name":"Мэттью Суссман","enName":"Matthew Sussman","profession":"актеры","enProfession":"actor"},{"id":26961,"photo":"https://st.kp.yandex.net/images/actor_iphone/iphone360_26961.jpg","name":"Эрни Ли Бэнкс","enName":"Ernie Lee Banks","profession":"актеры","enProfession":"actor"},{"id":42630,"photo":"https://st.kp.yandex.net/images/actor_iphone/iphone360_42630.jpg","name":"Терри Кули","enName":"Terry Cooley","profession":"актеры","enProfession":"actor"},{"id":42631,"photo":"https://st.kp.yandex.net/images/actor_iphone/iphone360_42631.jpg","name":"Лорелей Лесли","enName":"Lorelei Leslie","profession":"актеры","enProfession":"actor"},{"id":582,"photo":"https://st.kp.yandex.net/images/actor_iphone/iphone360_582.jpg","name":"Стивен Рандаццо","enName":"Steven Randazzo","profession":"актеры","enProfession":"actor"},{"id":9283,"photo":"https://st.kp.yandex.net/images/actor_iphone/iphone360_9283.jpg","name":"Майкл Бушеми","enName":"Michael Buscemi","profession":"актеры","enProfession":"actor"},{"id":23269,"photo":"https://st.kp.yandex.net/images/actor_iphone/iphone360_23269.jpg","name":"Стивен Энтони Лоуренс","enName":"Steven Anthony Lawrence","profession":"актеры","enProfession":"actor"},{"id":5129,"photo":"https://st.kp.yandex.net/images/actor_iphone/iphone360_5129.jpg","name":"Джошуа Миллер","enName":"Joshua Miller","profession":"актеры","enProfession":"actor"},{"id":27459,"photo":"https://st.kp.yandex.net/images/actor_iphone/iphone360_27459.jpg","name":"Майкл Бадалукко","enName":"Michael Badalucco","profession":"актеры","enProfession":"actor"},{"id":51980,"photo":"https://st.kp.yandex.net/images/actor_iphone/iphone360_51980.jpg","name":"Майкл Паркс","enName":"Michael Parks","profession":"актеры","enProfession":"actor"},{"id":32222,"photo":"https://st.kp.yandex.net/images/actor_iphone/iphone360_32222.jpg","name":"Джейсон Мэттью Смит","enName":"Jason Matthew Smith","profession":"актеры","enProfession":"actor"},{"id":9279,"photo":"https://st.kp.yandex.net/images/actor_iphone/iphone360_9279.jpg","name":"Джэйк Ла Ботц","enName":"Jake La Botz","profession":"актеры","enProfession":"actor"},{"id":7895,"photo":"https://st.kp.yandex.net/images/actor_iphone/iphone360_7895.jpg","name":"Харпер Ройзман","enName":"Harper Roisman","profession":"актеры","enProfession":"actor"},{"id":9272,"photo":"https://st.kp.yandex.net/images/actor_iphone/iphone360_9272.jpg","name":"Эдвард Банкер","enName":"Edward Bunker","profession":"актеры","enProfession":"actor"},{"id":9278,"photo":"https://st.kp.yandex.net/images/actor_iphone/iphone360_9278.jpg","name":"Дэнни Трехо","enName":"Danny Trejo","profession":"актеры","enProfession":"actor"},{"id":102201,"photo":"https://st.kp.yandex.net/images/actor_iphone/iphone360_102201.jpg","name":"Джулиус ЛеФлор","enName":"Julius LeFlore","profession":"актеры","enProfession":"actor"},{"id":42635,"photo":"https://st.kp.yandex.net/images/actor_iphone/iphone360_42635.jpg","name":"Шива Роуз","enName":"Shiva Rose","profession":"актеры","enProfession":"actor"},{"id":42636,"photo":"https://st.kp.yandex.net/images/actor_iphone/iphone360_42636.jpg","name":"Ральф Гуццо","enName":"Ralph Guzzo","profession":"актеры","enProfession":"actor"},{"id":9647,"photo":"https://st.kp.yandex.net/images/actor_iphone/iphone360_9647.jpg","name":"Лестер Спейт","enName":"Lester Speight","profession":"актеры","enProfession":"actor"},{"id":42637,"photo":"https://st.kp.yandex.net/images/actor_iphone/iphone360_42637.jpg","name":"Луиз Парсонс","enName":"Louise Parsons","profession":"актеры","enProfession":"actor"},{"id":42627,"photo":"https://st.kp.yandex.net/images/actor_iphone/iphone360_42627.jpg","name":"Брэндон Коул","enName":"Brandon Cole","profession":"актеры","enProfession":"actor"},{"id":42626,"photo":"https://st.kp.yandex.net/images/actor_iphone/iphone360_42626.jpg","name":"Александр Рокуэлл","enName":"Alexandre Rockwell","profession":"актеры","enProfession":"actor"},{"id":39627,"photo":"https://st.kp.yandex.net/images/actor_iphone/iphone360_39627.jpg","name":"Шон Бреннан","enName":"Sean Brennan","profession":"актеры","enProfession":"actor"},{"id":42639,"photo":"https://st.kp.yandex.net/images/actor_iphone/iphone360_42639.jpg","name":"Майкл Дин","enName":"Michael Din","profession":"актеры","enProfession":"actor"},{"id":42634,"photo":"https://st.kp.yandex.net/images/actor_iphone/iphone360_42634.jpg","name":"Нэйтан Энгелман","enName":"Nathan Engelman","profession":"актеры","enProfession":"actor"},{"id":42638,"photo":"https://st.kp.yandex.net/images/actor_iphone/iphone360_42638.jpg","name":"Тёсэй Фунахара","enName":"Chosei Funahara","profession":"актеры","enProfession":"actor"},{"id":614411,"photo":"https://st.kp.yandex.net/images/actor_iphone/iphone360_614411.jpg","name":"Трой Мартин","enName":"Troy Martin","profession":"актеры","enProfession":"actor"},{"id":614412,"photo":"https://st.kp.yandex.net/images/actor_iphone/iphone360_614412.jpg","name":"Брайан Келли","enName":"Brian Kelly","profession":"композиторы","enProfession":"composer"},{"id":614413,"photo":"https://st.kp.yandex.net/images/actor_iphone/iphone360_614413.jpg","name":"Кевин Салем","enName":"Kevin Salem","profession":"композиторы","enProfession":"composer"},{"id":2000570,"photo":"https://st.kp.yandex.net/images/actor_iphone/iphone360_2000570.jpg","name":"Чак Вёльтер","enName":"Chuck Voelter","profession":"художники","enProfession":"designer"},{"id":2004982,"photo":"https://st.kp.yandex.net/images/actor_iphone/iphone360_2004982.jpg","name":"Лиза Пармет","enName":"Lisa Parmet","profession":"художники","enProfession":"designer"},{"id":2034931,"photo":"https://st.kp.yandex.net/images/actor_iphone/iphone360_2034931.jpg","name":"Кристин Ирвин","enName":"Christine Irwin","profession":"художники","enProfession":"designer"},{"id":42626,"photo":"https://st.kp.yandex.net/images/actor_iphone/iphone360_42626.jpg","name":"Александр Рокуэлл","enName":"Alexandre Rockwell","profession":"режиссеры","enProfession":"director"},{"id":548673,"photo":"https://st.kp.yandex.net/images/actor_iphone/iphone360_548673.jpg","name":"Джон Дэвид Аллен","enName":"John David Allen","profession":"монтажеры","enProfession":"editor"},{"id":610024,"photo":"https://st.kp.yandex.net/images/actor_iphone/iphone360_610024.jpg","name":"Фил Пармет","enName":"Phil Parmet","profession":"операторы","enProfession":"operator"},{"id":42627,"photo":"https://st.kp.yandex.net/images/actor_iphone/iphone360_42627.jpg","name":"Брэндон Коул","enName":"Brandon Cole","profession":"продюсеры","enProfession":"producer"},{"id":42639,"photo":"https://st.kp.yandex.net/images/actor_iphone/iphone360_42639.jpg","name":"Майкл Дин","enName":"Michael Din","profession":"продюсеры","enProfession":"producer"},{"id":52724,"photo":"https://st.kp.yandex.net/images/actor_iphone/iphone360_52724.jpg","name":"Дэвид Кроунмейер","enName":"David Kronemeyer","profession":"продюсеры","enProfession":"producer"},{"id":35875,"photo":"https://st.kp.yandex.net/images/actor_iphone/iphone360_35875.jpg","name":"Пол Брукс","enName":"Paul Brooks","profession":"продюсеры","enProfession":"producer"},{"id":42627,"photo":"https://st.kp.yandex.net/images/actor_iphone/iphone360_42627.jpg","name":"Брэндон Коул","enName":"Brandon Cole","profession":"редакторы","enProfession":"writer"},{"id":42626,"photo":"https://st.kp.yandex.net/images/actor_iphone/iphone360_42626.jpg","name":"Александр Рокуэлл","enName":"Alexandre Rockwell","profession":"редакторы","enProfession":"writer"}],"typeNumber":1,"alternativeName":"13 Moons","enName":null,"names":[{"name":"Тринадцать лун"},{"name":"13 Moons"}],"fees":{"world":{},"russia":{},"usa":{}},"ratingMpaa":"r","shortDescription":null,"sequelsAndPrequels":[],"similarMovies":[],"ageRating":16,"logo":{"url":null},"watchability":{"items":null},"top10":null,"top250":null}