{"fees":{"world":{"value":538526,"currency":"$"},"usa":{"value":464275,"currency":"$"}},"status":null,"externalId":{"kpHD":"4cfbb8645679e577ac59facc89948207","imdb":"tt0357054","tmdb":26486},"rating":{"kp":5.899,"imdb":5.7,"filmCritics":6,"russianFilmCritics":0,"await":0},"votes":{"kp":353,"imdb":4324,"filmCritics":68,"russianFilmCritics":0,"await":0},"backdrop":{"url":"https://avatars.mds.yandex.net/get-ott/2419418/2a00000177b93b5d3ec63e93f2ff11571955/orig","previewUrl":"https://avatars.mds.yandex.net/get-ott/2419418/2a00000177b93b5d3ec63e93f2ff11571955/x1000"},"movieLength":93,"productionCompanies":[{"name":"Burro Productions","url":null,"previewUrl":null},{"name":"Touchstone Pictures","url":"https://www.themoviedb.org/t/p/original/ou5BUbtulr6tIt699q6xJiEQTR9.png","previewUrl":"https://www.themoviedb.org/t/p/w500/ou5BUbtulr6tIt699q6xJiEQTR9.png"},{"name":"Morra, Brezner, Steinberg and Tenenbaum Entertainment (MBST)","url":null,"previewUrl":null},{"name":"Mandeville Films","url":"https://www.themoviedb.org/t/p/original/3YfRy3DBl4abcqkzGx4RVNz12yl.png","previewUrl":"https://www.themoviedb.org/t/p/w500/3YfRy3DBl4abcqkzGx4RVNz12yl.png"}],"id":2973,"type":"movie","name":"Последний кадр","description":"Агенту Джо Дивайну поручено разработать план по поимке известного главаря мафии Джона Готти. Для выполнения столь важного задания он с удовольствием перевоплощается в голливудского продю��ера и даже нанимает режиссера Стивена Шаца, ничего не подозревающего о том, что этому фильму не суждено быть снятым. Что же получается, когда орудием для выполнения сверхсекретного задания становится шоу-бизнес?","premiere":{"country":"США","world":"2004-09-24T00:00:00.000Z","dvd":"2011-06-14T00:00:00.000Z"},"slogan":"The true story of the greatest movie never made","year":2004,"poster":{"url":"https://st.kp.yandex.net/images/film_big/2973.jpg","previewUrl":"https://st.kp.yandex.net/images/film_iphone/iphone360_2973.jpg"},"facts":[{"value":"Фильм основан на статье Стива Фишмана, в которой рассказывалась реальная история о том, как ФБР для разоблачения мафии, вмешивающихся в кинематограф, финансировало производство «липового» фильма. При этом режиссёры ни о чём не догадывались.","type":"FACT","spoiler":false}],"genres":[{"name":"мелодрама"},{"name":"комедия"}],"countries":[{"name":"США"}],"videos":{"trailers":[{"url":"http://a772.g.akamai.net/5/772/51/9a7c19f27ffe24/1a1a1aaa2198c627970773d80669d84574a8d80d3cb12453c02589f25382f668c9329e0375e8178bfa6fd23aad2190fe6392066ed3329eff72e645b8208f03/the_last_shot_m240.mov","name":"Трейлер","site":"unknown"},{"url":"https://www.youtube.com/embed/h-m1hKqMfaU","name":"The Last Shot (trailer)","site":"youtube","type":"TRAILER"},{"url":"https://www.youtube.com/embed/_mKaWoVJMIk","name":"Последний кадр - Трейлер","site":"youtube","type":"TRAILER"}],"teasers":[]},"seasonsInfo":[],"persons":[{"id":10968,"photo":"https://st.kp.yandex.net/images/actor_iphone/iphone360_10968.jpg","name":"Мэттью Бродерик","enName":"Matthew Broderick","profession":"актеры","enProfession":"actor"},{"id":11564,"photo":"https://st.kp.yandex.net/images/actor_iphone/iphone360_11564.jpg","name":"Алек Болдуин","enName":"Alec Baldwin","profession":"актеры","enProfession":"actor"},{"id":14427,"photo":"https://st.kp.yandex.net/images/actor_iphone/iphone360_14427.jpg","name":"Тони Коллетт","enName":"Toni Collette","profession":"актеры","enProfession":"actor"},{"id":25491,"photo":"https://st.kp.yandex.net/images/actor_iphone/iphone360_25491.jpg","name":"Тони Шэлуб","enName":"Tony Shalhoub","profession":"актеры","enProfession":"actor"},{"id":21494,"photo":"https://st.kp.yandex.net/images/actor_iphone/iphone360_21494.jpg","name":"Калиста Флокхарт","enName":"Calista Flockhart","profession":"актеры","enProfession":"actor"},{"id":10087,"photo":"https://st.kp.yandex.net/images/actor_iphone/iphone360_10087.jpg","name":"Тим Блейк Нельсон","enName":"Tim Blake Nelson","profession":"актеры","enProfession":"actor"},{"id":24371,"photo":"https://st.kp.yandex.net/images/actor_iphone/iphone360_24371.jpg","name":"Бак Генри","enName":"Buck Henry","profession":"актеры","enProfession":"actor"},{"id":7922,"photo":"https://st.kp.yandex.net/images/actor_iphone/iphone360_7922.jpg","name":"Рэй Лиотта","enName":"Ray Liotta","profession":"актеры","enProfession":"actor"},{"id":4590,"photo":"https://st.kp.yandex.net/images/actor_iphone/iphone360_4590.jpg","name":"Иэн Гомес","enName":"Ian Gomez","profession":"актеры","enProfession":"actor"},{"id":263,"photo":"https://st.kp.yandex.net/images/actor_iphone/iphone360_263.jpg","name":"Трой Уинбуш","enName":"Troy Winbush","profession":"актеры","enProfession":"actor"},{"id":9215,"photo":"https://st.kp.yandex.net/images/actor_iphone/iphone360_9215.jpg","name":"Том Маккарти","enName":"Tom McCarthy","profession":"актеры","enProfession":"actor"},{"id":9340,"photo":"https://st.kp.yandex.net/images/actor_iphone/iphone360_9340.jpg","name":"У. Эрл Браун","enName":"W. Earl Brown","profession":"актеры","enProfession":"actor"},{"id":40981,"photo":"https://st.kp.yandex.net/images/actor_iphone/iphone360_40981.jpg","name":"Ивэн Джонс","enName":"Evan Jones","profession":"актеры","enProfession":"actor"},{"id":34951,"photo":"https://st.kp.yandex.net/images/actor_iphone/iphone360_34951.jpg","name":"Гленн Моршауэр","enName":"Glenn Morshower","profession":"актеры","enProfession":"actor"},{"id":9214,"photo":"https://st.kp.yandex.net/images/actor_iphone/iphone360_9214.jpg","name":"Джеймс Ребхорн","enName":"James Rebhorn","profession":"актеры","enProfession":"actor"},{"id":95994,"photo":"https://st.kp.yandex.net/images/actor_iphone/iphone360_95994.jpg","name":"Эми Смоллмэн","enName":"Amy Smallman","profession":"актеры","enProfession":"actor"},{"id":24113,"photo":"https://st.kp.yandex.net/images/actor_iphone/iphone360_24113.jpg","name":"Майкл Пападжон","enName":"Michael Papajohn","profession":"актеры","enProfession":"actor"},{"id":9488,"photo":"https://st.kp.yandex.net/images/actor_iphone/iphone360_9488.jpg","name":"Джон Полито","enName":"Jon Polito","profession":"актеры","enProfession":"actor"},{"id":72105,"photo":"https://st.kp.yandex.net/images/actor_iphone/iphone360_72105.jpg","name":"Валерия Эрнандез","enName":"Valeria Hernandez","profession":"актеры","enProfession":"actor"},{"id":24051,"photo":"https://st.kp.yandex.net/images/actor_iphone/iphone360_24051.jpg","name":"Ричард Пенн","enName":"Richard Penn","profession":"актеры","enProfession":"actor"},{"id":7043,"photo":"https://st.kp.yandex.net/images/actor_iphone/iphone360_7043.jpg","name":"Стенли Андерсон","enName":"Stanley Anderson","profession":"актеры","enProfession":"actor"},{"id":581300,"photo":"https://st.kp.yandex.net/images/actor_iphone/iphone360_581300.jpg","name":null,"enName":"Solaria Trent","profession":"актеры","enProfession":"actor"},{"id":581301,"photo":"https://st.kp.yandex.net/images/actor_iphone/iphone360_581301.jpg","name":"Боб Колонна","enName":"Bob Colonna","profession":"актеры","enProfession":"actor"},{"id":47839,"photo":"https://st.kp.yandex.net/images/actor_iphone/iphone360_47839.jpg","name":"Абель Сото","enName":"Abel Soto","profession":"актеры","enProfession":"actor"},{"id":2262,"photo":"https://st.kp.yandex.net/images/actor_iphone/iphone360_2262.jpg","name":"Стефани Вендитто","enName":"Stephanie Venditto","profession":"актеры","enProfession":"actor"},{"id":69904,"photo":"https://st.kp.yandex.net/images/actor_iphone/iphone360_69904.jpg","name":"Росс Кантер","enName":"Ross Canter","profession":"актеры","enProfession":"actor"},{"id":42330,"photo":"https://st.kp.yandex.net/images/actor_iphone/iphone360_42330.jpg","name":"Блу Декерт","enName":"Blue Deckert","profession":"актеры","enProfession":"actor"},{"id":1623013,"photo":"https://st.kp.yandex.net/images/actor_iphone/iphone360_1623013.jpg","name":null,"enName":"Robert Lee","profession":"актеры","enProfession":"actor"},{"id":37864,"photo":"https://st.kp.yandex.net/images/actor_iphone/iphone360_37864.jpg","name":"Келли МакНейр","enName":"Kelly McNair","profession":"актеры","enProfession":"actor"},{"id":16657,"photo":"https://st.kp.yandex.net/images/actor_iphone/iphone360_16657.jpg","name":"Шон Уэйлен","enName":"Sean Whalen","profession":"актеры","enProfession":"actor"},{"id":42656,"photo":"https://st.kp.yandex.net/images/actor_iphone/iphone360_42656.jpg","name":"Джина Доктор","enName":"Gina Doctor","profession":"актеры","enProfession":"actor"},{"id":581302,"photo":"https://st.kp.yandex.net/images/actor_iphone/iphone360_581302.jpg","name":"Крис Келли","enName":"Chris Kelley","profession":"актеры","enProfession":"actor"},{"id":36852,"photo":"https://st.kp.yandex.net/images/actor_iphone/iphone360_36852.jpg","name":"Йорго Константин","enName":"Yorgo Constantine","profession":"актеры","enProfession":"actor"},{"id":581303,"photo":"https://st.kp.yandex.net/images/actor_iphone/iphone360_581303.jpg","name":null,"enName":"Alan Selka","profession":"актеры","enProfession":"actor"},{"id":225356,"photo":"https://st.kp.yandex.net/images/actor_iphone/iphone360_225356.jpg","name":"Шошанна Штерн","enName":"Shoshannah Stern","profession":"актеры","enProfession":"actor"},{"id":61031,"photo":"https://st.kp.yandex.net/images/actor_iphone/iphone360_61031.jpg","name":"Сибил Уолкер","enName":"Sybyl Walker","profession":"актеры","enProfession":"actor"},{"id":9350,"photo":"https://st.kp.yandex.net/images/actor_iphone/iphone360_9350.jpg","name":"Джон Проски","enName":"John Prosky","profession":"актеры","enProfession":"actor"},{"id":6395,"photo":"https://st.kp.yandex.net/images/actor_iphone/iphone360_6395.jpg","name":"Роберт Аксельрод","enName":"Robert Axelrod","profession":"актеры","enProfession":"actor"},{"id":4438,"photo":"https://st.kp.yandex.net/images/actor_iphone/iphone360_4438.jpg","name":"Тава Смайли","enName":"Tava Smiley","profession":"актеры","enProfession":"actor"},{"id":223470,"photo":"https://st.kp.yandex.net/images/actor_iphone/iphone360_223470.jpg","name":"Майкл Гловер","enName":"Michael Glover","profession":"актеры","enProfession":"actor"},{"id":223473,"photo":"https://st.kp.yandex.net/images/actor_iphone/iphone360_223473.jpg","name":null,"enName":"Robyn Rosenkrantz","profession":"актеры","enProfession":"actor"},{"id":96752,"photo":"https://st.kp.yandex.net/images/actor_iphone/iphone360_96752.jpg","name":"Питер Шерайко","enName":"Peter Sherayko","profession":"актеры","enProfession":"actor"},{"id":581304,"photo":"https://st.kp.yandex.net/images/actor_iphone/iphone360_581304.jpg","name":"Бак Дэймон","enName":"Buck Damon","profession":"актеры","enProfession":"actor"},{"id":581305,"photo":"https://st.kp.yandex.net/images/actor_iphone/iphone360_581305.jpg","name":"Джим Мерфи","enName":"Jim Murphy","profession":"актеры","enProfession":"actor"},{"id":581306,"photo":"https://st.kp.yandex.net/images/actor_iphone/iphone360_581306.jpg","name":null,"enName":"James McCombie","profession":"актеры","enProfession":"actor"},{"id":456446,"photo":"https://st.kp.yandex.net/images/actor_iphone/iphone360_456446.jpg","name":"Барбара Орсон","enName":"Barbara Orson","profession":"актеры","enProfession":"actor"},{"id":581307,"photo":"https://st.kp.yandex.net/images/actor_iphone/iphone360_581307.jpg","name":"Джэми Фриман","enName":"Jamie Freeman","profession":"актеры","enProfession":"actor"},{"id":581308,"photo":"https://st.kp.yandex.net/images/actor_iphone/iphone360_581308.jpg","name":"Дастин Фуллер","enName":"Dustin Fuller","profession":"актеры","enProfession":"actor"},{"id":581309,"photo":"https://st.kp.yandex.net/images/actor_iphone/iphone360_581309.jpg","name":"Сик Энд","enName":"Sik End","profession":"актеры","enProfession":"actor"},{"id":130328,"photo":"https://st.kp.yandex.net/images/actor_iphone/iphone360_130328.jpg","name":"Тедди М. Хаггарти","enName":"Teddy M. Haggarty","profession":"актеры","enProfession":"actor"},{"id":479162,"photo":"https://st.kp.yandex.net/images/actor_iphone/iphone360_479162.jpg","name":"Маркус Болдуин","enName":"Markus Baldwin","profession":"актеры","enProfession":"actor"},{"id":17293,"photo":"https://st.kp.yandex.net/images/actor_iphone/iphone360_17293.jpg","name":"Джесси Берч","enName":"Jesse Burch","profession":"актеры","enProfession":"actor"},{"id":30369,"photo":"https://st.kp.yandex.net/images/actor_iphone/iphone360_30369.jpg","name":"Кэйси Маккарти","enName":"Casey McCarthy","profession":"актеры","enProfession":"actor"},{"id":581417,"photo":"https://st.kp.yandex.net/images/actor_iphone/iphone360_581417.jpg","name":"Кимберли Демарше","enName":"Kimberly Demarse","profession":"актеры","enProfession":"actor"},{"id":581311,"photo":"https://st.kp.yandex.net/images/actor_iphone/iphone360_581311.jpg","name":"Скотт Чейз","enName":"Scott Chase","profession":"актеры","enProfession":"actor"},{"id":581312,"photo":"https://st.kp.yandex.net/images/actor_iphone/iphone360_581312.jpg","name":"Гари Леви","enName":"Gary Levy","profession":"актеры","enProfession":"actor"},{"id":151127,"photo":"https://st.kp.yandex.net/images/actor_iphone/iphone360_151127.jpg","name":"Дэн Льюк","enName":"Dan Lewk","profession":"актеры","enProfession":"actor"},{"id":581313,"photo":"https://st.kp.yandex.net/images/actor_iphone/iphone360_581313.jpg","name":"Мигель А. Васкез","enName":"Miguel A. Vazquez","profession":"актеры","enProfession":"actor"},{"id":581314,"photo":"https://st.kp.yandex.net/images/actor_iphone/iphone360_581314.jpg","name":"Димас Ареллано","enName":"Dimas Arellano","profession":"актеры","enProfession":"actor"},{"id":581315,"photo":"https://st.kp.yandex.net/images/actor_iphone/iphone360_581315.jpg","name":"Фелипе Де Ла Роза","enName":"Felipe De La Rosa","profession":"актеры","enProfession":"actor"},{"id":581316,"photo":"https://st.kp.yandex.net/images/actor_iphone/iphone360_581316.jpg","name":null,"enName":"Theadell Brown","profession":"актеры","enProfession":"actor"},{"id":32777,"photo":"https://st.kp.yandex.net/images/actor_iphone/iphone360_32777.jpg","name":"Уиллам Беллай","enName":"Willam Belli","profession":"актеры","enProfession":"actor"},{"id":581317,"photo":"https://st.kp.yandex.net/images/actor_iphone/iphone360_581317.jpg","name":"Сэлли Инсул","enName":"Sally Insul","profession":"актеры","enProfession":"actor"},{"id":581318,"photo":"https://st.kp.yandex.net/images/actor_iphone/iphone360_581318.jpg","name":"Жасмин Арнольд","enName":"Jasmine Arnold","profession":"актеры","enProfession":"actor"},{"id":581319,"photo":"https://st.kp.yandex.net/images/actor_iphone/iphone360_581319.jpg","name":"Адам МакКарти","enName":"Adam McCarthy","profession":"актеры","enProfession":"actor"},{"id":52597,"photo":"https://st.kp.yandex.net/images/actor_iphone/iphone360_52597.jpg","name":"Рассел Минс","enName":"Russell Means","profession":"актеры","enProfession":"actor"},{"id":34612,"photo":"https://st.kp.yandex.net/images/actor_iphone/iphone360_34612.jpg","name":"Пэт Морита","enName":"Pat Morita","profession":"актеры","enProfession":"actor"},{"id":3651991,"photo":"https://st.kp.yandex.net/images/actor_iphone/iphone360_3651991.jpg","name":"Дэвид Блок","enName":"David Block","profession":"актеры","enProfession":"actor"},{"id":21823,"photo":"https://st.kp.yandex.net/images/actor_iphone/iphone360_21823.jpg","name":"Джоан Кьюсак","enName":"Joan Cusack","profession":"актеры","enProfession":"actor"},{"id":1717641,"photo":"https://st.kp.yandex.net/images/actor_iphone/iphone360_1717641.jpg","name":"Джои Диллон","enName":"Joey Rocketshoes Dillon","profession":"актеры","enProfession":"actor"},{"id":14784,"photo":"https://st.kp.yandex.net/images/actor_iphone/iphone360_14784.jpg","name":"Роберт Эванс","enName":"Robert Evans","profession":"актеры","enProfession":"actor"},{"id":12843,"photo":"https://st.kp.yandex.net/images/actor_iphone/iphone360_12843.jpg","name":"Джуди Грир","enName":"Judy Greer","profession":"актеры","enProfession":"actor"},{"id":32991,"photo":"https://st.kp.yandex.net/images/actor_iphone/iphone360_32991.jpg","name":"Глен Хамбли","enName":"Glen Hambly","profession":"актеры","enProfession":"actor"},{"id":234121,"photo":"https://st.kp.yandex.net/images/actor_iphone/iphone360_234121.jpg","name":"Джим Хейзелтон","enName":"Jim Hazelton","profession":"актеры","enProfession":"actor"},{"id":1076428,"photo":"https://st.kp.yandex.net/images/actor_iphone/iphone360_1076428.jpg","name":"Майло Айронбеар","enName":"Mylo Ironbear","profession":"актеры","enProfession":"actor"},{"id":30201,"photo":"https://st.kp.yandex.net/images/actor_iphone/iphone360_30201.jpg","name":"Фрэнк Мерино","enName":"Frank Merino","profession":"актеры","enProfession":"actor"},{"id":223472,"photo":"https://st.kp.yandex.net/images/actor_iphone/iphone360_223472.jpg","name":"Дэниэл Мортон","enName":"Daniel Morton","profession":"актеры","enProfession":"actor"},{"id":1870,"photo":"https://st.kp.yandex.net/images/actor_iphone/iphone360_1870.jpg","name":"Эрик Робертс","enName":"Eric Roberts","profession":"актеры","enProfession":"actor"},{"id":1194827,"photo":"https://st.kp.yandex.net/images/actor_iphone/iphone360_1194827.jpg","name":"Билли Сильвия","enName":"Billy Silvia","profession":"актеры","enProfession":"actor"},{"id":89983,"photo":"https://st.kp.yandex.net/images/actor_iphone/iphone360_89983.jpg","name":"Рольф Кент","enName":"Rolfe Kent","profession":"композиторы","enProfession":"composer"},{"id":1986688,"photo":"https://st.kp.yandex.net/images/actor_iphone/iphone360_1986688.jpg","name":"Уильям Арнольд","enName":"William Arnold","profession":"художники","enProfession":"designer"},{"id":1987039,"photo":"https://st.kp.yandex.net/images/actor_iphone/iphone360_1987039.jpg","name":"Сет Рид","enName":"Seth Reed","profession":"художники","enProfession":"designer"},{"id":1995843,"photo":"https://st.kp.yandex.net/images/actor_iphone/iphone360_1995843.jpg","name":"Глория Грешам","enName":"Gloria Gresham","profession":"художники","enProfession":"designer"},{"id":1998140,"photo":"https://st.kp.yandex.net/images/actor_iphone/iphone360_1998140.jpg","name":"Натали Поуп","enName":"Natalie Pope","profession":"художники","enProfession":"designer"},{"id":37858,"photo":"https://st.kp.yandex.net/images/actor_iphone/iphone360_37858.jpg","name":"Джефф Натансон","enName":"Jeff Nathanson","profession":"режиссеры","enProfession":"director"},{"id":1034394,"photo":"https://st.kp.yandex.net/images/actor_iphone/iphone360_1034394.jpg","name":"Дэвид Розенблюм","enName":"David Rosenbloom","profession":"монтажеры","enProfession":"editor"},{"id":124318,"photo":"https://st.kp.yandex.net/images/actor_iphone/iphone360_124318.jpg","name":"Джон Линдли","enName":"John Lindley","profession":"операторы","enProfession":"operator"},{"id":45346,"photo":"https://st.kp.yandex.net/images/actor_iphone/iphone360_45346.jpg","name":"Ларри Брэзнер","enName":"Larry Brezner","profession":"продюсеры","enProfession":"producer"},{"id":167,"photo":"https://st.kp.yandex.net/images/actor_iphone/iphone360_167.jpg","name":"Дэвид Хоберман","enName":"David Hoberman","profession":"продюсеры","enProfession":"producer"},{"id":3553,"photo":"https://st.kp.yandex.net/images/actor_iphone/iphone360_3553.jpg","name":"Эллен Эрвин","enName":"Ellen Erwin","profession":"продюсеры","enProfession":"producer"},{"id":581312,"photo":"https://st.kp.yandex.net/images/actor_iphone/iphone360_581312.jpg","name":"Гари Леви","enName":"Gary Levy","profession":"продюсеры","enProfession":"producer"},{"id":37858,"photo":"https://st.kp.yandex.net/images/actor_iphone/iphone360_37858.jpg","name":"Джефф Натансон","enName":"Jeff Nathanson","profession":"редакторы","enProfession":"writer"},{"id":539562,"photo":"https://st.kp.yandex.net/images/actor_iphone/iphone360_539562.jpg","name":"Стив Фишман","enName":"Steve Fishman","profession":"редакторы","enProfession":"writer"}],"typeNumber":1,"alternativeName":"The Last Shot","enName":null,"names":[{"name":"Последний кадр"},{"name":"The Last Shot"}],"ageRating":16,"budget":{},"ratingMpaa":"r","shortDescription":"Его позвали снимать кино, но не сказали, что это спецоперация ФБР. Синефильская комедия с Алеком Болдуином","similarMovies":[],"sequelsAndPrequels":[],"logo":{"url":"https://avatars.mds.yandex.net/get-ott/374297/2a00000177b93be6c5bbd942b2142255a81e/orig"},"watchability":{"items":null},"top10":null,"top250":null}