{"fees":{"world":{"value":148336445,"currency":"$"},"usa":{"value":120277854,"currency":"$"}},"status":null,"externalId":{"kpHD":"4357c189b3a6ce5d94e8c62e5a04a7cd","imdb":"tt0329575","tmdb":4464},"rating":{"kp":7.799,"imdb":7.3,"filmCritics":7.1,"russianFilmCritics":0,"await":0},"votes":{"kp":20409,"imdb":74730,"filmCritics":206,"russianFilmCritics":0,"await":0},"backdrop":{"url":"https://avatars.mds.yandex.net/get-ott/1534341/2a0000017603e53693d5b7db42463de1ec2c/orig","previewUrl":"https://avatars.mds.yandex.net/get-ott/1534341/2a0000017603e53693d5b7db42463de1ec2c/x1000"},"movieLength":140,"productionCompanies":[{"name":"Touchstone Pictures","url":"https://www.themoviedb.org/t/p/original/ou5BUbtulr6tIt699q6xJiEQTR9.png","previewUrl":"https://www.themoviedb.org/t/p/w500/ou5BUbtulr6tIt699q6xJiEQTR9.png"},{"name":"Universal Pictures","url":"https://www.themoviedb.org/t/p/original/8lvHyhjr8oUKOOy2dKXoALWKdp0.png","previewUrl":"https://www.themoviedb.org/t/p/w500/8lvHyhjr8oUKOOy2dKXoALWKdp0.png"},{"name":"Spyglass Entertainment","url":"https://www.themoviedb.org/t/p/original/6SHlNIype9zmyEMRsBtoueUtLsq.png","previewUrl":"https://www.themoviedb.org/t/p/w500/6SHlNIype9zmyEMRsBtoueUtLsq.png"},{"name":"The Kennedy/Marshall Company","url":"https://www.themoviedb.org/t/p/original/udTjbqPmcTbfrihMuLtLcizDEM1.png","previewUrl":"https://www.themoviedb.org/t/p/w500/udTjbqPmcTbfrihMuLtLcizDEM1.png"},{"name":"DreamWorks Pictures","url":"https://www.themoviedb.org/t/p/original/vru2SssLX3FPhnKZGtYw00pVIS9.png","previewUrl":"https://www.themoviedb.org/t/p/w500/vru2SssLX3FPhnKZGtYw00pVIS9.png"}],"id":2976,"type":"movie","name":"Фаворит","description":"На местном ипподроме появляется тёмная лошадка: маленькая и не годная для гонок. Её жокей – слепнущий Ред Поллард. А хозяин лошадки – Чарльз Ховард, человек, который позже наладит торговлю автомобилями по всей Западной Америке. Ведь невзрачной лошадке удастся обогнать непобедимого фаворита скачек и добиться титула «Лучшая лошадь»...","premiere":{"country":"США","world":"2003-07-22T00:00:00.000Z","russia":"2003-07-31T00:00:00.000Z","cinema":"2003-07-31T00:00:00.000Z","dvd":"2009-06-30T00:00:00.000Z"},"slogan":"Укроти мечту, приручи легенду, оседлай удачу","year":2003,"budget":{"value":87000000,"currency":"$"},"poster":{"url":"https://st.kp.yandex.net/images/film_big/2976.jpg","previewUrl":"https://st.kp.yandex.net/images/film_iphone/iphone360_2976.jpg"},"facts":[{"value":"Права на экранизацию книги <a href=\"/name/31148/\" class=\"all\">Лауры Хилленбранд</a>, положенной в основу картины, студия Universal приобрела еще в 1998 году. В создании ленты также принимали участие кинокомпании DreamWorks и Spyglass Entertainment.","type":"FACT","spoiler":false},{"value":"В фильме было использовано 40 лошадей, из которых 10 изображали Сухаря.","type":"FACT","spoiler":false},{"value":"В сценах на ипподроме в Санта-Аните можно заметить около загона статую лошади. Это памятник Сухарю. В ста ярдах от него находится памятник наезднику Джорджу Вулфу, которого в фильме сыграл профессиональный жокей <a href=\"/name/31165/\" class=\"all\">Гари Стивенс</a>, побеждавший в самых престижных соревнованиях.","type":"FACT","spoiler":false},{"value":"<a href=\"/name/10095/\" class=\"all\">Тоби Магуайр</a> получил за роль $12 млн.","type":"FACT","spoiler":false},{"value":"Готовясь к роли, <a href=\"/name/10095/\" class=\"all\">Магуайр</a> похудел на 9 кг, чтобы стать похожим на настоящего жокея. Во время съемок картины Магуайр получил травму спины.","type":"FACT","spoiler":false},{"value":"DVD-версия ленты разошлась тиражом 5.5 млн. экземпляра, рекордным для картин, снятых в жанре драмы.","type":"FACT","spoiler":false}],"genres":[{"name":"драма"},{"name":"спорт"},{"name":"история"}],"countries":[{"name":"США"}],"videos":{"trailers":[{"url":"https://widgets.kinopoisk.ru/discovery/trailer/85164?onlyPlayer=1&autoplay=1&cover=1","name":"Трейлер №2 (русский язык)","site":"kinopoisk_widget"},{"url":"https://widgets.kinopoisk.ru/discovery/trailer/539?onlyPlayer=1&autoplay=1&cover=1","name":"Трейлер","site":"kinopoisk_widget"},{"url":"https://www.youtube.com/embed/8fnYdEGeXbM","name":"Seabiscuit-Trailer 1","site":"youtube","type":"TRAILER"},{"url":"https://www.youtube.com/embed/B23wLddwejA","name":"Фаворит - Трейлер","site":"youtube","type":"TRAILER"}],"teasers":[]},"seasonsInfo":[],"persons":[{"id":10095,"photo":"https://st.kp.yandex.net/images/actor_iphone/iphone360_10095.jpg","name":"Тоби Магуайр","enName":"Tobey Maguire","profession":"актеры","enProfession":"actor"},{"id":6652,"photo":"https://st.kp.yandex.net/images/actor_iphone/iphone360_6652.jpg","name":"Джефф Бриджес","enName":"Jeff Bridges","profession":"актеры","enProfession":"actor"},{"id":6145,"photo":"https://st.kp.yandex.net/images/actor_iphone/iphone360_6145.jpg","name":"Крис Купер","enName":"Chris Cooper","profession":"актеры","enProfession":"actor"},{"id":11360,"photo":"https://st.kp.yandex.net/images/actor_iphone/iphone360_11360.jpg","name":"Уильям Х. Мэйси","enName":"William H. Macy","profession":"актеры","enProfession":"actor"},{"id":31153,"photo":"https://st.kp.yandex.net/images/actor_iphone/iphone360_31153.jpg","name":"Валери Махаффей","enName":"Valerie Mahaffey","profession":"актеры","enProfession":"actor"},{"id":8395,"photo":"https://st.kp.yandex.net/images/actor_iphone/iphone360_8395.jpg","name":"Майкл О’Нил","enName":"Michael O'Neill","profession":"актеры","enProfession":"actor"},{"id":31158,"photo":"https://st.kp.yandex.net/images/actor_iphone/iphone360_31158.jpg","name":"Сэм Боттомс","enName":"Sam Bottoms","profession":"актеры","enProfession":"actor"},{"id":14761,"photo":"https://st.kp.yandex.net/images/actor_iphone/iphone360_14761.jpg","name":"Эд Лотер","enName":"Ed Lauter","profession":"актеры","enProfession":"actor"},{"id":31163,"photo":"https://st.kp.yandex.net/images/actor_iphone/iphone360_31163.jpg","name":"Элизабет Бэнкс","enName":"Elizabeth Banks","profession":"актеры","enProfession":"actor"},{"id":31176,"photo":"https://st.kp.yandex.net/images/actor_iphone/iphone360_31176.jpg","name":"Питер Джейсон","enName":"Peter Jason","profession":"актеры","enProfession":"actor"},{"id":9246,"photo":"https://st.kp.yandex.net/images/actor_iphone/iphone360_9246.jpg","name":"Энни Корли","enName":"Annie Corley","profession":"актеры","enProfession":"actor"},{"id":7231,"photo":"https://st.kp.yandex.net/images/actor_iphone/iphone360_7231.jpg","name":"Майкл Ангарано","enName":"Michael Angarano","profession":"актеры","enProfession":"actor"},{"id":9924,"photo":"https://st.kp.yandex.net/images/actor_iphone/iphone360_9924.jpg","name":"Джон Уолкатт","enName":"John Walcutt","profession":"актеры","enProfession":"actor"},{"id":475876,"photo":"https://st.kp.yandex.net/images/actor_iphone/iphone360_475876.jpg","name":"Карл М. Крэйг","enName":"Carl M. Craig","profession":"актеры","enProfession":"actor"},{"id":31149,"photo":"https://st.kp.yandex.net/images/actor_iphone/iphone360_31149.jpg","name":"Дэвид МакКалло","enName":"David McCullough","profession":"актеры","enProfession":"actor"},{"id":31150,"photo":"https://st.kp.yandex.net/images/actor_iphone/iphone360_31150.jpg","name":"Пол Винсент О’Коннор","enName":"Paul Vincent O'Connor","profession":"актеры","enProfession":"actor"},{"id":31151,"photo":"https://st.kp.yandex.net/images/actor_iphone/iphone360_31151.jpg","name":"Майкл Инсайн","enName":"Michael Ensign","profession":"актеры","enProfession":"actor"},{"id":31152,"photo":"https://st.kp.yandex.net/images/actor_iphone/iphone360_31152.jpg","name":"Джеймс Кин","enName":"James Keane","profession":"актеры","enProfession":"actor"},{"id":22842,"photo":"https://st.kp.yandex.net/images/actor_iphone/iphone360_22842.jpg","name":"Дэвид Доути","enName":"David Doty","profession":"актеры","enProfession":"actor"},{"id":30245,"photo":"https://st.kp.yandex.net/images/actor_iphone/iphone360_30245.jpg","name":"Камерон Бауэн","enName":"Cameron Bowen","profession":"актеры","enProfession":"actor"},{"id":31155,"photo":"https://st.kp.yandex.net/images/actor_iphone/iphone360_31155.jpg","name":"Ной Люк","enName":"Noah Luke","profession":"актеры","enProfession":"actor"},{"id":31156,"photo":"https://st.kp.yandex.net/images/actor_iphone/iphone360_31156.jpg","name":"Мэрайя Бесс","enName":"Mariah Bess","profession":"актеры","enProfession":"actor"},{"id":31157,"photo":"https://st.kp.yandex.net/images/actor_iphone/iphone360_31157.jpg","name":"Джеми Ли Редмон","enName":"Jamie Lee Redmon","profession":"актеры","enProfession":"actor"},{"id":6815,"photo":"https://st.kp.yandex.net/images/actor_iphone/iphone360_6815.jpg","name":"Джанни Руссо","enName":"Gianni Russo","profession":"актеры","enProfession":"actor"},{"id":31159,"photo":"https://st.kp.yandex.net/images/actor_iphone/iphone360_31159.jpg","name":"Ройс Д. Эпплгейт","enName":"Royce D. Applegate","profession":"актеры","enProfession":"actor"},{"id":31160,"photo":"https://st.kp.yandex.net/images/actor_iphone/iphone360_31160.jpg","name":"Уильям Холлик","enName":"William Hollick","profession":"актеры","enProfession":"actor"},{"id":31161,"photo":"https://st.kp.yandex.net/images/actor_iphone/iphone360_31161.jpg","name":"Джо Рокко мл.","enName":"Joe Rocco Jr.","profession":"актеры","enProfession":"actor"},{"id":14685,"photo":"https://st.kp.yandex.net/images/actor_iphone/iphone360_14685.jpg","name":"Диллан Кристофер","enName":"Dyllan Christopher","profession":"актеры","enProfession":"actor"},{"id":31162,"photo":"https://st.kp.yandex.net/images/actor_iphone/iphone360_31162.jpg","name":"Энтони Клингмэн","enName":"Anthony Klingman","profession":"актеры","enProfession":"actor"},{"id":31164,"photo":"https://st.kp.yandex.net/images/actor_iphone/iphone360_31164.jpg","name":"Мишель Артур","enName":"Michelle Arthur","profession":"актеры","enProfession":"actor"},{"id":31165,"photo":"https://st.kp.yandex.net/images/actor_iphone/iphone360_31165.jpg","name":"Гари Стивенс","enName":"Gary Stevens","profession":"актеры","enProfession":"actor"},{"id":31166,"photo":"https://st.kp.yandex.net/images/actor_iphone/iphone360_31166.jpg","name":"Дэнни Стронг","enName":"Danny Strong","profession":"актеры","enProfession":"actor"},{"id":31167,"photo":"https://st.kp.yandex.net/images/actor_iphone/iphone360_31167.jpg","name":"Ганс Хоус","enName":"Hans Howes","profession":"актеры","enProfession":"actor"},{"id":31168,"photo":"https://st.kp.yandex.net/images/actor_iphone/iphone360_31168.jpg","name":"Камиллия Сейнс","enName":"Camillia Sanes","profession":"актеры","enProfession":"actor"},{"id":31169,"photo":"https://st.kp.yandex.net/images/actor_iphone/iphone360_31169.jpg","name":"Клиф Олви","enName":"Clif Alvey","profession":"актеры","enProfession":"actor"},{"id":31170,"photo":"https://st.kp.yandex.net/images/actor_iphone/iphone360_31170.jpg","name":"Дэн Дэйли","enName":"Dan Daily","profession":"актеры","enProfession":"actor"},{"id":31171,"photo":"https://st.kp.yandex.net/images/actor_iphone/iphone360_31171.jpg","name":"Борден Флэнеган","enName":"Borden Flanagan","profession":"актеры","enProfession":"actor"},{"id":31172,"photo":"https://st.kp.yandex.net/images/actor_iphone/iphone360_31172.jpg","name":"Шэй Даффин","enName":"Shay Duffin","profession":"актеры","enProfession":"actor"},{"id":31173,"photo":"https://st.kp.yandex.net/images/actor_iphone/iphone360_31173.jpg","name":"Кевин Мэнголд","enName":"Kevin Mangold","profession":"актеры","enProfession":"actor"},{"id":16091,"photo":"https://st.kp.yandex.net/images/actor_iphone/iphone360_16091.jpg","name":"Джей Коэн","enName":"Jay Cohen","profession":"актеры","enProfession":"actor"},{"id":31174,"photo":"https://st.kp.yandex.net/images/actor_iphone/iphone360_31174.jpg","name":"Фрэнк Мирахмади","enName":"Frank Mirahmadi","profession":"актеры","enProfession":"actor"},{"id":31175,"photo":"https://st.kp.yandex.net/images/actor_iphone/iphone360_31175.jpg","name":"Майкл Хантер","enName":"Michael Hunter","profession":"актеры","enProfession":"actor"},{"id":31177,"photo":"https://st.kp.yandex.net/images/actor_iphone/iphone360_31177.jpg","name":"Тони Волу","enName":"Tony Volu","profession":"актеры","enProfession":"actor"},{"id":8304,"photo":"https://st.kp.yandex.net/images/actor_iphone/iphone360_8304.jpg","name":"Джеймс ДюМонт","enName":"James DuMont","profession":"актеры","enProfession":"actor"},{"id":31178,"photo":"https://st.kp.yandex.net/images/actor_iphone/iphone360_31178.jpg","name":"Робин Бисселл","enName":"Robin Bissell","profession":"актеры","enProfession":"actor"},{"id":31179,"photo":"https://st.kp.yandex.net/images/actor_iphone/iphone360_31179.jpg","name":"Эдди Джонс","enName":"Eddie Jones","profession":"актеры","enProfession":"actor"},{"id":31180,"photo":"https://st.kp.yandex.net/images/actor_iphone/iphone360_31180.jpg","name":"Пейдж Кинг","enName":"Paige King","profession":"актеры","enProfession":"actor"},{"id":31181,"photo":"https://st.kp.yandex.net/images/actor_iphone/iphone360_31181.jpg","name":"Эндрю Шацберг","enName":"Andrew Schatzberg","profession":"актеры","enProfession":"actor"},{"id":31182,"photo":"https://st.kp.yandex.net/images/actor_iphone/iphone360_31182.jpg","name":"Крис МакКэррон","enName":"Chris McCarron","profession":"актеры","enProfession":"actor"},{"id":31183,"photo":"https://st.kp.yandex.net/images/actor_iphone/iphone360_31183.jpg","name":"Роджер Е. Фантер","enName":"Roger E. Fanter","profession":"актеры","enProfession":"actor"},{"id":31184,"photo":"https://st.kp.yandex.net/images/actor_iphone/iphone360_31184.jpg","name":"Гари МакГерк","enName":"Gary McGurk","profession":"актеры","enProfession":"actor"},{"id":14238,"photo":"https://st.kp.yandex.net/images/actor_iphone/iphone360_14238.jpg","name":"Майкл Б. Сильвер","enName":"Michael B. Silver","profession":"актеры","enProfession":"actor"},{"id":31185,"photo":"https://st.kp.yandex.net/images/actor_iphone/iphone360_31185.jpg","name":"Ричард Ривз","enName":"Richard Reeves","profession":"актеры","enProfession":"actor"},{"id":1959757,"photo":"https://st.kp.yandex.net/images/actor_iphone/iphone360_1959757.jpg","name":"Мэтт Миллер","enName":"Matt Miller","profession":"актеры","enProfession":"actor"},{"id":31147,"photo":"https://st.kp.yandex.net/images/actor_iphone/iphone360_31147.jpg","name":"Гэри Росс","enName":"Gary Ross","profession":"актеры","enProfession":"actor"},{"id":18635,"photo":"https://st.kp.yandex.net/images/actor_iphone/iphone360_18635.jpg","name":"Пэт Скиппер","enName":"Pat Skipper","profession":"актеры","enProfession":"actor"},{"id":31187,"photo":"https://st.kp.yandex.net/images/actor_iphone/iphone360_31187.jpg","name":"Бен Камписи","enName":"Ben Campisi","profession":"актеры","enProfession":"actor"},{"id":23042,"photo":"https://st.kp.yandex.net/images/actor_iphone/iphone360_23042.jpg","name":"Кен Маджи","enName":"Ken Magee","profession":"актеры","enProfession":"actor"},{"id":34523,"photo":"https://st.kp.yandex.net/images/actor_iphone/iphone360_34523.jpg","name":"Гари А. Хэккер","enName":"Gary A. Hecker","profession":"актеры","enProfession":"actor"},{"id":31189,"photo":"https://st.kp.yandex.net/images/actor_iphone/iphone360_31189.jpg","name":"Хосе Эрнандес","enName":"Jose Hernandez","profession":"актеры","enProfession":"actor"},{"id":13746,"photo":"https://st.kp.yandex.net/images/actor_iphone/iphone360_13746.jpg","name":"Джесси Эрнандес","enName":"Jesse Lizarraga","profession":"актеры","enProfession":"actor"},{"id":2316443,"photo":"https://st.kp.yandex.net/images/actor_iphone/iphone360_2316443.jpg","name":"Хулио Эрнандес","enName":"Julio Hernandez","profession":"актеры","enProfession":"actor"},{"id":475877,"photo":"https://st.kp.yandex.net/images/actor_iphone/iphone360_475877.jpg","name":"Хосе Рамирес","enName":"José Ramírez","profession":"актеры","enProfession":"actor"},{"id":31192,"photo":"https://st.kp.yandex.net/images/actor_iphone/iphone360_31192.jpg","name":"Фернандо С. Морено","enName":"Fernando C. Moreno","profession":"актеры","enProfession":"actor"},{"id":3174,"photo":"https://st.kp.yandex.net/images/actor_iphone/iphone360_3174.jpg","name":"Тони Рун","enName":"Tony Rhune","profession":"актеры","enProfession":"actor"},{"id":31194,"photo":"https://st.kp.yandex.net/images/actor_iphone/iphone360_31194.jpg","name":"Дэннис Миде","enName":"Dennis Meade","profession":"актеры","enProfession":"actor"},{"id":31195,"photo":"https://st.kp.yandex.net/images/actor_iphone/iphone360_31195.jpg","name":"Хавьер Хуареки","enName":"Javier Juarequi","profession":"актеры","enProfession":"actor"},{"id":31196,"photo":"https://st.kp.yandex.net/images/actor_iphone/iphone360_31196.jpg","name":"Аериал Делароса","enName":"Aerial Delarosa","profession":"актеры","enProfession":"actor"},{"id":31197,"photo":"https://st.kp.yandex.net/images/actor_iphone/iphone360_31197.jpg","name":"Эрик Эрнандес","enName":"Eric Hernandez","profession":"актеры","enProfession":"actor"},{"id":31198,"photo":"https://st.kp.yandex.net/images/actor_iphone/iphone360_31198.jpg","name":"Рауль Куэльяр","enName":"Raul Cuellar","profession":"актеры","enProfession":"actor"},{"id":31199,"photo":"https://st.kp.yandex.net/images/actor_iphone/iphone360_31199.jpg","name":"Катрин М. Басеса","enName":"Catherine M. Baseza","profession":"актеры","enProfession":"actor"},{"id":31200,"photo":"https://st.kp.yandex.net/images/actor_iphone/iphone360_31200.jpg","name":"Хина А. Дуран","enName":"Gina A. Duran","profession":"актеры","enProfession":"actor"},{"id":31201,"photo":"https://st.kp.yandex.net/images/actor_iphone/iphone360_31201.jpg","name":"Синтия Реифлер Флорес","enName":"Cynthia Reifler Flores","profession":"актеры","enProfession":"actor"},{"id":31202,"photo":"https://st.kp.yandex.net/images/actor_iphone/iphone360_31202.jpg","name":"Моника Фогельквист","enName":"Monica Fogelquist","profession":"актеры","enProfession":"actor"},{"id":31203,"photo":"https://st.kp.yandex.net/images/actor_iphone/iphone360_31203.jpg","name":"Мария Луиса Фрегоса","enName":"Maria Luisa Fregosa","profession":"актеры","enProfession":"actor"},{"id":31204,"photo":"https://st.kp.yandex.net/images/actor_iphone/iphone360_31204.jpg","name":"Руби Гутьеррес","enName":"Ruby Guiterrez","profession":"актеры","enProfession":"actor"},{"id":31205,"photo":"https://st.kp.yandex.net/images/actor_iphone/iphone360_31205.jpg","name":"Сильвия Н. Инохоса","enName":"Sylvia N. Hinojosa","profession":"актеры","enProfession":"actor"},{"id":31206,"photo":"https://st.kp.yandex.net/images/actor_iphone/iphone360_31206.jpg","name":"Мариана Нанес","enName":"Mariana Nanez","profession":"актеры","enProfession":"actor"},{"id":31207,"photo":"https://st.kp.yandex.net/images/actor_iphone/iphone360_31207.jpg","name":"Летисия Ольмос","enName":"Leticia Olmos","profession":"актеры","enProfession":"actor"},{"id":31208,"photo":"https://st.kp.yandex.net/images/actor_iphone/iphone360_31208.jpg","name":"Лаура Пена","enName":"Laura Pena","profession":"актеры","enProfession":"actor"},{"id":31209,"photo":"https://st.kp.yandex.net/images/actor_iphone/iphone360_31209.jpg","name":"Карла Товар","enName":"Karla Tovar","profession":"актеры","enProfession":"actor"},{"id":31210,"photo":"https://st.kp.yandex.net/images/actor_iphone/iphone360_31210.jpg","name":"Джордж Бэйкер","enName":"George Baker","profession":"актеры","enProfession":"actor"},{"id":31211,"photo":"https://st.kp.yandex.net/images/actor_iphone/iphone360_31211.jpg","name":"Мэттью Гиллис","enName":"Matthew Gillies","profession":"актеры","enProfession":"actor"},{"id":31212,"photo":"https://st.kp.yandex.net/images/actor_iphone/iphone360_31212.jpg","name":"Жак Ларссон","enName":"Jacqui Larsson","profession":"актеры","enProfession":"actor"},{"id":31213,"photo":"https://st.kp.yandex.net/images/actor_iphone/iphone360_31213.jpg","name":"Даниэль Мартинес","enName":"Daniel Martinez","profession":"актеры","enProfession":"actor"},{"id":31214,"photo":"https://st.kp.yandex.net/images/actor_iphone/iphone360_31214.jpg","name":"Дж. Аарон Стэнли","enName":"J. Aaron Stanley","profession":"актеры","enProfession":"actor"},{"id":31215,"photo":"https://st.kp.yandex.net/images/actor_iphone/iphone360_31215.jpg","name":"Майкл Уайт","enName":"Michael White","profession":"актеры","enProfession":"actor"},{"id":31216,"photo":"https://st.kp.yandex.net/images/actor_iphone/iphone360_31216.jpg","name":"Иван Вайлд","enName":"Ivan Wild","profession":"актеры","enProfession":"actor"},{"id":21579,"photo":"https://st.kp.yandex.net/images/actor_iphone/iphone360_21579.jpg","name":"Лойд Кэтлетт","enName":"Loyd Catlett","profession":"актеры","enProfession":"actor"},{"id":4151811,"photo":"https://st.kp.yandex.net/images/actor_iphone/iphone360_4151811.jpg","name":null,"enName":"Bill Di Paolo","profession":"актеры","enProfession":"actor"},{"id":6266858,"photo":"https://st.kp.yandex.net/images/actor_iphone/iphone360_6266858.jpg","name":null,"enName":"Jason Justice","profession":"актеры","enProfession":"actor"},{"id":5325853,"photo":"https://st.kp.yandex.net/images/actor_iphone/iphone360_5325853.jpg","name":"Линдсей Пик","enName":"Lindsay Peak","profession":"актеры","enProfession":"actor"},{"id":1850447,"photo":"https://st.kp.yandex.net/images/actor_iphone/iphone360_1850447.jpg","name":null,"enName":"Christin Taylor-Antonio","profession":"актеры","enProfession":"actor"},{"id":151423,"photo":"https://st.kp.yandex.net/images/actor_iphone/iphone360_151423.jpg","name":"Рэнди Ньюман","enName":"Randy Newman","profession":"композиторы","enProfession":"composer"},{"id":1055909,"photo":"https://st.kp.yandex.net/images/actor_iphone/iphone360_1055909.jpg","name":"Джаннин Оппуолл","enName":"Jeannine Oppewall","profession":"художники","enProfession":"designer"},{"id":1996698,"photo":"https://st.kp.yandex.net/images/actor_iphone/iphone360_1996698.jpg","name":"Эндрю Нескоромны","enName":"Andrew Neskoromny","profession":"художники","enProfession":"designer"},{"id":1987024,"photo":"https://st.kp.yandex.net/images/actor_iphone/iphone360_1987024.jpg","name":"Джудианна Маковски","enName":"Judianna Makovsky","profession":"художники","enProfession":"designer"},{"id":1995996,"photo":"https://st.kp.yandex.net/images/actor_iphone/iphone360_1995996.jpg","name":"Лесли А. Поуп","enName":"Leslie Pope","profession":"художники","enProfession":"designer"},{"id":31147,"photo":"https://st.kp.yandex.net/images/actor_iphone/iphone360_31147.jpg","name":"Гэри Росс","enName":"Gary Ross","profession":"режиссеры","enProfession":"director"},{"id":1529422,"photo":"https://st.kp.yandex.net/images/actor_iphone/iphone360_1529422.jpg","name":"Уильям Голденберг","enName":"William Goldenberg","profession":"монтажеры","enProfession":"editor"},{"id":74308,"photo":"https://st.kp.yandex.net/images/actor_iphone/iphone360_74308.jpg","name":"Джон Шварцман","enName":"John Schwartzman","profession":"операторы","enProfession":"operator"},{"id":20396,"photo":"https://st.kp.yandex.net/images/actor_iphone/iphone360_20396.jpg","name":"Кэтлин Кеннеди","enName":"Kathleen Kennedy","profession":"продюсеры","enProfession":"producer"},{"id":20397,"photo":"https://st.kp.yandex.net/images/actor_iphone/iphone360_20397.jpg","name":"Фрэнк Маршалл","enName":"Frank Marshall","profession":"продюсеры","enProfession":"producer"},{"id":31147,"photo":"https://st.kp.yandex.net/images/actor_iphone/iphone360_31147.jpg","name":"Гэри Росс","enName":"Gary Ross","profession":"продюсеры","enProfession":"producer"},{"id":31218,"photo":"https://st.kp.yandex.net/images/actor_iphone/iphone360_31218.jpg","name":"Джейн Синделл","enName":"Jane Sindell","profession":"продюсеры","enProfession":"producer"},{"id":1232680,"photo":"https://st.kp.yandex.net/images/actor_iphone/iphone360_1232680.jpg","name":"Илья Бледный","enName":null,"profession":"актеры дубляжа","enProfession":"voice_actor"},{"id":1078947,"photo":"https://st.kp.yandex.net/images/actor_iphone/iphone360_1078947.jpg","name":"Александр Клюквин","enName":null,"profession":"актеры дубляжа","enProfession":"voice_actor"},{"id":280831,"photo":"https://st.kp.yandex.net/images/actor_iphone/iphone360_280831.jpg","name":"Игорь Тарадайкин","enName":null,"profession":"актеры дубляжа","enProfession":"voice_actor"},{"id":290228,"photo":"https://st.kp.yandex.net/images/actor_iphone/iphone360_290228.jpg","name":"Вячеслав Баранов","enName":null,"profession":"актеры дубляжа","enProfession":"voice_actor"},{"id":1646297,"photo":"https://st.kp.yandex.net/images/actor_iphone/iphone360_1646297.jpg","name":"Ольга Зубкова","enName":null,"profession":"актеры дубляжа","enProfession":"voice_actor"},{"id":273560,"photo":"https://st.kp.yandex.net/images/actor_iphone/iphone360_273560.jpg","name":"Вадим Андреев","enName":null,"profession":"актеры дубляжа","enProfession":"voice_actor"},{"id":1159780,"photo":"https://st.kp.yandex.net/images/actor_iphone/iphone360_1159780.jpg","name":"Александр Груздев","enName":null,"profession":"актеры дубляжа","enProfession":"voice_actor"},{"id":273180,"photo":"https://st.kp.yandex.net/images/actor_iphone/iphone360_273180.jpg","name":"Никита Прозоровский","enName":null,"profession":"актеры дубляжа","enProfession":"voice_actor"},{"id":1055690,"photo":"https://st.kp.yandex.net/images/actor_iphone/iphone360_1055690.jpg","name":"Марианна Шульц","enName":null,"profession":"актеры дубляжа","enProfession":"voice_actor"},{"id":304568,"photo":"https://st.kp.yandex.net/images/actor_iphone/iphone360_304568.jpg","name":"Нина Тобилевич","enName":null,"profession":"актеры дубляжа","enProfession":"voice_actor"},{"id":1040432,"photo":"https://st.kp.yandex.net/images/actor_iphone/iphone360_1040432.jpg","name":"Денис Беспалый","enName":null,"profession":"актеры дубляжа","enProfession":"voice_actor"},{"id":298196,"photo":"https://st.kp.yandex.net/images/actor_iphone/iphone360_298196.jpg","name":"Василий Бочкарев","enName":null,"profession":"актеры дубляжа","enProfession":"voice_actor"},{"id":310535,"photo":"https://st.kp.yandex.net/images/actor_iphone/iphone360_310535.jpg","name":"Олег Куценко","enName":null,"profession":"актеры дубляжа","enProfession":"voice_actor"},{"id":1079073,"photo":"https://st.kp.yandex.net/images/actor_iphone/iphone360_1079073.jpg","name":"Андрей Бархударов","enName":null,"profession":"актеры дубляжа","enProfession":"voice_actor"},{"id":320243,"photo":"https://st.kp.yandex.net/images/actor_iphone/iphone360_320243.jpg","name":"Виктор Петров","enName":null,"profession":"актеры дубляжа","enProfession":"voice_actor"},{"id":1078857,"photo":"https://st.kp.yandex.net/images/actor_iphone/iphone360_1078857.jpg","name":"Алексей Колган","enName":null,"profession":"актеры дубляжа","enProfession":"voice_actor"},{"id":1492686,"photo":"https://st.kp.yandex.net/images/actor_iphone/iphone360_1492686.jpg","name":"Андрей Ярославцев","enName":null,"profession":"актеры дубляжа","enProfession":"voice_actor"},{"id":1616407,"photo":"https://st.kp.yandex.net/images/actor_iphone/iphone360_1616407.jpg","name":"Всеволод Кузнецов","enName":null,"profession":"актеры дубляжа","enProfession":"voice_actor"},{"id":31147,"photo":"https://st.kp.yandex.net/images/actor_iphone/iphone360_31147.jpg","name":"Гэри Росс","enName":"Gary Ross","profession":"редакторы","enProfession":"writer"},{"id":31148,"photo":"https://st.kp.yandex.net/images/actor_iphone/iphone360_31148.jpg","name":"Лора Хилленбранд","enName":"Laura Hillenbrand","profession":"редакторы","enProfession":"writer"}],"typeNumber":1,"alternativeName":"Seabiscuit","enName":null,"names":[{"name":"Фаворит"},{"name":"Seabiscuit"}],"ageRating":12,"ratingMpaa":"pg13","similarMovies":[{"id":492174,"name":"Боевой конь","enName":null,"alternativeName":"War Horse","type":"movie","poster":{"url":"https://avatars.mds.yandex.net/get-kinopoisk-image/4774061/a282893b-08cb-47b4-a542-e88f3a5a26b9/orig","previewUrl":"https://avatars.mds.yandex.net/get-kinopoisk-image/4774061/a282893b-08cb-47b4-a542-e88f3a5a26b9/x1000"}},{"id":463528,"name":"Чемпион","enName":null,"alternativeName":"Secretariat","type":"movie","poster":{"url":"https://avatars.mds.yandex.net/get-kinopoisk-image/6201401/523d717e-fd27-4514-95de-32a92d1bbc22/orig","previewUrl":"https://avatars.mds.yandex.net/get-kinopoisk-image/6201401/523d717e-fd27-4514-95de-32a92d1bbc22/x1000"}},{"id":12244,"name":"Нокдаун","enName":null,"alternativeName":"Cinderella Man","type":"movie","poster":{"url":"https://avatars.mds.yandex.net/get-kinopoisk-image/1773646/0678b750-a595-4715-9554-ad8bfab6e989/orig","previewUrl":"https://avatars.mds.yandex.net/get-kinopoisk-image/1773646/0678b750-a595-4715-9554-ad8bfab6e989/x1000"}},{"id":8175,"name":"Заклинатель лошадей","enName":null,"alternativeName":"The Horse Whisperer","type":"movie","poster":{"url":"https://avatars.mds.yandex.net/get-kinopoisk-image/4483445/777338d6-a0c4-4caa-98e6-e82f632f897e/orig","previewUrl":"https://avatars.mds.yandex.net/get-kinopoisk-image/4483445/777338d6-a0c4-4caa-98e6-e82f632f897e/x1000"}},{"id":5121,"name":"Идальго: Погоня в пустыне","enName":null,"alternativeName":"Hidalgo","type":"movie","poster":{"url":"https://avatars.mds.yandex.net/get-kinopoisk-image/4774061/bf85fac8-8f7d-46e1-89c6-7bd7470dac46/orig","previewUrl":"https://avatars.mds.yandex.net/get-kinopoisk-image/4774061/bf85fac8-8f7d-46e1-89c6-7bd7470dac46/x1000"}},{"id":81626,"name":"Мечтатель","enName":null,"alternativeName":"Dreamer: Inspired by a True Story","type":"movie","poster":{"url":"https://avatars.mds.yandex.net/get-kinopoisk-image/4716873/5a7b67fb-63de-46e0-932b-1d5d326ea28f/orig","previewUrl":"https://avatars.mds.yandex.net/get-kinopoisk-image/4716873/5a7b67fb-63de-46e0-932b-1d5d326ea28f/x1000"}},{"id":3619,"name":"Черный красавец","enName":null,"alternativeName":"Black Beauty","type":"movie","poster":{"url":"https://avatars.mds.yandex.net/get-kinopoisk-image/1900788/553bf434-60cb-4a3b-a1ee-b23279298e31/orig","previewUrl":"https://avatars.mds.yandex.net/get-kinopoisk-image/1900788/553bf434-60cb-4a3b-a1ee-b23279298e31/x1000"}},{"id":14128,"name":"Национальный бархат","enName":null,"alternativeName":"National Velvet","type":"movie","poster":{"url":"https://avatars.mds.yandex.net/get-kinopoisk-image/1704946/be3454cd-bc3d-4bf9-a366-3f8abf4c8e09/orig","previewUrl":"https://avatars.mds.yandex.net/get-kinopoisk-image/1704946/be3454cd-bc3d-4bf9-a366-3f8abf4c8e09/x1000"}},{"id":7331,"name":"Черный скакун","enName":null,"alternativeName":"The Black Stallion","type":"movie","poster":{"url":"https://avatars.mds.yandex.net/get-kinopoisk-image/1629390/55780e79-9c2f-4621-a2da-6a12ce65b231/orig","previewUrl":"https://avatars.mds.yandex.net/get-kinopoisk-image/1629390/55780e79-9c2f-4621-a2da-6a12ce65b231/x1000"}},{"id":496900,"name":"Фарт","enName":null,"alternativeName":"Luck","type":"tv-series","poster":{"url":"https://avatars.mds.yandex.net/get-kinopoisk-image/1599028/90305b0e-195b-419b-8b39-92cc710ac120/orig","previewUrl":"https://avatars.mds.yandex.net/get-kinopoisk-image/1599028/90305b0e-195b-419b-8b39-92cc710ac120/x1000"}}],"sequelsAndPrequels":[],"imagesInfo":{"framesCount":110},"shortDescription":"Невезучий наездник верит в лошадь, от которой все отказались. Спортивная драма с семью номинациями на «Оскар»","logo":{"url":"https://avatars.mds.yandex.net/get-ott/239697/2a0000017603e5689bf376726f70606eb700/orig"},"watchability":{"items":null},"top10":null,"top250":null}