{"fees":{"world":{"value":23014206,"currency":"$"},"russia":{"value":198007,"currency":"$"},"usa":{"value":12251640,"currency":"$"}},"status":null,"externalId":{"kpHD":null,"imdb":"tt0310910","tmdb":10743},"rating":{"kp":6.971,"imdb":6.6,"filmCritics":6.3,"russianFilmCritics":0,"await":0},"votes":{"kp":6832,"imdb":34801,"filmCritics":157,"russianFilmCritics":0,"await":0},"backdrop":{"url":null,"previewUrl":null},"movieLength":97,"productionCompanies":[{"name":"Ignite Entertainment","url":null,"previewUrl":null},{"name":"Lionsgate","url":"https://www.themoviedb.org/t/p/original/cisLn1YAUuptXVBa0xjq7ST9cH0.png","previewUrl":"https://www.themoviedb.org/t/p/w500/cisLn1YAUuptXVBa0xjq7ST9cH0.png"},{"name":"Cinerenta Medienbeteiligungs KG","url":null,"previewUrl":null}],"id":304,"type":"movie","name":"Афера","description":"Джейк Вига – хитроумный и обаятельный мошенник. Последняя афера Джейка привела к тому, что его дорожки пересеклись с мафией – при помощи своей команды он лишил нескольких тысяч долларов Лайонела Долби, – счетовода эксцентричного мафиозного босса Уинстона Кинга по прозвищу «Король».\n\nМафия шутить не любит, а любит выбивать долги из тех, кто пытается ее надуть. Чтобы сохранить жизнь и расквитаться с долгами, Джейку приходится устроить новую, еще более изощренную аферу – сложнейшую схему, в которой требуется «творческий подход к бухгалтерии».\n\nНеожиданные помехи появляются одна за другой: палки в колеса Джейку вставляют его старый враг, агент ФБР Гюнтер Бутан, Трэвис, правая рука «Короля» и хитроумная карманщица Лили на которую Джейк успел положить глаз...","premiere":{"country":"США","world":"2003-01-20T00:00:00.000Z","russia":"2003-06-05T00:00:00.000Z","cinema":"2003-06-05T00:00:00.000Z","dvd":"2009-02-26T00:00:00.000Z"},"slogan":"Это не про деньги, это про ДЕНЬГИ!!!","year":2003,"budget":{"value":15000000,"currency":"$"},"poster":{"url":"https://st.kp.yandex.net/images/film_big/304.jpg","previewUrl":"https://st.kp.yandex.net/images/film_iphone/iphone360_304.jpg"},"facts":[{"value":"Съемки картины начались 2-го апреля 2002 года в Лос-Анджелесе. В конце мая того же года съемки закончились.","type":"FACT","spoiler":false},{"value":"<a href=\"/name/23549/\" class=\"all\">Джеймс Фоули</a> попал на съемочную площадку этой картины, после того как выбыл из проекта &laquo;<a href=\"/film/306/\" class=\"all\">Рекрут</a>&raquo;.","type":"FACT","spoiler":false},{"value":"В первоначальном варианте сценария Король весил свыше 100 килограммов и являлся владельцем спортзала. <a href=\"/name/22234/\" class=\"all\">Дастин Хоффман</a> ознакомился со сценарием и сообщил авторам фильма, что сниматься будет, но только если его персонажа изменят, так что Кинга сделали владельцем ночного клуба.","type":"FACT","spoiler":false},{"value":"Сцену, в которой Король впервые встречает Джейка (его играет <a href=\"/name/719/\" class=\"all\">Эдвард Бёрнс</a>) и Лили (в исполнении <a href=\"/name/12586/\" class=\"all\">Рэйчел Вайс</a>), <a href=\"/name/22234/\" class=\"all\">Хоффман</a> и <a href=\"/name/719/\" class=\"all\">Бёрнс</a> неоднократно репетировали и отрабатывали, но без Вайс, потому что режиссёру <a href=\"/name/23549/\" class=\"all\">Джеймсу Фоули</a> хотелось, чтобы с развитием сцены она испытывала смущение и неловкость. Поэтому когда герой Хоффмана хватает её за грудь, реакция актрисы совершенно искренняя и не наигранная.","type":"FACT","spoiler":false}],"genres":[{"name":"триллер"},{"name":"криминал"}],"countries":[{"name":"США"},{"name":"Канада"},{"name":"Германия"}],"videos":{"trailers":[{"url":"https://widgets.kinopoisk.ru/discovery/trailer/88180?onlyPlayer=1&autoplay=1&cover=1","name":"Red-band трейлер","site":"kinopoisk_widget"},{"url":"https://widgets.kinopoisk.ru/discovery/trailer/88181?onlyPlayer=1&autoplay=1&cover=1","name":"Промо-трейлер","site":"kinopoisk_widget"},{"url":"https://widgets.kinopoisk.ru/discovery/trailer/634?onlyPlayer=1&autoplay=1&cover=1","name":"Трейлер","site":"kinopoisk_widget"},{"url":"https://www.youtube.com/embed/XRlzMmzJO_s","name":"Confidence - Trailer","site":"youtube","type":"TRAILER"},{"url":"https://www.youtube.com/embed/HHog7TlnQsk","name":"Confidence Airline Trailer","site":"youtube","type":"TRAILER"},{"url":"https://www.youtube.com/embed/gydUAXoP8ns","name":"АФЕРА - Трейлер","site":"youtube","type":"TRAILER"}],"teasers":[]},"seasonsInfo":[],"persons":[{"id":719,"photo":"https://st.kp.yandex.net/images/actor_iphone/iphone360_719.jpg","name":"Эдвард Бёрнс","enName":"Edward Burns","profession":"актеры","enProfession":"actor"},{"id":12586,"photo":"https://st.kp.yandex.net/images/actor_iphone/iphone360_12586.jpg","name":"Рэйчел Вайс","enName":"Rachel Weisz","profession":"актеры","enProfession":"actor"},{"id":27204,"photo":"https://st.kp.yandex.net/images/actor_iphone/iphone360_27204.jpg","name":"Моррис Честнат","enName":"Morris Chestnut","profession":"актеры","enProfession":"actor"},{"id":25308,"photo":"https://st.kp.yandex.net/images/actor_iphone/iphone360_25308.jpg","name":"Лиленд Орсер","enName":"Leland Orser","profession":"актеры","enProfession":"actor"},{"id":8581,"photo":"https://st.kp.yandex.net/images/actor_iphone/iphone360_8581.jpg","name":"Луис Ломбарди","enName":"Louis Lombardi","profession":"актеры","enProfession":"actor"},{"id":12591,"photo":"https://st.kp.yandex.net/images/actor_iphone/iphone360_12591.jpg","name":"Пол Джаматти","enName":"Paul Giamatti","profession":"актеры","enProfession":"actor"},{"id":30323,"photo":"https://st.kp.yandex.net/images/actor_iphone/iphone360_30323.jpg","name":"Брайан Ван Холт","enName":"Brian Van Holt","profession":"актеры","enProfession":"actor"},{"id":7410,"photo":"https://st.kp.yandex.net/images/actor_iphone/iphone360_7410.jpg","name":"Донал Лог","enName":"Donal Logue","profession":"актеры","enProfession":"actor"},{"id":23406,"photo":"https://st.kp.yandex.net/images/actor_iphone/iphone360_23406.jpg","name":"Луис Гусман","enName":"Luis Guzmán","profession":"актеры","enProfession":"actor"},{"id":32673,"photo":"https://st.kp.yandex.net/images/actor_iphone/iphone360_32673.jpg","name":"Эйприл О’Брайен","enName":"April O'Brien","profession":"актеры","enProfession":"actor"},{"id":21099,"photo":"https://st.kp.yandex.net/images/actor_iphone/iphone360_21099.jpg","name":"Джей Джанноне","enName":"Jay Giannone","profession":"актеры","enProfession":"actor"},{"id":2015,"photo":"https://st.kp.yandex.net/images/actor_iphone/iphone360_2015.jpg","name":"Том ’Тайни’ Листер мл.","enName":"Tom Lister Jr.","profession":"актеры","enProfession":"actor"},{"id":31052,"photo":"https://st.kp.yandex.net/images/actor_iphone/iphone360_31052.jpg","name":"Фрэнки Джи","enName":"Franky G","profession":"актеры","enProfession":"actor"},{"id":22234,"photo":"https://st.kp.yandex.net/images/actor_iphone/iphone360_22234.jpg","name":"Дастин Хоффман","enName":"Dustin Hoffman","profession":"актеры","enProfession":"actor"},{"id":32674,"photo":"https://st.kp.yandex.net/images/actor_iphone/iphone360_32674.jpg","name":"Мелисса Лоунер","enName":"Melissa Lawner","profession":"актеры","enProfession":"actor"},{"id":32675,"photo":"https://st.kp.yandex.net/images/actor_iphone/iphone360_32675.jpg","name":"Николь Мари Ленц","enName":"Nicole Marie Lenz","profession":"актеры","enProfession":"actor"},{"id":6148,"photo":"https://st.kp.yandex.net/images/actor_iphone/iphone360_6148.jpg","name":"Роберт Форстер","enName":"Robert Forster","profession":"актеры","enProfession":"actor"},{"id":12696,"photo":"https://st.kp.yandex.net/images/actor_iphone/iphone360_12696.jpg","name":"Элль Александр","enName":"Elle Alexander","profession":"актеры","enProfession":"actor"},{"id":20908,"photo":"https://st.kp.yandex.net/images/actor_iphone/iphone360_20908.jpg","name":"Джон Кэрролл Линч","enName":"John Carroll Lynch","profession":"актеры","enProfession":"actor"},{"id":32676,"photo":"https://st.kp.yandex.net/images/actor_iphone/iphone360_32676.jpg","name":"Элисия Скай","enName":"Elysia Skye","profession":"актеры","enProfession":"actor"},{"id":8877,"photo":"https://st.kp.yandex.net/images/actor_iphone/iphone360_8877.jpg","name":"Роберт Пайн","enName":"Robert Pine","profession":"актеры","enProfession":"actor"},{"id":8369,"photo":"https://st.kp.yandex.net/images/actor_iphone/iphone360_8369.jpg","name":"Энди Гарсиа","enName":"Andy Garcia","profession":"актеры","enProfession":"actor"},{"id":25466,"photo":"https://st.kp.yandex.net/images/actor_iphone/iphone360_25466.jpg","name":"Мэри Портсер","enName":"Mary Portser","profession":"актеры","enProfession":"actor"},{"id":1960352,"photo":"https://st.kp.yandex.net/images/actor_iphone/iphone360_1960352.jpg","name":"Майкл Демпси","enName":"Michael Dempsey","profession":"актеры","enProfession":"actor"},{"id":1959756,"photo":"https://st.kp.yandex.net/images/actor_iphone/iphone360_1959756.jpg","name":"Стив Том","enName":"Steve Tom","profession":"актеры","enProfession":"actor"},{"id":32677,"photo":"https://st.kp.yandex.net/images/actor_iphone/iphone360_32677.jpg","name":"Абдулаи Нгом","enName":"Abdoulaye NGom","profession":"актеры","enProfession":"actor"},{"id":746,"photo":"https://st.kp.yandex.net/images/actor_iphone/iphone360_746.jpg","name":"Бэрри Блюиэн","enName":"Barry Blueian","profession":"актеры","enProfession":"actor"},{"id":32678,"photo":"https://st.kp.yandex.net/images/actor_iphone/iphone360_32678.jpg","name":"Джексон Болт","enName":"Jackson Bolt","profession":"актеры","enProfession":"actor"},{"id":25685,"photo":"https://st.kp.yandex.net/images/actor_iphone/iphone360_25685.jpg","name":"Аарон Брамфилд","enName":"Aaron Brumfield","profession":"актеры","enProfession":"actor"},{"id":4932835,"photo":"https://st.kp.yandex.net/images/actor_iphone/iphone360_4932835.jpg","name":null,"enName":"William DuVall","profession":"актеры","enProfession":"actor"},{"id":965250,"photo":"https://st.kp.yandex.net/images/actor_iphone/iphone360_965250.jpg","name":"Анджело Фиерро","enName":"Angelo Fierro","profession":"актеры","enProfession":"actor"},{"id":1104240,"photo":"https://st.kp.yandex.net/images/actor_iphone/iphone360_1104240.jpg","name":"Стивен О. Прайс","enName":"Steven O. Price","profession":"актеры","enProfession":"actor"},{"id":32005,"photo":"https://st.kp.yandex.net/images/actor_iphone/iphone360_32005.jpg","name":"Мишель Рубен","enName":"Michelle Ruben","profession":"актеры","enProfession":"actor"},{"id":32679,"photo":"https://st.kp.yandex.net/images/actor_iphone/iphone360_32679.jpg","name":"Тэми Шеффилд","enName":"Tamie Sheffield","profession":"актеры","enProfession":"actor"},{"id":32680,"photo":"https://st.kp.yandex.net/images/actor_iphone/iphone360_32680.jpg","name":"Майкл Р. Тэйер","enName":"Michael R. Thayer","profession":"актеры","enProfession":"actor"},{"id":31033,"photo":"https://st.kp.yandex.net/images/actor_iphone/iphone360_31033.jpg","name":"Сантьяго Верду","enName":"Santiago Verdu","profession":"актеры","enProfession":"actor"},{"id":458463,"photo":"https://st.kp.yandex.net/images/actor_iphone/iphone360_458463.jpg","name":"Кристоф Бек","enName":"Christophe Beck","profession":"композиторы","enProfession":"composer"},{"id":1986688,"photo":"https://st.kp.yandex.net/images/actor_iphone/iphone360_1986688.jpg","name":"Уильям Арнольд","enName":"William Arnold","profession":"художники","enProfession":"designer"},{"id":2008902,"photo":"https://st.kp.yandex.net/images/actor_iphone/iphone360_2008902.jpg","name":"Мишель Мичел","enName":"Michele Michel","profession":"художники","enProfession":"designer"},{"id":545289,"photo":"https://st.kp.yandex.net/images/actor_iphone/iphone360_545289.jpg","name":"Мария Нэй","enName":"Maria Nay","profession":"художники","enProfession":"designer"},{"id":23549,"photo":"https://st.kp.yandex.net/images/actor_iphone/iphone360_23549.jpg","name":"Джеймс Фоули","enName":"James Foley","profession":"режиссеры","enProfession":"director"},{"id":1987329,"photo":"https://st.kp.yandex.net/images/actor_iphone/iphone360_1987329.jpg","name":"Стюарт Леви","enName":"Stuart Levy","profession":"монтажеры","enProfession":"editor"},{"id":316381,"photo":"https://st.kp.yandex.net/images/actor_iphone/iphone360_316381.jpg","name":"Хуан Руис Анчия","enName":"Juan Ruiz Anchía","profession":"операторы","enProfession":"operator"},{"id":1209,"photo":"https://st.kp.yandex.net/images/actor_iphone/iphone360_1209.jpg","name":"Майкл Барнс","enName":"Michael Burns","profession":"продюсеры","enProfession":"producer"},{"id":27748,"photo":"https://st.kp.yandex.net/images/actor_iphone/iphone360_27748.jpg","name":"Марк Бутан","enName":"Marc Butan","profession":"продюсеры","enProfession":"producer"},{"id":1019,"photo":"https://st.kp.yandex.net/images/actor_iphone/iphone360_1019.jpg","name":"Майкл Оуховен","enName":"Michael Ohoven","profession":"продюсеры","enProfession":"producer"},{"id":1021,"photo":"https://st.kp.yandex.net/images/actor_iphone/iphone360_1021.jpg","name":"Майкл Пасернек","enName":"Michael Paseornek","profession":"продюсеры","enProfession":"producer"},{"id":277374,"photo":"https://st.kp.yandex.net/images/actor_iphone/iphone360_277374.jpg","name":"Станислав Концевич","enName":null,"profession":"актеры дубляжа","enProfession":"voice_actor"},{"id":909601,"photo":"https://st.kp.yandex.net/images/actor_iphone/iphone360_909601.jpg","name":"Дарья Юргенс","enName":null,"profession":"актеры дубляжа","enProfession":"voice_actor"},{"id":916397,"photo":"https://st.kp.yandex.net/images/actor_iphone/iphone360_916397.jpg","name":"Александр Баргман","enName":null,"profession":"актеры дубляжа","enProfession":"voice_actor"},{"id":477450,"photo":"https://st.kp.yandex.net/images/actor_iphone/iphone360_477450.jpg","name":"Анатолий Петров","enName":null,"profession":"актеры дубляжа","enProfession":"voice_actor"},{"id":477451,"photo":"https://st.kp.yandex.net/images/actor_iphone/iphone360_477451.jpg","name":"Алексей Гурьев","enName":null,"profession":"актеры дубляжа","enProfession":"voice_actor"},{"id":37403,"photo":"https://st.kp.yandex.net/images/actor_iphone/iphone360_37403.jpg","name":"Вадим Гущин","enName":null,"profession":"актеры дубляжа","enProfession":"voice_actor"},{"id":1079049,"photo":"https://st.kp.yandex.net/images/actor_iphone/iphone360_1079049.jpg","name":"Валерий Соловьев","enName":null,"profession":"актеры дубляжа","enProfession":"voice_actor"},{"id":76127,"photo":"https://st.kp.yandex.net/images/actor_iphone/iphone360_76127.jpg","name":"Сергей Паршин","enName":null,"profession":"актеры дубляжа","enProfession":"voice_actor"},{"id":273444,"photo":"https://st.kp.yandex.net/images/actor_iphone/iphone360_273444.jpg","name":"Валерий Захарьев","enName":null,"profession":"актеры дубляжа","enProfession":"voice_actor"},{"id":697257,"photo":"https://st.kp.yandex.net/images/actor_iphone/iphone360_697257.jpg","name":"Сергей Дьячков","enName":null,"profession":"актеры дубляжа","enProfession":"voice_actor"},{"id":76124,"photo":"https://st.kp.yandex.net/images/actor_iphone/iphone360_76124.jpg","name":"Валерий Кухарешин","enName":null,"profession":"актеры дубляжа","enProfession":"voice_actor"},{"id":37425,"photo":"https://st.kp.yandex.net/images/actor_iphone/iphone360_37425.jpg","name":"Борис Смолкин","enName":null,"profession":"актеры дубляжа","enProfession":"voice_actor"},{"id":273210,"photo":"https://st.kp.yandex.net/images/actor_iphone/iphone360_273210.jpg","name":"Виктор Костецкий","enName":null,"profession":"актеры дубляжа","enProfession":"voice_actor"},{"id":273439,"photo":"https://st.kp.yandex.net/images/actor_iphone/iphone360_273439.jpg","name":"Геннадий Богачёв","enName":null,"profession":"актеры дубляжа","enProfession":"voice_actor"},{"id":37392,"photo":"https://st.kp.yandex.net/images/actor_iphone/iphone360_37392.jpg","name":"Максим Сергеев","enName":null,"profession":"актеры дубляжа","enProfession":"voice_actor"},{"id":32672,"photo":"https://st.kp.yandex.net/images/actor_iphone/iphone360_32672.jpg","name":"Даг Джанг","enName":"Doug Jung","profession":"редакторы","enProfession":"writer"}],"typeNumber":1,"alternativeName":"Confidence","enName":null,"names":[{"name":"Афера"},{"name":"Confidence"}],"ageRating":16,"ratingMpaa":"r","sequelsAndPrequels":[{"id":105325,"name":"Игра по-крупному","enName":"Ek Khiladi Ek Haseena","alternativeName":"Ek Khiladi Ek Haseena","type":"remake","poster":{"url":"https://st.kp.yandex.net/images/film_big/105325.jpg","previewUrl":"https://st.kp.yandex.net/images/film_iphone/iphone360_105325.jpg"}}],"similarMovies":[{"id":770,"name":"Одиннадцать друзей Оушена","enName":null,"alternativeName":"Ocean's Eleven","type":"movie","poster":{"url":"https://avatars.mds.yandex.net/get-kinopoisk-image/1704946/3a8875d0-caa7-4f3b-aa54-721e0868c4ad/orig","previewUrl":"https://avatars.mds.yandex.net/get-kinopoisk-image/1704946/3a8875d0-caa7-4f3b-aa54-721e0868c4ad/x1000"}},{"id":1952,"name":"Великолепная афера","enName":null,"alternativeName":"Matchstick Men","type":"movie","poster":{"url":"https://avatars.mds.yandex.net/get-kinopoisk-image/1629390/36014464-7fe7-4395-97d0-7ee79acf1291/orig","previewUrl":"https://avatars.mds.yandex.net/get-kinopoisk-image/1629390/36014464-7fe7-4395-97d0-7ee79acf1291/x1000"}},{"id":12819,"name":"Афера Томаса Крауна","enName":null,"alternativeName":"The Thomas Crown Affair","type":"movie","poster":{"url":"https://avatars.mds.yandex.net/get-kinopoisk-image/6201401/748a0d2e-dbae-4886-8ee7-dd4faf1b1ac5/orig","previewUrl":"https://avatars.mds.yandex.net/get-kinopoisk-image/6201401/748a0d2e-dbae-4886-8ee7-dd4faf1b1ac5/x1000"}},{"id":102198,"name":"Иллюзионист","enName":null,"alternativeName":"The Illusionist","type":"movie","poster":{"url":"https://avatars.mds.yandex.net/get-kinopoisk-image/1898899/bdb9b0c6-f9a4-4c17-a74f-91c11359057a/orig","previewUrl":"https://avatars.mds.yandex.net/get-kinopoisk-image/1898899/bdb9b0c6-f9a4-4c17-a74f-91c11359057a/x1000"}},{"id":383,"name":"Афера","enName":null,"alternativeName":"The Sting","type":"movie","poster":{"url":"https://avatars.mds.yandex.net/get-kinopoisk-image/1773646/dbb8d4ca-a07b-4127-b8ae-f38ad1820fe1/orig","previewUrl":"https://avatars.mds.yandex.net/get-kinopoisk-image/1773646/dbb8d4ca-a07b-4127-b8ae-f38ad1820fe1/x1000"}}],"shortDescription":null,"imagesInfo":{"framesCount":31},"logo":{"url":null},"watchability":{"items":null},"top10":null,"top250":null}