{"fees":{"world":{"value":101191884,"currency":"$"},"russia":{"value":932629,"currency":"$"},"usa":{"value":52802140,"currency":"$"}},"status":null,"externalId":{"kpHD":"4b31a0e89902ecbeb15c0afcb3c8a54a","imdb":"tt0292506","tmdb":1647},"rating":{"kp":7.339,"imdb":6.6,"filmCritics":5.6,"russianFilmCritics":0,"await":0},"votes":{"kp":64187,"imdb":138776,"filmCritics":166,"russianFilmCritics":1,"await":0},"backdrop":{"url":"https://avatars.mds.yandex.net/get-ott/224348/2a0000016ab0521e5c5051d9cf835021ffaf/orig","previewUrl":"https://avatars.mds.yandex.net/get-ott/224348/2a0000016ab0521e5c5051d9cf835021ffaf/x1000"},"movieLength":115,"productionCompanies":[{"name":"Birnbaum / Barber Productions","url":null,"previewUrl":null}],"id":306,"type":"movie","name":"Рекрут","description":"Джеймс Клэйтон - студент и опытный хакер. Он привлекает внимание спецслужб, и его вербуют в ЦРУ, упоминая таинственное исчезновение его отца в 90-х. Джеймс обучается у Уолтера Бёрка. Он отлично сдает все тесты, кроме последнего. Так он становится агентом без прикрытия и получает задание: найти «крота», который похищает опасный вирус из Лэнгли.","premiere":{"country":"Чехия","world":"2003-01-25T00:00:00.000Z","russia":"2003-06-05T00:00:00.000Z","cinema":"2003-06-04T00:00:00.000Z"},"slogan":"Trust. Betrayal. Deception. In the C.I.A. nothing is what it seems.","year":2003,"budget":{"value":46000000,"currency":"$"},"poster":{"url":"https://st.kp.yandex.net/images/film_big/306.jpg","previewUrl":"https://st.kp.yandex.net/images/film_iphone/iphone360_306.jpg"},"facts":[{"value":"Детские снимки Джеймса и его отца в начальных титрах — настоящие семейные фотографии <a href=\"/name/373/\" class=\"all\">Колина Фаррелла</a>.","type":"FACT","spoiler":false},{"value":"В фильме <a href=\"/name/373/\" class=\"all\">Колин Фаррелл</a> носит часы TAG&#160;Heuer Kirium F1.","type":"FACT","spoiler":false},{"value":"Идею сцены, в которой персонаж в исполнении <a href=\"/name/373/\" class=\"all\">Колина Фаррелла</a> говорит девушкам в баре, как «только что вышел из тюрьмы», придумал сам актёр. Он сказал, что однажды сам таким образом клеился к девушке в баре, и что это сработало, эта импровизация пришлась продюсерам по душе, и реплика вошла в фильм.","type":"FACT","spoiler":false},{"value":"Во время съёмок сцены, в которой герои <a href=\"/name/373/\" class=\"all\">Колина Фаррелла</a> и <a href=\"/name/26240/\" class=\"all\">Аль Пачино</a> отправляются в ресторан, Аль Пачино случайно повредил машину, в которой они едут. Это хорошо заметно в момент, когда он паркуется у ресторана.","type":"FACT","spoiler":false},{"value":"Показанный в фильме компьютерный код – это просто ничего не значащий набор символов.","type":"FACT","spoiler":false},{"value":"Финальную сцену фильма снимали якобы на «заброшенном складе» — там же, где <a href=\"/name/36060/\" class=\"all\">Роб Маршалл</a> снимал тюремные сцены для мюзикла «<a href=\"/film/634/\" class=\"all\">Чикаго</a>» (2002).","type":"FACT","spoiler":false}],"genres":[{"name":"боевик"},{"name":"триллер"}],"countries":[{"name":"США"},{"name":"Швейцария"}],"videos":{"trailers":[{"url":"https://www.youtube.com/v/cC0_GzpuWzU","name":"Фрагмент (дублированный)","site":"youtube"},{"url":"https://widgets.kinopoisk.ru/discovery/trailer/8419?onlyPlayer=1&autoplay=1&cover=1","name":"Трейлер","site":"kinopoisk_widget"},{"url":"https://www.youtube.com/embed/TYvVJRtN0vg","name":"The Recruit","site":"youtube","type":"TRAILER"}],"teasers":[]},"seasonsInfo":[],"persons":[{"id":26240,"photo":"https://st.kp.yandex.net/images/actor_iphone/iphone360_26240.jpg","name":"Аль Пачино","enName":"Al Pacino","profession":"актеры","enProfession":"actor"},{"id":373,"photo":"https://st.kp.yandex.net/images/actor_iphone/iphone360_373.jpg","name":"Колин Фаррелл","enName":"Colin Farrell","profession":"актеры","enProfession":"actor"},{"id":10495,"photo":"https://st.kp.yandex.net/images/actor_iphone/iphone360_10495.jpg","name":"Бриджет Мойнэхэн","enName":"Bridget Moynahan","profession":"актеры","enProfession":"actor"},{"id":376,"photo":"https://st.kp.yandex.net/images/actor_iphone/iphone360_376.jpg","name":"Гэбриел Махт","enName":"Gabriel Macht","profession":"актеры","enProfession":"actor"},{"id":30543,"photo":"https://st.kp.yandex.net/images/actor_iphone/iphone360_30543.jpg","name":"Кеннет Митчелл","enName":"Kenneth Mitchell","profession":"актеры","enProfession":"actor"},{"id":30541,"photo":"https://st.kp.yandex.net/images/actor_iphone/iphone360_30541.jpg","name":"Майк Рилба","enName":"Mike Realba","profession":"актеры","enProfession":"actor"},{"id":23870,"photo":"https://st.kp.yandex.net/images/actor_iphone/iphone360_23870.jpg","name":"Рон Лиа","enName":"Ron Lea","profession":"актеры","enProfession":"actor"},{"id":26614,"photo":"https://st.kp.yandex.net/images/actor_iphone/iphone360_26614.jpg","name":"Карл Прюнер","enName":"Karl Pruner","profession":"актеры","enProfession":"actor"},{"id":30514,"photo":"https://st.kp.yandex.net/images/actor_iphone/iphone360_30514.jpg","name":"Джини Колледжа","enName":"Jeanie Calleja","profession":"актеры","enProfession":"actor"},{"id":30558,"photo":"https://st.kp.yandex.net/images/actor_iphone/iphone360_30558.jpg","name":"Дженни Ливайн","enName":"Jenny Levine","profession":"актеры","enProfession":"actor"},{"id":30544,"photo":"https://st.kp.yandex.net/images/actor_iphone/iphone360_30544.jpg","name":"Анджело Царучас","enName":"Angelo Tsarouchas","profession":"актеры","enProfession":"actor"},{"id":30545,"photo":"https://st.kp.yandex.net/images/actor_iphone/iphone360_30545.jpg","name":"Вероника Харник","enName":"Veronica Hurnick","profession":"актеры","enProfession":"actor"},{"id":30546,"photo":"https://st.kp.yandex.net/images/actor_iphone/iphone360_30546.jpg","name":"Юджин Липински","enName":"Eugene Lipinski","profession":"актеры","enProfession":"actor"},{"id":30556,"photo":"https://st.kp.yandex.net/images/actor_iphone/iphone360_30556.jpg","name":"Марк Эллис","enName":"Mark Ellis","profession":"актеры","enProfession":"actor"},{"id":21778,"photo":"https://st.kp.yandex.net/images/actor_iphone/iphone360_21778.jpg","name":"Ричард Фицпатрик","enName":"Richard Fitzpatrick","profession":"актеры","enProfession":"actor"},{"id":30547,"photo":"https://st.kp.yandex.net/images/actor_iphone/iphone360_30547.jpg","name":"Джон Уотсон","enName":"John Watson","profession":"актеры","enProfession":"actor"},{"id":16656,"photo":"https://st.kp.yandex.net/images/actor_iphone/iphone360_16656.jpg","name":"Крис Оуэнс","enName":"Chris Owens","profession":"актеры","enProfession":"actor"},{"id":6601,"photo":"https://st.kp.yandex.net/images/actor_iphone/iphone360_6601.jpg","name":"Джессика Греко","enName":"Jessica Greco","profession":"актеры","enProfession":"actor"},{"id":30549,"photo":"https://st.kp.yandex.net/images/actor_iphone/iphone360_30549.jpg","name":"Сэм Калилих","enName":"Sam Kalilieh","profession":"актеры","enProfession":"actor"},{"id":2049,"photo":"https://st.kp.yandex.net/images/actor_iphone/iphone360_2049.jpg","name":"Мервин Мондесер","enName":"Merwin Mondesir","profession":"актеры","enProfession":"actor"},{"id":3442,"photo":"https://st.kp.yandex.net/images/actor_iphone/iphone360_3442.jpg","name":"Элиза Мулчерри","enName":"Elisa Moolecherry","profession":"актеры","enProfession":"actor"},{"id":17440,"photo":"https://st.kp.yandex.net/images/actor_iphone/iphone360_17440.jpg","name":"Шелдон Дэвис","enName":"Sheldon Davis","profession":"актеры","enProfession":"actor"},{"id":20150,"photo":"https://st.kp.yandex.net/images/actor_iphone/iphone360_20150.jpg","name":"Оскар Хсю","enName":"Oscar Hsu","profession":"актеры","enProfession":"actor"},{"id":30550,"photo":"https://st.kp.yandex.net/images/actor_iphone/iphone360_30550.jpg","name":"Арлин Мазеролле","enName":"Arlene Mazerolle","profession":"актеры","enProfession":"actor"},{"id":1959763,"photo":"https://st.kp.yandex.net/images/actor_iphone/iphone360_1959763.jpg","name":"Брайан Родс","enName":"Brian Rhodes","profession":"актеры","enProfession":"actor"},{"id":30551,"photo":"https://st.kp.yandex.net/images/actor_iphone/iphone360_30551.jpg","name":"Стив Бехал","enName":"Steve Behal","profession":"актеры","enProfession":"actor"},{"id":2726,"photo":"https://st.kp.yandex.net/images/actor_iphone/iphone360_2726.jpg","name":"Джейн Моффат","enName":"Jane Moffat","profession":"актеры","enProfession":"actor"},{"id":30552,"photo":"https://st.kp.yandex.net/images/actor_iphone/iphone360_30552.jpg","name":"Барт Бедфорд","enName":"Bart Bedford","profession":"актеры","enProfession":"actor"},{"id":105382,"photo":"https://st.kp.yandex.net/images/actor_iphone/iphone360_105382.jpg","name":"Тони Крэйг","enName":"Tony Craig","profession":"актеры","enProfession":"actor"},{"id":1785,"photo":"https://st.kp.yandex.net/images/actor_iphone/iphone360_1785.jpg","name":"Дэвид Бойс","enName":"David Boyce","profession":"актеры","enProfession":"actor"},{"id":30554,"photo":"https://st.kp.yandex.net/images/actor_iphone/iphone360_30554.jpg","name":"Това Смит","enName":"Tova Smith","profession":"актеры","enProfession":"actor"},{"id":30555,"photo":"https://st.kp.yandex.net/images/actor_iphone/iphone360_30555.jpg","name":"Майкл Рубенфильд","enName":"Michael Rubenfeld","profession":"актеры","enProfession":"actor"},{"id":30542,"photo":"https://st.kp.yandex.net/images/actor_iphone/iphone360_30542.jpg","name":"Доменико Фиоре","enName":"Domenico Fiore","profession":"актеры","enProfession":"actor"},{"id":27858,"photo":"https://st.kp.yandex.net/images/actor_iphone/iphone360_27858.jpg","name":"Стив Люческу","enName":"Steve Lucescu","profession":"актеры","enProfession":"actor"},{"id":12765,"photo":"https://st.kp.yandex.net/images/actor_iphone/iphone360_12765.jpg","name":"Нил Кроун","enName":"Neil Crone","profession":"актеры","enProfession":"actor"},{"id":20893,"photo":"https://st.kp.yandex.net/images/actor_iphone/iphone360_20893.jpg","name":"Рэй Пэйсли","enName":"Ray Paisley","profession":"актеры","enProfession":"actor"},{"id":30548,"photo":"https://st.kp.yandex.net/images/actor_iphone/iphone360_30548.jpg","name":"Джанет Бэйли","enName":"Janet Bailey","profession":"актеры","enProfession":"actor"},{"id":30557,"photo":"https://st.kp.yandex.net/images/actor_iphone/iphone360_30557.jpg","name":"Скотт МакКорд","enName":"Scott McCord","profession":"актеры","enProfession":"actor"},{"id":30559,"photo":"https://st.kp.yandex.net/images/actor_iphone/iphone360_30559.jpg","name":"Шон Верро","enName":"Shaun Verreault","profession":"актеры","enProfession":"actor"},{"id":30560,"photo":"https://st.kp.yandex.net/images/actor_iphone/iphone360_30560.jpg","name":"Сафван Джавед","enName":"Safwan Javed","profession":"актеры","enProfession":"actor"},{"id":30561,"photo":"https://st.kp.yandex.net/images/actor_iphone/iphone360_30561.jpg","name":"Эрл Перейра","enName":"Earl Pereira","profession":"актеры","enProfession":"actor"},{"id":12787,"photo":"https://st.kp.yandex.net/images/actor_iphone/iphone360_12787.jpg","name":"Конрад Бергшнейдер","enName":"Conrad Bergschneider","profession":"актеры","enProfession":"actor"},{"id":30562,"photo":"https://st.kp.yandex.net/images/actor_iphone/iphone360_30562.jpg","name":"Джон Уэйн Шафер","enName":"John Wayne Shafer","profession":"актеры","enProfession":"actor"},{"id":17453,"photo":"https://st.kp.yandex.net/images/actor_iphone/iphone360_17453.jpg","name":"Стефен Ли Райт","enName":"Stephen Lee Wright","profession":"актеры","enProfession":"actor"},{"id":244945,"photo":"https://st.kp.yandex.net/images/actor_iphone/iphone360_244945.jpg","name":"Энрике Чикас","enName":"Enrique Chicas","profession":"актеры","enProfession":"actor"},{"id":728531,"photo":"https://st.kp.yandex.net/images/actor_iphone/iphone360_728531.jpg","name":"Памела Фишер","enName":"Pamela Fischer","profession":"актеры","enProfession":"actor"},{"id":31761,"photo":"https://st.kp.yandex.net/images/actor_iphone/iphone360_31761.jpg","name":"Даррел Хикс","enName":"Darrell Hicks","profession":"актеры","enProfession":"actor"},{"id":37112,"photo":"https://st.kp.yandex.net/images/actor_iphone/iphone360_37112.jpg","name":"Пол Хаггетт","enName":"Paul Huggett","profession":"актеры","enProfession":"actor"},{"id":1960362,"photo":"https://st.kp.yandex.net/images/actor_iphone/iphone360_1960362.jpg","name":"Рик Кейн","enName":"Rick Kain","profession":"актеры","enProfession":"actor"},{"id":30563,"photo":"https://st.kp.yandex.net/images/actor_iphone/iphone360_30563.jpg","name":"Мисти Келли","enName":"Misty Kelley","profession":"актеры","enProfession":"actor"},{"id":30564,"photo":"https://st.kp.yandex.net/images/actor_iphone/iphone360_30564.jpg","name":"Аарон Майкл Лэйси","enName":"Aaron Michael Lacey","profession":"актеры","enProfession":"actor"},{"id":1202740,"photo":"https://st.kp.yandex.net/images/actor_iphone/iphone360_1202740.jpg","name":"Шерард Паркер","enName":"Sherard Parker","profession":"актеры","enProfession":"actor"},{"id":4334605,"photo":"https://st.kp.yandex.net/images/actor_iphone/iphone360_4334605.jpg","name":"Майкл Серсерчи","enName":"Michael Sercerchi","profession":"актеры","enProfession":"actor"},{"id":608586,"photo":"https://st.kp.yandex.net/images/actor_iphone/iphone360_608586.jpg","name":"Клаус Бадельт","enName":"Klaus Badelt","profession":"композиторы","enProfession":"composer"},{"id":1989173,"photo":"https://st.kp.yandex.net/images/actor_iphone/iphone360_1989173.jpg","name":"Эндрю МакАлпайн","enName":"Andrew McAlpine","profession":"художники","enProfession":"designer"},{"id":1997398,"photo":"https://st.kp.yandex.net/images/actor_iphone/iphone360_1997398.jpg","name":"Дэннис Девенпорт","enName":"Dennis Davenport","profession":"художники","enProfession":"designer"},{"id":1986979,"photo":"https://st.kp.yandex.net/images/actor_iphone/iphone360_1986979.jpg","name":"Беатрикс Аруна Пастор","enName":"Beatrix Aruna Pasztor","profession":"художники","enProfession":"designer"},{"id":2035884,"photo":"https://st.kp.yandex.net/images/actor_iphone/iphone360_2035884.jpg","name":"Питер П. Николакакос","enName":"Peter P. Nicolakakos","profession":"художники","enProfession":"designer"},{"id":30538,"photo":"https://st.kp.yandex.net/images/actor_iphone/iphone360_30538.jpg","name":"Роджер Дональдсон","enName":"Roger Donaldson","profession":"режиссеры","enProfession":"director"},{"id":1034394,"photo":"https://st.kp.yandex.net/images/actor_iphone/iphone360_1034394.jpg","name":"Дэвид Розенблюм","enName":"David Rosenbloom","profession":"монтажеры","enProfession":"editor"},{"id":270100,"photo":"https://st.kp.yandex.net/images/actor_iphone/iphone360_270100.jpg","name":"Стюарт Драйбёрг","enName":"Stuart Dryburgh","profession":"операторы","enProfession":"operator"},{"id":30565,"photo":"https://st.kp.yandex.net/images/actor_iphone/iphone360_30565.jpg","name":"Джефф Эппл","enName":"Jeff Apple","profession":"продюсеры","enProfession":"producer"},{"id":29892,"photo":"https://st.kp.yandex.net/images/actor_iphone/iphone360_29892.jpg","name":"Гари Барбер","enName":"Gary Barber","profession":"продюсеры","enProfession":"producer"},{"id":24082,"photo":"https://st.kp.yandex.net/images/actor_iphone/iphone360_24082.jpg","name":"Роджер Бирнбаум","enName":"Roger Birnbaum","profession":"продюсеры","enProfession":"producer"},{"id":24083,"photo":"https://st.kp.yandex.net/images/actor_iphone/iphone360_24083.jpg","name":"Джонатан Гликман","enName":"Jonathan Glickman","profession":"продюсеры","enProfession":"producer"},{"id":273210,"photo":"https://st.kp.yandex.net/images/actor_iphone/iphone360_273210.jpg","name":"Виктор Костецкий","enName":null,"profession":"актеры дубляжа","enProfession":"voice_actor"},{"id":916397,"photo":"https://st.kp.yandex.net/images/actor_iphone/iphone360_916397.jpg","name":"Александр Баргман","enName":null,"profession":"актеры дубляжа","enProfession":"voice_actor"},{"id":1481688,"photo":"https://st.kp.yandex.net/images/actor_iphone/iphone360_1481688.jpg","name":"Александр Машанов","enName":null,"profession":"актеры дубляжа","enProfession":"voice_actor"},{"id":37392,"photo":"https://st.kp.yandex.net/images/actor_iphone/iphone360_37392.jpg","name":"Максим Сергеев","enName":null,"profession":"актеры дубляжа","enProfession":"voice_actor"},{"id":697257,"photo":"https://st.kp.yandex.net/images/actor_iphone/iphone360_697257.jpg","name":"Сергей Дьячков","enName":null,"profession":"актеры дубляжа","enProfession":"voice_actor"},{"id":76124,"photo":"https://st.kp.yandex.net/images/actor_iphone/iphone360_76124.jpg","name":"Валерий Кухарешин","enName":null,"profession":"актеры дубляжа","enProfession":"voice_actor"},{"id":1655612,"photo":"https://st.kp.yandex.net/images/actor_iphone/iphone360_1655612.jpg","name":"Вадим Никитин","enName":null,"profession":"актеры дубляжа","enProfession":"voice_actor"},{"id":477449,"photo":"https://st.kp.yandex.net/images/actor_iphone/iphone360_477449.jpg","name":"Елена Шульман","enName":null,"profession":"актеры дубляжа","enProfession":"voice_actor"},{"id":1735783,"photo":"https://st.kp.yandex.net/images/actor_iphone/iphone360_1735783.jpg","name":"Александра Кожевникова","enName":null,"profession":"актеры дубляжа","enProfession":"voice_actor"},{"id":1736815,"photo":"https://st.kp.yandex.net/images/actor_iphone/iphone360_1736815.jpg","name":"Дмитрий Витов","enName":null,"profession":"актеры дубляжа","enProfession":"voice_actor"},{"id":277374,"photo":"https://st.kp.yandex.net/images/actor_iphone/iphone360_277374.jpg","name":"Станислав Концевич","enName":null,"profession":"актеры дубляжа","enProfession":"voice_actor"},{"id":280962,"photo":"https://st.kp.yandex.net/images/actor_iphone/iphone360_280962.jpg","name":"Татьяна Иванова","enName":null,"profession":"актеры дубляжа","enProfession":"voice_actor"},{"id":310612,"photo":"https://st.kp.yandex.net/images/actor_iphone/iphone360_310612.jpg","name":"Елена Ставрогина","enName":null,"profession":"актеры дубляжа","enProfession":"voice_actor"},{"id":310711,"photo":"https://st.kp.yandex.net/images/actor_iphone/iphone360_310711.jpg","name":"Олег Куликович","enName":null,"profession":"актеры дубляжа","enProfession":"voice_actor"},{"id":637303,"photo":"https://st.kp.yandex.net/images/actor_iphone/iphone360_637303.jpg","name":"Юлия Рудина","enName":null,"profession":"актеры дубляжа","enProfession":"voice_actor"},{"id":30539,"photo":"https://st.kp.yandex.net/images/actor_iphone/iphone360_30539.jpg","name":"Роджер Таун","enName":"Roger Towne","profession":"редакторы","enProfession":"writer"},{"id":25995,"photo":"https://st.kp.yandex.net/images/actor_iphone/iphone360_25995.jpg","name":"Курт Уиммер","enName":"Kurt Wimmer","profession":"редакторы","enProfession":"writer"},{"id":30540,"photo":"https://st.kp.yandex.net/images/actor_iphone/iphone360_30540.jpg","name":"Митч Глейзер","enName":"Mitch Glazer","profession":"редакторы","enProfession":"writer"}],"typeNumber":1,"alternativeName":"The Recruit","enName":null,"names":[{"name":"Рекрут"},{"name":"The Recruit"},{"name":"C.I.A.追緝令","language":"TW","type":null},{"name":"Rekrut","language":"SI","type":null},{"name":"Der Einsatz - The Recruit","language":"DE","type":null},{"name":"The Recruit - La Regola Del Sospetto","language":"IT","type":null}],"ageRating":16,"ratingMpaa":"pg13","sequelsAndPrequels":[],"shortDescription":"Американская разведка вербует талантливого программиста. Триллер с Аль Пачино в роли опытного агента ЦРУ","similarMovies":[{"id":840,"name":"Шпионские игры","enName":null,"alternativeName":"Spy Game","type":"movie","poster":{"url":"https://avatars.mds.yandex.net/get-kinopoisk-image/1599028/e7d1c9bb-4e15-4871-839a-e92fb614e94c/orig","previewUrl":"https://avatars.mds.yandex.net/get-kinopoisk-image/1599028/e7d1c9bb-4e15-4871-839a-e92fb614e94c/x1000"}},{"id":281449,"name":"Совокупность лжи","enName":null,"alternativeName":"Body of Lies","type":"movie","poster":{"url":"https://avatars.mds.yandex.net/get-kinopoisk-image/1704946/f9929adb-da22-4038-82ab-f63004818c17/orig","previewUrl":"https://avatars.mds.yandex.net/get-kinopoisk-image/1704946/f9929adb-da22-4038-82ab-f63004818c17/x1000"}},{"id":619,"name":"Идентификация Борна","enName":null,"alternativeName":"The Bourne Identity","type":"movie","poster":{"url":"https://avatars.mds.yandex.net/get-kinopoisk-image/1629390/14b9e224-6500-4b8b-acd6-4ae219baf17f/orig","previewUrl":"https://avatars.mds.yandex.net/get-kinopoisk-image/1629390/14b9e224-6500-4b8b-acd6-4ae219baf17f/x1000"}},{"id":863,"name":"Тренировочный день","enName":null,"alternativeName":"Training Day","type":"movie","poster":{"url":"https://avatars.mds.yandex.net/get-kinopoisk-image/4486362/b073f089-62d0-4196-9055-bfc948300142/orig","previewUrl":"https://avatars.mds.yandex.net/get-kinopoisk-image/4486362/b073f089-62d0-4196-9055-bfc948300142/x1000"}},{"id":507818,"name":"Код доступа «Кейптаун»","enName":null,"alternativeName":"Safe House","type":"movie","poster":{"url":"https://avatars.mds.yandex.net/get-kinopoisk-image/1777765/c7f8e469-534d-4394-a7da-40032ff38f64/orig","previewUrl":"https://avatars.mds.yandex.net/get-kinopoisk-image/1777765/c7f8e469-534d-4394-a7da-40032ff38f64/x1000"}},{"id":81314,"name":"Отступники","enName":null,"alternativeName":"The Departed","type":"movie","poster":{"url":"https://avatars.mds.yandex.net/get-kinopoisk-image/1629390/a8d3faf1-beac-4e0f-8908-b14266cd0c8f/orig","previewUrl":"https://avatars.mds.yandex.net/get-kinopoisk-image/1629390/a8d3faf1-beac-4e0f-8908-b14266cd0c8f/x1000"}},{"id":12198,"name":"Игра","enName":null,"alternativeName":"The Game","type":"movie","poster":{"url":"https://avatars.mds.yandex.net/get-kinopoisk-image/1600647/d753a460-0ece-4007-84d9-02d7a2968829/orig","previewUrl":"https://avatars.mds.yandex.net/get-kinopoisk-image/1600647/d753a460-0ece-4007-84d9-02d7a2968829/x1000"}},{"id":195387,"name":"Измена","enName":null,"alternativeName":"Breach","type":"movie","poster":{"url":"https://avatars.mds.yandex.net/get-kinopoisk-image/1599028/6862b1f8-d902-49d9-ac54-5703a6dbaf5d/orig","previewUrl":"https://avatars.mds.yandex.net/get-kinopoisk-image/1599028/6862b1f8-d902-49d9-ac54-5703a6dbaf5d/x1000"}},{"id":87672,"name":"Ультиматум Борна","enName":null,"alternativeName":"The Bourne Ultimatum","type":"movie","poster":{"url":"https://avatars.mds.yandex.net/get-kinopoisk-image/1704946/070dda74-7eee-4e12-b73b-ccc4b4a5e928/orig","previewUrl":"https://avatars.mds.yandex.net/get-kinopoisk-image/1704946/070dda74-7eee-4e12-b73b-ccc4b4a5e928/x1000"}},{"id":41947,"name":"Превосходство Борна","enName":null,"alternativeName":"The Bourne Supremacy","type":"movie","poster":{"url":"https://avatars.mds.yandex.net/get-kinopoisk-image/1629390/07980b61-9b6d-4c7d-bd35-d77f591bd53d/orig","previewUrl":"https://avatars.mds.yandex.net/get-kinopoisk-image/1629390/07980b61-9b6d-4c7d-bd35-d77f591bd53d/x1000"}}],"imagesInfo":{"framesCount":30},"logo":{"url":null},"watchability":{"items":[{"name":"Okko","logo":{"url":"https://avatars.mds.yandex.net/get-ott/239697/7713e586-17d1-42d1-ac62-53e9ef1e70c3/orig"},"url":"https://okko.tv/movie/the-recruit?utm_medium=referral&utm_source=yandex_search&utm_campaign=new_search_feed"},{"name":"PREMIER","logo":{"url":"https://avatars.mds.yandex.net/get-ott/239697/0f86e907-9531-47e9-87bd-5101a08d4e30/orig"},"url":"https://premier.one/show/10889?utm_source=yandex&utm_medium=yandex_feed_search&utm_campaign=yandex_feed"},{"name":"Wink","logo":{"url":"https://avatars.mds.yandex.net/get-ott/1672343/54096cbe-cc3b-41c9-8e44-990ebbca8d61/orig"},"url":"https://wink.ru/media_items/140498530?utm_source=yandex&utm_medium=koldunschick&utm_content=name"},{"name":"viju","logo":{"url":"https://avatars.mds.yandex.net/get-ott/224348/8b10c84b-e1bb-4493-9bc4-6ee56554403a/orig"},"url":"https://viju.ru/filmy/rekrut?utm_campaign=yandex_content_integration&utm_medium=affiliate&utm_source=yandex"},{"name":"24ТВ","logo":{"url":"https://avatars.mds.yandex.net/get-ott/2439731/85e83b8d-1159-4781-bad5-ce0a809b3843/orig"},"url":"https://24h.tv/contents/2003-the-recruit-546320128136970359"}]},"top10":null,"top250":null}