{"fees":{"world":{"value":39249279,"currency":"$"},"usa":{"value":26276465,"currency":"$"}},"status":null,"externalId":{"kpHD":null,"imdb":"tt0329028","tmdb":10152},"rating":{"kp":4.26,"imdb":3.4,"filmCritics":3,"russianFilmCritics":0,"await":0},"votes":{"kp":14440,"imdb":40724,"filmCritics":119,"russianFilmCritics":0,"await":0},"backdrop":{"url":null,"previewUrl":null},"movieLength":85,"productionCompanies":[{"name":"New Line Cinema","url":"https://www.themoviedb.org/t/p/original/iaYpEp3LQmb8AfAtmTvpqd4149c.png","previewUrl":"https://www.themoviedb.org/t/p/w500/iaYpEp3LQmb8AfAtmTvpqd4149c.png"}],"id":308,"type":"movie","name":"Тупой и еще тупее тупого: Когда Гарри встретил Ллойда","description":"Как же встретились два героя-недоумка Гарри и Ллойд, известные по фильму «Тупой и еще тупее»? Оба несколько лет не ходили в школу, а учились на дому. Пришло время отправляться в школу, и прямо на улице Гарри и Ллойд столкнулись лбами...\n\nА в это время школьный директор Коллинз и мисс Хеллер, буфетчица-официантка школьной столовой, задумали провернуть аферу - получить благотворительную премию в сто тысяч долларов за организацию класса для умственно отсталых. Злоумышленники решили создать липовый класс. Два кандидата в спецкласс нашлись сразу - Гарри и Ллойд, а они разыскали остальных...","premiere":{"country":"США","world":"2003-06-13T00:00:00.000Z","russia":"2003-08-07T00:00:00.000Z","cinema":"2003-08-07T00:00:00.000Z","dvd":"2011-12-01T00:00:00.000Z"},"slogan":"Тупой с первого взгляда","year":2003,"budget":{"value":19000000,"currency":"$"},"poster":{"url":"https://st.kp.yandex.net/images/film_big/308.jpg","previewUrl":"https://st.kp.yandex.net/images/film_iphone/iphone360_308.jpg"},"facts":[{"value":"<a href=\"/name/2087/\" class=\"all\">Лин Шэй</a> — единственная участница актёрского состава оригинального фильма &laquo;<a href=\"/film/5185/\" class=\"all\">Тупой и ещё тупее</a>&raquo; (<a href=\"/name/6138/\" class=\"all\">Бобби</a> и <a href=\"/name/6139/\" class=\"all\">Питер Фаррелли</a>, 1994), сыгравшая в этой картине.","type":"FACT","spoiler":false},{"value":"Сцены в якобы музее естествознания снимали в вестибюле небоскрёба в деловом районе Атланты, штат Джорджия, где музеев отродясь не бывало.","type":"FACT","spoiler":false},{"value":"Поначалу планировалось, что создатели «<a href=\"/film/161252/\" class=\"all\">Южного парка</a>» (1997) <a href=\"/name/26637/\" class=\"all\">Трей Паркер</a> и <a href=\"/name/26638/\" class=\"all\">Мэтт Стоун</a> напишут сценарий приквела. Им даже был уплачен аванс в сумме полутора миллионов долларов, но они решили с этим проектом не связываться и аванс вернули.","type":"FACT","spoiler":false},{"value":"Поначалу <a href=\"/name/26880/\" class=\"all\">Эрику Кристиану Олсену</a> роль Ллойда никак не давали, считая его чересчур «симпатичным», однако он послал на студию запись исполнения этой роли, сделанную в домашних условиях, и на студии своё мнение поменяли.","type":"FACT","spoiler":false}],"genres":[{"name":"комедия"}],"countries":[{"name":"США"}],"videos":{"trailers":[{"url":"https://widgets.kinopoisk.ru/discovery/trailer/575?onlyPlayer=1&autoplay=1&cover=1","name":"Трейлер","site":"kinopoisk_widget"},{"url":"https://widgets.kinopoisk.ru/discovery/trailer/576?onlyPlayer=1&autoplay=1&cover=1","name":"Тизер","site":"kinopoisk_widget"},{"url":"https://www.youtube.com/embed/tdjX8Voj5vI","name":"Dumb And Dumberer Trailer HD","site":"youtube","type":"TRAILER"}],"teasers":[]},"seasonsInfo":[],"persons":[{"id":26880,"photo":"https://st.kp.yandex.net/images/actor_iphone/iphone360_26880.jpg","name":"Эрик Кристиан Олсен","enName":"Eric Christian Olsen","profession":"актеры","enProfession":"actor"},{"id":30160,"photo":"https://st.kp.yandex.net/images/actor_iphone/iphone360_30160.jpg","name":"Дерек Ричардсон","enName":"Derek Richardson","profession":"актеры","enProfession":"actor"},{"id":1852,"photo":"https://st.kp.yandex.net/images/actor_iphone/iphone360_1852.jpg","name":"Шери Отери","enName":"Cheri Oteri","profession":"актеры","enProfession":"actor"},{"id":23406,"photo":"https://st.kp.yandex.net/images/actor_iphone/iphone360_23406.jpg","name":"Луис Гусман","enName":"Luis Guzmán","profession":"актеры","enProfession":"actor"},{"id":9176,"photo":"https://st.kp.yandex.net/images/actor_iphone/iphone360_9176.jpg","name":"Элден Хенсон","enName":"Elden Henson","profession":"актеры","enProfession":"actor"},{"id":22694,"photo":"https://st.kp.yandex.net/images/actor_iphone/iphone360_22694.jpg","name":"Уильям Ли Скотт","enName":"William Lee Scott","profession":"актеры","enProfession":"actor"},{"id":7561,"photo":"https://st.kp.yandex.net/images/actor_iphone/iphone360_7561.jpg","name":"Мими Роджерс","enName":"Mimi Rogers","profession":"актеры","enProfession":"actor"},{"id":301,"photo":"https://st.kp.yandex.net/images/actor_iphone/iphone360_301.jpg","name":"Юджин Леви","enName":"Eugene Levy","profession":"актеры","enProfession":"actor"},{"id":9177,"photo":"https://st.kp.yandex.net/images/actor_iphone/iphone360_9177.jpg","name":"Тимоти Стэк","enName":"Timothy Stack","profession":"актеры","enProfession":"actor"},{"id":28360,"photo":"https://st.kp.yandex.net/images/actor_iphone/iphone360_28360.jpg","name":"Уэйн Федерман","enName":"Wayne Federman","profession":"актеры","enProfession":"actor"},{"id":30169,"photo":"https://st.kp.yandex.net/images/actor_iphone/iphone360_30169.jpg","name":"Лукас Грегори","enName":"Lucas Gregory","profession":"актеры","enProfession":"actor"},{"id":30161,"photo":"https://st.kp.yandex.net/images/actor_iphone/iphone360_30161.jpg","name":"Рэйчел Николс","enName":"Rachel Nichols","profession":"актеры","enProfession":"actor"},{"id":23025,"photo":"https://st.kp.yandex.net/images/actor_iphone/iphone360_23025.jpg","name":"Холли Таун","enName":"Holly Towne","profession":"актеры","enProfession":"actor"},{"id":30163,"photo":"https://st.kp.yandex.net/images/actor_iphone/iphone360_30163.jpg","name":"Джош Браатен","enName":"Josh Braaten","profession":"актеры","enProfession":"actor"},{"id":30170,"photo":"https://st.kp.yandex.net/images/actor_iphone/iphone360_30170.jpg","name":"Ваге Манукян","enName":"Vahe Manoukian","profession":"актеры","enProfession":"actor"},{"id":30165,"photo":"https://st.kp.yandex.net/images/actor_iphone/iphone360_30165.jpg","name":"Мишель Крусик","enName":"Michelle Krusiec","profession":"актеры","enProfession":"actor"},{"id":30162,"photo":"https://st.kp.yandex.net/images/actor_iphone/iphone360_30162.jpg","name":"Шайа ЛаБаф","enName":"Shia LaBeouf","profession":"актеры","enProfession":"actor"},{"id":30164,"photo":"https://st.kp.yandex.net/images/actor_iphone/iphone360_30164.jpg","name":"Тил Редманн","enName":"Teal Redmann","profession":"актеры","enProfession":"actor"},{"id":30171,"photo":"https://st.kp.yandex.net/images/actor_iphone/iphone360_30171.jpg","name":"Карл Маццоконе","enName":"Carl Mazzocone","profession":"актеры","enProfession":"actor"},{"id":30172,"photo":"https://st.kp.yandex.net/images/actor_iphone/iphone360_30172.jpg","name":"Талли Барр","enName":"Tally Barr","profession":"актеры","enProfession":"actor"},{"id":30166,"photo":"https://st.kp.yandex.net/images/actor_iphone/iphone360_30166.jpg","name":"Брайан Посен","enName":"Brian Posehn","profession":"актеры","enProfession":"actor"},{"id":2087,"photo":"https://st.kp.yandex.net/images/actor_iphone/iphone360_2087.jpg","name":"Лин Шэй","enName":"Lin Shaye","profession":"актеры","enProfession":"actor"},{"id":4437312,"photo":"https://st.kp.yandex.net/images/actor_iphone/iphone360_4437312.jpg","name":"Лоуренс Джордан","enName":"Lawrence Jordan","profession":"актеры","enProfession":"actor"},{"id":30174,"photo":"https://st.kp.yandex.net/images/actor_iphone/iphone360_30174.jpg","name":"Доун М. Герриор","enName":"Dawn Michelle King","profession":"актеры","enProfession":"actor"},{"id":30175,"photo":"https://st.kp.yandex.net/images/actor_iphone/iphone360_30175.jpg","name":"Нэнси Пиментал","enName":"Nancy M. Pimental","profession":"актеры","enProfession":"actor"},{"id":30168,"photo":"https://st.kp.yandex.net/images/actor_iphone/iphone360_30168.jpg","name":"Боб Сагет","enName":"Bob Saget","profession":"актеры","enProfession":"actor"},{"id":30167,"photo":"https://st.kp.yandex.net/images/actor_iphone/iphone360_30167.jpg","name":"Джулия Даффи","enName":"Julia Duffy","profession":"актеры","enProfession":"actor"},{"id":30176,"photo":"https://st.kp.yandex.net/images/actor_iphone/iphone360_30176.jpg","name":"Кевин Сентаццо","enName":"Kevin Centazzo","profession":"актеры","enProfession":"actor"},{"id":30177,"photo":"https://st.kp.yandex.net/images/actor_iphone/iphone360_30177.jpg","name":"Тесс Брюэр","enName":"Tess Brewer","profession":"актеры","enProfession":"actor"},{"id":30178,"photo":"https://st.kp.yandex.net/images/actor_iphone/iphone360_30178.jpg","name":"Джилл Тэлли","enName":"Jill Talley","profession":"актеры","enProfession":"actor"},{"id":30179,"photo":"https://st.kp.yandex.net/images/actor_iphone/iphone360_30179.jpg","name":"Аарон Каплан","enName":"Aaron Kaplan","profession":"актеры","enProfession":"actor"},{"id":30180,"photo":"https://st.kp.yandex.net/images/actor_iphone/iphone360_30180.jpg","name":"Стэйси Хилл","enName":"Stacey Hill","profession":"актеры","enProfession":"actor"},{"id":30181,"photo":"https://st.kp.yandex.net/images/actor_iphone/iphone360_30181.jpg","name":"Нэйтан Райт","enName":"Nathan Wright","profession":"актеры","enProfession":"actor"},{"id":11838,"photo":"https://st.kp.yandex.net/images/actor_iphone/iphone360_11838.jpg","name":"Дэна Гулд","enName":"Dana Gould","profession":"актеры","enProfession":"actor"},{"id":30182,"photo":"https://st.kp.yandex.net/images/actor_iphone/iphone360_30182.jpg","name":"Роджер Эшбахер","enName":"Roger Eschbacher","profession":"актеры","enProfession":"actor"},{"id":30183,"photo":"https://st.kp.yandex.net/images/actor_iphone/iphone360_30183.jpg","name":"Джули Костильо","enName":"Julie Costello","profession":"актеры","enProfession":"actor"},{"id":30184,"photo":"https://st.kp.yandex.net/images/actor_iphone/iphone360_30184.jpg","name":"Шони Костильо","enName":"Shawnie Costello","profession":"актеры","enProfession":"actor"},{"id":4377,"photo":"https://st.kp.yandex.net/images/actor_iphone/iphone360_4377.jpg","name":"Джефф Цезарио","enName":"Jeff Cesario","profession":"актеры","enProfession":"actor"},{"id":11808,"photo":"https://st.kp.yandex.net/images/actor_iphone/iphone360_11808.jpg","name":"Грег Берендт","enName":"Greg Behrendt","profession":"актеры","enProfession":"actor"},{"id":224127,"photo":"https://st.kp.yandex.net/images/actor_iphone/iphone360_224127.jpg","name":"Бобби Браунинг","enName":"Bobby Browning","profession":"актеры","enProfession":"actor"},{"id":30185,"photo":"https://st.kp.yandex.net/images/actor_iphone/iphone360_30185.jpg","name":"Колин Форд","enName":"Colin Ford","profession":"актеры","enProfession":"actor"},{"id":30186,"photo":"https://st.kp.yandex.net/images/actor_iphone/iphone360_30186.jpg","name":"Джэйсон Фредерик","enName":"Jayson Frederick","profession":"актеры","enProfession":"actor"},{"id":54124,"photo":"https://st.kp.yandex.net/images/actor_iphone/iphone360_54124.jpg","name":"Эбан Шлеттер","enName":"Eban Schletter","profession":"композиторы","enProfession":"composer"},{"id":2002728,"photo":"https://st.kp.yandex.net/images/actor_iphone/iphone360_2002728.jpg","name":"Пол Хаггинс","enName":"Paul Huggins","profession":"художники","enProfession":"designer"},{"id":2007601,"photo":"https://st.kp.yandex.net/images/actor_iphone/iphone360_2007601.jpg","name":"Эндрю Кроуфорд","enName":"Andrew Crawford","profession":"художники","enProfession":"designer"},{"id":2007602,"photo":"https://st.kp.yandex.net/images/actor_iphone/iphone360_2007602.jpg","name":"Кен Табер","enName":"Ken Taber","profession":"художники","enProfession":"designer"},{"id":560017,"photo":"https://st.kp.yandex.net/images/actor_iphone/iphone360_560017.jpg","name":"Сусанна Пуйсто","enName":"Susanna Puisto","profession":"художники","enProfession":"designer"},{"id":1988683,"photo":"https://st.kp.yandex.net/images/actor_iphone/iphone360_1988683.jpg","name":"Фрэнк Гэллин","enName":"Frank Galline","profession":"художники","enProfession":"designer"},{"id":30158,"photo":"https://st.kp.yandex.net/images/actor_iphone/iphone360_30158.jpg","name":"Трой Миллер","enName":"Troy Miller","profession":"режиссеры","enProfession":"director"},{"id":4437312,"photo":"https://st.kp.yandex.net/images/actor_iphone/iphone360_4437312.jpg","name":"Лоуренс Джордан","enName":"Lawrence Jordan","profession":"монтажеры","enProfession":"editor"},{"id":305379,"photo":"https://st.kp.yandex.net/images/actor_iphone/iphone360_305379.jpg","name":"Энтони Б. Ричмонд","enName":"Anthony B. Richmond","profession":"операторы","enProfession":"operator"},{"id":284,"photo":"https://st.kp.yandex.net/images/actor_iphone/iphone360_284.jpg","name":"Орен Каулз","enName":"Oren Koules","profession":"продюсеры","enProfession":"producer"},{"id":2629,"photo":"https://st.kp.yandex.net/images/actor_iphone/iphone360_2629.jpg","name":"Брэд Кревой","enName":"Brad Krevoy","profession":"продюсеры","enProfession":"producer"},{"id":30158,"photo":"https://st.kp.yandex.net/images/actor_iphone/iphone360_30158.jpg","name":"Трой Миллер","enName":"Troy Miller","profession":"продюсеры","enProfession":"producer"},{"id":6220,"photo":"https://st.kp.yandex.net/images/actor_iphone/iphone360_6220.jpg","name":"Чарльз Б. Весслер","enName":"Charles B. Wessler","profession":"продюсеры","enProfession":"producer"},{"id":1079073,"photo":"https://st.kp.yandex.net/images/actor_iphone/iphone360_1079073.jpg","name":"Андрей Бархударов","enName":null,"profession":"актеры дубляжа","enProfession":"voice_actor"},{"id":1419143,"photo":"https://st.kp.yandex.net/images/actor_iphone/iphone360_1419143.jpg","name":"Дмитрий Филимонов","enName":null,"profession":"актеры дубляжа","enProfession":"voice_actor"},{"id":245770,"photo":"https://st.kp.yandex.net/images/actor_iphone/iphone360_245770.jpg","name":"Марина Дюжева","enName":null,"profession":"актеры дубляжа","enProfession":"voice_actor"},{"id":1492686,"photo":"https://st.kp.yandex.net/images/actor_iphone/iphone360_1492686.jpg","name":"Андрей Ярославцев","enName":null,"profession":"актеры дубляжа","enProfession":"voice_actor"},{"id":1656504,"photo":"https://st.kp.yandex.net/images/actor_iphone/iphone360_1656504.jpg","name":"Александр Коврижных","enName":null,"profession":"актеры дубляжа","enProfession":"voice_actor"},{"id":1055690,"photo":"https://st.kp.yandex.net/images/actor_iphone/iphone360_1055690.jpg","name":"Марианна Шульц","enName":null,"profession":"актеры дубляжа","enProfession":"voice_actor"},{"id":273560,"photo":"https://st.kp.yandex.net/images/actor_iphone/iphone360_273560.jpg","name":"Вадим Андреев","enName":null,"profession":"актеры дубляжа","enProfession":"voice_actor"},{"id":290408,"photo":"https://st.kp.yandex.net/images/actor_iphone/iphone360_290408.jpg","name":"Александр Рахленко","enName":null,"profession":"актеры дубляжа","enProfession":"voice_actor"},{"id":290228,"photo":"https://st.kp.yandex.net/images/actor_iphone/iphone360_290228.jpg","name":"Вячеслав Баранов","enName":null,"profession":"актеры дубляжа","enProfession":"voice_actor"},{"id":290512,"photo":"https://st.kp.yandex.net/images/actor_iphone/iphone360_290512.jpg","name":"Ольга Сирина","enName":null,"profession":"актеры дубляжа","enProfession":"voice_actor"},{"id":1642594,"photo":"https://st.kp.yandex.net/images/actor_iphone/iphone360_1642594.jpg","name":"Жанна Никонова","enName":null,"profession":"актеры дубляжа","enProfession":"voice_actor"},{"id":1616407,"photo":"https://st.kp.yandex.net/images/actor_iphone/iphone360_1616407.jpg","name":"Всеволод Кузнецов","enName":null,"profession":"актеры дубляжа","enProfession":"voice_actor"},{"id":1232680,"photo":"https://st.kp.yandex.net/images/actor_iphone/iphone360_1232680.jpg","name":"Илья Бледный","enName":null,"profession":"актеры дубляжа","enProfession":"voice_actor"},{"id":310535,"photo":"https://st.kp.yandex.net/images/actor_iphone/iphone360_310535.jpg","name":"Олег Куценко","enName":null,"profession":"актеры дубляжа","enProfession":"voice_actor"},{"id":1664122,"photo":"https://st.kp.yandex.net/images/actor_iphone/iphone360_1664122.jpg","name":"Виктор Бохон","enName":null,"profession":"актеры дубляжа","enProfession":"voice_actor"},{"id":261728,"photo":"https://st.kp.yandex.net/images/actor_iphone/iphone360_261728.jpg","name":"Андрей Мартынов","enName":null,"profession":"актеры дубляжа","enProfession":"voice_actor"},{"id":1622833,"photo":"https://st.kp.yandex.net/images/actor_iphone/iphone360_1622833.jpg","name":"Павел Сметанкин","enName":null,"profession":"актеры дубляжа","enProfession":"voice_actor"},{"id":30158,"photo":"https://st.kp.yandex.net/images/actor_iphone/iphone360_30158.jpg","name":"Трой Миллер","enName":"Troy Miller","profession":"редакторы","enProfession":"writer"},{"id":6139,"photo":"https://st.kp.yandex.net/images/actor_iphone/iphone360_6139.jpg","name":"Питер Фаррелли","enName":"Peter Farrelly","profession":"редакторы","enProfession":"writer"},{"id":6206,"photo":"https://st.kp.yandex.net/images/actor_iphone/iphone360_6206.jpg","name":"Беннетт Йеллин","enName":"Bennett Yellin","profession":"редакторы","enProfession":"writer"},{"id":6138,"photo":"https://st.kp.yandex.net/images/actor_iphone/iphone360_6138.jpg","name":"Бобби Фаррелли","enName":"Bobby Farrelly","profession":"редакторы","enProfession":"writer"}],"typeNumber":1,"alternativeName":"Dumb and Dumberer: When Harry Met Lloyd","enName":null,"names":[{"name":"Тупой и еще тупее тупого: Когда Гарри встретил Ллойда"},{"name":"Dumb and Dumberer: When Harry Met Lloyd"}],"ageRating":16,"ratingMpaa":"pg13","sequelsAndPrequels":[{"id":5185,"name":"Тупой и еще тупее","enName":null,"alternativeName":"Dumb and Dumber","type":"movie","poster":{"url":"https://avatars.mds.yandex.net/get-kinopoisk-image/4303601/8e3f7c70-24ca-4e41-9ce4-ac21a3ad8b2d/orig","previewUrl":"https://avatars.mds.yandex.net/get-kinopoisk-image/4303601/8e3f7c70-24ca-4e41-9ce4-ac21a3ad8b2d/x1000"}},{"id":102715,"name":"Тупой и еще тупее","enName":null,"alternativeName":"Dumb and Dumber","type":"animated-series","poster":{"url":"https://avatars.mds.yandex.net/get-kinopoisk-image/1599028/e26f0507-bb47-4253-940f-8f7fbdc9eb5c/orig","previewUrl":"https://avatars.mds.yandex.net/get-kinopoisk-image/1599028/e26f0507-bb47-4253-940f-8f7fbdc9eb5c/x1000"}},{"id":645087,"name":"Тупой и еще тупее 2","enName":null,"alternativeName":"Dumb and Dumber To","type":"movie","poster":{"url":"https://avatars.mds.yandex.net/get-kinopoisk-image/1946459/282fdc77-1f58-49e9-ac71-94962ffc7e0a/orig","previewUrl":"https://avatars.mds.yandex.net/get-kinopoisk-image/1946459/282fdc77-1f58-49e9-ac71-94962ffc7e0a/x1000"}}],"similarMovies":[],"shortDescription":null,"imagesInfo":{"framesCount":42},"logo":{"url":null},"watchability":{"items":null},"top10":null,"top250":null}