{"fees":{"world":{"value":67312826,"currency":"$"},"usa":{"value":43254409,"currency":"$"}},"status":null,"externalId":{"kpHD":"4fb639b4bfefc8e18953ef88f9b4e58c","imdb":"tt0253754","tmdb":201},"rating":{"kp":6.725,"imdb":6.4,"filmCritics":5.2,"russianFilmCritics":0,"await":0},"votes":{"kp":5678,"imdb":81115,"filmCritics":173,"russianFilmCritics":0,"await":0},"backdrop":{"url":"https://avatars.mds.yandex.net/get-ott/1531675/2a0000017dbf0f554b8de99c40a2c981cd31/orig","previewUrl":"https://avatars.mds.yandex.net/get-ott/1531675/2a0000017dbf0f554b8de99c40a2c981cd31/x1000"},"movieLength":116,"productionCompanies":[{"name":"Paramount","url":"https://www.themoviedb.org/t/p/original/fycMZt242LVjagMByZOLUGbCvv3.png","previewUrl":"https://www.themoviedb.org/t/p/w500/fycMZt242LVjagMByZOLUGbCvv3.png"},{"name":"Digital Image Associates","url":null,"previewUrl":null}],"id":321,"type":"movie","name":"Звездный путь: Возмездие","description":"После свадьбы командира Уильяма Райкера и советника Дианы Трой экипаж корабля «Энтерпрайз» обнаруживает позитронный сигнал на одной из планет около нейтральной зоны, где они находят B-4 — менее совершенный, чем Дейта, прототип андроида, созданного доктором Сунгом.\n\nЭта загадка остается неразгаданной, так как в то же время адмирал Джейнвей приказывает «Энтерпрайзу» отправиться к Ромулу, где сенат был свергнут в результате государственного переворота Шинзоном и его последователями. По прибытии на Ромул «Энтерпрайз» обнаруживает не только самый мощный из всех встреченных ими кораблей, но и страшную тайну, касающуюся нового лидера Ромуланской империи, который планирует использовать смертельное оружие для уничтожения всего живого на главной планете Федерации — Земле.","premiere":{"country":"США","world":"2002-12-09T00:00:00.000Z","russia":"2003-03-27T00:00:00.000Z"},"slogan":"Последнее путешествие поколения начинается...","year":2002,"budget":{"value":60000000,"currency":"$"},"poster":{"url":"https://st.kp.yandex.net/images/film_big/321.jpg","previewUrl":"https://st.kp.yandex.net/images/film_iphone/iphone360_321.jpg"},"facts":[{"value":"В отличие от взрывов, таран двух звездолётов не был продуктом компьютерных технологий. Съёмочная группа подвесила обе модели, ударила одну о другую и сняла происходящее в режиме замедленной съёмки.","type":"FACT","spoiler":false},{"value":"Практически все сцены полётов на шаттле &laquo;Энтерпрайза&raquo; сэр <a href=\"/name/8214/\" class=\"all\">Патрик Стюарт</a> выполнял самостоятельно.","type":"FACT","spoiler":false},{"value":"В первоначальной версии сценария предполагалось, что сэр <a href=\"/name/8214/\" class=\"all\">Патрик Стюарт</a> сыграет и капитана Пикара, и Шинзона, а последняя битва между звездолётами под их командованием произойдёт на орбите Земли.","type":"FACT","spoiler":false},{"value":"В одном из интервью после выхода фильма <a href=\"/name/39984/\" class=\"all\">Том Харди</a> рассказывал, что отнёсся к работе у режиссёра <a href=\"/name/39979/\" class=\"all\">Стюарта Бейрда</a> со всей серьёзностью, в надежде на то, что роль его прославит. Коммерческий провал фильма и реакция на него поклонников франшизы привели к тому, что Харди расстался с подругой, начал злоупотреблять алкоголем и даже стал подумывать о том, чтобы свести счёты с жизнью. Перестал он расстраиваться из-за этого фильма, только когда взял себя в руки и снялся у <a href=\"/name/90200/\" class=\"all\">Николаса Виндинга Рефна</a> в криминальной драме «<a href=\"/film/438272/\" class=\"all\">Бронсон</a>» (2008).","type":"FACT","spoiler":false},{"value":"Прощальную сцену с капитаном Пикаром пришлось переснимать, так как сэр <a href=\"/name/8214/\" class=\"all\">Патрик Стюарт</a> неожиданно расплакался.","type":"FACT","spoiler":true}],"genres":[{"name":"фантастика"},{"name":"боевик"},{"name":"триллер"},{"name":"приключения"}],"countries":[{"name":"США"}],"videos":{"trailers":[{"url":"https://widgets.kinopoisk.ru/discovery/trailer/102268?onlyPlayer=1&autoplay=1&cover=1","name":"Трейлер (дублированный)","site":"kinopoisk_widget"},{"url":"https://widgets.kinopoisk.ru/discovery/trailer/3613?onlyPlayer=1&autoplay=1&cover=1","name":"Тизер","site":"kinopoisk_widget"},{"url":"https://widgets.kinopoisk.ru/discovery/trailer/3615?onlyPlayer=1&autoplay=1&cover=1","name":"Трейлер","site":"kinopoisk_widget"},{"url":"https://www.youtube.com/embed/TXvCIWWCiFo","name":"Star Trek: Nemesis (2002) Original Trailer [FHD]","site":"youtube","type":"TRAILER"},{"url":"https://www.youtube.com/embed/DK3b5BO0Ol4","name":"Звездный путь: Возмездие - Trailer","site":"youtube","type":"TRAILER"}],"teasers":[]},"seasonsInfo":[],"persons":[{"id":8214,"photo":"https://st.kp.yandex.net/images/actor_iphone/iphone360_8214.jpg","name":"Патрик Стюарт","enName":"Patrick Stewart","profession":"актеры","enProfession":"actor"},{"id":38335,"photo":"https://st.kp.yandex.net/images/actor_iphone/iphone360_38335.jpg","name":"Джонатан Фрейкс","enName":"Jonathan Frakes","profession":"актеры","enProfession":"actor"},{"id":26646,"photo":"https://st.kp.yandex.net/images/actor_iphone/iphone360_26646.jpg","name":"Брент Спайнер","enName":"Brent Spiner","profession":"актеры","enProfession":"actor"},{"id":529,"photo":"https://st.kp.yandex.net/images/actor_iphone/iphone360_529.jpg","name":"ЛеВар Бёртон","enName":"LeVar Burton","profession":"актеры","enProfession":"actor"},{"id":612,"photo":"https://st.kp.yandex.net/images/actor_iphone/iphone360_612.jpg","name":"Майкл Дорн","enName":"Michael Dorn","profession":"актеры","enProfession":"actor"},{"id":39982,"photo":"https://st.kp.yandex.net/images/actor_iphone/iphone360_39982.jpg","name":"Марина Сиртис","enName":"Marina Sirtis","profession":"актеры","enProfession":"actor"},{"id":39983,"photo":"https://st.kp.yandex.net/images/actor_iphone/iphone360_39983.jpg","name":"Гейтс МакФэдден","enName":"Gates McFadden","profession":"актеры","enProfession":"actor"},{"id":39984,"photo":"https://st.kp.yandex.net/images/actor_iphone/iphone360_39984.jpg","name":"Том Харди","enName":"Tom Hardy","profession":"актеры","enProfession":"actor"},{"id":6469,"photo":"https://st.kp.yandex.net/images/actor_iphone/iphone360_6469.jpg","name":"Рон Перлман","enName":"Ron Perlman","profession":"актеры","enProfession":"actor"},{"id":39985,"photo":"https://st.kp.yandex.net/images/actor_iphone/iphone360_39985.jpg","name":"Шэннон Кокрен","enName":"Shannon Cochran","profession":"актеры","enProfession":"actor"},{"id":23480,"photo":"https://st.kp.yandex.net/images/actor_iphone/iphone360_23480.jpg","name":"Дина Мейер","enName":"Dina Meyer","profession":"актеры","enProfession":"actor"},{"id":25914,"photo":"https://st.kp.yandex.net/images/actor_iphone/iphone360_25914.jpg","name":"Джуд Чикколелла","enName":"Jude Ciccolella","profession":"актеры","enProfession":"actor"},{"id":13274,"photo":"https://st.kp.yandex.net/images/actor_iphone/iphone360_13274.jpg","name":"Алан Дэйл","enName":"Alan Dale","profession":"актеры","enProfession":"actor"},{"id":39986,"photo":"https://st.kp.yandex.net/images/actor_iphone/iphone360_39986.jpg","name":"Джон Берг","enName":"John Berg","profession":"актеры","enProfession":"actor"},{"id":39987,"photo":"https://st.kp.yandex.net/images/actor_iphone/iphone360_39987.jpg","name":"Майкл Оуэн","enName":"Michael Owen","profession":"актеры","enProfession":"actor"},{"id":39988,"photo":"https://st.kp.yandex.net/images/actor_iphone/iphone360_39988.jpg","name":"Кейт Малгрю","enName":"Kate Mulgrew","profession":"актеры","enProfession":"actor"},{"id":39989,"photo":"https://st.kp.yandex.net/images/actor_iphone/iphone360_39989.jpg","name":"Робертсон Дин","enName":"Robertson Dean","profession":"актеры","enProfession":"actor"},{"id":39990,"photo":"https://st.kp.yandex.net/images/actor_iphone/iphone360_39990.jpg","name":"Дэвид Ральф","enName":"David Ralphe","profession":"актеры","enProfession":"actor"},{"id":26792,"photo":"https://st.kp.yandex.net/images/actor_iphone/iphone360_26792.jpg","name":"Дж. Патрик МакКормак","enName":"J. Patrick McCormack","profession":"актеры","enProfession":"actor"},{"id":4420,"photo":"https://st.kp.yandex.net/images/actor_iphone/iphone360_4420.jpg","name":"Уил Уитон","enName":"Wil Wheaton","profession":"актеры","enProfession":"actor"},{"id":39991,"photo":"https://st.kp.yandex.net/images/actor_iphone/iphone360_39991.jpg","name":"Маджел Бэррет","enName":"Majel Barrett","profession":"актеры","enProfession":"actor"},{"id":39979,"photo":"https://st.kp.yandex.net/images/actor_iphone/iphone360_39979.jpg","name":"Стюарт Бейрд","enName":"Stuart Baird","profession":"актеры","enProfession":"actor"},{"id":3105891,"photo":"https://st.kp.yandex.net/images/actor_iphone/iphone360_3105891.jpg","name":"Райан Блэк","enName":"Ryan Black","profession":"актеры","enProfession":"actor"},{"id":1895070,"photo":"https://st.kp.yandex.net/images/actor_iphone/iphone360_1895070.jpg","name":"Грег Бронсон","enName":"Greg Bronson","profession":"актеры","enProfession":"actor"},{"id":17104,"photo":"https://st.kp.yandex.net/images/actor_iphone/iphone360_17104.jpg","name":"Брюс Добос","enName":"Bruce Dobos","profession":"актеры","enProfession":"actor"},{"id":22266,"photo":"https://st.kp.yandex.net/images/actor_iphone/iphone360_22266.jpg","name":"Вупи Голдберг","enName":"Whoopi Goldberg","profession":"актеры","enProfession":"actor"},{"id":5007150,"photo":"https://st.kp.yandex.net/images/actor_iphone/iphone360_5007150.jpg","name":"Мэтт Холл","enName":"Matt Hall","profession":"актеры","enProfession":"actor"},{"id":663326,"photo":"https://st.kp.yandex.net/images/actor_iphone/iphone360_663326.jpg","name":"Барон Джей","enName":"Baron Jay","profession":"актеры","enProfession":"actor"},{"id":737424,"photo":"https://st.kp.yandex.net/images/actor_iphone/iphone360_737424.jpg","name":"Джон Юргенс","enName":"John Jurgens","profession":"актеры","enProfession":"actor"},{"id":52125,"photo":"https://st.kp.yandex.net/images/actor_iphone/iphone360_52125.jpg","name":"Николас Ланье","enName":"Nicholas Lanier","profession":"актеры","enProfession":"actor"},{"id":968378,"photo":"https://st.kp.yandex.net/images/actor_iphone/iphone360_968378.jpg","name":"Жасмин Йитерас","enName":"Jasmine Lliteras","profession":"актеры","enProfession":"actor"},{"id":53640,"photo":"https://st.kp.yandex.net/images/actor_iphone/iphone360_53640.jpg","name":"Эндрю МакБет","enName":"Andrew Macbeth","profession":"актеры","enProfession":"actor"},{"id":1628296,"photo":"https://st.kp.yandex.net/images/actor_iphone/iphone360_1628296.jpg","name":"Марти Матулис","enName":"Marti Matulis","profession":"актеры","enProfession":"actor"},{"id":124120,"photo":"https://st.kp.yandex.net/images/actor_iphone/iphone360_124120.jpg","name":"Том Морга","enName":"Tom Morga","profession":"актеры","enProfession":"actor"},{"id":21059,"photo":"https://st.kp.yandex.net/images/actor_iphone/iphone360_21059.jpg","name":"Брайан Паттерсон","enName":"Brian Patterson","profession":"актеры","enProfession":"actor"},{"id":40016,"photo":"https://st.kp.yandex.net/images/actor_iphone/iphone360_40016.jpg","name":"Гай Ричардсон","enName":"Guy Richardson","profession":"актеры","enProfession":"actor"},{"id":4918076,"photo":"https://st.kp.yandex.net/images/actor_iphone/iphone360_4918076.jpg","name":"Катя Рикерманн","enName":"Katja Rieckermann","profession":"актеры","enProfession":"actor"},{"id":39574,"photo":"https://st.kp.yandex.net/images/actor_iphone/iphone360_39574.jpg","name":"Рейчел Родерик","enName":"Rachelle Roderick","profession":"актеры","enProfession":"actor"},{"id":557939,"photo":"https://st.kp.yandex.net/images/actor_iphone/iphone360_557939.jpg","name":"Ванда Рот","enName":"Wanda Roth","profession":"актеры","enProfession":"actor"},{"id":8210,"photo":"https://st.kp.yandex.net/images/actor_iphone/iphone360_8210.jpg","name":"Брайан Сингер","enName":"Bryan Singer","profession":"актеры","enProfession":"actor"},{"id":1960040,"photo":"https://st.kp.yandex.net/images/actor_iphone/iphone360_1960040.jpg","name":"Грегори Суини","enName":"Gregory Sweeney","profession":"актеры","enProfession":"actor"},{"id":39992,"photo":"https://st.kp.yandex.net/images/actor_iphone/iphone360_39992.jpg","name":"Даг Уэкс","enName":"Doug Wax","profession":"актеры","enProfession":"actor"},{"id":128785,"photo":"https://st.kp.yandex.net/images/actor_iphone/iphone360_128785.jpg","name":"Джерри Голдсмит","enName":"Jerry Goldsmith","profession":"композиторы","enProfession":"composer"},{"id":2000688,"photo":"https://st.kp.yandex.net/images/actor_iphone/iphone360_2000688.jpg","name":"Херман Ф. Зиммерман","enName":"Herman F. Zimmerman","profession":"художники","enProfession":"designer"},{"id":224064,"photo":"https://st.kp.yandex.net/images/actor_iphone/iphone360_224064.jpg","name":"Чери Бэйкер","enName":"Cherie Baker","profession":"художники","enProfession":"designer"},{"id":1997558,"photo":"https://st.kp.yandex.net/images/actor_iphone/iphone360_1997558.jpg","name":"Дональд Б. Вудрафф","enName":"Donald B. Woodruff","profession":"художники","enProfession":"designer"},{"id":1277356,"photo":"https://st.kp.yandex.net/images/actor_iphone/iphone360_1277356.jpg","name":"Боб Рингвуд","enName":"Bob Ringwood","profession":"художники","enProfession":"designer"},{"id":1998215,"photo":"https://st.kp.yandex.net/images/actor_iphone/iphone360_1998215.jpg","name":"Джон М. Двайер","enName":"John M. Dwyer","profession":"художники","enProfession":"designer"},{"id":1986644,"photo":"https://st.kp.yandex.net/images/actor_iphone/iphone360_1986644.jpg","name":"Рональд Р. Рейсс","enName":"Ronald R. Reiss","profession":"художники","enProfession":"designer"},{"id":39979,"photo":"https://st.kp.yandex.net/images/actor_iphone/iphone360_39979.jpg","name":"Стюарт Бейрд","enName":"Stuart Baird","profession":"режиссеры","enProfession":"director"},{"id":1996898,"photo":"https://st.kp.yandex.net/images/actor_iphone/iphone360_1996898.jpg","name":"Даллас Пуэтт","enName":"Dallas Puett","profession":"монтажеры","enProfession":"editor"},{"id":608614,"photo":"https://st.kp.yandex.net/images/actor_iphone/iphone360_608614.jpg","name":"Джефри Л. Кимбалл","enName":"Jeffrey L. Kimball","profession":"операторы","enProfession":"operator"},{"id":39981,"photo":"https://st.kp.yandex.net/images/actor_iphone/iphone360_39981.jpg","name":"Рик Берман","enName":"Rick Berman","profession":"продюсеры","enProfession":"producer"},{"id":39994,"photo":"https://st.kp.yandex.net/images/actor_iphone/iphone360_39994.jpg","name":"Марти Хорнштейн","enName":"Marty Hornstein","profession":"продюсеры","enProfession":"producer"},{"id":39995,"photo":"https://st.kp.yandex.net/images/actor_iphone/iphone360_39995.jpg","name":"Питер Лоритсон","enName":"Peter Lauritson","profession":"продюсеры","enProfession":"producer"},{"id":39980,"photo":"https://st.kp.yandex.net/images/actor_iphone/iphone360_39980.jpg","name":"Джин Родденберри","enName":"Gene Roddenberry","profession":"продюсеры","enProfession":"producer"},{"id":39980,"photo":"https://st.kp.yandex.net/images/actor_iphone/iphone360_39980.jpg","name":"Джин Родденберри","enName":"Gene Roddenberry","profession":"редакторы","enProfession":"writer"},{"id":10017,"photo":"https://st.kp.yandex.net/images/actor_iphone/iphone360_10017.jpg","name":"Джон Логан","enName":"John Logan","profession":"редакторы","enProfession":"writer"},{"id":39981,"photo":"https://st.kp.yandex.net/images/actor_iphone/iphone360_39981.jpg","name":"Рик Берман","enName":"Rick Berman","profession":"редакторы","enProfession":"writer"},{"id":26646,"photo":"https://st.kp.yandex.net/images/actor_iphone/iphone360_26646.jpg","name":"Брент Спайнер","enName":"Brent Spiner","profession":"редакторы","enProfession":"writer"}],"typeNumber":1,"alternativeName":"Star Trek: Nemesis","enName":null,"names":[{"name":"Звездный путь: Возмездие"},{"name":"Star Trek: Nemesis"}],"ageRating":12,"ratingMpaa":"pg13","shortDescription":"Клон капитана Пикара намерен уничтожить Землю с помощью супероружия. В роли злодея Шинзона — Том Харди","similarMovies":[],"sequelsAndPrequels":[{"id":229272,"name":"Звездный путь","enName":null,"alternativeName":"Star Trek","type":"tv-series","poster":{"url":"https://avatars.mds.yandex.net/get-kinopoisk-image/6201401/d21b7847-4fff-4b3d-b59c-7ed7b683d19d/orig","previewUrl":"https://avatars.mds.yandex.net/get-kinopoisk-image/6201401/d21b7847-4fff-4b3d-b59c-7ed7b683d19d/x1000"}},{"id":229271,"name":"Звездный путь","enName":null,"alternativeName":"Star Trek","type":"animated-series","poster":{"url":"https://avatars.mds.yandex.net/get-kinopoisk-image/1629390/76a80ff5-5274-4d11-8868-9df166795e50/orig","previewUrl":"https://avatars.mds.yandex.net/get-kinopoisk-image/1629390/76a80ff5-5274-4d11-8868-9df166795e50/x1000"}},{"id":6528,"name":"Звездный путь: Фильм","enName":null,"alternativeName":"Star Trek: The Motion Picture - The Director's Edition","type":"movie","poster":{"url":"https://avatars.mds.yandex.net/get-kinopoisk-image/4303601/acba6524-f3ee-4601-aabe-377d7becc762/orig","previewUrl":"https://avatars.mds.yandex.net/get-kinopoisk-image/4303601/acba6524-f3ee-4601-aabe-377d7becc762/x1000"}},{"id":6583,"name":"Звездный путь 2: Гнев Хана","enName":null,"alternativeName":"Star Trek II: The Wrath of Khan","type":"movie","poster":{"url":"https://avatars.mds.yandex.net/get-kinopoisk-image/4303601/d9573536-0a85-46de-a6ae-a795821ddc3e/orig","previewUrl":"https://avatars.mds.yandex.net/get-kinopoisk-image/4303601/d9573536-0a85-46de-a6ae-a795821ddc3e/x1000"}},{"id":6582,"name":"Звездный путь 3: В поисках Спока","enName":null,"alternativeName":"Star Trek III: The Search for Spock","type":"movie","poster":{"url":"https://avatars.mds.yandex.net/get-kinopoisk-image/1898899/62a2ca6a-4899-4d24-ad5b-f6da9df8545e/orig","previewUrl":"https://avatars.mds.yandex.net/get-kinopoisk-image/1898899/62a2ca6a-4899-4d24-ad5b-f6da9df8545e/x1000"}},{"id":6527,"name":"Звездный путь 4: Дорога домой","enName":null,"alternativeName":"Star Trek IV: The Voyage Home","type":"movie","poster":{"url":"https://avatars.mds.yandex.net/get-kinopoisk-image/1629390/845a46ec-828f-422a-a7c6-4f3668b30ff5/orig","previewUrl":"https://avatars.mds.yandex.net/get-kinopoisk-image/1629390/845a46ec-828f-422a-a7c6-4f3668b30ff5/x1000"}},{"id":229996,"name":"Звездный путь: Следующее поколение","enName":null,"alternativeName":"Star Trek: The Next Generation","type":"tv-series","poster":{"url":"https://avatars.mds.yandex.net/get-kinopoisk-image/4716873/bf871dd5-dee7-4eee-8572-f99f4eed06c0/orig","previewUrl":"https://avatars.mds.yandex.net/get-kinopoisk-image/4716873/bf871dd5-dee7-4eee-8572-f99f4eed06c0/x1000"}},{"id":6580,"name":"Звездный путь 5: Последний рубеж","enName":null,"alternativeName":"Star Trek V: The Final Frontier","type":"movie","poster":{"url":"https://avatars.mds.yandex.net/get-kinopoisk-image/4303601/0b37cae2-fa0f-47dd-b296-b3b92afbf7ac/orig","previewUrl":"https://avatars.mds.yandex.net/get-kinopoisk-image/4303601/0b37cae2-fa0f-47dd-b296-b3b92afbf7ac/x1000"}},{"id":6460,"name":"Звездный путь 6: Неоткрытая страна","enName":null,"alternativeName":"Star Trek VI: The Undiscovered Country","type":"movie","poster":{"url":"https://avatars.mds.yandex.net/get-kinopoisk-image/1629390/be3d9b8d-43c8-4cec-ae93-11b2db075eaf/orig","previewUrl":"https://avatars.mds.yandex.net/get-kinopoisk-image/1629390/be3d9b8d-43c8-4cec-ae93-11b2db075eaf/x1000"}},{"id":229226,"name":"Звездный путь: Дальний космос 9","enName":null,"alternativeName":"Star Trek: Deep Space Nine","type":"tv-series","poster":{"url":"https://avatars.mds.yandex.net/get-kinopoisk-image/6201401/8a9a7891-ccab-4a96-a459-cc7a85b513b9/orig","previewUrl":"https://avatars.mds.yandex.net/get-kinopoisk-image/6201401/8a9a7891-ccab-4a96-a459-cc7a85b513b9/x1000"}},{"id":3479,"name":"Звездный путь 7: Поколения","enName":null,"alternativeName":"Star Trek: Generations","type":"movie","poster":{"url":"https://avatars.mds.yandex.net/get-kinopoisk-image/4303601/476b24ca-cae2-4d1c-b81b-95be24ceb9ec/orig","previewUrl":"https://avatars.mds.yandex.net/get-kinopoisk-image/4303601/476b24ca-cae2-4d1c-b81b-95be24ceb9ec/x1000"}},{"id":229263,"name":"Звездный путь: Вояджер","enName":null,"alternativeName":"Star Trek: Voyager","type":"tv-series","poster":{"url":"https://avatars.mds.yandex.net/get-kinopoisk-image/1599028/0fe17803-03b4-48a6-a151-ffb95749cc63/orig","previewUrl":"https://avatars.mds.yandex.net/get-kinopoisk-image/1599028/0fe17803-03b4-48a6-a151-ffb95749cc63/x1000"}},{"id":3475,"name":"Звездный путь: Первый контакт","enName":null,"alternativeName":"Star Trek: First Contact","type":"movie","poster":{"url":"https://avatars.mds.yandex.net/get-kinopoisk-image/1898899/8cf0a7c0-8840-4ba6-b931-bd59faa19d9a/orig","previewUrl":"https://avatars.mds.yandex.net/get-kinopoisk-image/1898899/8cf0a7c0-8840-4ba6-b931-bd59faa19d9a/x1000"}},{"id":3470,"name":"Звездный путь: Восстание","enName":null,"alternativeName":"Star Trek: Insurrection","type":"movie","poster":{"url":"https://avatars.mds.yandex.net/get-kinopoisk-image/4303601/6d3d4694-7b2a-43e1-a97e-7b18e3f2eb12/orig","previewUrl":"https://avatars.mds.yandex.net/get-kinopoisk-image/4303601/6d3d4694-7b2a-43e1-a97e-7b18e3f2eb12/x1000"}},{"id":161238,"name":"Звездный путь: Энтерпрайз","enName":null,"alternativeName":"Enterprise","type":"tv-series","poster":{"url":"https://avatars.mds.yandex.net/get-kinopoisk-image/1704946/48e2ec0c-e88e-449a-a174-188868bb4700/orig","previewUrl":"https://avatars.mds.yandex.net/get-kinopoisk-image/1704946/48e2ec0c-e88e-449a-a174-188868bb4700/x1000"}},{"id":255129,"name":"Звездный путь","enName":null,"alternativeName":"Star Trek","type":"movie","poster":{"url":"https://avatars.mds.yandex.net/get-kinopoisk-image/1773646/b49639b6-86d2-4e97-89e3-2b24c6bf546e/orig","previewUrl":"https://avatars.mds.yandex.net/get-kinopoisk-image/1773646/b49639b6-86d2-4e97-89e3-2b24c6bf546e/x1000"}},{"id":455165,"name":"Стартрек: Возмездие","enName":null,"alternativeName":"Star Trek Into Darkness","type":"movie","poster":{"url":"https://avatars.mds.yandex.net/get-kinopoisk-image/6201401/94ed8908-cb05-4c61-857d-09d88ede1528/orig","previewUrl":"https://avatars.mds.yandex.net/get-kinopoisk-image/6201401/94ed8908-cb05-4c61-857d-09d88ede1528/x1000"}},{"id":734349,"name":"Стартрек: Бесконечность","enName":null,"alternativeName":"Star Trek Beyond","type":"movie","poster":{"url":"https://avatars.mds.yandex.net/get-kinopoisk-image/4303601/43f8e787-dfd8-4850-bd9a-0e6b36aa32d1/orig","previewUrl":"https://avatars.mds.yandex.net/get-kinopoisk-image/4303601/43f8e787-dfd8-4850-bd9a-0e6b36aa32d1/x1000"}},{"id":977754,"name":"Звёздный путь: Дискавери","enName":null,"alternativeName":"Star Trek: Discovery","type":"tv-series","poster":{"url":"https://avatars.mds.yandex.net/get-kinopoisk-image/1777765/813e934c-5631-420e-b2bc-158c161521ef/orig","previewUrl":"https://avatars.mds.yandex.net/get-kinopoisk-image/1777765/813e934c-5631-420e-b2bc-158c161521ef/x1000"}},{"id":1178022,"name":"Звёздный путь: Пикар","enName":null,"alternativeName":"Star Trek: Picard","type":"tv-series","poster":{"url":"https://avatars.mds.yandex.net/get-kinopoisk-image/6201401/163a3b2f-e0cc-4e2c-99a8-c92e01dba626/orig","previewUrl":"https://avatars.mds.yandex.net/get-kinopoisk-image/6201401/163a3b2f-e0cc-4e2c-99a8-c92e01dba626/x1000"}},{"id":1209195,"name":"Звездный путь: Нижние палубы","enName":null,"alternativeName":"Star Trek: Lower Decks","type":"animated-series","poster":{"url":"https://avatars.mds.yandex.net/get-kinopoisk-image/1900788/4afd3cc6-81c3-4f55-9cca-cf686410facb/orig","previewUrl":"https://avatars.mds.yandex.net/get-kinopoisk-image/1900788/4afd3cc6-81c3-4f55-9cca-cf686410facb/x1000"}},{"id":1247146,"name":"Звёздный путь: Протозвезда","enName":null,"alternativeName":"Star Trek: Prodigy","type":"animated-series","poster":{"url":"https://avatars.mds.yandex.net/get-kinopoisk-image/1629390/e4f7118b-721e-4450-ba34-6342106f914b/orig","previewUrl":"https://avatars.mds.yandex.net/get-kinopoisk-image/1629390/e4f7118b-721e-4450-ba34-6342106f914b/x1000"}},{"id":1379545,"name":"Звёздный путь: Странные новые миры","enName":null,"alternativeName":"Star Trek: Strange New Worlds","type":"tv-series","poster":{"url":"https://avatars.mds.yandex.net/get-kinopoisk-image/4303601/fe8bd8eb-577a-49c7-8de5-998fe0a36d00/orig","previewUrl":"https://avatars.mds.yandex.net/get-kinopoisk-image/4303601/fe8bd8eb-577a-49c7-8de5-998fe0a36d00/x1000"}},{"id":925994,"name":"Звёздный путь 4","enName":null,"alternativeName":"Untitled Star Trek Sequel","type":"movie","poster":{"url":null,"previewUrl":null}}],"logo":{"url":"https://avatars.mds.yandex.net/get-ott/1672343/2a0000017dbf1aff821e581ba88800a83bda/orig"},"watchability":{"items":null},"top10":null,"top250":null}