{"videos":{"trailers":[{"url":"https://widgets.kinopoisk.ru/discovery/trailer/125143?onlyPlayer=1&autoplay=1&cover=1","name":"Музыкальный клип","site":"kinopoisk_widget"},{"url":"https://www.youtube.com/v/M_w8khsChx4","name":"Трейлер №2","site":"youtube"},{"url":"https://youtu.be/4U07rtBNa2g","name":"Трейлер","site":"youtube"},{"url":"https://www.youtube.com/embed/aQXh_AaJXaM","name":"Almost Famous (2000) Trailer #1 | Movieclips Classic Trailers","site":"youtube","type":"TRAILER"},{"url":"https://www.youtube.com/embed/6iyp0qcf7-w","name":"Almost Famous - Trailer","site":"youtube","type":"TRAILER"},{"url":"https://www.youtube.com/embed/bn_Yq6fD_bo","name":"Почти Знаменит на Paramount Channel","site":"youtube","type":"TRAILER"}],"teasers":[]},"fees":{"world":{"value":47383689,"currency":"$"},"usa":{"value":32534850,"currency":"$"}},"id":454,"type":"movie","externalId":{"kpHD":null,"imdb":"tt0181875","tmdb":786},"name":"Почти знаменит","rating":{"kp":7.642,"imdb":7.9,"filmCritics":7.9,"russianFilmCritics":0,"await":0},"description":"История о том, как простой американский мальчишка Уильям Миллер волею случая стал корреспондентом авторитетного музыкального журнала «Роллинг Стоун» и отправился по заданию редакции в турне с группой «Стиллуотер».\n\nВ компании суровых рокеров, юных фанаток и бурлящих в крови гормонов парень делает свой первый шаг в полную удивительных приключений взрослую жизнь расклешенных семидесятых. И уж, поверьте, эти самые приключения не заставят себя ждать!","votes":{"kp":24417,"imdb":282178,"filmCritics":178,"russianFilmCritics":0,"await":1},"premiere":{"country":"Канада","world":"2000-09-08T00:00:00.000Z","dvd":"2007-07-01T00:00:00.000Z"},"slogan":"Experience it. Enjoy it. Just don't fall for it","year":2000,"budget":{"value":60000000,"currency":"$"},"poster":{"url":"https://st.kp.yandex.net/images/film_big/454.jpg","previewUrl":"https://st.kp.yandex.net/images/film_iphone/iphone360_454.jpg"},"facts":[{"value":"Первоначально роли Расселла и Пенни были рассчитаны на <a href=\"/name/25584/\" class=\"all\">Брэда Питта</a> и <a href=\"/name/14569/\" class=\"all\">Сару Полли</a>. Полли выбыла из фильма, увлекшись малобюджетным канадским проектом, а Питт однажды заявил режиссеру, что «я больше не собираюсь сниматься в этом». В результате, Расселла сыграл <a href=\"/name/2668/\" class=\"all\">Билли Крудап</a>, а Пенни – <a href=\"/name/6580/\" class=\"all\">Кейт Хадсон</a>, которую <a href=\"/name/7221/\" class=\"all\">Кроу</a> первоначально планировал снять в роли сестры Уилли; роль сестры, таким образом, ушла к <a href=\"/name/7230/\" class=\"all\">Зои Дешанель</a>.","type":"FACT","spoiler":false},{"value":"<a href=\"/name/2668/\" class=\"all\">Билли Крудапа</a> учил играть на гитаре рок-музыкант <a href=\"/name/7249/\" class=\"all\">Питер Фрэмптон</a>. Фрэмптон также поработал на фильме музыкальным консультантом и даже появился на экране камео. С режиссером его связывает давняя дружба – в 18 лет <a href=\"/name/7221/\" class=\"all\">Кроу</a> написал статью о его альбоме «Фрэмптон жив!»","type":"FACT","spoiler":false},{"value":"Все песни для группы Stillwater <a href=\"/name/7221/\" class=\"all\">Кроу</a> написал сам в сотворчестве со своей женой <a href=\"/name/157915/\" class=\"all\">Нэнси Уилсон</a>.","type":"FACT","spoiler":false},{"value":"<a href=\"/name/7225/\" class=\"all\">Филипу Сеймуру Хоффману</a> довелось провести на съемочной площадке лишь четыре дня, поскольку все остальное время он проболел гриппом.","type":"FACT","spoiler":false},{"value":"Рука, которая что-то пишет в блокноте на начальный титрах, принадлежит самому <a href=\"/name/7221/\" class=\"all\">Кэмерону Кроу</a>.","type":"FACT","spoiler":false},{"value":"В одной из сцен Пенни Лэйн спрашивает Уилли, готов ли он уехать с ней в Марокко, а Уилли отвечает «Да... спроси меня еще раз». Как рассказал <a href=\"/name/7221/\" class=\"all\">Кроу</a>, дополнительная фраза «спроси меня еще раз» не предусматривалась сценарием. Просто актер <a href=\"/name/7223/\" class=\"all\">Патрик Фьюджит</a> попросил <a href=\"/name/6580/\" class=\"all\">Кейт Хадсон</a> повторить ее реплику. Однако фраза получилась удачной – Кроу оставил ее в финальной версии фильма.","type":"FACT","spoiler":false},{"value":"Уилли Миллер перебирает в фильме старые пластинки; все они принадлежат режиссеру – он коллекционировал их в юные годы.","type":"FACT","spoiler":false},{"value":"В момент, когда героям кажется, что они сейчас разобьются в авиакатастрофе, Расселл начинает петь Пегги Сью. Это намек на <a href=\"/name/591378/\" class=\"all\">Бадди Холли</a>, погибшего в авиакатастрофе во время своего музыкального турне. Но кроме того, не случившаяся авиакатастрофа – биографический факт самого <a href=\"/name/7221/\" class=\"all\">Кроу</a>, который попал в подобную переделку, когда путешествовал с группой The Who.","type":"FACT","spoiler":false},{"value":"<a href=\"/name/7224/\" class=\"all\">Джейсон Ли</a>, сыгравший Джеффа Беба, сказал, что срисовал своего героя с лидера групп Free и Bad Company <a href=\"/name/608699/\" class=\"all\">Пола Роджерса</a>, при этом он старался не превратить персонажа в пародию.","type":"FACT","spoiler":false},{"value":"В оригинальном сценарии <a href=\"/name/7221/\" class=\"all\">Кэмерона Кроу</a> было 172 страницы.","type":"FACT","spoiler":false},{"value":"Весь съемочный процесс занял 92 дня.","type":"FACT","spoiler":false}],"genres":[{"name":"драма"},{"name":"комедия"},{"name":"приключения"},{"name":"музыка"}],"countries":[{"name":"США"}],"seasonsInfo":[],"persons":[{"id":7223,"photo":"https://st.kp.yandex.net/images/actor_iphone/iphone360_7223.jpg","name":"Патрик Фьюджит","enName":"Patrick Fugit","profession":"актеры","enProfession":"actor"},{"id":2668,"photo":"https://st.kp.yandex.net/images/actor_iphone/iphone360_2668.jpg","name":"Билли Крудап","enName":"Billy Crudup","profession":"актеры","enProfession":"actor"},{"id":7222,"photo":"https://st.kp.yandex.net/images/actor_iphone/iphone360_7222.jpg","name":"Фрэнсис Макдорманд","enName":"Frances McDormand","profession":"актеры","enProfession":"actor"},{"id":6580,"photo":"https://st.kp.yandex.net/images/actor_iphone/iphone360_6580.jpg","name":"Кейт Хадсон","enName":"Kate Hudson","profession":"актеры","enProfession":"actor"},{"id":7224,"photo":"https://st.kp.yandex.net/images/actor_iphone/iphone360_7224.jpg","name":"Джейсон Ли","enName":"Jason Lee","profession":"а��теры","enProfession":"actor"},{"id":7230,"photo":"https://st.kp.yandex.net/images/actor_iphone/iphone360_7230.jpg","name":"Зои Дешанель","enName":"Zooey Deschanel","profession":"актеры","enProfession":"actor"},{"id":7225,"photo":"https://st.kp.yandex.net/images/actor_iphone/iphone360_7225.jpg","name":"Филип Сеймур Хоффман","enName":"Philip Seymour Hoffman","profession":"актеры","enProfession":"actor"},{"id":7228,"photo":"https://st.kp.yandex.net/images/actor_iphone/iphone360_7228.jpg","name":"Анна Пэкуин","enName":"Anna Paquin","profession":"актеры","enProfession":"actor"},{"id":7226,"photo":"https://st.kp.yandex.net/images/actor_iphone/iphone360_7226.jpg","name":"Файруза Балк","enName":"Fairuza Balk","profession":"актеры","enProfession":"actor"},{"id":7227,"photo":"https://st.kp.yandex.net/images/actor_iphone/iphone360_7227.jpg","name":"Ноа Тейлор","enName":"Noah Taylor","profession":"актеры","enProfession":"actor"},{"id":7231,"photo":"https://st.kp.yandex.net/images/actor_iphone/iphone360_7231.jpg","name":"Майкл Ангарано","enName":"Michael Angarano","profession":"актеры","enProfession":"actor"},{"id":7232,"photo":"https://st.kp.yandex.net/images/actor_iphone/iphone360_7232.jpg","name":"Джон Федевич","enName":"John Fedevich","profession":"актеры","enProfession":"actor"},{"id":7233,"photo":"https://st.kp.yandex.net/images/actor_iphone/iphone360_7233.jpg","name":"Марк Козелек","enName":"Mark Kozelek","profession":"актеры","enProfession":"actor"},{"id":7234,"photo":"https://st.kp.yandex.net/images/actor_iphone/iphone360_7234.jpg","name":"Лиз Стаубер","enName":"Liz Stauber","profession":"актеры","enProfession":"actor"},{"id":7229,"photo":"https://st.kp.yandex.net/images/actor_iphone/iphone360_7229.jpg","name":"Джимми Фэллон","enName":"Jimmy Fallon","profession":"актеры","enProfession":"actor"},{"id":2586,"photo":"https://st.kp.yandex.net/images/actor_iphone/iphone360_2586.jpg","name":"Оливия Роузвуд","enName":"Olivia Rosewood","profession":"актеры","enProfession":"actor"},{"id":7235,"photo":"https://st.kp.yandex.net/images/actor_iphone/iphone360_7235.jpg","name":"Бижу Филлипс","enName":"Bijou Phillips","profession":"актеры","enProfession":"actor"},{"id":7236,"photo":"https://st.kp.yandex.net/images/actor_iphone/iphone360_7236.jpg","name":"Элис Мари Кроу","enName":"Alice Marie Crowe","profession":"актеры","enProfession":"actor"},{"id":7237,"photo":"https://st.kp.yandex.net/images/actor_iphone/iphone360_7237.jpg","name":"Дж.Дж. Коэн","enName":"J.J. Cohen","profession":"актеры","enProfession":"actor"},{"id":7238,"photo":"https://st.kp.yandex.net/images/actor_iphone/iphone360_7238.jpg","name":"Гари Кон","enName":"Gary Kohn","profession":"актеры","enProfession":"actor"},{"id":7239,"photo":"https://st.kp.yandex.net/images/actor_iphone/iphone360_7239.jpg","name":"Рэй Портер","enName":"Ray Porter","profession":"актеры","enProfession":"actor"},{"id":7240,"photo":"https://st.kp.yandex.net/images/actor_iphone/iphone360_7240.jpg","name":"Марк Пеллингтон","enName":"Mark Pellington","profession":"актеры","enProfession":"actor"},{"id":7241,"photo":"https://st.kp.yandex.net/images/actor_iphone/iphone360_7241.jpg","name":"Эйон Бэйли","enName":"Eion Bailey","profession":"актеры","enProfession":"actor"},{"id":7242,"photo":"https://st.kp.yandex.net/images/actor_iphone/iphone360_7242.jpg","name":"Терри Чен","enName":"Terry Chen","profession":"актеры","enProfession":"actor"},{"id":7243,"photo":"https://st.kp.yandex.net/images/actor_iphone/iphone360_7243.jpg","name":"Рэйн Уилсон","enName":"Rainn Wilson","profession":"актеры","enProfession":"actor"},{"id":7244,"photo":"https://st.kp.yandex.net/images/actor_iphone/iphone360_7244.jpg","name":"Эрин Фоли","enName":"Erin Foley","profession":"актеры","enProfession":"actor"},{"id":7245,"photo":"https://st.kp.yandex.net/images/actor_iphone/iphone360_7245.jpg","name":"Джесси Карон","enName":"Jesse Caron","profession":"актеры","enProfession":"actor"},{"id":7246,"photo":"https://st.kp.yandex.net/images/actor_iphone/iphone360_7246.jpg","name":"Чарльз Уолкер","enName":"Charles Walker","profession":"актеры","enProfession":"actor"},{"id":7247,"photo":"https://st.kp.yandex.net/images/actor_iphone/iphone360_7247.jpg","name":"Джей Барушель","enName":"Jay Baruchel","profession":"актеры","enProfession":"actor"},{"id":7248,"photo":"https://st.kp.yandex.net/images/actor_iphone/iphone360_7248.jpg","name":"Поли Перретт","enName":"Pauley Perrette","profession":"актеры","enProfession":"actor"},{"id":7249,"photo":"https://st.kp.yandex.net/images/actor_iphone/iphone360_7249.jpg","name":"Питер Фрэмптон","enName":"Peter Frampton","profession":"актеры","enProfession":"actor"},{"id":3540,"photo":"https://st.kp.yandex.net/images/actor_iphone/iphone360_3540.jpg","name":"Зак Уорд","enName":"Zack Ward","profession":"актеры","enProfession":"actor"},{"id":7250,"photo":"https://st.kp.yandex.net/images/actor_iphone/iphone360_7250.jpg","name":"Митч Хедберг","enName":"Mitch Hedberg","profession":"актеры","enProfession":"actor"},{"id":7251,"photo":"https://st.kp.yandex.net/images/actor_iphone/iphone360_7251.jpg","name":"Девин Кори","enName":"Devin Corey","profession":"актеры","enProfession":"actor"},{"id":7252,"photo":"https://st.kp.yandex.net/images/actor_iphone/iphone360_7252.jpg","name":"Пит Дродж","enName":"Pete Droge","profession":"актеры","enProfession":"actor"},{"id":7253,"photo":"https://st.kp.yandex.net/images/actor_iphone/iphone360_7253.jpg","name":"Илэйн Саммерс","enName":"Elaine Summers","profession":"актеры","enProfession":"actor"},{"id":1959579,"photo":"https://st.kp.yandex.net/images/actor_iphone/iphone360_1959579.jpg","name":"Эрик Стоунстрит","enName":"Eric Stonestreet","profession":"актеры","enProfession":"actor"},{"id":7255,"photo":"https://st.kp.yandex.net/images/actor_iphone/iphone360_7255.jpg","name":"Марк Мэрон","enName":"Marc Maron","profession":"актеры","enProfession":"actor"},{"id":7256,"photo":"https://st.kp.yandex.net/images/actor_iphone/iphone360_7256.jpg","name":"Шэйн Уиллард","enName":"Shane Willard","profession":"актеры","enProfession":"actor"},{"id":7257,"photo":"https://st.kp.yandex.net/images/actor_iphone/iphone360_7257.jpg","name":"Крис МакЭлпранг","enName":"Chris McElprang","profession":"актеры","enProfession":"actor"},{"id":7258,"photo":"https://st.kp.yandex.net/images/actor_iphone/iphone360_7258.jpg","name":"Джон Патрик Амедори","enName":"John Patrick Amedori","profession":"актеры","enProfession":"actor"},{"id":7259,"photo":"https://st.kp.yandex.net/images/actor_iphone/iphone360_7259.jpg","name":"Кейт Пекхэм","enName":"Kate Peckham","profession":"актеры","enProfession":"actor"},{"id":7260,"photo":"https://st.kp.yandex.net/images/actor_iphone/iphone360_7260.jpg","name":"Джулия Декер","enName":"Julia Decker","profession":"актеры","enProfession":"actor"},{"id":7261,"photo":"https://st.kp.yandex.net/images/actor_iphone/iphone360_7261.jpg","name":"Брайан Вон","enName":"Brian Vaughan","profession":"актеры","enProfession":"actor"},{"id":7262,"photo":"https://st.kp.yandex.net/images/actor_iphone/iphone360_7262.jpg","name":"Энтони Мартелли","enName":"Anthony Martelli","profession":"актеры","enProfession":"actor"},{"id":910019,"photo":"https://st.kp.yandex.net/images/actor_iphone/iphone360_910019.jpg","name":"Зак Клэйрвилль","enName":"Zach Clairville","profession":"актеры","enProfession":"actor"},{"id":7264,"photo":"https://st.kp.yandex.net/images/actor_iphone/iphone360_7264.jpg","name":"Йен Риджвей","enName":"Ian Ridgeway","profession":"актеры","enProfession":"actor"},{"id":7265,"photo":"https://st.kp.yandex.net/images/actor_iphone/iphone360_7265.jpg","name":"Исаак Кертис","enName":"Isaac Curtiss","profession":"актеры","enProfession":"actor"},{"id":7266,"photo":"https://st.kp.yandex.net/images/actor_iphone/iphone360_7266.jpg","name":"Крис Леннон Дэвис","enName":"Chris Lennon Davis","profession":"актеры","enProfession":"actor"},{"id":7269,"photo":"https://st.kp.yandex.net/images/actor_iphone/iphone360_7269.jpg","name":"Скотт Н. Стивенс","enName":"Scott N. Stevens","profession":"актеры","enProfession":"actor"},{"id":7270,"photo":"https://st.kp.yandex.net/images/actor_iphone/iphone360_7270.jpg","name":"Кевин Сасмэн","enName":"Kevin Sussman","profession":"актеры","enProfession":"actor"},{"id":6913,"photo":"https://st.kp.yandex.net/images/actor_iphone/iphone360_6913.jpg","name":"Ретел Бин","enName":"Reathel Bean","profession":"актеры","enProfession":"actor"},{"id":7271,"photo":"https://st.kp.yandex.net/images/actor_iphone/iphone360_7271.jpg","name":"Том Риис Фаррелл","enName":"Tom Riis Farrell","profession":"актеры","enProfession":"actor"},{"id":7272,"photo":"https://st.kp.yandex.net/images/actor_iphone/iphone360_7272.jpg","name":"Лаура Бастианелли","enName":"Laura Bastianelli","profession":"актеры","enProfession":"actor"},{"id":7273,"photo":"https://st.kp.yandex.net/images/actor_iphone/iphone360_7273.jpg","name":"Сэмюэл Аарон Роберсон","enName":"Samuel Aaron Roberson","profession":"актеры","enProfession":"actor"},{"id":7274,"photo":"https://st.kp.yandex.net/images/actor_iphone/iphone360_7274.jpg","name":"Брайан Андресен","enName":"Brian Andreasen","profession":"актеры","enProfession":"actor"},{"id":7275,"photo":"https://st.kp.yandex.net/images/actor_iphone/iphone360_7275.jpg","name":"Джаред Хрен","enName":"Jared Hren","profession":"актеры","enProfession":"actor"},{"id":7276,"photo":"https://st.kp.yandex.net/images/actor_iphone/iphone360_7276.jpg","name":"Мэри Драгицевич","enName":"Mary Dragicevich","profession":"актеры","enProfession":"actor"},{"id":7277,"photo":"https://st.kp.yandex.net/images/actor_iphone/iphone360_7277.jpg","name":"Аура Барр","enName":"Aura Barr","profession":"актеры","enProfession":"actor"},{"id":7278,"photo":"https://st.kp.yandex.net/images/actor_iphone/iphone360_7278.jpg","name":"Дэниэл Уилсон","enName":"Daniel Wilson","profession":"актеры","enProfession":"actor"},{"id":7279,"photo":"https://st.kp.yandex.net/images/actor_iphone/iphone360_7279.jpg","name":"Уильям Барилларо","enName":"William Barillaro","profession":"актеры","enProfession":"actor"},{"id":7280,"photo":"https://st.kp.yandex.net/images/actor_iphone/iphone360_7280.jpg","name":"Холли Мэйплс","enName":"Holly Maples","profession":"актеры","enProfession":"actor"},{"id":7281,"photo":"https://st.kp.yandex.net/images/actor_iphone/iphone360_7281.jpg","name":"Мэтт Гриссер","enName":"Matt Griesser","profession":"актеры","enProfession":"actor"},{"id":7282,"photo":"https://st.kp.yandex.net/images/actor_iphone/iphone360_7282.jpg","name":"Сьюзэн Йигли","enName":"Susan Yeagley","profession":"актеры","enProfession":"actor"},{"id":7283,"photo":"https://st.kp.yandex.net/images/actor_iphone/iphone360_7283.jpg","name":"Николь Спектор","enName":"Nicole Spector","profession":"актеры","enProfession":"actor"},{"id":7284,"photo":"https://st.kp.yandex.net/images/actor_iphone/iphone360_7284.jpg","name":"Патрик Ирмен","enName":"Patrick Irmen","profession":"актеры","enProfession":"actor"},{"id":1582,"photo":"https://st.kp.yandex.net/images/actor_iphone/iphone360_1582.jpg","name":"Ник Свардсон","enName":"Nick Swardson","profession":"актеры","enProfession":"actor"},{"id":7285,"photo":"https://st.kp.yandex.net/images/actor_iphone/iphone360_7285.jpg","name":"Синди Вебер","enName":"Cindy Weber","profession":"актеры","enProfession":"actor"},{"id":7286,"photo":"https://st.kp.yandex.net/images/actor_iphone/iphone360_7286.jpg","name":"Крис Вебер","enName":"Kris Weber","profession":"актеры","enProfession":"actor"},{"id":7288,"photo":"https://st.kp.yandex.net/images/actor_iphone/iphone360_7288.jpg","name":"Кимберли Вебер","enName":"Kimberly Weber","profession":"актеры","enProfession":"actor"},{"id":7289,"photo":"https://st.kp.yandex.net/images/actor_iphone/iphone360_7289.jpg","name":"Кристин Вебер","enName":"Kristin Weber","profession":"актеры","enProfession":"actor"},{"id":7290,"photo":"https://st.kp.yandex.net/images/actor_iphone/iphone360_7290.jpg","name":"Самер Суракли","enName":"Samer Sourakli","profession":"актеры","enProfession":"actor"},{"id":7292,"photo":"https://st.kp.yandex.net/images/actor_iphone/iphone360_7292.jpg","name":"Мишель Моретти","enName":"Michelle Moretti","profession":"актеры","enProfession":"actor"},{"id":7293,"photo":"https://st.kp.yandex.net/images/actor_iphone/iphone360_7293.jpg","name":"Ана Мария Кинтана","enName":"Ana Maria Quintana","profession":"актеры","enProfession":"actor"},{"id":7294,"photo":"https://st.kp.yandex.net/images/actor_iphone/iphone360_7294.jpg","name":"Лиза Бушиньяни","enName":"Lisa Buchignani","profession":"актеры","enProfession":"actor"},{"id":7297,"photo":"https://st.kp.yandex.net/images/actor_iphone/iphone360_7297.jpg","name":"Уильям Мапотер","enName":"William Mapother","profession":"актеры","enProfession":"actor"},{"id":4857855,"photo":"https://st.kp.yandex.net/images/actor_iphone/iphone360_4857855.jpg","name":"Мэтт Абрамс","enName":"Matt Abrams","profession":"актеры","enProfession":"actor"},{"id":4052533,"photo":"https://st.kp.yandex.net/images/actor_iphone/iphone360_4052533.jpg","name":null,"enName":"Dan Andreiu","profession":"актеры","enProfession":"actor"},{"id":733252,"photo":"https://st.kp.yandex.net/images/actor_iphone/iphone360_733252.jpg","name":null,"enName":"Lilly Scourtis Ayers","profession":"актеры","enProfession":"actor"},{"id":1485759,"photo":"https://st.kp.yandex.net/images/actor_iphone/iphone360_1485759.jpg","name":"Тэмми Блу","enName":"Tammy Blue","profession":"актеры","enProfession":"actor"},{"id":2274489,"photo":"https://st.kp.yandex.net/images/actor_iphone/iphone360_2274489.jpg","name":"Чедни Брюэр","enName":"Chadney Brewer","profession":"актеры","enProfession":"actor"},{"id":7299,"photo":"https://st.kp.yandex.net/images/actor_iphone/iphone360_7299.jpg","name":"Эндрю Бриедис","enName":"Andrew Briedis","profession":"актеры","enProfession":"actor"},{"id":1895070,"photo":"https://st.kp.yandex.net/images/actor_iphone/iphone360_1895070.jpg","name":"Грег Бронсон","enName":"Greg Bronson","profession":"актеры","enProfession":"actor"},{"id":7300,"photo":"https://st.kp.yandex.net/images/actor_iphone/iphone360_7300.jpg","name":"Марк Чирилло","enName":"Mark Cirillo","profession":"актеры","enProfession":"actor"},{"id":7301,"photo":"https://st.kp.yandex.net/images/actor_iphone/iphone360_7301.jpg","name":"Эмми Коллинз","enName":"Emmy Collins","profession":"актеры","enProfession":"actor"},{"id":4566612,"photo":"https://st.kp.yandex.net/images/actor_iphone/iphone360_4566612.jpg","name":null,"enName":"Rebeca Cristian","profession":"актеры","enProfession":"actor"},{"id":51798,"photo":"https://st.kp.yandex.net/images/actor_iphone/iphone360_51798.jpg","name":"Синди Кроу","enName":"Cindy Crowe","profession":"актеры","enProfession":"actor"},{"id":7295,"photo":"https://st.kp.yandex.net/images/actor_iphone/iphone360_7295.jpg","name":"Уэйн Доба","enName":"Wayne Doba","profession":"актеры","enProfession":"actor"},{"id":7296,"photo":"https://st.kp.yandex.net/images/actor_iphone/iphone360_7296.jpg","name":"Бодхи Элфмэн","enName":"Bodhi Elfman","profession":"актеры","enProfession":"actor"},{"id":910020,"photo":"https://st.kp.yandex.net/images/actor_iphone/iphone360_910020.jpg","name":"Марк Дж. Феррери","enName":"Mark J. Ferreri","profession":"актеры","enProfession":"actor"},{"id":1768553,"photo":"https://st.kp.yandex.net/images/actor_iphone/iphone360_1768553.jpg","name":"Дэвид Коттон Фишер","enName":"David Cotton Fisher","profession":"актеры","enProfession":"actor"},{"id":4801686,"photo":"https://st.kp.yandex.net/images/actor_iphone/iphone360_4801686.jpg","name":null,"enName":"Cole Fraley","profession":"актеры","enProfession":"actor"},{"id":1966029,"photo":"https://st.kp.yandex.net/images/actor_iphone/iphone360_1966029.jpg","name":"Элизабет Фридман","enName":"Elizabeth Friedman","profession":"актеры","enProfession":"actor"},{"id":7302,"photo":"https://st.kp.yandex.net/images/actor_iphone/iphone360_7302.jpg","name":"Кайл Гэсс","enName":"Kyle Gass","profession":"актеры","enProfession":"actor"},{"id":5938707,"photo":"https://st.kp.yandex.net/images/actor_iphone/iphone360_5938707.jpg","name":null,"enName":"Loic Gisselere","profession":"актеры","enProfession":"actor"},{"id":2210712,"photo":"https://st.kp.yandex.net/images/actor_iphone/iphone360_2210712.jpg","name":"Трой Хиггинс","enName":"Troy Higgins","profession":"актеры","enProfession":"actor"},{"id":4249057,"photo":"https://st.kp.yandex.net/images/actor_iphone/iphone360_4249057.jpg","name":null,"enName":"Michael Layman","profession":"актеры","enProfession":"actor"},{"id":4742009,"photo":"https://st.kp.yandex.net/images/actor_iphone/iphone360_4742009.jpg","name":"Пол Макмайкл","enName":"Paul McMichael","profession":"актеры","enProfession":"actor"},{"id":7303,"photo":"https://st.kp.yandex.net/images/actor_iphone/iphone360_7303.jpg","name":"Мелисса Гастгабер","enName":"Melissa Miller","profession":"актеры","enProfession":"actor"},{"id":4321465,"photo":"https://st.kp.yandex.net/images/actor_iphone/iphone360_4321465.jpg","name":"Арнольд Монти","enName":"Arnold Montey","profession":"актеры","enProfession":"actor"},{"id":236500,"photo":"https://st.kp.yandex.net/images/actor_iphone/iphone360_236500.jpg","name":"Дирдри О’Брайэн","enName":"Deirdre O'Brien","profession":"актеры","enProfession":"actor"},{"id":237977,"photo":"https://st.kp.yandex.net/images/actor_iphone/iphone360_237977.jpg","name":"Марк Антонио Притчетт","enName":"Marc Antonio Pritchett","profession":"актеры","enProfession":"actor"},{"id":1217859,"photo":"https://st.kp.yandex.net/images/actor_iphone/iphone360_1217859.jpg","name":"Луис Э. Росас","enName":"Louis E. Rosas","profession":"актеры","enProfession":"actor"},{"id":7304,"photo":"https://st.kp.yandex.net/images/actor_iphone/iphone360_7304.jpg","name":"Эрик Розенберг","enName":"Eric Rosenberg","profession":"актеры","enProfession":"actor"},{"id":3717166,"photo":"https://st.kp.yandex.net/images/actor_iphone/iphone360_3717166.jpg","name":"Шеннон Сэйнт Райан","enName":"Shannon Saint Ryan","profession":"актеры","enProfession":"actor"},{"id":5009064,"photo":"https://st.kp.yandex.net/images/actor_iphone/iphone360_5009064.jpg","name":null,"enName":"Brian Savage","profession":"актеры","enProfession":"actor"},{"id":1672085,"photo":"https://st.kp.yandex.net/images/actor_iphone/iphone360_1672085.jpg","name":"Ники Сикстин","enName":"Nicki Sixteen","profession":"актеры","enProfession":"actor"},{"id":266865,"photo":"https://st.kp.yandex.net/images/actor_iphone/iphone360_266865.jpg","name":"Кэйси Слэйд","enName":"Casey Slade","profession":"актеры","enProfession":"actor"},{"id":995823,"photo":"https://st.kp.yandex.net/images/actor_iphone/iphone360_995823.jpg","name":"Абрахам Смит","enName":"Abraham Smith","profession":"актеры","enProfession":"actor"},{"id":1615423,"photo":"https://st.kp.yandex.net/images/actor_iphone/iphone360_1615423.jpg","name":"Джимми Стар","enName":"Jimmy Star","profession":"актеры","enProfession":"actor"},{"id":479236,"photo":"https://st.kp.yandex.net/images/actor_iphone/iphone360_479236.jpg","name":"Кристин Виенна","enName":"Christine Vienna","profession":"актеры","enProfession":"actor"},{"id":4262502,"photo":"https://st.kp.yandex.net/images/actor_iphone/iphone360_4262502.jpg","name":null,"enName":"Larry Weisberg","profession":"актеры","enProfession":"actor"},{"id":7291,"photo":"https://st.kp.yandex.net/images/actor_iphone/iphone360_7291.jpg","name":"Джэнн Уэннер","enName":"Jann Wenner","profession":"актеры","enProfession":"actor"},{"id":265933,"photo":"https://st.kp.yandex.net/images/actor_iphone/iphone360_265933.jpg","name":"Патрик Уильямс","enName":"Patrick Williams","profession":"актеры","enProfession":"actor"},{"id":1128407,"photo":"https://st.kp.yandex.net/images/actor_iphone/iphone360_1128407.jpg","name":"Эвис Ксхенети","enName":"Evis Xheneti","profession":"актеры","enProfession":"actor"},{"id":157915,"photo":"https://st.kp.yandex.net/images/actor_iphone/iphone360_157915.jpg","name":"Нэнси Уилсон","enName":"Nancy Wilson","profession":"композиторы","enProfession":"composer"},{"id":1999282,"photo":"https://st.kp.yandex.net/images/actor_iphone/iphone360_1999282.jpg","name":"Клэй А. Гриффит","enName":"Clay A. Griffith","profession":"художники","enProfession":"designer"},{"id":1157747,"photo":"https://st.kp.yandex.net/images/actor_iphone/iphone360_1157747.jpg","name":"Клэйтон Хартли","enName":"Clayton Hartley","profession":"художники","enProfession":"designer"},{"id":1999969,"photo":"https://st.kp.yandex.net/images/actor_iphone/iphone360_1999969.jpg","name":"Вирджиния Л. Рэндольф","enName":"Virginia L. Randolph","profession":"художники","enProfession":"designer"},{"id":1985480,"photo":"https://st.kp.yandex.net/images/actor_iphone/iphone360_1985480.jpg","name":"Бетси Хайман","enName":"Betsy Heimann","profession":"художники","enProfession":"designer"},{"id":1986460,"photo":"https://st.kp.yandex.net/images/actor_iphone/iphone360_1986460.jpg","name":"Роберт Гринфилд","enName":"Robert Greenfield","profession":"художники","enProfession":"designer"},{"id":7221,"photo":"https://st.kp.yandex.net/images/actor_iphone/iphone360_7221.jpg","name":"Кэмерон Кроу","enName":"Cameron Crowe","profession":"режиссеры","enProfession":"director"},{"id":1085434,"photo":"https://st.kp.yandex.net/images/actor_iphone/iphone360_1085434.jpg","name":"Джо Хатшинг","enName":"Joe Hutshing","profession":"монтажеры","enProfession":"editor"},{"id":102788,"photo":"https://st.kp.yandex.net/images/actor_iphone/iphone360_102788.jpg","name":"Заар Клейн","enName":"Saar Klein","profession":"монтажеры","enProfession":"editor"},{"id":608759,"photo":"https://st.kp.yandex.net/images/actor_iphone/iphone360_608759.jpg","name":"Джон Толл","enName":"John Toll","profession":"операторы","enProfession":"operator"},{"id":7305,"photo":"https://st.kp.yandex.net/images/actor_iphone/iphone360_7305.jpg","name":"Йен Брайс","enName":"Ian Bryce","profession":"продюсеры","enProfession":"producer"},{"id":7221,"photo":"https://st.kp.yandex.net/images/actor_iphone/iphone360_7221.jpg","name":"Кэмерон Кроу","enName":"Cameron Crowe","profession":"продюсеры","enProfession":"producer"},{"id":7306,"photo":"https://st.kp.yandex.net/images/actor_iphone/iphone360_7306.jpg","name":"Марти П. Юинг","enName":"Marty P. Ewing","profession":"продюсеры","enProfession":"producer"},{"id":7307,"photo":"https://st.kp.yandex.net/images/actor_iphone/iphone360_7307.jpg","name":"Скотт М. Мартин","enName":"Scott M. Martin","profession":"продюсеры","enProfession":"producer"},{"id":7221,"photo":"https://st.kp.yandex.net/images/actor_iphone/iphone360_7221.jpg","name":"Кэмерон Кроу","enName":"Cameron Crowe","profession":"редакторы","enProfession":"writer"}],"productionCompanies":[{"name":"Columbia Pictures","url":"https://www.themoviedb.org/t/p/original/71BqEFAF4V3qjjMPCpLuyJFB9A.png","previewUrl":"https://www.themoviedb.org/t/p/w500/71BqEFAF4V3qjjMPCpLuyJFB9A.png"},{"name":"Vinyl Films","url":"https://www.themoviedb.org/t/p/original/tVOP0mIeoYLua4Rw66OYNzitrrI.png","previewUrl":"https://www.themoviedb.org/t/p/w500/tVOP0mIeoYLua4Rw66OYNzitrrI.png"},{"name":"DreamWorks Pictures","url":"https://www.themoviedb.org/t/p/original/vru2SssLX3FPhnKZGtYw00pVIS9.png","previewUrl":"https://www.themoviedb.org/t/p/w500/vru2SssLX3FPhnKZGtYw00pVIS9.png"}],"typeNumber":1,"alternativeName":"Almost Famous","backdrop":{"url":null,"previewUrl":null},"enName":null,"movieLength":123,"names":[{"name":"Почти знаменит"},{"name":"Almost Famous"},{"name":"Majdnem híres","language":"HU","type":null},{"name":"成名之路","language":"CN","type":null},{"name":"成名在望","language":"TW","type":null},{"name":"Presque Celebre","language":"FR","type":null},{"name":"Casi Famosos","language":"ES","type":null},{"name":"Quase Famosos: Versão Extendida","language":"BR","type":null},{"name":"올모스트 페이머스","language":"KR","type":null},{"name":"Almost Famous - Untitled: The Extended Cut","language":"GB","type":"DVD Director's Cut"}],"status":null,"ageRating":16,"ratingMpaa":"r","shortDescription":null,"similarMovies":[{"id":416824,"name":"Рок-волна","enName":null,"alternativeName":"The Boat That Rocked","type":"movie","poster":{"url":"https://avatars.mds.yandex.net/get-kinopoisk-image/1629390/fce806c3-1a06-4f99-b3bc-7fa7fc1450e0/orig","previewUrl":"https://avatars.mds.yandex.net/get-kinopoisk-image/1629390/fce806c3-1a06-4f99-b3bc-7fa7fc1450e0/x1000"}},{"id":2990,"name":"Ночи в стиле буги","enName":null,"alternativeName":"Boogie Nights","type":"movie","poster":{"url":"https://avatars.mds.yandex.net/get-kinopoisk-image/4303601/a6b096a0-0f44-43b4-a8a0-36f56e23770e/orig","previewUrl":"https://avatars.mds.yandex.net/get-kinopoisk-image/4303601/a6b096a0-0f44-43b4-a8a0-36f56e23770e/x1000"}},{"id":1956,"name":"Рок-звезда","enName":null,"alternativeName":"Rock Star","type":"movie","poster":{"url":"https://avatars.mds.yandex.net/get-kinopoisk-image/1946459/b42ea451-b3ce-4f1f-a1f6-8a0cdba8688f/orig","previewUrl":"https://avatars.mds.yandex.net/get-kinopoisk-image/1946459/b42ea451-b3ce-4f1f-a1f6-8a0cdba8688f/x1000"}},{"id":483237,"name":"Убить Боно","enName":null,"alternativeName":"Killing Bono","type":"movie","poster":{"url":"https://avatars.mds.yandex.net/get-kinopoisk-image/1599028/d42d2eda-e912-41d4-aa70-8e68ac5e9724/orig","previewUrl":"https://avatars.mds.yandex.net/get-kinopoisk-image/1599028/d42d2eda-e912-41d4-aa70-8e68ac5e9724/x1000"}},{"id":412299,"name":"Побег из Вегаса","enName":null,"alternativeName":"Get Him to the Greek","type":"movie","poster":{"url":"https://avatars.mds.yandex.net/get-kinopoisk-image/1946459/42cdd920-508d-4fa0-bf37-0e48d0b8c5e2/orig","previewUrl":"https://avatars.mds.yandex.net/get-kinopoisk-image/1946459/42cdd920-508d-4fa0-bf37-0e48d0b8c5e2/x1000"}},{"id":4593,"name":"То, что ты делаешь","enName":null,"alternativeName":"That Thing You Do!","type":"movie","poster":{"url":"https://avatars.mds.yandex.net/get-kinopoisk-image/1704946/1f286793-525d-48b0-9989-ae239d6d0fbc/orig","previewUrl":"https://avatars.mds.yandex.net/get-kinopoisk-image/1704946/1f286793-525d-48b0-9989-ae239d6d0fbc/x1000"}},{"id":518,"name":"Это — Spinal Tap","enName":null,"alternativeName":"This Is Spinal Tap","type":"movie","poster":{"url":"https://avatars.mds.yandex.net/get-kinopoisk-image/1599028/dd2d38e0-511c-432b-903f-623a172351ae/orig","previewUrl":"https://avatars.mds.yandex.net/get-kinopoisk-image/1599028/dd2d38e0-511c-432b-903f-623a172351ae/x1000"}},{"id":102064,"name":"Я — группи","enName":null,"alternativeName":"Ich - Ein Groupie","type":"movie","poster":{"url":"https://avatars.mds.yandex.net/get-kinopoisk-image/1704946/957fc748-6ea9-4b03-9b2b-c5d21c2d1579/orig","previewUrl":"https://avatars.mds.yandex.net/get-kinopoisk-image/1704946/957fc748-6ea9-4b03-9b2b-c5d21c2d1579/x1000"}}],"sequelsAndPrequels":[],"logo":{"url":null},"watchability":{"items":null},"top10":null,"top250":null}