{"fees":{"world":{"value":51001550,"currency":"$"},"russia":{"value":150000,"currency":"$"},"usa":{"value":9285469,"currency":"$"}},"status":null,"externalId":{"kpHD":"46709f0519b021bf846f1631d55ee5c6","imdb":"tt0287467","tmdb":64},"rating":{"kp":7.757,"imdb":7.9,"filmCritics":8.1,"russianFilmCritics":0,"await":0},"votes":{"kp":21804,"imdb":114532,"filmCritics":137,"russianFilmCritics":1,"await":0},"backdrop":{"url":"https://avatars.mds.yandex.net/get-ott/200035/2a000001616b8fe6edd8ac737bd3f0592d14/orig","previewUrl":"https://avatars.mds.yandex.net/get-ott/200035/2a000001616b8fe6edd8ac737bd3f0592d14/x1000"},"movieLength":112,"productionCompanies":[{"name":"Vía Digital","url":null,"previewUrl":null},{"name":"Good Machine","url":null,"previewUrl":null},{"name":"El Deseo","url":"https://www.themoviedb.org/t/p/original/xpf5iHdvvBtsH8jBMlgIJHAET0c.png","previewUrl":"https://www.themoviedb.org/t/p/w500/xpf5iHdvvBtsH8jBMlgIJHAET0c.png"},{"name":"Atresmedia","url":"https://www.themoviedb.org/t/p/original/wHbtRtUnXGNzX0riQIpq1fcgueq.png","previewUrl":"https://www.themoviedb.org/t/p/w500/wHbtRtUnXGNzX0riQIpq1fcgueq.png"}],"id":463,"type":"movie","name":"Поговори с ней","description":"В поисках интересного персонажа для статьи журналист Марко встречается со знаменитой женщиной-тореро Лидией. Их знакомство перерастает в страстную любовь, но все надежды рушит трагедия на корриде: удар разъяренного быка повергает Лидию в кому. Проводя дни и ночи в больнице, Марко знакомится с медбратом Бениньо. Он не первый год заботится о впавшей в кому Алисии, которую страстно любит, не надеясь на взаимность.\n\nСхожие судьбы объединяют мужчин, но Бениньо счастлив, а Марко страдает, будучи не в силах выразить Лидии свои чувства. Видя отчаяние друга, Бениньо дает ему совет: «Поговори с ней». Теперь только сокровенные разговоры связывают любимых, и может быть, простые слова однажды сотворят чудо, на которое так надеются Марко и Бениньо…","premiere":{"country":"Испания","world":"2002-03-15T00:00:00.000Z","russia":"2002-06-23T00:00:00.000Z","cinema":"2021-11-11T00:00:00.000Z","dvd":"2009-03-31T00:00:00.000Z"},"slogan":null,"year":2002,"poster":{"url":"https://st.kp.yandex.net/images/film_big/463.jpg","previewUrl":"https://st.kp.yandex.net/images/film_iphone/iphone360_463.jpg"},"facts":[{"value":"Быков снимали действительно окровавленных. Защитники прав животных из Мадрида пытались засудить режиссёра <a href=\"/name/981/\" class=\"all\">Педро Альмодовара</a> за жестокое обращение с животными. Альмодовар в ответ заявил, что имел разрешение владельцев быков на их убийство, и обвинил защитников прав животных в погоне за дешёвой популярностью.","type":"FACT","spoiler":false},{"value":"Персонаж по имени Бениньо списан с друга <a href=\"/name/981/\" class=\"all\">Педро Альмодовара</a>, которого зовут Роберто Бениньи.","type":"FACT","spoiler":false},{"value":"Когда Марко спрашивает Лидию, как её зовут, и слышит ответ, он произносит фразу: &laquo;Похоже, тебе было судьбой предначертано [носить это имя]&raquo;. Дело в том, что корриду нередко называют &laquo;искусством Лидии&raquo;.","type":"FACT","spoiler":false},{"value":"Режиссёр вспоминает, что идея фильма пришла к нему на концерте <a href=\"/name/41933/\" class=\"all\">Пины Бауш</a>. Тот автограф, который Бениньо показывает неподвижной Алисии, был дан Пиной самому <a href=\"/name/981/\" class=\"all\">Альмодовару</a> за несколько лет до съёмок фильма.","type":"FACT","spoiler":true}],"genres":[{"name":"драма"},{"name":"мелодрама"},{"name":"детектив"}],"countries":[{"name":"Испания"}],"videos":{"trailers":[{"url":"https://www.youtube.com/v/vXvW6aLoyh8","name":"Трейлер","site":"youtube"},{"url":"https://www.youtube.com/embed/7fl8tyEIXXI","name":"Talk To Her (Hable con ella) - Trailer - (2002) - HQ","site":"youtube","type":"TRAILER"}],"teasers":[]},"seasonsInfo":[],"persons":[{"id":1163,"photo":"https://st.kp.yandex.net/images/actor_iphone/iphone360_1163.jpg","name":"Хавьер Камара","enName":"Javier Cámara","profession":"актеры","enProfession":"actor"},{"id":41911,"photo":"https://st.kp.yandex.net/images/actor_iphone/iphone360_41911.jpg","name":"Дарио Грандинетти","enName":"Darío Grandinetti","profession":"актеры","enProfession":"actor"},{"id":41912,"photo":"https://st.kp.yandex.net/images/actor_iphone/iphone360_41912.jpg","name":"Леонор Уотлинг","enName":"Leonor Watling","profession":"актеры","enProfession":"actor"},{"id":41913,"photo":"https://st.kp.yandex.net/images/actor_iphone/iphone360_41913.jpg","name":"Росарио Флорес","enName":"Rosario Flores","profession":"актеры","enProfession":"actor"},{"id":41915,"photo":"https://st.kp.yandex.net/images/actor_iphone/iphone360_41915.jpg","name":"Мариола Фуэнтес","enName":"Mariola Fuentes","profession":"актеры","enProfession":"actor"},{"id":41914,"photo":"https://st.kp.yandex.net/images/actor_iphone/iphone360_41914.jpg","name":"Джеральдин Чаплин","enName":"Geraldine Chaplin","profession":"актеры","enProfession":"actor"},{"id":41933,"photo":"https://st.kp.yandex.net/images/actor_iphone/iphone360_41933.jpg","name":"Пина Бауш","enName":"Pina Bausch","profession":"актеры","enProfession":"actor"},{"id":41934,"photo":"https://st.kp.yandex.net/images/actor_iphone/iphone360_41934.jpg","name":"Малу Айродо","enName":"Malou Airaudo","profession":"актеры","enProfession":"actor"},{"id":41935,"photo":"https://st.kp.yandex.net/images/actor_iphone/iphone360_41935.jpg","name":"Каэтано Велозо","enName":"Caetano Veloso","profession":"актеры","enProfession":"actor"},{"id":13723,"photo":"https://st.kp.yandex.net/images/actor_iphone/iphone360_13723.jpg","name":"Роберто Альварес","enName":"Roberto Álvarez","profession":"актеры","enProfession":"actor"},{"id":1162,"photo":"https://st.kp.yandex.net/images/actor_iphone/iphone360_1162.jpg","name":"Елена Анайя","enName":"Elena Anaya","profession":"актеры","enProfession":"actor"},{"id":41918,"photo":"https://st.kp.yandex.net/images/actor_iphone/iphone360_41918.jpg","name":"Лола Дуэньяс","enName":"Lola Dueñas","profession":"актеры","enProfession":"actor"},{"id":41916,"photo":"https://st.kp.yandex.net/images/actor_iphone/iphone360_41916.jpg","name":"Адольфо Фернандес","enName":"Adolfo Fernández","profession":"актеры","enProfession":"actor"},{"id":41919,"photo":"https://st.kp.yandex.net/images/actor_iphone/iphone360_41919.jpg","name":"Ана Фернандес","enName":"Ana Fernández","profession":"актеры","enProfession":"actor"},{"id":41920,"photo":"https://st.kp.yandex.net/images/actor_iphone/iphone360_41920.jpg","name":"Чус Лампреаве","enName":"Chus Lampreave","profession":"актеры","enProfession":"actor"},{"id":41921,"photo":"https://st.kp.yandex.net/images/actor_iphone/iphone360_41921.jpg","name":"Лолес Леон","enName":"Loles León","profession":"актеры","enProfession":"actor"},{"id":41917,"photo":"https://st.kp.yandex.net/images/actor_iphone/iphone360_41917.jpg","name":"Феле Мартинес","enName":"Fele Martínez","profession":"актеры","enProfession":"actor"},{"id":41922,"photo":"https://st.kp.yandex.net/images/actor_iphone/iphone360_41922.jpg","name":"Элио Педрегаль","enName":"Helio Pedregal","profession":"актеры","enProfession":"actor"},{"id":1558,"photo":"https://st.kp.yandex.net/images/actor_iphone/iphone360_1558.jpg","name":"Хосе Санчо","enName":"José Sancho","profession":"актеры","enProfession":"actor"},{"id":1158,"photo":"https://st.kp.yandex.net/images/actor_iphone/iphone360_1158.jpg","name":"Пас Вега","enName":"Paz Vega","profession":"актеры","enProfession":"actor"},{"id":41923,"photo":"https://st.kp.yandex.net/images/actor_iphone/iphone360_41923.jpg","name":"Беатриз Сантьяго","enName":"Beatriz Santiago","profession":"актеры","enProfession":"actor"},{"id":554894,"photo":"https://st.kp.yandex.net/images/actor_iphone/iphone360_554894.jpg","name":"Хуан Фернандес","enName":"Juan Fernández","profession":"актеры","enProfession":"actor"},{"id":41924,"photo":"https://st.kp.yandex.net/images/actor_iphone/iphone360_41924.jpg","name":"Кармен Мачи","enName":"Carmen Machi","profession":"актеры","enProfession":"actor"},{"id":41926,"photo":"https://st.kp.yandex.net/images/actor_iphone/iphone360_41926.jpg","name":"Исмаэль Мартинес","enName":"Ismael Martínez","profession":"актеры","enProfession":"actor"},{"id":41925,"photo":"https://st.kp.yandex.net/images/actor_iphone/iphone360_41925.jpg","name":"Хосерра Кадиньянос","enName":"Joserra Cadiñanos","profession":"актеры","enProfession":"actor"},{"id":3643691,"photo":"https://st.kp.yandex.net/images/actor_iphone/iphone360_3643691.jpg","name":null,"enName":"Ángel Infantes","profession":"актеры","enProfession":"actor"},{"id":980,"photo":"https://st.kp.yandex.net/images/actor_iphone/iphone360_980.jpg","name":"Агустин Альмодовар","enName":"Agustín Almodóvar","profession":"актеры","enProfession":"actor"},{"id":41927,"photo":"https://st.kp.yandex.net/images/actor_iphone/iphone360_41927.jpg","name":"Адела Донамария","enName":"Adela Donamaría","profession":"актеры","enProfession":"actor"},{"id":26231,"photo":"https://st.kp.yandex.net/images/actor_iphone/iphone360_26231.jpg","name":"Карлос Гарсия Камберо","enName":"Carlos García Cambero","profession":"актеры","enProfession":"actor"},{"id":26234,"photo":"https://st.kp.yandex.net/images/actor_iphone/iphone360_26234.jpg","name":"Эстер Гарсия","enName":"Esther García","profession":"актеры","enProfession":"actor"},{"id":26233,"photo":"https://st.kp.yandex.net/images/actor_iphone/iphone360_26233.jpg","name":"Лола Гарсия","enName":"Lola García","profession":"актеры","enProfession":"actor"},{"id":41928,"photo":"https://st.kp.yandex.net/images/actor_iphone/iphone360_41928.jpg","name":"Соня Гранде","enName":"Sonia Grande","profession":"актеры","enProfession":"actor"},{"id":4438500,"photo":"https://st.kp.yandex.net/images/actor_iphone/iphone360_4438500.jpg","name":null,"enName":"Ben Lindbergh","profession":"актеры","enProfession":"actor"},{"id":728128,"photo":"https://st.kp.yandex.net/images/actor_iphone/iphone360_728128.jpg","name":"Карлос Мигель","enName":"Carlos Miguel","profession":"актеры","enProfession":"actor"},{"id":984,"photo":"https://st.kp.yandex.net/images/actor_iphone/iphone360_984.jpg","name":"Мишель Рубен","enName":"Michel Ruben","profession":"актеры","enProfession":"actor"},{"id":41929,"photo":"https://st.kp.yandex.net/images/actor_iphone/iphone360_41929.jpg","name":"Ана Санс","enName":"Ana Sanz","profession":"актеры","enProfession":"actor"},{"id":728129,"photo":"https://st.kp.yandex.net/images/actor_iphone/iphone360_728129.jpg","name":"Жан-Лоран Саспорте","enName":"Jean-Laurent Sasportes","profession":"актеры","enProfession":"actor"},{"id":736900,"photo":"https://st.kp.yandex.net/images/actor_iphone/iphone360_736900.jpg","name":"Назарет Панадеро","enName":"Nazareth Panadero","profession":"актеры","enProfession":"actor"},{"id":728130,"photo":"https://st.kp.yandex.net/images/actor_iphone/iphone360_728130.jpg","name":"Доминик Мерси","enName":"Dominique Mercy","profession":"актеры","enProfession":"actor"},{"id":736901,"photo":"https://st.kp.yandex.net/images/actor_iphone/iphone360_736901.jpg","name":"Михаэль Штреккер","enName":"Michael Strecker","profession":"актеры","enProfession":"actor"},{"id":736902,"photo":"https://st.kp.yandex.net/images/actor_iphone/iphone360_736902.jpg","name":"Рут Амаранте","enName":"Ruth Amarante","profession":"актеры","enProfession":"actor"},{"id":736903,"photo":"https://st.kp.yandex.net/images/actor_iphone/iphone360_736903.jpg","name":"Аида Вайньери","enName":"Aida Vainieri","profession":"актеры","enProfession":"actor"},{"id":736904,"photo":"https://st.kp.yandex.net/images/actor_iphone/iphone360_736904.jpg","name":"Райнер Бер","enName":"Rainer Behr","profession":"актеры","enProfession":"actor"},{"id":736905,"photo":"https://st.kp.yandex.net/images/actor_iphone/iphone360_736905.jpg","name":"Стефен Бринкман","enName":"Stephen Brinkmann","profession":"актеры","enProfession":"actor"},{"id":736906,"photo":"https://st.kp.yandex.net/images/actor_iphone/iphone360_736906.jpg","name":"Хорхе Пуэрта","enName":"Jorge Puerta","profession":"актеры","enProfession":"actor"},{"id":736907,"photo":"https://st.kp.yandex.net/images/actor_iphone/iphone360_736907.jpg","name":"Дафнис Коккинос","enName":"Daphnis Kokkinos","profession":"актеры","enProfession":"actor"},{"id":736908,"photo":"https://st.kp.yandex.net/images/actor_iphone/iphone360_736908.jpg","name":"Фернандо Суэльс","enName":"Fernando Suels","profession":"актеры","enProfession":"actor"},{"id":736909,"photo":"https://st.kp.yandex.net/images/actor_iphone/iphone360_736909.jpg","name":"Фабьен Приовиль","enName":"Fabien Prioville","profession":"актеры","enProfession":"actor"},{"id":736910,"photo":"https://st.kp.yandex.net/images/actor_iphone/iphone360_736910.jpg","name":"Кристиана Морганти","enName":"Cristiana Morganti","profession":"актеры","enProfession":"actor"},{"id":1076317,"photo":"https://st.kp.yandex.net/images/actor_iphone/iphone360_1076317.jpg","name":"Джули Шэнэхэн","enName":"Julie Shanahan","profession":"актеры","enProfession":"actor"},{"id":736912,"photo":"https://st.kp.yandex.net/images/actor_iphone/iphone360_736912.jpg","name":"Мелани Морен","enName":"Melanie Maurin","profession":"актеры","enProfession":"actor"},{"id":736913,"photo":"https://st.kp.yandex.net/images/actor_iphone/iphone360_736913.jpg","name":"Дитта Джасфи","enName":"Ditta Jasjfi","profession":"актеры","enProfession":"actor"},{"id":736914,"photo":"https://st.kp.yandex.net/images/actor_iphone/iphone360_736914.jpg","name":"Асуса Сеяма","enName":"Azusa Seyama","profession":"актеры","enProfession":"actor"},{"id":524988,"photo":"https://st.kp.yandex.net/images/actor_iphone/iphone360_524988.jpg","name":"Барбара Хампел","enName":"Barbara Hampel","profession":"актеры","enProfession":"actor"},{"id":736915,"photo":"https://st.kp.yandex.net/images/actor_iphone/iphone360_736915.jpg","name":"Рехина Адвенто","enName":"Regina Advento","profession":"актеры","enProfession":"actor"},{"id":736916,"photo":"https://st.kp.yandex.net/images/actor_iphone/iphone360_736916.jpg","name":"Андрей Березин","enName":"Andrey Berezin","profession":"актеры","enProfession":"actor"},{"id":1378649,"photo":"https://st.kp.yandex.net/images/actor_iphone/iphone360_1378649.jpg","name":"Каталина Артега","enName":"Catalina Arteaga","profession":"актеры","enProfession":"actor"},{"id":1456673,"photo":"https://st.kp.yandex.net/images/actor_iphone/iphone360_1456673.jpg","name":"Виктор Матос","enName":"Víctor Matos","profession":"актеры","enProfession":"actor"},{"id":1142394,"photo":"https://st.kp.yandex.net/images/actor_iphone/iphone360_1142394.jpg","name":"Рэкуэл Агилера","enName":"Raquel Aguilera","profession":"актеры","enProfession":"actor"},{"id":1142400,"photo":"https://st.kp.yandex.net/images/actor_iphone/iphone360_1142400.jpg","name":"Висенте Паломо","enName":"Vicente Palomo","profession":"актеры","enProfession":"actor"},{"id":1142395,"photo":"https://st.kp.yandex.net/images/actor_iphone/iphone360_1142395.jpg","name":"Лусия Барбадийо","enName":"Lucía Barbadillo","profession":"актеры","enProfession":"actor"},{"id":1142401,"photo":"https://st.kp.yandex.net/images/actor_iphone/iphone360_1142401.jpg","name":"Рэкуэл Рей","enName":"Raquel Rey","profession":"актеры","enProfession":"actor"},{"id":1142396,"photo":"https://st.kp.yandex.net/images/actor_iphone/iphone360_1142396.jpg","name":"Мигель Анхель Боло","enName":"Miguel Ángel Bolo","profession":"актеры","enProfession":"actor"},{"id":1142402,"photo":"https://st.kp.yandex.net/images/actor_iphone/iphone360_1142402.jpg","name":"Рауль Монтес","enName":"Raúl Montes","profession":"актеры","enProfession":"actor"},{"id":1142397,"photo":"https://st.kp.yandex.net/images/actor_iphone/iphone360_1142397.jpg","name":"Райко Кано","enName":"Rayco Cano","profession":"актеры","enProfession":"actor"},{"id":1142403,"photo":"https://st.kp.yandex.net/images/actor_iphone/iphone360_1142403.jpg","name":"Наталия Рук","enName":"Natalia Rook","profession":"актеры","enProfession":"actor"},{"id":1142398,"photo":"https://st.kp.yandex.net/images/actor_iphone/iphone360_1142398.jpg","name":"Лара Эранндорена","enName":"Lara Hernandorena","profession":"актеры","enProfession":"actor"},{"id":1142404,"photo":"https://st.kp.yandex.net/images/actor_iphone/iphone360_1142404.jpg","name":"Бенуа Коссе","enName":"Benoit Causse","profession":"актеры","enProfession":"actor"},{"id":1142399,"photo":"https://st.kp.yandex.net/images/actor_iphone/iphone360_1142399.jpg","name":"Исаак Монллор","enName":"Isaac Monllor","profession":"актеры","enProfession":"actor"},{"id":1142405,"photo":"https://st.kp.yandex.net/images/actor_iphone/iphone360_1142405.jpg","name":"Марина Хименес","enName":"Marina Jiménez","profession":"актеры","enProfession":"actor"},{"id":1305984,"photo":"https://st.kp.yandex.net/images/actor_iphone/iphone360_1305984.jpg","name":"Хоакин Абад","enName":"Joaquín Abad","profession":"актеры","enProfession":"actor"},{"id":1281935,"photo":"https://st.kp.yandex.net/images/actor_iphone/iphone360_1281935.jpg","name":"Елена Бенарроч","enName":"Elena Benarroch","profession":"актеры","enProfession":"actor"},{"id":41931,"photo":"https://st.kp.yandex.net/images/actor_iphone/iphone360_41931.jpg","name":"Юйи Берингола","enName":"Yuyi Beringola","profession":"актеры","enProfession":"actor"},{"id":736917,"photo":"https://st.kp.yandex.net/images/actor_iphone/iphone360_736917.jpg","name":"Хавьер Конде","enName":"Javier Conde","profession":"актеры","enProfession":"actor"},{"id":609459,"photo":"https://st.kp.yandex.net/images/actor_iphone/iphone360_609459.jpg","name":"Паола Домингин","enName":"Paola Dominguín","profession":"актеры","enProfession":"actor"},{"id":1485455,"photo":"https://st.kp.yandex.net/images/actor_iphone/iphone360_1485455.jpg","name":"Хайме Фернандес-Сид Бускато","enName":"Jaime Fernández-Cid Buscató","profession":"актеры","enProfession":"actor"},{"id":41930,"photo":"https://st.kp.yandex.net/images/actor_iphone/iphone360_41930.jpg","name":"Фернандо Гильен Куэрво","enName":"Fernando Guillén Cuervo","profession":"актеры","enProfession":"actor"},{"id":1142406,"photo":"https://st.kp.yandex.net/images/actor_iphone/iphone360_1142406.jpg","name":"Фернандо Иглесиас","enName":"Fernando Iglesias","profession":"актеры","enProfession":"actor"},{"id":263447,"photo":"https://st.kp.yandex.net/images/actor_iphone/iphone360_263447.jpg","name":"Мартирио","enName":"Martirio","profession":"актеры","enProfession":"actor"},{"id":2516469,"photo":"https://st.kp.yandex.net/images/actor_iphone/iphone360_2516469.jpg","name":"Хуан Карлос Мартинес Антунья","enName":"Juan Carlos Martínez Antuña","profession":"актеры","enProfession":"actor"},{"id":950,"photo":"https://st.kp.yandex.net/images/actor_iphone/iphone360_950.jpg","name":"Мариса Паредес","enName":"Marisa Paredes","profession":"актеры","enProfession":"actor"},{"id":14802,"photo":"https://st.kp.yandex.net/images/actor_iphone/iphone360_14802.jpg","name":"Сесилия Рот","enName":"Cecilia Roth","profession":"актеры","enProfession":"actor"},{"id":41932,"photo":"https://st.kp.yandex.net/images/actor_iphone/iphone360_41932.jpg","name":"Мамен Сеговия","enName":"Mamen Segovia","profession":"актеры","enProfession":"actor"},{"id":908727,"photo":"https://st.kp.yandex.net/images/actor_iphone/iphone360_908727.jpg","name":"Алехандро Тоус","enName":"Alejandro Tous","profession":"актеры","enProfession":"actor"},{"id":385610,"photo":"https://st.kp.yandex.net/images/actor_iphone/iphone360_385610.jpg","name":"Хосе Мария Яспик","enName":"José María Yazpik","profession":"актеры","enProfession":"actor"},{"id":297755,"photo":"https://st.kp.yandex.net/images/actor_iphone/iphone360_297755.jpg","name":"Альберто Иглесиас","enName":"Alberto Iglesias","profession":"композиторы","enProfession":"composer"},{"id":1300518,"photo":"https://st.kp.yandex.net/images/actor_iphone/iphone360_1300518.jpg","name":"Анчон Гомес","enName":"Antxón Gómez","profession":"художники","enProfession":"designer"},{"id":1300518,"photo":"https://st.kp.yandex.net/images/actor_iphone/iphone360_1300518.jpg","name":"Анчон Гомес","enName":"Antxón Gómez","profession":"художники","enProfession":"designer"},{"id":41928,"photo":"https://st.kp.yandex.net/images/actor_iphone/iphone360_41928.jpg","name":"Соня Гранде","enName":"Sonia Grande","profession":"художники","enProfession":"designer"},{"id":142189,"photo":"https://st.kp.yandex.net/images/actor_iphone/iphone360_142189.jpg","name":"Федерико Гамберо","enName":"Federico Gambero","profession":"художники","enProfession":"designer"},{"id":981,"photo":"https://st.kp.yandex.net/images/actor_iphone/iphone360_981.jpg","name":"Педро Альмодовар","enName":"Pedro Almodóvar","profession":"режиссеры","enProfession":"director"},{"id":13735,"photo":"https://st.kp.yandex.net/images/actor_iphone/iphone360_13735.jpg","name":"Хосе Сальседо","enName":"José Salcedo","profession":"монтажеры","enProfession":"editor"},{"id":308591,"photo":"https://st.kp.yandex.net/images/actor_iphone/iphone360_308591.jpg","name":"Хавьер Агирресаробе","enName":"Javier Aguirresarobe","profession":"операторы","enProfession":"operator"},{"id":980,"photo":"https://st.kp.yandex.net/images/actor_iphone/iphone360_980.jpg","name":"Агустин Альмодовар","enName":"Agustín Almodóvar","profession":"продюсеры","enProfession":"producer"},{"id":984,"photo":"https://st.kp.yandex.net/images/actor_iphone/iphone360_984.jpg","name":"Мишель Рубен","enName":"Michel Ruben","profession":"продюсеры","enProfession":"producer"},{"id":981,"photo":"https://st.kp.yandex.net/images/actor_iphone/iphone360_981.jpg","name":"Педро Альмодовар","enName":"Pedro Almodóvar","profession":"редакторы","enProfession":"writer"}],"typeNumber":1,"alternativeName":"Hable con ella","enName":null,"names":[{"name":"Поговори с ней"},{"name":"Hable con ella"}],"ageRating":18,"budget":{},"ratingMpaa":"r","shortDescription":"Мужчины знакомятся в клинике, где они навещают впавших в кому любимых. Оскароносная драма Педро Альмодовара ","similarMovies":[{"id":77435,"name":"Скафандр и бабочка","enName":null,"alternativeName":"Le scaphandre et le papillon","type":"movie","poster":{"url":"https://avatars.mds.yandex.net/get-kinopoisk-image/1777765/2df74ce4-1542-41b5-a302-39aa7426e65c/orig","previewUrl":"https://avatars.mds.yandex.net/get-kinopoisk-image/1777765/2df74ce4-1542-41b5-a302-39aa7426e65c/x1000"}},{"id":41830,"name":"Море внутри","enName":null,"alternativeName":"Mar adentro","type":"movie","poster":{"url":"https://avatars.mds.yandex.net/get-kinopoisk-image/1600647/881c2add-97aa-42fc-820e-be366e5c8f6c/orig","previewUrl":"https://avatars.mds.yandex.net/get-kinopoisk-image/1600647/881c2add-97aa-42fc-820e-be366e5c8f6c/x1000"}},{"id":517,"name":"Всё о моей матери","enName":null,"alternativeName":"Todo sobre mi madre","type":"movie","poster":{"url":"https://avatars.mds.yandex.net/get-kinopoisk-image/1704946/c3d4a829-613c-43ab-85ee-4674bdc27417/orig","previewUrl":"https://avatars.mds.yandex.net/get-kinopoisk-image/1704946/c3d4a829-613c-43ab-85ee-4674bdc27417/x1000"}}],"sequelsAndPrequels":[],"imagesInfo":{"framesCount":54},"logo":{"url":null},"watchability":{"items":[{"name":"Wink","logo":{"url":"https://avatars.mds.yandex.net/get-ott/1672343/54096cbe-cc3b-41c9-8e44-990ebbca8d61/orig"},"url":"https://wink.ru/media_items/78450354?utm_source=yandex&utm_medium=koldunschick&utm_content=name"}]},"top10":null,"top250":null}