{"fees":{"world":{"value":8761393,"currency":"$"},"usa":{"value":6217849,"currency":"$"}},"status":null,"externalId":{"kpHD":null,"imdb":"tt0162346","tmdb":1548},"rating":{"kp":7.124,"imdb":7.3,"filmCritics":7.8,"russianFilmCritics":0,"await":0},"votes":{"kp":18726,"imdb":123021,"filmCritics":164,"russianFilmCritics":1,"await":0},"backdrop":{"url":null,"previewUrl":null},"movieLength":111,"productionCompanies":[{"name":"Mr. Mudd Production","url":"https://www.themoviedb.org/t/p/original/g0lqeY2FvhzXcOI6z8RVXbORRUY.png","previewUrl":"https://www.themoviedb.org/t/p/w500/g0lqeY2FvhzXcOI6z8RVXbORRUY.png"},{"name":"Jersey Films","url":null,"previewUrl":null},{"name":"Granada Film Productions","url":null,"previewUrl":null},{"name":"Capitol Films","url":null,"previewUrl":null},{"name":"United Artists","url":"https://www.themoviedb.org/t/p/original/oJXpAs4I3W46e4dkaOEzCa4yBko.png","previewUrl":"https://www.themoviedb.org/t/p/w500/oJXpAs4I3W46e4dkaOEzCa4yBko.png"},{"name":"Advanced Medien","url":null,"previewUrl":null}],"id":557,"type":"movie","name":"Призрачный мир","description":"Подруги Энид и Ребекка, закончив школу, решили не идти в колледж, а отдохнуть от учёбы. Однажды девицы решают разыграть одинокого неудачника Сеймура, торгующего старыми виниловыми пластинками. Однако со временем Энид начинает необъяснимым образом тянуть к этому одинокому и застенчивому человеку. Сближаясь с ним, она отдаляется от Ребекки.","premiere":{"country":"США","world":"2001-06-16T00:00:00.000Z","russia":"2002-07-24T00:00:00.000Z","cinema":"2002-07-24T00:00:00.000Z","dvd":"2009-09-24T00:00:00.000Z"},"slogan":"Школа окончена, их ждет расплата!","year":2001,"budget":{"value":7000000,"currency":"$"},"poster":{"url":"https://st.kp.yandex.net/images/film_big/557.jpg","previewUrl":"https://st.kp.yandex.net/images/film_iphone/iphone360_557.jpg"},"facts":[{"value":"Фильм снят по мотивам комиксов <a href=\"/name/56006/\" class=\"all\">Дэниэла Клоуза</a>. Кроме того, единорога Энид также нарисовал Клоуз.","type":"FACT","spoiler":false},{"value":"Рисунки в блокноте Энид были выполнены <a href=\"/name/106552/\" class=\"all\">Софи Крамб</a>, дочерью <a href=\"/name/106537/\" class=\"all\">Роберта Крамба</a>, о котором режиссер <a href=\"/name/56005/\" class=\"all\">Терри Цвигофф</a> до этого снял документальный фильм.","type":"FACT","spoiler":false},{"value":"Когда Энид и Ребекка листают старый альбом фотографий, там можно увидеть фото маленькой <a href=\"/name/23524/\" class=\"all\">Торы Бёрч</a>.","type":"FACT","spoiler":false},{"value":"Специально для роли Энид <a href=\"/name/23524/\" class=\"all\">Тора Бёрч</a> попра��илась на 20 фунтов.","type":"FACT","spoiler":false},{"value":"Герой <a href=\"/name/9271/\" class=\"all\">Стива Бушеми</a> частично списан с автора сценария и режиссера <a href=\"/name/56005/\" class=\"all\">Терри Цвигоффа</a>.","type":"FACT","spoiler":false},{"value":"Индийский фильм, который в начале смотрит Энид, — это &#171;<a href=\"/film/182799/\" class=\"all\">Мистерия</a>&#187; (1965).","type":"FACT","spoiler":false},{"value":"Имя главной героини Энид Коулзлоу &#8211; это анаграмма имени сценариста <a href=\"/name/56006/\" class=\"all\">Дэниэла Клоуза</a>.","type":"FACT","spoiler":false},{"value":"На 9-й минуте на обложке блокнота Энид можно увидеть надпись по-русски: &laquo;Россия, с праздником&raquo;.","type":"FACT","spoiler":true}],"genres":[{"name":"драма"},{"name":"комедия"}],"countries":[{"name":"США"},{"name":"Великобритания"},{"name":"Германия"}],"videos":{"trailers":[{"url":"https://www.youtube.com/watch?v=ujRPLei4wYk","name":"Немецкий трейлер","site":"youtube"},{"url":"https://widgets.kinopoisk.ru/discovery/trailer/1?onlyPlayer=1&autoplay=1&cover=1","name":"Трейлер","site":"kinopoisk_widget"},{"url":"https://www.youtube.com/embed/aBIZfEscg8w","name":"Ghost World (2001) Trailer (VHS Capture)","site":"youtube","type":"TRAILER"},{"url":"https://www.youtube.com/embed/4WmCBRkWJ54","name":"GHOST WORLD | Official Trailer | FilmBuff","site":"youtube","type":"TRAILER"},{"url":"https://www.youtube.com/embed/rq6AOc0ATnU","name":"Ghost World Trailer","site":"youtube","type":"TRAILER"},{"url":"https://www.youtube.com/embed/rq6AOc0ATnU","name":"Ghost World Trailer","site":"youtube","type":"TRAILER"}],"teasers":[]},"seasonsInfo":[],"persons":[{"id":23524,"photo":"https://st.kp.yandex.net/images/actor_iphone/iphone360_23524.jpg","name":"Тора Бёрч","enName":"Thora Birch","profession":"актеры","enProfession":"actor"},{"id":3903,"photo":"https://st.kp.yandex.net/images/actor_iphone/iphone360_3903.jpg","name":"Скарлетт Йоханссон","enName":"Scarlett Johansson","profession":"актеры","enProfession":"actor"},{"id":9271,"photo":"https://st.kp.yandex.net/images/actor_iphone/iphone360_9271.jpg","name":"Стив Бушеми","enName":"Steve Buscemi","profession":"актеры","enProfession":"actor"},{"id":33155,"photo":"https://st.kp.yandex.net/images/actor_iphone/iphone360_33155.jpg","name":"Брэд Ренфро","enName":"Brad Renfro","profession":"актеры","enProfession":"actor"},{"id":2798,"photo":"https://st.kp.yandex.net/images/actor_iphone/iphone360_2798.jpg","name":"Иллиана Даглас","enName":"Illeana Douglas","profession":"актеры","enProfession":"actor"},{"id":20092,"photo":"https://st.kp.yandex.net/images/actor_iphone/iphone360_20092.jpg","name":"Боб Балабан","enName":"Bob Balaban","profession":"актеры","enProfession":"actor"},{"id":115,"photo":"https://st.kp.yandex.net/images/actor_iphone/iphone360_115.jpg","name":"Стэйси Трэвис","enName":"Stacey Travis","profession":"актеры","enProfession":"actor"},{"id":56007,"photo":"https://st.kp.yandex.net/images/actor_iphone/iphone360_56007.jpg","name":"Чарльз С. Стивенсон мл.","enName":"Charles C. Stevenson Jr.","profession":"актеры","enProfession":"actor"},{"id":32504,"photo":"https://st.kp.yandex.net/images/actor_iphone/iphone360_32504.jpg","name":"Дейв Шеридан","enName":"Dave Sheridan","profession":"актеры","enProfession":"actor"},{"id":6816,"photo":"https://st.kp.yandex.net/images/actor_iphone/iphone360_6816.jpg","name":"Том МакГоуэн","enName":"Tom McGowan","profession":"актеры","enProfession":"actor"},{"id":56008,"photo":"https://st.kp.yandex.net/images/actor_iphone/iphone360_56008.jpg","name":"Дебра Азар","enName":"Debra Azar","profession":"актеры","enProfession":"actor"},{"id":7898,"photo":"https://st.kp.yandex.net/images/actor_iphone/iphone360_7898.jpg","name":"Брайан Джордж","enName":"Brian George","profession":"актеры","enProfession":"actor"},{"id":7904,"photo":"https://st.kp.yandex.net/images/actor_iphone/iphone360_7904.jpg","name":"Пэт Хили","enName":"Pat Healy","profession":"актеры","enProfession":"actor"},{"id":9710,"photo":"https://st.kp.yandex.net/images/actor_iphone/iphone360_9710.jpg","name":"Рини Белл","enName":"Rini Bell","profession":"актеры","enProfession":"actor"},{"id":1941,"photo":"https://st.kp.yandex.net/images/actor_iphone/iphone360_1941.jpg","name":"Ти-Джей Тайн","enName":"T.J. Thyne","profession":"актеры","enProfession":"actor"},{"id":6185,"photo":"https://st.kp.yandex.net/images/actor_iphone/iphone360_6185.jpg","name":"Эзра Баззингтон","enName":"Ezra Buzzington","profession":"актеры","enProfession":"actor"},{"id":56009,"photo":"https://st.kp.yandex.net/images/actor_iphone/iphone360_56009.jpg","name":"Линдси Жирардо","enName":"Lindsey Girardot","profession":"актеры","enProfession":"actor"},{"id":18853,"photo":"https://st.kp.yandex.net/images/actor_iphone/iphone360_18853.jpg","name":"Джой Биско","enName":"Joy Bisco","profession":"актеры","enProfession":"actor"},{"id":27884,"photo":"https://st.kp.yandex.net/images/actor_iphone/iphone360_27884.jpg","name":"Венус ДеМило","enName":"Venus DeMilo Thomas","profession":"актеры","enProfession":"actor"},{"id":34993,"photo":"https://st.kp.yandex.net/images/actor_iphone/iphone360_34993.jpg","name":"Эшли Пелдон","enName":"Ashley Peldon","profession":"актеры","enProfession":"actor"},{"id":56010,"photo":"https://st.kp.yandex.net/images/actor_iphone/iphone360_56010.jpg","name":"Чачи Питтман","enName":"Chachi Pittman","profession":"актеры","enProfession":"actor"},{"id":56011,"photo":"https://st.kp.yandex.net/images/actor_iphone/iphone360_56011.jpg","name":"Джэнес Джордан","enName":"Janece Jordan","profession":"актеры","enProfession":"actor"},{"id":56012,"photo":"https://st.kp.yandex.net/images/actor_iphone/iphone360_56012.jpg","name":"Кэйли Бриэль Мартин","enName":"Kaileigh Brielle Martin","profession":"актеры","enProfession":"actor"},{"id":56013,"photo":"https://st.kp.yandex.net/images/actor_iphone/iphone360_56013.jpg","name":"Александр Форс","enName":"Alexander Fors","profession":"актеры","enProfession":"actor"},{"id":4461,"photo":"https://st.kp.yandex.net/images/actor_iphone/iphone360_4461.jpg","name":"Марк Вэнн","enName":"Marc Vann","profession":"актеры","enProfession":"actor"},{"id":23487,"photo":"https://st.kp.yandex.net/images/actor_iphone/iphone360_23487.jpg","name":"Джеймс Си","enName":"James Sie","profession":"актеры","enProfession":"actor"},{"id":6822,"photo":"https://st.kp.yandex.net/images/actor_iphone/iphone360_6822.jpg","name":"Пол Кит","enName":"Paul Keith","profession":"актеры","enProfession":"actor"},{"id":2786,"photo":"https://st.kp.yandex.net/images/actor_iphone/iphone360_2786.jpg","name":"Дэвид Кросс","enName":"David Cross","profession":"актеры","enProfession":"actor"},{"id":56014,"photo":"https://st.kp.yandex.net/images/actor_iphone/iphone360_56014.jpg","name":"Дж.Дж. Бэд Бой Джонс","enName":"J.J. Bad Boy Jones","profession":"актеры","enProfession":"actor"},{"id":56015,"photo":"https://st.kp.yandex.net/images/actor_iphone/iphone360_56015.jpg","name":"Дилан Джонс","enName":"Dylan Jones","profession":"актеры","enProfession":"actor"},{"id":56016,"photo":"https://st.kp.yandex.net/images/actor_iphone/iphone360_56016.jpg","name":"Мартин Грэй","enName":"Martin Grey","profession":"актеры","enProfession":"actor"},{"id":29627,"photo":"https://st.kp.yandex.net/images/actor_iphone/iphone360_29627.jpg","name":"Стив Пирсон","enName":"Steve Pierson","profession":"актеры","enProfession":"actor"},{"id":9279,"photo":"https://st.kp.yandex.net/images/actor_iphone/iphone360_9279.jpg","name":"Джэйк Ла Ботц","enName":"Jake La Botz","profession":"актеры","enProfession":"actor"},{"id":56017,"photo":"https://st.kp.yandex.net/images/actor_iphone/iphone360_56017.jpg","name":"Джонни Айрион","enName":"Johnny Irion","profession":"актеры","enProfession":"actor"},{"id":56018,"photo":"https://st.kp.yandex.net/images/actor_iphone/iphone360_56018.jpg","name":"Нат Вуд","enName":"Nate Wood","profession":"актеры","enProfession":"actor"},{"id":56019,"photo":"https://st.kp.yandex.net/images/actor_iphone/iphone360_56019.jpg","name":"Чарльз Шнайдер","enName":"Charles Schneider","profession":"актеры","enProfession":"actor"},{"id":39234,"photo":"https://st.kp.yandex.net/images/actor_iphone/iphone360_39234.jpg","name":"Сид Хиллман","enName":"Sid Hillman","profession":"актеры","enProfession":"actor"},{"id":54350,"photo":"https://st.kp.yandex.net/images/actor_iphone/iphone360_54350.jpg","name":"Джошуа Вилер","enName":"Joshua Wheeler","profession":"актеры","enProfession":"actor"},{"id":30278,"photo":"https://st.kp.yandex.net/images/actor_iphone/iphone360_30278.jpg","name":"Патрик Фишлер","enName":"Patrick Fischler","profession":"актеры","enProfession":"actor"},{"id":56020,"photo":"https://st.kp.yandex.net/images/actor_iphone/iphone360_56020.jpg","name":"Дэниэл Грейвз","enName":"Daniel Graves","profession":"актеры","enProfession":"actor"},{"id":56021,"photo":"https://st.kp.yandex.net/images/actor_iphone/iphone360_56021.jpg","name":"Мэтт Доэрти","enName":"Matt Doherty","profession":"актеры","enProfession":"actor"},{"id":33240,"photo":"https://st.kp.yandex.net/images/actor_iphone/iphone360_33240.jpg","name":"Джоэль Майкли","enName":"Joel Michaely","profession":"актеры","enProfession":"actor"},{"id":16531,"photo":"https://st.kp.yandex.net/images/actor_iphone/iphone360_16531.jpg","name":"Деби Дерриберри","enName":"Debi Derryberry","profession":"актеры","enProfession":"actor"},{"id":7845,"photo":"https://st.kp.yandex.net/images/actor_iphone/iphone360_7845.jpg","name":"Джозеф Сикора","enName":"Joseph Sikora","profession":"актеры","enProfession":"actor"},{"id":56022,"photo":"https://st.kp.yandex.net/images/actor_iphone/iphone360_56022.jpg","name":"Бретт Гилберт","enName":"Brett Gilbert","profession":"актеры","enProfession":"actor"},{"id":22851,"photo":"https://st.kp.yandex.net/images/actor_iphone/iphone360_22851.jpg","name":"Алекс Соловиц","enName":"Alex Solowitz","profession":"актеры","enProfession":"actor"},{"id":56023,"photo":"https://st.kp.yandex.net/images/actor_iphone/iphone360_56023.jpg","name":"Тони Кечэм","enName":"Tony Ketcham","profession":"актеры","enProfession":"actor"},{"id":22324,"photo":"https://st.kp.yandex.net/images/actor_iphone/iphone360_22324.jpg","name":"Мэри Бог","enName":"Mary Bogue","profession":"актеры","enProfession":"actor"},{"id":56024,"photo":"https://st.kp.yandex.net/images/actor_iphone/iphone360_56024.jpg","name":"Брайан Джейкобс","enName":"Brian Jacobs","profession":"актеры","enProfession":"actor"},{"id":10576,"photo":"https://st.kp.yandex.net/images/actor_iphone/iphone360_10576.jpg","name":"Патрик Йонэлли","enName":"Patrick Yonally","profession":"актеры","enProfession":"actor"},{"id":1960065,"photo":"https://st.kp.yandex.net/images/actor_iphone/iphone360_1960065.jpg","name":"Лорен Боулз","enName":"Lauren Bowles","profession":"актеры","enProfession":"actor"},{"id":3924,"photo":"https://st.kp.yandex.net/images/actor_iphone/iphone360_3924.jpg","name":"Лорна Скотт","enName":"Lorna Scott","profession":"актеры","enProfession":"actor"},{"id":56026,"photo":"https://st.kp.yandex.net/images/actor_iphone/iphone360_56026.jpg","name":"Джефф Мюррэй","enName":"Jeff Murray","profession":"актеры","enProfession":"actor"},{"id":47532,"photo":"https://st.kp.yandex.net/images/actor_iphone/iphone360_47532.jpg","name":"Джерри Ректор","enName":"Jerry Rector","profession":"актеры","enProfession":"actor"},{"id":56027,"photo":"https://st.kp.yandex.net/images/actor_iphone/iphone360_56027.jpg","name":"Джон Баннелл","enName":"John Bunnell","profession":"актеры","enProfession":"actor"},{"id":27256,"photo":"https://st.kp.yandex.net/images/actor_iphone/iphone360_27256.jpg","name":"Дайан Салинджер","enName":"Diane Salinger","profession":"актеры","enProfession":"actor"},{"id":9347,"photo":"https://st.kp.yandex.net/images/actor_iphone/iphone360_9347.jpg","name":"Анна Бергер","enName":"Anna Berger","profession":"актеры","enProfession":"actor"},{"id":56028,"photo":"https://st.kp.yandex.net/images/actor_iphone/iphone360_56028.jpg","name":"Брюс Гловер","enName":"Bruce Glover","profession":"актеры","enProfession":"actor"},{"id":60714,"photo":"https://st.kp.yandex.net/images/actor_iphone/iphone360_60714.jpg","name":"Дэнни Аллен","enName":"Danny Allen","profession":"актеры","enProfession":"actor"},{"id":1076330,"photo":"https://st.kp.yandex.net/images/actor_iphone/iphone360_1076330.jpg","name":"Рэндолл Барнвелл","enName":"Randall Barnwell","profession":"актеры","enProfession":"actor"},{"id":1076331,"photo":"https://st.kp.yandex.net/images/actor_iphone/iphone360_1076331.jpg","name":"Трэйси Беннетт","enName":"Tracy Bennett","profession":"актеры","enProfession":"actor"},{"id":2218,"photo":"https://st.kp.yandex.net/images/actor_iphone/iphone360_2218.jpg","name":"Джоан М. Блэр","enName":"Joan M. Blair","profession":"актеры","enProfession":"actor"},{"id":56029,"photo":"https://st.kp.yandex.net/images/actor_iphone/iphone360_56029.jpg","name":"Майкл Ченслор","enName":"Michael Chanslor","profession":"актеры","enProfession":"actor"},{"id":4566612,"photo":"https://st.kp.yandex.net/images/actor_iphone/iphone360_4566612.jpg","name":null,"enName":"Rebeca Cristian","profession":"актеры","enProfession":"actor"},{"id":25578,"photo":"https://st.kp.yandex.net/images/actor_iphone/iphone360_25578.jpg","name":"Каси Демаси","enName":"Kacee DeMasi","profession":"актеры","enProfession":"actor"},{"id":2782,"photo":"https://st.kp.yandex.net/images/actor_iphone/iphone360_2782.jpg","name":"Тери Гарр","enName":"Teri Garr","profession":"актеры","enProfession":"actor"},{"id":477399,"photo":"https://st.kp.yandex.net/images/actor_iphone/iphone360_477399.jpg","name":"Алан Хейтц","enName":"Alan Heitz","profession":"актеры","enProfession":"actor"},{"id":3942876,"photo":"https://st.kp.yandex.net/images/actor_iphone/iphone360_3942876.jpg","name":null,"enName":"Ernie Hernandez","profession":"актеры","enProfession":"actor"},{"id":54175,"photo":"https://st.kp.yandex.net/images/actor_iphone/iphone360_54175.jpg","name":"Джеймс Матуски","enName":"James Matusky","profession":"актеры","enProfession":"actor"},{"id":56033,"photo":"https://st.kp.yandex.net/images/actor_iphone/iphone360_56033.jpg","name":"Эдвард Т. МакЭвой","enName":"Edward T. McAvoy","profession":"актеры","enProfession":"actor"},{"id":33324,"photo":"https://st.kp.yandex.net/images/actor_iphone/iphone360_33324.jpg","name":"Мишель Мари Уайт","enName":"Michelle Marie White","profession":"актеры","enProfession":"actor"},{"id":4736989,"photo":"https://st.kp.yandex.net/images/actor_iphone/iphone360_4736989.jpg","name":null,"enName":"Christie McNew","profession":"актеры","enProfession":"actor"},{"id":615616,"photo":"https://st.kp.yandex.net/images/actor_iphone/iphone360_615616.jpg","name":null,"enName":"Nino Neuboeck","profession":"актеры","enProfession":"actor"},{"id":51138,"photo":"https://st.kp.yandex.net/images/actor_iphone/iphone360_51138.jpg","name":"Маргарет Контра Палмер","enName":"Margaret Kontra Palmer","profession":"актеры","enProfession":"actor"},{"id":56034,"photo":"https://st.kp.yandex.net/images/actor_iphone/iphone360_56034.jpg","name":"Ларри Паркер","enName":"Larry Parker","profession":"актеры","enProfession":"actor"},{"id":56035,"photo":"https://st.kp.yandex.net/images/actor_iphone/iphone360_56035.jpg","name":"Грег Уенделл Рейд","enName":"Greg Wendell Reid","profession":"актеры","enProfession":"actor"},{"id":307899,"photo":"https://st.kp.yandex.net/images/actor_iphone/iphone360_307899.jpg","name":"Питер Ярроу","enName":"Peter Yarrow","profession":"актеры","enProfession":"actor"},{"id":135694,"photo":"https://st.kp.yandex.net/images/actor_iphone/iphone360_135694.jpg","name":"Дэвид Китэй","enName":"David Kitay","profession":"композиторы","enProfession":"composer"},{"id":56033,"photo":"https://st.kp.yandex.net/images/actor_iphone/iphone360_56033.jpg","name":"Эдвард Т. МакЭвой","enName":"Edward T. McAvoy","profession":"художники","enProfession":"designer"},{"id":1986735,"photo":"https://st.kp.yandex.net/images/actor_iphone/iphone360_1986735.jpg","name":"Алан Е. Мураока","enName":"Alan E. Muraoka","profession":"художники","enProfession":"designer"},{"id":1529219,"photo":"https://st.kp.yandex.net/images/actor_iphone/iphone360_1529219.jpg","name":"Мэри Зофрис","enName":"Mary Zophres","profession":"художники","enProfession":"designer"},{"id":146705,"photo":"https://st.kp.yandex.net/images/actor_iphone/iphone360_146705.jpg","name":"Лиза Фишер","enName":"Lisa Fischer","profession":"художники","enProfession":"designer"},{"id":56005,"photo":"https://st.kp.yandex.net/images/actor_iphone/iphone360_56005.jpg","name":"Терри Цвигофф","enName":"Terry Zwigoff","profession":"режиссеры","enProfession":"director"},{"id":1979468,"photo":"https://st.kp.yandex.net/images/actor_iphone/iphone360_1979468.jpg","name":"Кэрол Кравец","enName":"Carole Kravetz Aykanian","profession":"монтажеры","enProfession":"editor"},{"id":1988185,"photo":"https://st.kp.yandex.net/images/actor_iphone/iphone360_1988185.jpg","name":"Майкл Р. Миллер","enName":"Michael R. Miller","profession":"монтажеры","enProfession":"editor"},{"id":399335,"photo":"https://st.kp.yandex.net/images/actor_iphone/iphone360_399335.jpg","name":"Аффонсу Беату","enName":"Affonso Beato","profession":"операторы","enProfession":"operator"},{"id":14231,"photo":"https://st.kp.yandex.net/images/actor_iphone/iphone360_14231.jpg","name":"Лайан Халфон","enName":"Lianne Halfon","profession":"продюсеры","enProfession":"producer"},{"id":24508,"photo":"https://st.kp.yandex.net/images/actor_iphone/iphone360_24508.jpg","name":"Джон Малкович","enName":"John Malkovich","profession":"продюсеры","enProfession":"producer"},{"id":43667,"photo":"https://st.kp.yandex.net/images/actor_iphone/iphone360_43667.jpg","name":"Расселл Смит","enName":"Russell Smith","profession":"продюсеры","enProfession":"producer"},{"id":25989,"photo":"https://st.kp.yandex.net/images/actor_iphone/iphone360_25989.jpg","name":"Пиппа Кросс","enName":"Pippa Cross","profession":"продюсеры","enProfession":"producer"},{"id":56005,"photo":"https://st.kp.yandex.net/images/actor_iphone/iphone360_56005.jpg","name":"Терри Цвигофф","enName":"Terry Zwigoff","profession":"редакторы","enProfession":"writer"},{"id":56006,"photo":"https://st.kp.yandex.net/images/actor_iphone/iphone360_56006.jpg","name":"Дэниэл Клоуз","enName":"Daniel Clowes","profession":"редакторы","enProfession":"writer"}],"typeNumber":1,"alternativeName":"Ghost World","enName":null,"names":[{"name":"Призрачный мир"},{"name":"Ghost World"},{"name":"黐孖妹","language":"CN","type":null},{"name":"青春迷魂阵","language":"CN","type":null},{"name":"판타스틱 소녀백서","language":"KR","type":null},{"name":"Ghost World - Aprendendo a Viver","language":"BR","type":null}],"ageRating":16,"ratingMpaa":"r","shortDescription":null,"sequelsAndPrequels":[],"similarMovies":[{"id":351,"name":"Красота по-американски","enName":null,"alternativeName":"American Beauty","type":"movie","poster":{"url":"https://avatars.mds.yandex.net/get-kinopoisk-image/1599028/36f029a1-497d-45cd-b9fa-a152712a899c/orig","previewUrl":"https://avatars.mds.yandex.net/get-kinopoisk-image/1599028/36f029a1-497d-45cd-b9fa-a152712a899c/x1000"}},{"id":281885,"name":"Дарья","enName":null,"alternativeName":"Daria","type":"animated-series","poster":{"url":"https://avatars.mds.yandex.net/get-kinopoisk-image/1599028/ddcb08dd-bbc1-4b6d-9971-f71e7e1e17c7/orig","previewUrl":"https://avatars.mds.yandex.net/get-kinopoisk-image/1599028/ddcb08dd-bbc1-4b6d-9971-f71e7e1e17c7/x1000"}},{"id":4533,"name":"Американское великолепие","enName":null,"alternativeName":"American Splendor","type":"movie","poster":{"url":"https://avatars.mds.yandex.net/get-kinopoisk-image/1946459/92e28bdb-f2c4-4e43-b5e6-816a393c32d4/orig","previewUrl":"https://avatars.mds.yandex.net/get-kinopoisk-image/1946459/92e28bdb-f2c4-4e43-b5e6-816a393c32d4/x1000"}},{"id":22972,"name":"Добро пожаловать в кукольный дом","enName":null,"alternativeName":"Welcome to the Dollhouse","type":"movie","poster":{"url":"https://avatars.mds.yandex.net/get-kinopoisk-image/1946459/31af5eb0-bb8e-46a8-8e03-f4a8dda5c03a/orig","previewUrl":"https://avatars.mds.yandex.net/get-kinopoisk-image/1946459/31af5eb0-bb8e-46a8-8e03-f4a8dda5c03a/x1000"}},{"id":16910,"name":"Реклама для гения","enName":null,"alternativeName":"Art School Confidential","type":"movie","poster":{"url":"https://avatars.mds.yandex.net/get-kinopoisk-image/1629390/c812a938-66a1-4f94-9d79-c1304328de82/orig","previewUrl":"https://avatars.mds.yandex.net/get-kinopoisk-image/1629390/c812a938-66a1-4f94-9d79-c1304328de82/x1000"}},{"id":958293,"name":"Леди Бёрд","enName":null,"alternativeName":"Lady Bird","type":"movie","poster":{"url":"https://avatars.mds.yandex.net/get-kinopoisk-image/1629390/1d700110-958c-4f3d-a943-c1f831fdd8cf/orig","previewUrl":"https://avatars.mds.yandex.net/get-kinopoisk-image/1629390/1d700110-958c-4f3d-a943-c1f831fdd8cf/x1000"}},{"id":3794,"name":"Дурная привычка","enName":null,"alternativeName":"Thumbsucker","type":"movie","poster":{"url":"https://avatars.mds.yandex.net/get-kinopoisk-image/1773646/4a2387a2-f41c-466c-9c48-1841a6fef090/orig","previewUrl":"https://avatars.mds.yandex.net/get-kinopoisk-image/1773646/4a2387a2-f41c-466c-9c48-1841a6fef090/x1000"}}],"imagesInfo":{"framesCount":24},"logo":{"url":null},"watchability":{"items":null},"top10":null,"top250":null}