{"fees":{"world":{"value":11009079,"currency":"$"},"usa":{"value":9183362,"currency":"$"}},"status":null,"externalId":{"kpHD":null,"imdb":"tt0203230","tmdb":14295},"rating":{"kp":6.812,"imdb":7.5,"filmCritics":8.1,"russianFilmCritics":0,"await":0},"votes":{"kp":1498,"imdb":30531,"filmCritics":105,"russianFilmCritics":0,"await":0},"backdrop":{"url":null,"previewUrl":null},"movieLength":111,"productionCompanies":[{"name":"Crush Entertainment","url":null,"previewUrl":null},{"name":"Hart-Sharp Entertainment","url":null,"previewUrl":null},{"name":"Cappa Productions","url":null,"previewUrl":null}],"id":566,"type":"movie","name":"Можешь рассчитывать на меня","description":"С матерью-одиночкой Сэмми случилось сразу очень много событий. Ее восьмилетний сын Руди начал представлять себе своего отца, которого он не видел, в образе героя. Сама Сэмми возобновляет отношения с одним из предыдущих бойфрендов. На работе у Сэмми новый босс, который вводит свои необычные правила. Ее брат Терри приезжает погостить после того, как несколько месяцев от него совсем не было вестей. Ее бойфренд делает ей предложение, а ее брат предлагает Руди повидаться с его отцом...","premiere":{"country":"США","world":"2000-01-21T00:00:00.000Z"},"slogan":null,"year":2000,"budget":{"value":1200000,"currency":"$"},"poster":{"url":"https://st.kp.yandex.net/images/film_big/566.jpg","previewUrl":"https://st.kp.yandex.net/images/film_iphone/iphone360_566.jpg"},"facts":[{"value":"<a href=\"/name/10968/\" class=\"all\">Мэттью Бродерик</a>, являющийся близким другом режиссёра и сценариста <a href=\"/name/10957/\" class=\"all\">Кеннета Лонергана</a>, был первым актёром, забронировавшим себе место в картине. Он зашёл домой к режиссёру, прочитал роль Брайана в сценарии и спросил о том, есть ли у него возможность пройти прослушивания на неё. Кеннет Лонерган ответил, что он может не беспокоиться и роль уже его.","type":"FACT","spoiler":false},{"value":"Роль в фильме стала первой серьёзной актёрской работой для <a href=\"/name/10966/\" class=\"all\">Рори Калкина</a>. Режиссёр был очень впечатлён его актёрским талантом, но столкнулся со сложностями, когда ему надо было заставить мальчика рассмеяться или улыбнуться перед камерой. В нескольких случаях для этого в качестве последнего средства приходилось прибегать к помощи <a href=\"/name/10467/\" class=\"all\">Марка Руффало</a>, слегка щекотавшего его вне поля видимости камеры.","type":"FACT","spoiler":false},{"value":"Сцена, в которой Руди возвращается домой пешком из школы под проливным дождём, была снята с помощью местной пожарной службы, распрыскивающей воду через брандспойт с самой высокой лестницы.      Небольшую роль секретарши банка исполнила жена <a href=\"/name/10957/\" class=\"all\">Кеннета Лонергана</a> <a href=\"/name/10967/\" class=\"all\">Джини Смит-Камерон</a>. Сам режиссёр  сыграл пастора Рона, к которому обращается за советом героиня Лоры Линни.","type":"FACT","spoiler":false},{"value":"Сцена игры в пул с Терри и Руди была снята в настоящем игровом зале, где члены съёмочной группы часто отдыхали по завершении рабочего дня.","type":"FACT","spoiler":false}],"genres":[{"name":"драма"}],"countries":[{"name":"США"}],"videos":{"trailers":[{"url":"http://a1328.g.akamai.net/5/1328/51/ebe93f4eb2ecde/1a1a1aaa2198c627970773d80669d84574a8d80d3cb12453c02589f25382f668c9329e0375e81787e85abb28970c7aee4db01c7df063cc2fa2d14ab92e8df051bf1e81f065d347a61583e24fb4/countonme_144.mov","name":"Трейлер","site":"unknown"},{"url":"https://www.youtube.com/embed/55MVAFsS7iM","name":"You Can Count on Me - Trailer","site":"youtube","type":"TRAILER"}],"teasers":[]},"seasonsInfo":[],"persons":[{"id":10965,"photo":"https://st.kp.yandex.net/images/actor_iphone/iphone360_10965.jpg","name":"Лора Линни","enName":"Laura Linney","profession":"актеры","enProfession":"actor"},{"id":10467,"photo":"https://st.kp.yandex.net/images/actor_iphone/iphone360_10467.jpg","name":"Марк Руффало","enName":"Mark Ruffalo","profession":"актеры","enProfession":"actor"},{"id":10968,"photo":"https://st.kp.yandex.net/images/actor_iphone/iphone360_10968.jpg","name":"Мэттью Бродерик","enName":"Matthew Broderick","profession":"актеры","enProfession":"actor"},{"id":10969,"photo":"https://st.kp.yandex.net/images/actor_iphone/iphone360_10969.jpg","name":"Джон Тенни","enName":"Jon Tenney","profession":"актеры","enProfession":"actor"},{"id":10966,"photo":"https://st.kp.yandex.net/images/actor_iphone/iphone360_10966.jpg","name":"Рори Калкин","enName":"Rory Culkin","profession":"актеры","enProfession":"actor"},{"id":10967,"photo":"https://st.kp.yandex.net/images/actor_iphone/iphone360_10967.jpg","name":"Дж. Смит-Камерон","enName":"J. Smith-Cameron","profession":"актеры","enProfession":"actor"},{"id":10974,"photo":"https://st.kp.yandex.net/images/actor_iphone/iphone360_10974.jpg","name":"Джош Лукас","enName":"Josh Lucas","profession":"актеры","enProfession":"actor"},{"id":1406,"photo":"https://st.kp.yandex.net/images/actor_iphone/iphone360_1406.jpg","name":"Габи Хоффманн","enName":"Gaby Hoffmann","profession":"актеры","enProfession":"actor"},{"id":10960,"photo":"https://st.kp.yandex.net/images/actor_iphone/iphone360_10960.jpg","name":"Адам ЛеФевр","enName":"Adam LeFevre","profession":"актеры","enProfession":"actor"},{"id":10958,"photo":"https://st.kp.yandex.net/images/actor_iphone/iphone360_10958.jpg","name":"Эми Райан","enName":"Amy Ryan","profession":"актеры","enProfession":"actor"},{"id":10959,"photo":"https://st.kp.yandex.net/images/actor_iphone/iphone360_10959.jpg","name":"Майкл Кантримэн","enName":"Michael Countryman","profession":"актеры","enProfession":"actor"},{"id":10957,"photo":"https://st.kp.yandex.net/images/actor_iphone/iphone360_10957.jpg","name":"Кеннет Лонерган","enName":"Kenneth Lonergan","profession":"актеры","enProfession":"actor"},{"id":10961,"photo":"https://st.kp.yandex.net/images/actor_iphone/iphone360_10961.jpg","name":"Хэлли Фейффер","enName":"Halley Feiffer","profession":"актеры","enProfession":"actor"},{"id":10962,"photo":"https://st.kp.yandex.net/images/actor_iphone/iphone360_10962.jpg","name":"Уитни Вэнс","enName":"Whitney Vance","profession":"актеры","enProfession":"actor"},{"id":10963,"photo":"https://st.kp.yandex.net/images/actor_iphone/iphone360_10963.jpg","name":"Питер Кервин","enName":"Peter Kerwin","profession":"актеры","enProfession":"actor"},{"id":10964,"photo":"https://st.kp.yandex.net/images/actor_iphone/iphone360_10964.jpg","name":"Бетси Айдем","enName":"Betsy Aidem","profession":"актеры","enProfession":"actor"},{"id":10970,"photo":"https://st.kp.yandex.net/images/actor_iphone/iphone360_10970.jpg","name":"Лиза Альтомаре","enName":"Lisa Altomare","profession":"актеры","enProfession":"actor"},{"id":10971,"photo":"https://st.kp.yandex.net/images/actor_iphone/iphone360_10971.jpg","name":"Нина Гарбирас","enName":"Nina Garbiras","profession":"актеры","enProfession":"actor"},{"id":10972,"photo":"https://st.kp.yandex.net/images/actor_iphone/iphone360_10972.jpg","name":"Ричард Хуммер","enName":"Richard Hummer","profession":"актеры","enProfession":"actor"},{"id":10973,"photo":"https://st.kp.yandex.net/images/actor_iphone/iphone360_10973.jpg","name":"Ким Паркер","enName":"Kim Parker","profession":"актеры","enProfession":"actor"},{"id":10975,"photo":"https://st.kp.yandex.net/images/actor_iphone/iphone360_10975.jpg","name":"Аллан Гилл","enName":"Allan Gill","profession":"актеры","enProfession":"actor"},{"id":10976,"photo":"https://st.kp.yandex.net/images/actor_iphone/iphone360_10976.jpg","name":"Брайан Рэмэдж","enName":"Brian Ramage","profession":"актеры","enProfession":"actor"},{"id":10977,"photo":"https://st.kp.yandex.net/images/actor_iphone/iphone360_10977.jpg","name":"Кевин Кин Мерфи","enName":"Kevin Kean Murphy","profession":"актеры","enProfession":"actor"},{"id":83701,"photo":"https://st.kp.yandex.net/images/actor_iphone/iphone360_83701.jpg","name":"Лесли Барбер","enName":"Lesley Barber","profession":"композиторы","enProfession":"composer"},{"id":1988341,"photo":"https://st.kp.yandex.net/images/actor_iphone/iphone360_1988341.jpg","name":"Майкл Шоу","enName":"Michael Shaw","profession":"художники","enProfession":"designer"},{"id":2355278,"photo":"https://st.kp.yandex.net/images/actor_iphone/iphone360_2355278.jpg","name":"Шоун Кэрролл","enName":"Shawn Carroll","profession":"художники","enProfession":"designer"},{"id":1637102,"photo":"https://st.kp.yandex.net/images/actor_iphone/iphone360_1637102.jpg","name":"Мелисса Тот","enName":"Melissa Toth","profession":"художники","enProfession":"designer"},{"id":1987075,"photo":"https://st.kp.yandex.net/images/actor_iphone/iphone360_1987075.jpg","name":"Лидия Маркс","enName":"Lydia Marks","profession":"художники","enProfession":"designer"},{"id":10957,"photo":"https://st.kp.yandex.net/images/actor_iphone/iphone360_10957.jpg","name":"Кеннет Лонерган","enName":"Kenneth Lonergan","profession":"режиссеры","enProfession":"director"},{"id":466697,"photo":"https://st.kp.yandex.net/images/actor_iphone/iphone360_466697.jpg","name":"Энн Маккейб","enName":"Anne McCabe","profession":"монтажеры","enProfession":"editor"},{"id":609952,"photo":"https://st.kp.yandex.net/images/actor_iphone/iphone360_609952.jpg","name":"Стефен Казмирски","enName":"Stephen Kazmierski","profession":"операторы","enProfession":"operator"},{"id":10981,"photo":"https://st.kp.yandex.net/images/actor_iphone/iphone360_10981.jpg","name":"Барбара Де Фина","enName":"Barbara De Fina","profession":"продюсеры","enProfession":"producer"},{"id":10986,"photo":"https://st.kp.yandex.net/images/actor_iphone/iphone360_10986.jpg","name":"Ларри Майстрич","enName":"Larry Meistrich","profession":"продюсеры","enProfession":"producer"},{"id":10989,"photo":"https://st.kp.yandex.net/images/actor_iphone/iphone360_10989.jpg","name":"Джефф Шарп","enName":"Jeffrey Sharp","profession":"продюсеры","enProfession":"producer"},{"id":10978,"photo":"https://st.kp.yandex.net/images/actor_iphone/iphone360_10978.jpg","name":"Кит Эбелл","enName":"Keith Abell","profession":"продюсеры","enProfession":"producer"},{"id":10957,"photo":"https://st.kp.yandex.net/images/actor_iphone/iphone360_10957.jpg","name":"Кеннет Лонерган","enName":"Kenneth Lonergan","profession":"редакторы","enProfession":"writer"}],"typeNumber":1,"alternativeName":"You Can Count on Me","enName":null,"names":[{"name":"Можешь рассчитывать на меня"},{"name":"You Can Count on Me"}],"ageRating":null,"ratingMpaa":"r","shortDescription":null,"similarMovies":[{"id":884376,"name":"Манчестер у моря","enName":null,"alternativeName":"Manchester by the Sea","type":"movie","poster":{"url":"https://avatars.mds.yandex.net/get-kinopoisk-image/1946459/a4d0256d-fd9f-44e7-aaa2-d12bac4b50d7/orig","previewUrl":"https://avatars.mds.yandex.net/get-kinopoisk-image/1946459/a4d0256d-fd9f-44e7-aaa2-d12bac4b50d7/x1000"}}],"sequelsAndPrequels":[],"logo":{"url":null},"watchability":{"items":null},"top10":null,"top250":null}