{"videos":{"trailers":[{"url":"https://www.youtube.com/v/nlGaRmYj0wY","name":"Трейлер","site":"youtube"},{"url":"https://www.youtube.com/embed/y7RXmrlGe-k","name":"28 Days (2000) | Movie Trailer | Sandra Bullock","site":"youtube","type":"TRAILER"}],"teasers":[]},"fees":{"world":{"value":62198945,"currency":"$"},"usa":{"value":37170488,"currency":"$"}},"status":null,"externalId":{"kpHD":null,"imdb":"tt0191754","tmdb":10468},"rating":{"kp":6.888,"imdb":6.1,"filmCritics":4.9,"russianFilmCritics":0,"await":0},"votes":{"kp":9308,"imdb":51775,"filmCritics":86,"russianFilmCritics":1,"await":0},"backdrop":{"url":null,"previewUrl":null},"movieLength":103,"productionCompanies":[{"name":"Columbia Pictures","url":"https://www.themoviedb.org/t/p/original/71BqEFAF4V3qjjMPCpLuyJFB9A.png","previewUrl":"https://www.themoviedb.org/t/p/w500/71BqEFAF4V3qjjMPCpLuyJFB9A.png"}],"id":576,"type":"movie","name":"28 дней","description":"Как должна вести себя молодая, избалованная славой и деньгами писательница? Гвен Каммингс решила, что ей можно все: расстроить свадьбу сестры, напившись до полусмерти, угнать лимузин, разнести вдребезги соседский дом. Но реабилитационный центр для хронических алкоголиков, по мнению нью-йоркского суда, должен ее отрезвить. За 28 дней ей предстоит стать совсем другим человеком.","premiere":{"country":"Япония","world":"2000-02-08T00:00:00.000Z","dvd":"2006-11-24T00:00:00.000Z"},"slogan":"The Life of the Party... before she got a life.","year":2000,"budget":{"value":43000000,"currency":"$"},"poster":{"url":"https://st.kp.yandex.net/images/film_big/576.jpg","previewUrl":"https://st.kp.yandex.net/images/film_iphone/iphone360_576.jpg"},"facts":[{"value":"Гвен (<a href=\"/name/6542/\" class=\"all\">Сандра Буллок</a>) появляется в фильме в футболке с изображением Лили Брик.","type":"FACT","spoiler":false},{"value":"Перед съёмками сцен, где её героиню трясёт, <a href=\"/name/6542/\" class=\"all\">Сандра Буллок</a> выпивала тройную порцию эспрессо.","type":"FACT","spoiler":false},{"value":"Готовясь к роли в этом фильме, <a href=\"/name/6542/\" class=\"all\">Сандра Буллок</a> провела какое-то время в реабилитационной клинике.","type":"FACT","spoiler":false},{"value":"Во время сеансов групповой терапии фоном показаны рисунки. Значительную их часть нарисовали пациенты реабилитационных клиник.","type":"FACT","spoiler":false},{"value":"Для съёмок сцены свадебного торжества было испечено шесть тортов. Один использовали во время пробной съёмки (на него упала женщина-каскадёр, чтобы можно было понять, как всё это будет смотреться). Режиссёр <a href=\"/name/10777/\" class=\"all\">Бетти Томас</a> об этом не знала, но внутри торта были помещены две деревянные спицы, придававшие ему устойчивость. По счастью, каскадёр при падении их не задела и, следовательно, не пострадала.","type":"FACT","spoiler":false},{"value":"Эпизод с занятиями сексом в лифте для инвалидов основан на реальном случае, когда люди с неконтролируемым влечением к сексу потихоньку сбегали с занятий групповой терапии, чтобы в лифте для инвалидов предаться своему пристрастию. Они полагали, что уж там-то их никто не застукает.","type":"FACT","spoiler":false},{"value":"На создание трёх цепей разного размера ушло 2 недели.","type":"FACT","spoiler":false},{"value":"В действительности у <a href=\"/name/6542/\" class=\"all\">Сандры Буллок</a> аллергия на лошадей.","type":"FACT","spoiler":false}],"genres":[{"name":"драма"},{"name":"комедия"}],"countries":[{"name":"США"}],"seasonsInfo":[],"persons":[{"id":6542,"photo":"https://st.kp.yandex.net/images/actor_iphone/iphone360_6542.jpg","name":"Сандра Буллок","enName":"Sandra Bullock","profession":"актеры","enProfession":"actor"},{"id":10779,"photo":"https://st.kp.yandex.net/images/actor_iphone/iphone360_10779.jpg","name":"Вигго Мортенсен","enName":"Viggo Mortensen","profession":"актеры","enProfession":"actor"},{"id":10780,"photo":"https://st.kp.yandex.net/images/actor_iphone/iphone360_10780.jpg","name":"Доминик Уэст","enName":"Dominic West","profession":"актеры","enProfession":"actor"},{"id":10781,"photo":"https://st.kp.yandex.net/images/actor_iphone/iphone360_10781.jpg","name":"Элизабет Перкинс","enName":"Elizabeth Perkins","profession":"актеры","enProfession":"actor"},{"id":118,"photo":"https://st.kp.yandex.net/images/actor_iphone/iphone360_118.jpg","name":"Азура Скай","enName":"Azura Skye","profession":"актеры","enProfession":"actor"},{"id":9271,"photo":"https://st.kp.yandex.net/images/actor_iphone/iphone360_9271.jpg","name":"Стив Бушеми","enName":"Steve Buscemi","profession":"актеры","enProfession":"actor"},{"id":10102,"photo":"https://st.kp.yandex.net/images/actor_iphone/iphone360_10102.jpg","name":"Алан Тьюдик","enName":"Alan Tudyk","profession":"актеры","enProfession":"actor"},{"id":10782,"photo":"https://st.kp.yandex.net/images/actor_iphone/iphone360_10782.jpg","name":"Майк О’Мэлли","enName":"Mike O'Malley","profession":"актеры","enProfession":"actor"},{"id":3209,"photo":"https://st.kp.yandex.net/images/actor_iphone/iphone360_3209.jpg","name":"Марианн Жан-Батист","enName":"Marianne Jean-Baptiste","profession":"актеры","enProfession":"actor"},{"id":10783,"photo":"https://st.kp.yandex.net/images/actor_iphone/iphone360_10783.jpg","name":"Рени Сантони","enName":"Reni Santoni","profession":"актеры","enProfession":"actor"},{"id":10784,"photo":"https://st.kp.yandex.net/images/actor_iphone/iphone360_10784.jpg","name":"Дайан Лэдд","enName":"Diane Ladd","profession":"актеры","enProfession":"actor"},{"id":10785,"photo":"https://st.kp.yandex.net/images/actor_iphone/iphone360_10785.jpg","name":"Марго Мартиндейл","enName":"Margo Martindale","profession":"актеры","enProfession":"actor"},{"id":10786,"photo":"https://st.kp.yandex.net/images/actor_iphone/iphone360_10786.jpg","name":"Сьюзан Кребс","enName":"Susan Krebs","profession":"актеры","enProfession":"actor"},{"id":10787,"photo":"https://st.kp.yandex.net/images/actor_iphone/iphone360_10787.jpg","name":"Лаудон Уэйнрайт  III","enName":"Loudon Wainwright III","profession":"актеры","enProfession":"actor"},{"id":10788,"photo":"https://st.kp.yandex.net/images/actor_iphone/iphone360_10788.jpg","name":"Кэти Шарф","enName":"Katie Scharf","profession":"актеры","enProfession":"actor"},{"id":10789,"photo":"https://st.kp.yandex.net/images/actor_iphone/iphone360_10789.jpg","name":"Мередит Дин","enName":"Meredith Deane","profession":"актеры","enProfession":"actor"},{"id":10790,"photo":"https://st.kp.yandex.net/images/actor_iphone/iphone360_10790.jpg","name":"Элизабет Руссо","enName":"Elizabeth Ruscio","profession":"актеры","enProfession":"actor"},{"id":10791,"photo":"https://st.kp.yandex.net/images/actor_iphone/iphone360_10791.jpg","name":"Кэти Пэйн","enName":"Kathy Payne","profession":"актеры","enProfession":"actor"},{"id":6357692,"photo":"https://st.kp.yandex.net/images/actor_iphone/iphone360_6357692.jpg","name":null,"enName":"Lisa Sutton","profession":"актеры","enProfession":"actor"},{"id":6896,"photo":"https://st.kp.yandex.net/images/actor_iphone/iphone360_6896.jpg","name":"Джоэнн Панкоу","enName":"Joanne Pankow","profession":"актеры","enProfession":"actor"},{"id":10793,"photo":"https://st.kp.yandex.net/images/actor_iphone/iphone360_10793.jpg","name":"Корина Рейли","enName":"Corinne Reilly","profession":"актеры","enProfession":"actor"},{"id":10794,"photo":"https://st.kp.yandex.net/images/actor_iphone/iphone360_10794.jpg","name":"Эндрю Долан","enName":"Andrew Dolan","profession":"актеры","enProfession":"actor"},{"id":10795,"photo":"https://st.kp.yandex.net/images/actor_iphone/iphone360_10795.jpg","name":"Маив МакГуайр","enName":"Maeve McGuire","profession":"актеры","enProfession":"actor"},{"id":10796,"photo":"https://st.kp.yandex.net/images/actor_iphone/iphone360_10796.jpg","name":"Джим Муди","enName":"Jim Moody","profession":"актеры","enProfession":"actor"},{"id":10797,"photo":"https://st.kp.yandex.net/images/actor_iphone/iphone360_10797.jpg","name":"Кристина Чанг","enName":"Christina Chang","profession":"актеры","enProfession":"actor"},{"id":10798,"photo":"https://st.kp.yandex.net/images/actor_iphone/iphone360_10798.jpg","name":"Адам Первис","enName":"Adam Pervis","profession":"актеры","enProfession":"actor"},{"id":10799,"photo":"https://st.kp.yandex.net/images/actor_iphone/iphone360_10799.jpg","name":"Дэн Берд","enName":"Dan Byrd","profession":"актеры","enProfession":"actor"},{"id":10177,"photo":"https://st.kp.yandex.net/images/actor_iphone/iphone360_10177.jpg","name":"Рик Райц","enName":"Ric Reitz","profession":"актеры","enProfession":"actor"},{"id":10800,"photo":"https://st.kp.yandex.net/images/actor_iphone/iphone360_10800.jpg","name":"Сьюллен Йэтс","enName":"Suellen Yates","profession":"актеры","enProfession":"actor"},{"id":10801,"photo":"https://st.kp.yandex.net/images/actor_iphone/iphone360_10801.jpg","name":"Фрэнк Хойт Тейлор","enName":"Frank Hoyt Taylor","profession":"актеры","enProfession":"actor"},{"id":10802,"photo":"https://st.kp.yandex.net/images/actor_iphone/iphone360_10802.jpg","name":"Британи Уоррик","enName":"Brittani Warrick","profession":"актеры","enProfession":"actor"},{"id":10803,"photo":"https://st.kp.yandex.net/images/actor_iphone/iphone360_10803.jpg","name":"Элайджа Келли","enName":"Elijah Kelley","profession":"актеры","enProfession":"actor"},{"id":10804,"photo":"https://st.kp.yandex.net/images/actor_iphone/iphone360_10804.jpg","name":"Майк Дули","enName":"Mike Dooly","profession":"актеры","enProfession":"actor"},{"id":9296,"photo":"https://st.kp.yandex.net/images/actor_iphone/iphone360_9296.jpg","name":"Уэнди Прэтт","enName":"Wendee Pratt","profession":"актеры","enProfession":"actor"},{"id":10805,"photo":"https://st.kp.yandex.net/images/actor_iphone/iphone360_10805.jpg","name":"Билл Анагнос","enName":"Bill Anagnos","profession":"актеры","enProfession":"actor"},{"id":10806,"photo":"https://st.kp.yandex.net/images/actor_iphone/iphone360_10806.jpg","name":"Джек Армстронг","enName":"Jack Armstrong","profession":"актеры","enProfession":"actor"},{"id":10807,"photo":"https://st.kp.yandex.net/images/actor_iphone/iphone360_10807.jpg","name":"Джудит Чэпман","enName":"Judith Chapman","profession":"актеры","enProfession":"actor"},{"id":10808,"photo":"https://st.kp.yandex.net/images/actor_iphone/iphone360_10808.jpg","name":"Сюзанн Дэвис","enName":"Suzanne Davis","profession":"актеры","enProfession":"actor"},{"id":10809,"photo":"https://st.kp.yandex.net/images/actor_iphone/iphone360_10809.jpg","name":"Род МакКери","enName":"Rod McCary","profession":"актеры","enProfession":"actor"},{"id":1959625,"photo":"https://st.kp.yandex.net/images/actor_iphone/iphone360_1959625.jpg","name":"Мэтт Седеньо","enName":"Matt Cedeño","profession":"актеры","enProfession":"actor"},{"id":3219599,"photo":"https://st.kp.yandex.net/images/actor_iphone/iphone360_3219599.jpg","name":"Табер Кросс","enName":"Taber Cross","profession":"актеры","enProfession":"actor"},{"id":10811,"photo":"https://st.kp.yandex.net/images/actor_iphone/iphone360_10811.jpg","name":"Патриция М. Фэйрчайлд","enName":"Patricia M. Fairchild","profession":"актеры","enProfession":"actor"},{"id":10812,"photo":"https://st.kp.yandex.net/images/actor_iphone/iphone360_10812.jpg","name":"Бруно Ганн","enName":"Bruno Gunn","profession":"актеры","enProfession":"actor"},{"id":41027,"photo":"https://st.kp.yandex.net/images/actor_iphone/iphone360_41027.jpg","name":"Арчи Хан","enName":"Archie Hahn","profession":"актеры","enProfession":"actor"},{"id":5691436,"photo":"https://st.kp.yandex.net/images/actor_iphone/iphone360_5691436.jpg","name":null,"enName":"Wayne Paul Liles","profession":"актеры","enProfession":"actor"},{"id":2230744,"photo":"https://st.kp.yandex.net/images/actor_iphone/iphone360_2230744.jpg","name":"Миа Маркус","enName":"Mia Rochefort","profession":"актеры","enProfession":"actor"},{"id":1710075,"photo":"https://st.kp.yandex.net/images/actor_iphone/iphone360_1710075.jpg","name":"Кристофер Мерфи","enName":"Christopher Murphy","profession":"актеры","enProfession":"actor"},{"id":10813,"photo":"https://st.kp.yandex.net/images/actor_iphone/iphone360_10813.jpg","name":"Харш Найяр","enName":"Harsh Nayyar","profession":"актеры","enProfession":"actor"},{"id":566184,"photo":"https://st.kp.yandex.net/images/actor_iphone/iphone360_566184.jpg","name":"Брент Пондер","enName":"Brent Ponder","profession":"актеры","enProfession":"actor"},{"id":10814,"photo":"https://st.kp.yandex.net/images/actor_iphone/iphone360_10814.jpg","name":"Стэн Вуд","enName":"Stan Wood","profession":"актеры","enProfession":"actor"},{"id":168154,"photo":"https://st.kp.yandex.net/images/actor_iphone/iphone360_168154.jpg","name":"Ричард Гиббс","enName":"Richard Gibbs","profession":"композиторы","enProfession":"composer"},{"id":1986264,"photo":"https://st.kp.yandex.net/images/actor_iphone/iphone360_1986264.jpg","name":"Марсия Хиндс","enName":"Marcia Hinds","profession":"художники","enProfession":"designer"},{"id":1986265,"photo":"https://st.kp.yandex.net/images/actor_iphone/iphone360_1986265.jpg","name":"Бо Джонсон","enName":"Bo Johnson","profession":"художники","enProfession":"designer"},{"id":153972,"photo":"https://st.kp.yandex.net/images/actor_iphone/iphone360_153972.jpg","name":"Эллен Люттер","enName":"Ellen Lutter","profession":"художники","enProfession":"designer"},{"id":1999151,"photo":"https://st.kp.yandex.net/images/actor_iphone/iphone360_1999151.jpg","name":"Дебра Шутт","enName":"Debra Schutt","profession":"художники","enProfession":"designer"},{"id":10777,"photo":"https://st.kp.yandex.net/images/actor_iphone/iphone360_10777.jpg","name":"Бетти Томас","enName":"Betty Thomas","profession":"режиссеры","enProfession":"director"},{"id":915381,"photo":"https://st.kp.yandex.net/images/actor_iphone/iphone360_915381.jpg","name":"Питер Тешнер","enName":"Peter Teschner","profession":"монтажеры","enProfession":"editor"},{"id":67118,"photo":"https://st.kp.yandex.net/images/actor_iphone/iphone360_67118.jpg","name":"Деклан Куинн","enName":"Declan Quinn","profession":"операторы","enProfession":"operator"},{"id":10816,"photo":"https://st.kp.yandex.net/images/actor_iphone/iphone360_10816.jpg","name":"Дженно Топпинг","enName":"Jenno Topping","profession":"продюсеры","enProfession":"producer"},{"id":10815,"photo":"https://st.kp.yandex.net/images/actor_iphone/iphone360_10815.jpg","name":"Селия Д. Костас","enName":"Celia D. Costas","profession":"продюсеры","enProfession":"producer"},{"id":10778,"photo":"https://st.kp.yandex.net/images/actor_iphone/iphone360_10778.jpg","name":"Сюзанна Грант","enName":"Susannah Grant","profession":"редакторы","enProfession":"writer"}],"typeNumber":1,"alternativeName":"28 Days","enName":null,"names":[{"name":"28 дней"},{"name":"28 Days"},{"name":"28 giorni","language":"IT","type":null},{"name":"28 dager","language":"NO","type":null}],"ageRating":16,"ratingMpaa":"pg13","shortDescription":null,"similarMovies":[{"id":5058,"name":"Прерванная жизнь","enName":null,"alternativeName":"Girl, Interrupted","type":"movie","poster":{"url":"https://avatars.mds.yandex.net/get-kinopoisk-image/1600647/85aa8a1f-c1bd-455d-9153-f79eca2165e6/orig","previewUrl":"https://avatars.mds.yandex.net/get-kinopoisk-image/1600647/85aa8a1f-c1bd-455d-9153-f79eca2165e6/x1000"}},{"id":395695,"name":"Рэйчел выходит замуж","enName":null,"alternativeName":"Rachel Getting Married","type":"movie","poster":{"url":"https://avatars.mds.yandex.net/get-kinopoisk-image/1599028/07880754-1d13-46c5-a95a-1d4275b19284/orig","previewUrl":"https://avatars.mds.yandex.net/get-kinopoisk-image/1599028/07880754-1d13-46c5-a95a-1d4275b19284/x1000"}},{"id":4498,"name":"Когда мужчина любит женщину","enName":null,"alternativeName":"When a Man Loves a Woman","type":"movie","poster":{"url":"https://avatars.mds.yandex.net/get-kinopoisk-image/4774061/f61ea337-1136-4ddd-b042-49a601f5115f/orig","previewUrl":"https://avatars.mds.yandex.net/get-kinopoisk-image/4774061/f61ea337-1136-4ddd-b042-49a601f5115f/x1000"}}],"sequelsAndPrequels":[],"logo":{"url":null},"watchability":{"items":[{"name":"Триколор Кино и ТВ","logo":{"url":"https://avatars.mds.yandex.net/get-ott/239697/947e777c-2f73-4cbc-b09d-6bfa3966ba13/orig"},"url":"https://kino.tricolor.tv/watch/28-dney-2000/?utm_source=yandex&utm_medium=feed"}]},"top10":null,"top250":null}