{"fees":{"world":{"value":14439698,"currency":"$"},"usa":{"value":5204007,"currency":"$"}},"status":null,"externalId":{"kpHD":null,"imdb":"tt0227984","tmdb":1613},"rating":{"kp":7.212,"imdb":6.3,"filmCritics":4.5,"russianFilmCritics":0,"await":0},"votes":{"kp":17640,"imdb":50036,"filmCritics":102,"russianFilmCritics":1,"await":0},"backdrop":{"url":null,"previewUrl":null},"movieLength":93,"productionCompanies":[{"name":"The Film Consortium","url":null,"previewUrl":null},{"name":"Alliance Atlantis Communications","url":"https://www.themoviedb.org/t/p/original/jEMVaCuEjQ3lzkhakWDKNVjwd9Q.png","previewUrl":"https://www.themoviedb.org/t/p/w500/jEMVaCuEjQ3lzkhakWDKNVjwd9Q.png"},{"name":"Momentum Films","url":null,"previewUrl":null},{"name":"National Lottery","url":null,"previewUrl":null},{"name":"Fifty First Films","url":null,"previewUrl":null},{"name":"Artists Production Group (APG)","url":null,"previewUrl":null},{"name":"The Canadian Film or Video Production Tax Credit (CPTC)","url":null,"previewUrl":null},{"name":"Film Council","url":null,"previewUrl":null},{"name":"Focus Features","url":"https://www.themoviedb.org/t/p/original/xnFIOeq5cKw09kCWqV7foWDe4AA.png","previewUrl":"https://www.themoviedb.org/t/p/w500/xnFIOeq5cKw09kCWqV7foWDe4AA.png"}],"id":578,"type":"movie","name":"Формула 51","description":"Химик-фармацевт МакЭлрой изобрел новый супернаркотик и решил сорвать большой куш. Чтобы осуществить задуманное, он отправляется в Ливерпуль. Его босс Ящер приказывает своей помощнице Дакоте убить МакЭлроя.","premiere":{"country":"Великобритания","world":"2001-12-07T00:00:00.000Z","russia":"2002-10-10T00:00:00.000Z","cinema":"2002-10-10T00:00:00.000Z"},"slogan":"У Лос-Анджелеса есть «Криминальное чтиво», у Лондона - «Карты, деньги, два ствола», и вот теперь и у Ливерпуля есть","year":2001,"budget":{"value":27000000,"currency":"$"},"poster":{"url":"https://st.kp.yandex.net/images/film_big/578.jpg","previewUrl":"https://st.kp.yandex.net/images/film_iphone/iphone360_578.jpg"},"facts":[{"value":"Место съемок фильма — Ливерпуль и Лос-Анджелес.","type":"FACT","spoiler":false},{"value":"У ленты два англоязычных названия — &laquo;Formula 51&raquo; и &laquo;The 51st State&raquo; — и трактовать их можно двояко. С одной стороны, речь здесь идет о новом наркотике, получившем название ЗСВ-51, с другой — о том месте, где разворачивается действие, — о старой Англии, которую некоторые американцы презрительно называют 51-м штатом США.","type":"FACT","spoiler":false},{"value":"Слово fuck и его производные звучат в фильме 180 раз.","type":"FACT","spoiler":false}],"genres":[{"name":"боевик"},{"name":"триллер"},{"name":"комедия"},{"name":"криминал"}],"countries":[{"name":"Великобритания"},{"name":"Канада"},{"name":"США"}],"videos":{"trailers":[{"url":"http://a772.g.akamai.net/5/772/51/a9b4077b512345/1a1a1aaa2198c627970773d80669d84574a8d80d3cb12453c02589f25382f668c9329e0375e8177ae955ca3799026392f867d946bb2788e71c4d/formula_51_m240.mov","name":"Трейлер","site":"unknown"},{"url":"https://www.youtube.com/embed/CaGy5JkZiis","name":"Formula 51 Trailer","site":"youtube","type":"TRAILER"}],"teasers":[]},"seasonsInfo":[],"persons":[{"id":7164,"photo":"https://st.kp.yandex.net/images/actor_iphone/iphone360_7164.jpg","name":"Сэмюэл Л. Джексон","enName":"Samuel L. Jackson","profession":"актеры","enProfession":"actor"},{"id":22368,"photo":"https://st.kp.yandex.net/images/actor_iphone/iphone360_22368.jpg","name":"Роберт Карлайл","enName":"Robert Carlyle","profession":"актеры","enProfession":"actor"},{"id":7038,"photo":"https://st.kp.yandex.net/images/actor_iphone/iphone360_7038.jpg","name":"Эмили Мортимер","enName":"Emily Mortimer","profession":"актеры","enProfession":"actor"},{"id":7629,"photo":"https://st.kp.yandex.net/images/actor_iphone/iphone360_7629.jpg","name":"Рис Иванс","enName":"Rhys Ifans","profession":"актеры","enProfession":"actor"},{"id":15704,"photo":"https://st.kp.yandex.net/images/actor_iphone/iphone360_15704.jpg","name":"Шон Пертуи","enName":"Sean Pertwee","profession":"актеры","enProfession":"actor"},{"id":14127,"photo":"https://st.kp.yandex.net/images/actor_iphone/iphone360_14127.jpg","name":"Мит Лоаф","enName":"Meat Loaf","profession":"актеры","enProfession":"actor"},{"id":63839,"photo":"https://st.kp.yandex.net/images/actor_iphone/iphone360_63839.jpg","name":"Найджел Уитми","enName":"Nigel Whitmey","profession":"актеры","enProfession":"actor"},{"id":74442,"photo":"https://st.kp.yandex.net/images/actor_iphone/iphone360_74442.jpg","name":"Роберт Йезек","enName":"Robert Jezek","profession":"актеры","enProfession":"actor"},{"id":49689,"photo":"https://st.kp.yandex.net/images/actor_iphone/iphone360_49689.jpg","name":"Джэйк Абрахам","enName":"Jake Abraham","profession":"актеры","enProfession":"actor"},{"id":70673,"photo":"https://st.kp.yandex.net/images/actor_iphone/iphone360_70673.jpg","name":"Мак МакДональд","enName":"Mac McDonald","profession":"актеры","enProfession":"actor"},{"id":24359,"photo":"https://st.kp.yandex.net/images/actor_iphone/iphone360_24359.jpg","name":"Аарон Шварц","enName":"Aaron Swartz","profession":"актеры","enProfession":"actor"},{"id":64821,"photo":"https://st.kp.yandex.net/images/actor_iphone/iphone360_64821.jpg","name":"Дэвид Веббер","enName":"David Webber","profession":"актеры","enProfession":"actor"},{"id":67247,"photo":"https://st.kp.yandex.net/images/actor_iphone/iphone360_67247.jpg","name":"Майкл Дж. Рейнольдс","enName":"Michael J. Reynolds","profession":"актеры","enProfession":"actor"},{"id":518514,"photo":"https://st.kp.yandex.net/images/actor_iphone/iphone360_518514.jpg","name":"Сонни Муслим","enName":"Sonny Muslim","profession":"актеры","enProfession":"actor"},{"id":393809,"photo":"https://st.kp.yandex.net/images/actor_iphone/iphone360_393809.jpg","name":"Барбара Барнс","enName":"Barbara Barnes","profession":"актеры","enProfession":"actor"},{"id":15556,"photo":"https://st.kp.yandex.net/images/actor_iphone/iphone360_15556.jpg","name":"Юникс Инокян","enName":"Junix Inocian","profession":"актеры","enProfession":"actor"},{"id":12045,"photo":"https://st.kp.yandex.net/images/actor_iphone/iphone360_12045.jpg","name":"Пол Барбер","enName":"Paul Barber","profession":"актеры","enProfession":"actor"},{"id":34116,"photo":"https://st.kp.yandex.net/images/actor_iphone/iphone360_34116.jpg","name":"Крис Хантер","enName":"Christopher Hunter","profession":"актеры","enProfession":"actor"},{"id":22370,"photo":"https://st.kp.yandex.net/images/actor_iphone/iphone360_22370.jpg","name":"Стивен Уолтерс","enName":"Stephen Walters","profession":"актеры","enProfession":"actor"},{"id":518516,"photo":"https://st.kp.yandex.net/images/actor_iphone/iphone360_518516.jpg","name":"Джеймс Роач","enName":"James Roach","profession":"актеры","enProfession":"actor"},{"id":295545,"photo":"https://st.kp.yandex.net/images/actor_iphone/iphone360_295545.jpg","name":"Майкл Старк","enName":"Michael Starke","profession":"актеры","enProfession":"actor"},{"id":38486,"photo":"https://st.kp.yandex.net/images/actor_iphone/iphone360_38486.jpg","name":"Рикки Томлинсон","enName":"Ricky Tomlinson","profession":"актеры","enProfession":"actor"},{"id":56741,"photo":"https://st.kp.yandex.net/images/actor_iphone/iphone360_56741.jpg","name":"Эд","enName":"Ade","profession":"актеры","enProfession":"actor"},{"id":1959554,"photo":"https://st.kp.yandex.net/images/actor_iphone/iphone360_1959554.jpg","name":"Ник Бартлетт","enName":"Nick Bartlett","profession":"актеры","enProfession":"actor"},{"id":20330,"photo":"https://st.kp.yandex.net/images/actor_iphone/iphone360_20330.jpg","name":"Энгус МакИннес","enName":"Angus MacInnes","profession":"актеры","enProfession":"actor"},{"id":126679,"photo":"https://st.kp.yandex.net/images/actor_iphone/iphone360_126679.jpg","name":"Джоан Кэмпион","enName":"Joan Campion","profession":"актеры","enProfession":"actor"},{"id":24356,"photo":"https://st.kp.yandex.net/images/actor_iphone/iphone360_24356.jpg","name":"Терри О’Нил","enName":"Terry O'Neill","profession":"актеры","enProfession":"actor"},{"id":22403,"photo":"https://st.kp.yandex.net/images/actor_iphone/iphone360_22403.jpg","name":"Анна Кивни","enName":"Anna Keaveney","profession":"актеры","enProfession":"actor"},{"id":81228,"photo":"https://st.kp.yandex.net/images/actor_iphone/iphone360_81228.jpg","name":"Омар Салими","enName":"Marc Anwar","profession":"актеры","enProfession":"actor"},{"id":72894,"photo":"https://st.kp.yandex.net/images/actor_iphone/iphone360_72894.jpg","name":"Пол Бротон","enName":"Paul Broughton","profession":"актеры","enProfession":"actor"},{"id":518518,"photo":"https://st.kp.yandex.net/images/actor_iphone/iphone360_518518.jpg","name":"Роберт Файф","enName":"Robert Fyfe","profession":"актеры","enProfession":"actor"},{"id":2532838,"photo":"https://st.kp.yandex.net/images/actor_iphone/iphone360_2532838.jpg","name":"Линси Битти","enName":"Lynsey Beattie","profession":"актеры","enProfession":"actor"},{"id":1231795,"photo":"https://st.kp.yandex.net/images/actor_iphone/iphone360_1231795.jpg","name":"Крис Бен","enName":"Christopher Ben","profession":"актеры","enProfession":"actor"},{"id":3037684,"photo":"https://st.kp.yandex.net/images/actor_iphone/iphone360_3037684.jpg","name":null,"enName":"Jussilinho Ángel Castro","profession":"актеры","enProfession":"actor"},{"id":4173736,"photo":"https://st.kp.yandex.net/images/actor_iphone/iphone360_4173736.jpg","name":null,"enName":"Devyn Duex","profession":"актеры","enProfession":"actor"},{"id":783677,"photo":"https://st.kp.yandex.net/images/actor_iphone/iphone360_783677.jpg","name":"Гауте Гротта Грав","enName":"Gaute Grøtta Grav","profession":"актеры","enProfession":"actor"},{"id":1131460,"photo":"https://st.kp.yandex.net/images/actor_iphone/iphone360_1131460.jpg","name":"Райан Крюгер","enName":"Ryan Kruger","profession":"актеры","enProfession":"actor"},{"id":246657,"photo":"https://st.kp.yandex.net/images/actor_iphone/iphone360_246657.jpg","name":"Пол Т. Мюррэй","enName":"Paul T. Murray","profession":"актеры","enProfession":"actor"},{"id":518513,"photo":"https://st.kp.yandex.net/images/actor_iphone/iphone360_518513.jpg","name":"Стел Павлов","enName":"Stel Pavlou","profession":"актеры","enProfession":"actor"},{"id":31320,"photo":"https://st.kp.yandex.net/images/actor_iphone/iphone360_31320.jpg","name":"Мэтт Рутледж","enName":"Matt Routledge","profession":"актеры","enProfession":"actor"},{"id":746403,"photo":"https://st.kp.yandex.net/images/actor_iphone/iphone360_746403.jpg","name":"Натали Уильямс","enName":"Natalie Williams","profession":"актеры","enProfession":"actor"},{"id":609965,"photo":"https://st.kp.yandex.net/images/actor_iphone/iphone360_609965.jpg","name":"Headrillaz","enName":"Headrillaz","profession":"композиторы","enProfession":"composer"},{"id":609966,"photo":"https://st.kp.yandex.net/images/actor_iphone/iphone360_609966.jpg","name":"Каспар Кедрос","enName":"Caspar Kedros","profession":"композиторы","enProfession":"composer"},{"id":609967,"photo":"https://st.kp.yandex.net/images/actor_iphone/iphone360_609967.jpg","name":"Дариус Кедрос","enName":"Darius Kedros","profession":"композиторы","enProfession":"composer"},{"id":71117,"photo":"https://st.kp.yandex.net/images/actor_iphone/iphone360_71117.jpg","name":"Алан МакДональд","enName":"Alan Macdonald","profession":"художники","enProfession":"designer"},{"id":1986940,"photo":"https://st.kp.yandex.net/images/actor_iphone/iphone360_1986940.jpg","name":"Грант Армстронг","enName":"Grant Armstrong","profession":"художники","enProfession":"designer"},{"id":2008052,"photo":"https://st.kp.yandex.net/images/actor_iphone/iphone360_2008052.jpg","name":"Ханна Моусли","enName":"Hannah Moseley","profession":"художники","enProfession":"designer"},{"id":1992687,"photo":"https://st.kp.yandex.net/images/actor_iphone/iphone360_1992687.jpg","name":"Филип Робинсон","enName":"Philip Robinson","profession":"художники","enProfession":"designer"},{"id":1986002,"photo":"https://st.kp.yandex.net/images/actor_iphone/iphone360_1986002.jpg","name":"Кейт Кэрин","enName":"Kate Carin","profession":"художники","enProfession":"designer"},{"id":2008053,"photo":"https://st.kp.yandex.net/images/actor_iphone/iphone360_2008053.jpg","name":"Дункан Вилер","enName":"Duncan Wheeler","profession":"художники","enProfession":"designer"},{"id":29989,"photo":"https://st.kp.yandex.net/images/actor_iphone/iphone360_29989.jpg","name":"Ронни Юй","enName":"Ronny Yu","profession":"режиссеры","enProfession":"director"},{"id":148709,"photo":"https://st.kp.yandex.net/images/actor_iphone/iphone360_148709.jpg","name":"Дэвид У","enName":"David Wu","profession":"монтажеры","enProfession":"editor"},{"id":53149,"photo":"https://st.kp.yandex.net/images/actor_iphone/iphone360_53149.jpg","name":"Пун Хан-Сан","enName":"Poon Hang-Sang","profession":"операторы","enProfession":"operator"},{"id":27639,"photo":"https://st.kp.yandex.net/images/actor_iphone/iphone360_27639.jpg","name":"Джонатан Дебин","enName":"Jonathan Debin","profession":"продюсеры","enProfession":"producer"},{"id":20155,"photo":"https://st.kp.yandex.net/images/actor_iphone/iphone360_20155.jpg","name":"Андрас Хамори","enName":"András Hámori","profession":"продюсеры","enProfession":"producer"},{"id":229191,"photo":"https://st.kp.yandex.net/images/actor_iphone/iphone360_229191.jpg","name":"Малкольм Колль","enName":"Malcolm Kohll","profession":"продюсеры","enProfession":"producer"},{"id":88537,"photo":"https://st.kp.yandex.net/images/actor_iphone/iphone360_88537.jpg","name":"Дэвид Пупкевиц","enName":"David Pupkewitz","profession":"продюсеры","enProfession":"producer"},{"id":310535,"photo":"https://st.kp.yandex.net/images/actor_iphone/iphone360_310535.jpg","name":"Олег Куценко","enName":null,"profession":"актеры дубляжа","enProfession":"voice_actor"},{"id":290494,"photo":"https://st.kp.yandex.net/images/actor_iphone/iphone360_290494.jpg","name":"Леонид Белозорович","enName":null,"profession":"актеры дубляжа","enProfession":"voice_actor"},{"id":1654400,"photo":"https://st.kp.yandex.net/images/actor_iphone/iphone360_1654400.jpg","name":"Елена Соловьева","enName":null,"profession":"актеры дубляжа","enProfession":"voice_actor"},{"id":1159780,"photo":"https://st.kp.yandex.net/images/actor_iphone/iphone360_1159780.jpg","name":"Александр Груздев","enName":null,"profession":"актеры дубляжа","enProfession":"voice_actor"},{"id":257034,"photo":"https://st.kp.yandex.net/images/actor_iphone/iphone360_257034.jpg","name":"Валерий Сторожик","enName":null,"profession":"актеры дубляжа","enProfession":"voice_actor"},{"id":1078857,"photo":"https://st.kp.yandex.net/images/actor_iphone/iphone360_1078857.jpg","name":"Алексей Колган","enName":null,"profession":"актеры дубляжа","enProfession":"voice_actor"},{"id":1664122,"photo":"https://st.kp.yandex.net/images/actor_iphone/iphone360_1664122.jpg","name":"Виктор Бохон","enName":null,"profession":"актеры дубляжа","enProfession":"voice_actor"},{"id":281059,"photo":"https://st.kp.yandex.net/images/actor_iphone/iphone360_281059.jpg","name":"Александр Рыжков","enName":null,"profession":"актеры дубляжа","enProfession":"voice_actor"},{"id":330068,"photo":"https://st.kp.yandex.net/images/actor_iphone/iphone360_330068.jpg","name":"Светлана Старикова","enName":null,"profession":"актеры дубляжа","enProfession":"voice_actor"},{"id":231213,"photo":"https://st.kp.yandex.net/images/actor_iphone/iphone360_231213.jpg","name":"Александр Новиков","enName":null,"profession":"актеры дубляжа","enProfession":"voice_actor"},{"id":1040432,"photo":"https://st.kp.yandex.net/images/actor_iphone/iphone360_1040432.jpg","name":"Денис Беспалый","enName":null,"profession":"актеры дубляжа","enProfession":"voice_actor"},{"id":518513,"photo":"https://st.kp.yandex.net/images/actor_iphone/iphone360_518513.jpg","name":"Стел Павлов","enName":"Stel Pavlou","profession":"редакторы","enProfession":"writer"}],"typeNumber":1,"alternativeName":"The 51st State","enName":null,"names":[{"name":"Формула 51"},{"name":"The 51st State"}],"ageRating":16,"ratingMpaa":"r","sequelsAndPrequels":[],"similarMovies":[{"id":522,"name":"Карты, деньги, два ствола","enName":null,"alternativeName":"Lock, Stock and Two Smoking Barrels","type":"movie","poster":{"url":"https://avatars.mds.yandex.net/get-kinopoisk-image/1599028/6492653f-11d5-4087-a1d2-ec7a74f161d3/orig","previewUrl":"https://avatars.mds.yandex.net/get-kinopoisk-image/1599028/6492653f-11d5-4087-a1d2-ec7a74f161d3/x1000"}},{"id":526,"name":"Большой куш","enName":null,"alternativeName":"Snatch","type":"movie","poster":{"url":"https://avatars.mds.yandex.net/get-kinopoisk-image/4303601/47fe48f6-ff17-4411-a12f-d337bea2639d/orig","previewUrl":"https://avatars.mds.yandex.net/get-kinopoisk-image/4303601/47fe48f6-ff17-4411-a12f-d337bea2639d/x1000"}},{"id":342,"name":"Криминальное чтиво","enName":null,"alternativeName":"Pulp Fiction","type":"movie","poster":{"url":"https://avatars.mds.yandex.net/get-kinopoisk-image/1900788/87b5659d-a159-4224-9bff-d5a5d109a53b/orig","previewUrl":"https://avatars.mds.yandex.net/get-kinopoisk-image/1900788/87b5659d-a159-4224-9bff-d5a5d109a53b/x1000"}}],"imagesInfo":{"framesCount":21},"shortDescription":null,"logo":{"url":null},"watchability":{"items":null},"top10":null,"top250":null}