{"fees":{"world":{"value":87713825,"currency":"$"},"usa":{"value":58203105,"currency":"$"}},"status":null,"externalId":{"kpHD":"425ab6b3363f3746a37eeb36ac682aef","imdb":"tt0248667","tmdb":8489},"rating":{"kp":7.486,"imdb":6.7,"filmCritics":6.4,"russianFilmCritics":71.4286,"await":0},"votes":{"kp":34605,"imdb":102200,"filmCritics":155,"russianFilmCritics":7,"await":0},"backdrop":{"url":"https://avatars.mds.yandex.net/get-ott/374297/2a0000017d6b751be673f45b831b9eee5fe2/orig","previewUrl":"https://avatars.mds.yandex.net/get-ott/374297/2a0000017d6b751be673f45b831b9eee5fe2/x1000"},"movieLength":157,"productionCompanies":[{"name":"Columbia Pictures","url":"https://www.themoviedb.org/t/p/original/71BqEFAF4V3qjjMPCpLuyJFB9A.png","previewUrl":"https://www.themoviedb.org/t/p/w500/71BqEFAF4V3qjjMPCpLuyJFB9A.png"}],"id":585,"type":"movie","name":"Али","description":"Мохаммед Али является великим героем Америки, кумиром всего мира, и в то же время, одной из самых недооцененных персон XX века. Борясь за гражданские права в родной стране в сложные, бурные годы, когда громкие политические и социальные события коренным образом меняли мировоззрения людей, Али защищал угнетенных и дарил людям новую надежду. История сделала его живой легендой, и теперь вряд ли найдется на планете хоть один человек, который не слышал гордое имя Али.","premiere":{"country":"Великобритания","world":"2001-12-11T00:00:00.000Z","russia":"2002-04-04T00:00:00.000Z","cinema":"2002-04-04T00:00:00.000Z","dvd":"2008-11-11T00:00:00.000Z"},"slogan":"Ты уверен, что всё знаешь о нем!..","year":2001,"budget":{"value":107000000,"currency":"$"},"poster":{"url":"https://st.kp.yandex.net/images/film_big/585.jpg","previewUrl":"https://st.kp.yandex.net/images/film_iphone/iphone360_585.jpg"},"facts":[{"value":"Первоначально фильм должен был снимать <a href=\"/name/8621/\" class=\"all\">Барри Зонненфельд</a>, но ему пришлось покинуть проект. Затем кресло режиссёра должен был занять <a href=\"/name/2340/\" class=\"all\">Спайк Ли</a>, а в итоге эта работа досталась <a href=\"/name/508/\" class=\"all\">Майклу Манну</a>.","type":"FACT","spoiler":false},{"value":"<a href=\"/name/520/\" class=\"all\">Джада Пинкетт Смит</a>, настоящая жена <a href=\"/name/513/\" class=\"all\">Уилла Смита</a>, играет первую жену Али — Сонджи Рои.","type":"FACT","spoiler":false},{"value":"Поначалу <a href=\"/name/513/\" class=\"all\">Уилл Смит</a> от предложения сыграть Али отказался. Согласился он только после звонка ему самого <a href=\"/name/20850/\" class=\"all\">Мухаммеда Али</a> (1942-2016).","type":"FACT","spoiler":false},{"value":"10 июня 2016 года <a href=\"/name/513/\" class=\"all\">Уилл Смит</a> был в числе тех, кто нёс гроб с телом <a href=\"/name/20850/\" class=\"all\">Мухаммеда Али</a>.","type":"FACT","spoiler":false},{"value":"<a href=\"/name/513/\" class=\"all\">Уилл Смит</a> и режиссёр <a href=\"/name/508/\" class=\"all\">Майкл Манн</a> согласны были работать без гонорара, если бы вдруг создание фильма вышло за рамки бюджета.","type":"FACT","spoiler":false},{"value":"<a href=\"/name/513/\" class=\"all\">Уилл Смит</a> набрал вес для роли <a href=\"/name/20850/\" class=\"all\">Мухаммеда Али</a>, который весил 95,5 килограмма. Чтобы прийти в форму, он даже перебрался в Аспен в штате Колорадо, где воздух более разрежен. Вставал он в 6:30 утра, пробегал 8 километров, три часа работал на ринге, а после обеда «качал железо». Меньше чем за 4 месяца актёр набрал 15 килограммов мышечной массы.","type":"FACT","spoiler":false},{"value":"<a href=\"/name/540/\" class=\"all\">Чарльзу Шаффорду</a>, настоящему боксёру-тяжеловесу (вес – 106 килограммов), который играл <a href=\"/name/25850/\" class=\"all\">Джорджа Формена</a>, разрешили наносить удары по актёру всерьёз, чтобы всё выглядело как можно более правдоподобно.","type":"FACT","spoiler":false},{"value":"<a href=\"/name/515/\" class=\"all\">Джон Войт</a> проводил в кресле гримёра по 6 часов.","type":"FACT","spoiler":false},{"value":"Во время съёмок сцены взвешивания, которые проходили уже ближе к утру, <a href=\"/name/515/\" class=\"all\">Джон Войт</a> собрал у всех сотовые телефоны и позвонил всем домой. Некоторые абоненты утром прослушали следующее сообщение в голосовой почте: «Это звонит Джон Войт. Не переживайте, ваш муж ещё на съёмках, работает, он не в баре и не ухлёстывает за девочками».","type":"FACT","spoiler":false}],"genres":[{"name":"драма"},{"name":"биография"},{"name":"спорт"}],"countries":[{"name":"США"}],"videos":{"trailers":[{"url":"https://widgets.kinopoisk.ru/discovery/trailer/56596?onlyPlayer=1&autoplay=1&cover=1","name":"Французский трейлер №2","site":"kinopoisk_widget"},{"url":"https://widgets.kinopoisk.ru/discovery/trailer/138709?onlyPlayer=1&autoplay=1&cover=1","name":"Трейлер (русский язык)","site":"kinopoisk_widget"},{"url":"https://widgets.kinopoisk.ru/discovery/trailer/56595?onlyPlayer=1&autoplay=1&cover=1","name":"Французский трейлер №1","site":"kinopoisk_widget"},{"url":"https://www.youtube.com/watch?v=STuHQ5HpmEE","name":"Трейлер","site":"youtube"},{"url":"https://www.youtube.com/embed/STuHQ5HpmEE","name":"ALI Trailer","site":"youtube","type":"TRAILER"},{"url":"https://www.youtube.com/embed/qQM_tQnhh-4","name":"АЛИ (с субтитрами)","site":"youtube","type":"TRAILER"}],"teasers":[]},"seasonsInfo":[],"persons":[{"id":513,"photo":"https://st.kp.yandex.net/images/actor_iphone/iphone360_513.jpg","name":"Уилл Смит","enName":"Will Smith","profession":"актеры","enProfession":"actor"},{"id":514,"photo":"https://st.kp.yandex.net/images/actor_iphone/iphone360_514.jpg","name":"Джейми Фокс","enName":"Jamie Foxx","profession":"актеры","enProfession":"actor"},{"id":515,"photo":"https://st.kp.yandex.net/images/actor_iphone/iphone360_515.jpg","name":"Джон Войт","enName":"Jon Voight","profession":"актеры","enProfession":"actor"},{"id":516,"photo":"https://st.kp.yandex.net/images/actor_iphone/iphone360_516.jpg","name":"Марио Ван Пиблз","enName":"Mario Van Peebles","profession":"актеры","enProfession":"actor"},{"id":517,"photo":"https://st.kp.yandex.net/images/actor_iphone/iphone360_517.jpg","name":"Рон Сильвер","enName":"Ron Silver","profession":"актеры","enProfession":"actor"},{"id":518,"photo":"https://st.kp.yandex.net/images/actor_iphone/iphone360_518.jpg","name":"Джеффри Райт","enName":"Jeffrey Wright","profession":"актеры","enProfession":"actor"},{"id":519,"photo":"https://st.kp.yandex.net/images/actor_iphone/iphone360_519.jpg","name":"Майкелти Уильямсон","enName":"Mykelti Williamson","profession":"актеры","enProfession":"actor"},{"id":520,"photo":"https://st.kp.yandex.net/images/actor_iphone/iphone360_520.jpg","name":"Джада Пинкетт Смит","enName":"Jada Pinkett Smith","profession":"актеры","enProfession":"actor"},{"id":521,"photo":"https://st.kp.yandex.net/images/actor_iphone/iphone360_521.jpg","name":"Нона Гэй","enName":"Nona Gaye","profession":"актеры","enProfession":"actor"},{"id":522,"photo":"https://st.kp.yandex.net/images/actor_iphone/iphone360_522.jpg","name":"Майкл Мишель","enName":"Michael Michele","profession":"актеры","enProfession":"actor"},{"id":523,"photo":"https://st.kp.yandex.net/images/actor_iphone/iphone360_523.jpg","name":"Джо Мортон","enName":"Joe Morton","profession":"актеры","enProfession":"actor"},{"id":525,"photo":"https://st.kp.yandex.net/images/actor_iphone/iphone360_525.jpg","name":"Пол Родригес","enName":"Paul Rodriguez","profession":"актеры","enProfession":"actor"},{"id":524,"photo":"https://st.kp.yandex.net/images/actor_iphone/iphone360_524.jpg","name":"Брюс МакГилл","enName":"Bruce McGill","profession":"актеры","enProfession":"actor"},{"id":526,"photo":"https://st.kp.yandex.net/images/actor_iphone/iphone360_526.jpg","name":"Бэрри Шебака Хенли","enName":"Barry Shabaka Henley","profession":"актеры","enProfession":"actor"},{"id":527,"photo":"https://st.kp.yandex.net/images/actor_iphone/iphone360_527.jpg","name":"Джанкарло Эспозито","enName":"Giancarlo Esposito","profession":"актеры","enProfession":"actor"},{"id":528,"photo":"https://st.kp.yandex.net/images/actor_iphone/iphone360_528.jpg","name":"Лоуренс Мэйсон","enName":"Laurence Mason","profession":"актеры","enProfession":"actor"},{"id":529,"photo":"https://st.kp.yandex.net/images/actor_iphone/iphone360_529.jpg","name":"ЛеВар Бёртон","enName":"LeVar Burton","profession":"актеры","enProfession":"actor"},{"id":530,"photo":"https://st.kp.yandex.net/images/actor_iphone/iphone360_530.jpg","name":"Альберт Холл","enName":"Albert Hall","profession":"актеры","enProfession":"actor"},{"id":531,"photo":"https://st.kp.yandex.net/images/actor_iphone/iphone360_531.jpg","name":"Дэвид Кабитт","enName":"David Cubitt","profession":"актеры","enProfession":"actor"},{"id":532,"photo":"https://st.kp.yandex.net/images/actor_iphone/iphone360_532.jpg","name":"Тед Левайн","enName":"Ted Levine","profession":"актеры","enProfession":"actor"},{"id":533,"photo":"https://st.kp.yandex.net/images/actor_iphone/iphone360_533.jpg","name":"Кэнди Энн Браун","enName":"Candy Ann Brown","profession":"актеры","enProfession":"actor"},{"id":534,"photo":"https://st.kp.yandex.net/images/actor_iphone/iphone360_534.jpg","name":"Дэвид Эллиотт","enName":"David Elliott","profession":"актеры","enProfession":"actor"},{"id":535,"photo":"https://st.kp.yandex.net/images/actor_iphone/iphone360_535.jpg","name":"Шари Уотсон","enName":"Shari Watson","profession":"актеры","enProfession":"actor"},{"id":536,"photo":"https://st.kp.yandex.net/images/actor_iphone/iphone360_536.jpg","name":"Малик Боуэнс","enName":"Malick Bowens","profession":"актеры","enProfession":"actor"},{"id":537,"photo":"https://st.kp.yandex.net/images/actor_iphone/iphone360_537.jpg","name":"Майкл Бентт","enName":"Michael Bentt","profession":"актеры","enProfession":"actor"},{"id":538,"photo":"https://st.kp.yandex.net/images/actor_iphone/iphone360_538.jpg","name":"Джеймс Тони","enName":"James Toney","profession":"актеры","enProfession":"actor"},{"id":539,"photo":"https://st.kp.yandex.net/images/actor_iphone/iphone360_539.jpg","name":"Альфред Коул","enName":"Alfred Cole","profession":"актеры","enProfession":"actor"},{"id":540,"photo":"https://st.kp.yandex.net/images/actor_iphone/iphone360_540.jpg","name":"Чарльз Шаффорд","enName":"Charles Shufford","profession":"актеры","enProfession":"actor"},{"id":541,"photo":"https://st.kp.yandex.net/images/actor_iphone/iphone360_541.jpg","name":"Руфус Дорси","enName":"Rufus Dorsey","profession":"актеры","enProfession":"actor"},{"id":542,"photo":"https://st.kp.yandex.net/images/actor_iphone/iphone360_542.jpg","name":"Роберт Сейл","enName":"Robert Sale","profession":"актеры","enProfession":"actor"},{"id":544,"photo":"https://st.kp.yandex.net/images/actor_iphone/iphone360_544.jpg","name":"Дэмиен «Боло» Уиллс","enName":"Damien «Bolo» Wills","profession":"актеры","enProfession":"actor"},{"id":545,"photo":"https://st.kp.yandex.net/images/actor_iphone/iphone360_545.jpg","name":"Дэвид Хайнс","enName":"David Haines","profession":"актеры","enProfession":"actor"},{"id":546,"photo":"https://st.kp.yandex.net/images/actor_iphone/iphone360_546.jpg","name":"Виктория Диллард","enName":"Victoria Dillard","profession":"актеры","enProfession":"actor"},{"id":547,"photo":"https://st.kp.yandex.net/images/actor_iphone/iphone360_547.jpg","name":"Брэд Гринквист","enName":"Brad Greenquist","profession":"актеры","enProfession":"actor"},{"id":548,"photo":"https://st.kp.yandex.net/images/actor_iphone/iphone360_548.jpg","name":"Моргана Ван Пиблз","enName":"Morgana Van Peebles","profession":"актеры","enProfession":"actor"},{"id":549,"photo":"https://st.kp.yandex.net/images/actor_iphone/iphone360_549.jpg","name":"Майя Ван Пиблз","enName":"Maya Van Peebles","profession":"актеры","enProfession":"actor"},{"id":550,"photo":"https://st.kp.yandex.net/images/actor_iphone/iphone360_550.jpg","name":"Маэстро Харрелл","enName":"Maestro Harrell","profession":"актеры","enProfession":"actor"},{"id":551,"photo":"https://st.kp.yandex.net/images/actor_iphone/iphone360_551.jpg","name":"Уильям Ютей","enName":"William Utay","profession":"актеры","enProfession":"actor"},{"id":552,"photo":"https://st.kp.yandex.net/images/actor_iphone/iphone360_552.jpg","name":"Ким Робиллард","enName":"Kim Robillard","profession":"актеры","enProfession":"actor"},{"id":553,"photo":"https://st.kp.yandex.net/images/actor_iphone/iphone360_553.jpg","name":"Дэвид Пёрдэм","enName":"David Purdham","profession":"актеры","enProfession":"actor"},{"id":554,"photo":"https://st.kp.yandex.net/images/actor_iphone/iphone360_554.jpg","name":"Гейлард Сартейн","enName":"Gailard Sartain","profession":"актеры","enProfession":"actor"},{"id":555,"photo":"https://st.kp.yandex.net/images/actor_iphone/iphone360_555.jpg","name":"Уэйд Уильямс","enName":"Wade Williams","profession":"актеры","enProfession":"actor"},{"id":556,"photo":"https://st.kp.yandex.net/images/actor_iphone/iphone360_556.jpg","name":"Гай Ван Сверинген","enName":"Guy Van Swearingen","profession":"актеры","enProfession":"actor"},{"id":557,"photo":"https://st.kp.yandex.net/images/actor_iphone/iphone360_557.jpg","name":"Даг Хейл","enName":"Doug Hale","profession":"актеры","enProfession":"actor"},{"id":558,"photo":"https://st.kp.yandex.net/images/actor_iphone/iphone360_558.jpg","name":"ЛаДонна Титтл","enName":"LaDonna Tittle","profession":"актеры","enProfession":"actor"},{"id":559,"photo":"https://st.kp.yandex.net/images/actor_iphone/iphone360_559.jpg","name":"Марк Грэйпи","enName":"Marc Grapey","profession":"актеры","enProfession":"actor"},{"id":560,"photo":"https://st.kp.yandex.net/images/actor_iphone/iphone360_560.jpg","name":"Херб Митчелл","enName":"Herb Mitchell","profession":"актеры","enProfession":"actor"},{"id":561,"photo":"https://st.kp.yandex.net/images/actor_iphone/iphone360_561.jpg","name":"Эдди Бо Смит мл.","enName":"Eddie Bo Smith Jr.","profession":"актеры","enProfession":"actor"},{"id":562,"photo":"https://st.kp.yandex.net/images/actor_iphone/iphone360_562.jpg","name":"Бобби Стюарт","enName":"Bobby Stuart","profession":"актеры","enProfession":"actor"},{"id":563,"photo":"https://st.kp.yandex.net/images/actor_iphone/iphone360_563.jpg","name":"Патрик Нью","enName":"Patrick New","profession":"актеры","enProfession":"actor"},{"id":564,"photo":"https://st.kp.yandex.net/images/actor_iphone/iphone360_564.jpg","name":"Рон О.Д. Парсон","enName":"Ron O.J. Parson","profession":"актеры","enProfession":"actor"},{"id":565,"photo":"https://st.kp.yandex.net/images/actor_iphone/iphone360_565.jpg","name":"Эллис Уильямс","enName":"Ellis Williams","profession":"актеры","enProfession":"actor"},{"id":566,"photo":"https://st.kp.yandex.net/images/actor_iphone/iphone360_566.jpg","name":"Александра Бокун Чун","enName":"Alexandra Bokyun Chun","profession":"актеры","enProfession":"actor"},{"id":567,"photo":"https://st.kp.yandex.net/images/actor_iphone/iphone360_567.jpg","name":"Джон Глисон Коннолли","enName":"John Gleeson Connolly","profession":"актеры","enProfession":"actor"},{"id":568,"photo":"https://st.kp.yandex.net/images/actor_iphone/iphone360_568.jpg","name":"Уорнер Саундерс","enName":"Warner Saunders","profession":"актеры","enProfession":"actor"},{"id":569,"photo":"https://st.kp.yandex.net/images/actor_iphone/iphone360_569.jpg","name":"Джек Рейсс","enName":"Jack Reiss","profession":"актеры","enProfession":"actor"},{"id":570,"photo":"https://st.kp.yandex.net/images/actor_iphone/iphone360_570.jpg","name":"Марти Дэнкин","enName":"Marty Denkin","profession":"актеры","enProfession":"actor"},{"id":571,"photo":"https://st.kp.yandex.net/images/actor_iphone/iphone360_571.jpg","name":"Тамара Линч","enName":"Tamara Lynch","profession":"актеры","enProfession":"actor"},{"id":572,"photo":"https://st.kp.yandex.net/images/actor_iphone/iphone360_572.jpg","name":"Чико Бенимон","enName":"Chico Benymon","profession":"актеры","enProfession":"actor"},{"id":573,"photo":"https://st.kp.yandex.net/images/actor_iphone/iphone360_573.jpg","name":"Билл Плашке","enName":"Bill Plaschke","profession":"актеры","enProfession":"actor"},{"id":574,"photo":"https://st.kp.yandex.net/images/actor_iphone/iphone360_574.jpg","name":"Стив Спрингер","enName":"Steve Springer","profession":"актеры","enProfession":"actor"},{"id":575,"photo":"https://st.kp.yandex.net/images/actor_iphone/iphone360_575.jpg","name":"Патрик М. Коннолли","enName":"Patrick M. Connolly","profession":"актеры","enProfession":"actor"},{"id":576,"photo":"https://st.kp.yandex.net/images/actor_iphone/iphone360_576.jpg","name":"Патрик С. Расселл","enName":"Patrick C. Russell","profession":"актеры","enProfession":"actor"},{"id":577,"photo":"https://st.kp.yandex.net/images/actor_iphone/iphone360_577.jpg","name":"Роберт Бёрд","enName":"Robert Byrd","profession":"актеры","enProfession":"actor"},{"id":578,"photo":"https://st.kp.yandex.net/images/actor_iphone/iphone360_578.jpg","name":"Седрик Уиллс","enName":"Cedric Wills","profession":"актеры","enProfession":"actor"},{"id":579,"photo":"https://st.kp.yandex.net/images/actor_iphone/iphone360_579.jpg","name":"Рональд А. ДиНикола","enName":"Ronald A. DiNicola","profession":"актеры","enProfession":"actor"},{"id":580,"photo":"https://st.kp.yandex.net/images/actor_iphone/iphone360_580.jpg","name":"Моусес Холлинс","enName":"Moses Hollins","profession":"актеры","enProfession":"actor"},{"id":581,"photo":"https://st.kp.yandex.net/images/actor_iphone/iphone360_581.jpg","name":"Дэниэл Е. Гуревитц","enName":"Daniel E. Gurevitz","profession":"актеры","enProfession":"actor"},{"id":582,"photo":"https://st.kp.yandex.net/images/actor_iphone/iphone360_582.jpg","name":"Стивен Рандаццо","enName":"Steven Randazzo","profession":"актеры","enProfession":"actor"},{"id":583,"photo":"https://st.kp.yandex.net/images/actor_iphone/iphone360_583.jpg","name":"Рэй Бохур","enName":"Ray Bokhour","profession":"актеры","enProfession":"actor"},{"id":584,"photo":"https://st.kp.yandex.net/images/actor_iphone/iphone360_584.jpg","name":"Леонард Термо","enName":"Leonard Termo","profession":"актеры","enProfession":"actor"},{"id":1104335,"photo":"https://st.kp.yandex.net/images/actor_iphone/iphone360_1104335.jpg","name":"Джонни Ортиз","enName":"Johnny Ortiz","profession":"актеры","enProfession":"actor"},{"id":586,"photo":"https://st.kp.yandex.net/images/actor_iphone/iphone360_586.jpg","name":"Марк Салем","enName":"Mark Salem","profession":"актеры","enProfession":"actor"},{"id":587,"photo":"https://st.kp.yandex.net/images/actor_iphone/iphone360_587.jpg","name":"Шелдон Фогель","enName":"Sheldon Fogel","profession":"актеры","enProfession":"actor"},{"id":1750124,"photo":"https://st.kp.yandex.net/images/actor_iphone/iphone360_1750124.jpg","name":"Джим Грэй","enName":"Jim Gray","profession":"актеры","enProfession":"actor"},{"id":589,"photo":"https://st.kp.yandex.net/images/actor_iphone/iphone360_589.jpg","name":"Мелвин Томас","enName":"Melvin Thomas","profession":"актеры","enProfession":"actor"},{"id":590,"photo":"https://st.kp.yandex.net/images/actor_iphone/iphone360_590.jpg","name":"Натали Картер","enName":"Natalie Carter","profession":"актеры","enProfession":"actor"},{"id":591,"photo":"https://st.kp.yandex.net/images/actor_iphone/iphone360_591.jpg","name":"Реджинальд Футман","enName":"Reginald Footman","profession":"актеры","enProfession":"actor"},{"id":592,"photo":"https://st.kp.yandex.net/images/actor_iphone/iphone360_592.jpg","name":"По По","enName":"Poe Poe","profession":"актеры","enProfession":"actor"},{"id":593,"photo":"https://st.kp.yandex.net/images/actor_iphone/iphone360_593.jpg","name":"Мэл Дик","enName":"Mel Dick","profession":"актеры","enProfession":"actor"},{"id":594,"photo":"https://st.kp.yandex.net/images/actor_iphone/iphone360_594.jpg","name":"Ким Коулмэн","enName":"Kim Coleman","profession":"актеры","enProfession":"actor"},{"id":595,"photo":"https://st.kp.yandex.net/images/actor_iphone/iphone360_595.jpg","name":"Кристиан Столте","enName":"Christian Stolte","profession":"актеры","enProfession":"actor"},{"id":596,"photo":"https://st.kp.yandex.net/images/actor_iphone/iphone360_596.jpg","name":"Вик Манни","enName":"Vic Manni","profession":"актеры","enProfession":"actor"},{"id":597,"photo":"https://st.kp.yandex.net/images/actor_iphone/iphone360_597.jpg","name":"Уилл Гилл мл.","enName":"Will Gill Jr.","profession":"актеры","enProfession":"actor"},{"id":598,"photo":"https://st.kp.yandex.net/images/actor_iphone/iphone360_598.jpg","name":"Сильвен Страйк","enName":"Sylvaine Strike","profession":"актеры","enProfession":"actor"},{"id":599,"photo":"https://st.kp.yandex.net/images/actor_iphone/iphone360_599.jpg","name":"Дэнис Лупосо","enName":"Denis Luposo","profession":"актеры","enProfession":"actor"},{"id":600,"photo":"https://st.kp.yandex.net/images/actor_iphone/iphone360_600.jpg","name":"Шэрон Уилкинсон","enName":"Sharon Wilkinson","profession":"актеры","enProfession":"actor"},{"id":601,"photo":"https://st.kp.yandex.net/images/actor_iphone/iphone360_601.jpg","name":"Кэрол Хэтчетт","enName":"Carol Hatchett","profession":"актеры","enProfession":"actor"},{"id":602,"photo":"https://st.kp.yandex.net/images/actor_iphone/iphone360_602.jpg","name":"Джудит Мвале","enName":"Judith Mwale","profession":"актеры","enProfession":"actor"},{"id":603,"photo":"https://st.kp.yandex.net/images/actor_iphone/iphone360_603.jpg","name":"Кибетсве Моциланьяне","enName":"Keabetswe Motsilanyane","profession":"актеры","enProfession":"actor"},{"id":604,"photo":"https://st.kp.yandex.net/images/actor_iphone/iphone360_604.jpg","name":"Ричард Катанга","enName":"Richard Katanga","profession":"актеры","enProfession":"actor"},{"id":605,"photo":"https://st.kp.yandex.net/images/actor_iphone/iphone360_605.jpg","name":"Томас Кариуки Матери","enName":"Thomas Kariuki Matheri","profession":"актеры","enProfession":"actor"},{"id":606,"photo":"https://st.kp.yandex.net/images/actor_iphone/iphone360_606.jpg","name":"Ларри Хаззард ст.","enName":"Larry Hazzard Sr.","profession":"актеры","enProfession":"actor"},{"id":607,"photo":"https://st.kp.yandex.net/images/actor_iphone/iphone360_607.jpg","name":"Деррик Браун","enName":"Derrick Brown","profession":"актеры","enProfession":"actor"},{"id":608,"photo":"https://st.kp.yandex.net/images/actor_iphone/iphone360_608.jpg","name":"Роммель Хайасинт","enName":"Rommel Hyacinth","profession":"актеры","enProfession":"actor"},{"id":609,"photo":"https://st.kp.yandex.net/images/actor_iphone/iphone360_609.jpg","name":"Грэхэм Хопкинс","enName":"Graham Hopkins","profession":"актеры","enProfession":"actor"},{"id":610,"photo":"https://st.kp.yandex.net/images/actor_iphone/iphone360_610.jpg","name":"Дэниэл Дженкс","enName":"Daniel Janks","profession":"актеры","enProfession":"actor"},{"id":611,"photo":"https://st.kp.yandex.net/images/actor_iphone/iphone360_611.jpg","name":"Брэдфорд Э. Лэнг","enName":"Bradford E. Lang","profession":"актеры","enProfession":"actor"},{"id":612,"photo":"https://st.kp.yandex.net/images/actor_iphone/iphone360_612.jpg","name":"Майкл Дорн","enName":"Michael Dorn","profession":"актеры","enProfession":"actor"},{"id":613,"photo":"https://st.kp.yandex.net/images/actor_iphone/iphone360_613.jpg","name":"Дэн Робберце","enName":"Dan Robbertse","profession":"актеры","enProfession":"actor"},{"id":141237,"photo":"https://st.kp.yandex.net/images/actor_iphone/iphone360_141237.jpg","name":"Грэм Кларк","enName":"Graham Clarke","profession":"актеры","enProfession":"actor"},{"id":615,"photo":"https://st.kp.yandex.net/images/actor_iphone/iphone360_615.jpg","name":"Дмитрий Кассар","enName":"Dimitri Cassar","profession":"актеры","enProfession":"actor"},{"id":478565,"photo":"https://st.kp.yandex.net/images/actor_iphone/iphone360_478565.jpg","name":"Фрэнк Нотаро","enName":"Frank Notaro","profession":"актеры","enProfession":"actor"},{"id":617,"photo":"https://st.kp.yandex.net/images/actor_iphone/iphone360_617.jpg","name":"Марк Малдер","enName":"Mark Mulder","profession":"актеры","enProfession":"actor"},{"id":618,"photo":"https://st.kp.yandex.net/images/actor_iphone/iphone360_618.jpg","name":"Дэвид В. Хесс","enName":"David W. Hess","profession":"актеры","enProfession":"actor"},{"id":619,"photo":"https://st.kp.yandex.net/images/actor_iphone/iphone360_619.jpg","name":"Хенрикеннио Мукений","enName":"Henrikennyo Mukenyi","profession":"актеры","enProfession":"actor"},{"id":620,"photo":"https://st.kp.yandex.net/images/actor_iphone/iphone360_620.jpg","name":"Натаниель Малекане","enName":"Nathaniel Malekane","profession":"актеры","enProfession":"actor"},{"id":621,"photo":"https://st.kp.yandex.net/images/actor_iphone/iphone360_621.jpg","name":"Миллард Арнольд","enName":"Millard Arnold","profession":"актеры","enProfession":"actor"},{"id":622,"photo":"https://st.kp.yandex.net/images/actor_iphone/iphone360_622.jpg","name":"Эдда Колье","enName":"Edda Collier","profession":"актеры","enProfession":"actor"},{"id":623,"photo":"https://st.kp.yandex.net/images/actor_iphone/iphone360_623.jpg","name":"Йи Лу Вэй","enName":"Yi Lu Wei","profession":"актеры","enProfession":"actor"},{"id":624,"photo":"https://st.kp.yandex.net/images/actor_iphone/iphone360_624.jpg","name":"Ли Каммингс","enName":"Lee Cummings","profession":"актеры","enProfession":"actor"},{"id":625,"photo":"https://st.kp.yandex.net/images/actor_iphone/iphone360_625.jpg","name":"Заа Нквета","enName":"Zaa Nkweta","profession":"актеры","enProfession":"actor"},{"id":626,"photo":"https://st.kp.yandex.net/images/actor_iphone/iphone360_626.jpg","name":"Темба Гаса","enName":"Themba Gasa","profession":"актеры","enProfession":"actor"},{"id":627,"photo":"https://st.kp.yandex.net/images/actor_iphone/iphone360_627.jpg","name":"Эндрю П. Джонс","enName":"Andrew P. Jones","profession":"актеры","enProfession":"actor"},{"id":628,"photo":"https://st.kp.yandex.net/images/actor_iphone/iphone360_628.jpg","name":"Марк Кулазите Мболи","enName":"Marc Kulazite Mboli","profession":"актеры","enProfession":"actor"},{"id":629,"photo":"https://st.kp.yandex.net/images/actor_iphone/iphone360_629.jpg","name":"Симанга Каламбай","enName":"Cimanga Kalambay","profession":"актеры","enProfession":"actor"},{"id":630,"photo":"https://st.kp.yandex.net/images/actor_iphone/iphone360_630.jpg","name":"Жан Бикой","enName":"Jean Bikoi","profession":"актеры","enProfession":"actor"},{"id":631,"photo":"https://st.kp.yandex.net/images/actor_iphone/iphone360_631.jpg","name":"Джеймс Гилберт","enName":"James Gilbert","profession":"актеры","enProfession":"actor"},{"id":4052533,"photo":"https://st.kp.yandex.net/images/actor_iphone/iphone360_4052533.jpg","name":null,"enName":"Dan Andreiu","profession":"актеры","enProfession":"actor"},{"id":25088,"photo":"https://st.kp.yandex.net/images/actor_iphone/iphone360_25088.jpg","name":"Тедди Атлас","enName":"Teddy Atlas","profession":"актеры","enProfession":"actor"},{"id":4045788,"photo":"https://st.kp.yandex.net/images/actor_iphone/iphone360_4045788.jpg","name":null,"enName":"Tony Babarino","profession":"актеры","enProfession":"actor"},{"id":1223211,"photo":"https://st.kp.yandex.net/images/actor_iphone/iphone360_1223211.jpg","name":"Матиша Болдуин","enName":"Matisha Baldwin","profession":"актеры","enProfession":"actor"},{"id":632,"photo":"https://st.kp.yandex.net/images/actor_iphone/iphone360_632.jpg","name":"Джон А. Барнс","enName":"Jon A. Barnes","profession":"актеры","enProfession":"actor"},{"id":885023,"photo":"https://st.kp.yandex.net/images/actor_iphone/iphone360_885023.jpg","name":null,"enName":"Harlan Bengel","profession":"актеры","enProfession":"actor"},{"id":3898887,"photo":"https://st.kp.yandex.net/images/actor_iphone/iphone360_3898887.jpg","name":null,"enName":"Jason Berry","profession":"актеры","enProfession":"actor"},{"id":1166249,"photo":"https://st.kp.yandex.net/images/actor_iphone/iphone360_1166249.jpg","name":null,"enName":"David Bjorlie","profession":"актеры","enProfession":"actor"},{"id":1895070,"photo":"https://st.kp.yandex.net/images/actor_iphone/iphone360_1895070.jpg","name":"Грег Бронсон","enName":"Greg Bronson","profession":"актеры","enProfession":"actor"},{"id":633,"photo":"https://st.kp.yandex.net/images/actor_iphone/iphone360_633.jpg","name":"Лайонел Д. Карсон","enName":"Lionel D. Carson","profession":"актеры","enProfession":"actor"},{"id":1959646,"photo":"https://st.kp.yandex.net/images/actor_iphone/iphone360_1959646.jpg","name":"Ральф Коул мл.","enName":"Ralph Cole Jr.","profession":"актеры","enProfession":"actor"},{"id":77307,"photo":"https://st.kp.yandex.net/images/actor_iphone/iphone360_77307.jpg","name":"Винсент Кук","enName":"Vincent Cook","profession":"актеры","enProfession":"actor"},{"id":1788360,"photo":"https://st.kp.yandex.net/images/actor_iphone/iphone360_1788360.jpg","name":"Крэйг Коув","enName":"Craig Cove","profession":"актеры","enProfession":"actor"},{"id":223724,"photo":"https://st.kp.yandex.net/images/actor_iphone/iphone360_223724.jpg","name":"Эд Крэй","enName":"Ed Cray","profession":"актеры","enProfession":"actor"},{"id":634,"photo":"https://st.kp.yandex.net/images/actor_iphone/iphone360_634.jpg","name":"Джеймс Карри","enName":"James Currie","profession":"актеры","enProfession":"actor"},{"id":635,"photo":"https://st.kp.yandex.net/images/actor_iphone/iphone360_635.jpg","name":"Винсент Де Пол","enName":"Vincent De Paul","profession":"актеры","enProfession":"actor"},{"id":229079,"photo":"https://st.kp.yandex.net/images/actor_iphone/iphone360_229079.jpg","name":"Триш Демпси","enName":"Trish Dempsey","profession":"актеры","enProfession":"actor"},{"id":58001,"photo":"https://st.kp.yandex.net/images/actor_iphone/iphone360_58001.jpg","name":"Дональд Дауд","enName":"Donald Dowd","profession":"актеры","enProfession":"actor"},{"id":636,"photo":"https://st.kp.yandex.net/images/actor_iphone/iphone360_636.jpg","name":"Эдж","enName":"Edge","profession":"актеры","enProfession":"actor"},{"id":1104336,"photo":"https://st.kp.yandex.net/images/actor_iphone/iphone360_1104336.jpg","name":"Фреда Нельсон Эванс","enName":"Freda Nelson Evans","profession":"актеры","enProfession":"actor"},{"id":638,"photo":"https://st.kp.yandex.net/images/actor_iphone/iphone360_638.jpg","name":"Джош Файнберг","enName":"Josh Feinberg","profession":"актеры","enProfession":"actor"},{"id":3641030,"photo":"https://st.kp.yandex.net/images/actor_iphone/iphone360_3641030.jpg","name":null,"enName":"Shane Fenton","profession":"актеры","enProfession":"actor"},{"id":1595724,"photo":"https://st.kp.yandex.net/images/actor_iphone/iphone360_1595724.jpg","name":"Ричард Фицпатрик","enName":"Richard Fitzpatrick","profession":"актеры","enProfession":"actor"},{"id":639,"photo":"https://st.kp.yandex.net/images/actor_iphone/iphone360_639.jpg","name":"Дебора Смит Форд","enName":"Deborah Smith Ford","profession":"актеры","enProfession":"actor"},{"id":2387802,"photo":"https://st.kp.yandex.net/images/actor_iphone/iphone360_2387802.jpg","name":"Патрик Фокс","enName":"Patrick H. Fox","profession":"актеры","enProfession":"actor"},{"id":640,"photo":"https://st.kp.yandex.net/images/actor_iphone/iphone360_640.jpg","name":"Эдвард С. Джиллоу","enName":"Edward C. Gillow","profession":"актеры","enProfession":"actor"},{"id":1091207,"photo":"https://st.kp.yandex.net/images/actor_iphone/iphone360_1091207.jpg","name":"Джулиус Вашингтон","enName":"Julius Gregory","profession":"актеры","enProfession":"actor"},{"id":641,"photo":"https://st.kp.yandex.net/images/actor_iphone/iphone360_641.jpg","name":"Росс Хайнс","enName":"Ross Haines","profession":"актеры","enProfession":"actor"},{"id":1716397,"photo":"https://st.kp.yandex.net/images/actor_iphone/iphone360_1716397.jpg","name":"Джордж Хамбач","enName":"George Hambach","profession":"актеры","enProfession":"actor"},{"id":32991,"photo":"https://st.kp.yandex.net/images/actor_iphone/iphone360_32991.jpg","name":"Глен Хамбли","enName":"Glen Hambly","profession":"актеры","enProfession":"actor"},{"id":967709,"photo":"https://st.kp.yandex.net/images/actor_iphone/iphone360_967709.jpg","name":"Дэниэл Д. Харрис","enName":"Daniel D. Harris","profession":"актеры","enProfession":"actor"},{"id":4243046,"photo":"https://st.kp.yandex.net/images/actor_iphone/iphone360_4243046.jpg","name":"Моника Хэйнс","enName":"Monica Haynes","profession":"актеры","enProfession":"actor"},{"id":2468903,"photo":"https://st.kp.yandex.net/images/actor_iphone/iphone360_2468903.jpg","name":"Максвелл Хайсмит","enName":"Maxwell L. Highsmith","profession":"актеры","enProfession":"actor"},{"id":477819,"photo":"https://st.kp.yandex.net/images/actor_iphone/iphone360_477819.jpg","name":"Джонатан Ходжес","enName":"Johnathan Hodges","profession":"актеры","enProfession":"actor"},{"id":318794,"photo":"https://st.kp.yandex.net/images/actor_iphone/iphone360_318794.jpg","name":"Уилл Холман","enName":"Will Holman","profession":"актеры","enProfession":"actor"},{"id":642,"photo":"https://st.kp.yandex.net/images/actor_iphone/iphone360_642.jpg","name":"Брэндон Т. Джексон","enName":"Brandon T. Jackson","profession":"актеры","enProfession":"actor"},{"id":676071,"photo":"https://st.kp.yandex.net/images/actor_iphone/iphone360_676071.jpg","name":"Китти Кави","enName":"Kitty Kavey","profession":"актеры","enProfession":"actor"},{"id":3702688,"photo":"https://st.kp.yandex.net/images/actor_iphone/iphone360_3702688.jpg","name":"Майкл Кийес","enName":"Michael Keyes","profession":"актеры","enProfession":"actor"},{"id":23534,"photo":"https://st.kp.yandex.net/images/actor_iphone/iphone360_23534.jpg","name":"Каролина Ланкастер","enName":"Carolina Lancaster","profession":"актеры","enProfession":"actor"},{"id":726558,"photo":"https://st.kp.yandex.net/images/actor_iphone/iphone360_726558.jpg","name":"Пати Лорен","enName":"Pati Lauren","profession":"актеры","enProfession":"actor"},{"id":643,"photo":"https://st.kp.yandex.net/images/actor_iphone/iphone360_643.jpg","name":"Леон","enName":"Leon","profession":"актеры","enProfession":"actor"},{"id":644,"photo":"https://st.kp.yandex.net/images/actor_iphone/iphone360_644.jpg","name":"Эрик Лихтенберг","enName":"Eric Lichtenberg","profession":"актеры","enProfession":"actor"},{"id":3722197,"photo":"https://st.kp.yandex.net/images/actor_iphone/iphone360_3722197.jpg","name":null,"enName":"Corey Lubak","profession":"актеры","enProfession":"actor"},{"id":4742009,"photo":"https://st.kp.yandex.net/images/actor_iphone/iphone360_4742009.jpg","name":"Пол Макмайкл","enName":"Paul McMichael","profession":"актеры","enProfession":"actor"},{"id":645,"photo":"https://st.kp.yandex.net/images/actor_iphone/iphone360_645.jpg","name":"Валентайн Миле","enName":"Valentine Miele","profession":"актеры","enProfession":"actor"},{"id":4047,"photo":"https://st.kp.yandex.net/images/actor_iphone/iphone360_4047.jpg","name":"Жермен Монтелл","enName":"Jermaine Montell","profession":"актеры","enProfession":"actor"},{"id":2214004,"photo":"https://st.kp.yandex.net/images/actor_iphone/iphone360_2214004.jpg","name":"Денис Мосс","enName":"Denise Moss","profession":"актеры","enProfession":"actor"},{"id":3418493,"photo":"https://st.kp.yandex.net/images/actor_iphone/iphone360_3418493.jpg","name":null,"enName":"K.C. Muskat","profession":"актеры","enProfession":"actor"},{"id":237754,"photo":"https://st.kp.yandex.net/images/actor_iphone/iphone360_237754.jpg","name":"Джон О. Нельсон","enName":"John O. Nelson","profession":"актеры","enProfession":"actor"},{"id":646,"photo":"https://st.kp.yandex.net/images/actor_iphone/iphone360_646.jpg","name":"Трэйси Перри","enName":"Tracy Perry","profession":"актеры","enProfession":"actor"},{"id":647,"photo":"https://st.kp.yandex.net/images/actor_iphone/iphone360_647.jpg","name":"Аль Куинн","enName":"Al Quinn","profession":"актеры","enProfession":"actor"},{"id":1530021,"photo":"https://st.kp.yandex.net/images/actor_iphone/iphone360_1530021.jpg","name":"Хавьер Ривас","enName":"Javier Rivas","profession":"актеры","enProfession":"actor"},{"id":648,"photo":"https://st.kp.yandex.net/images/actor_iphone/iphone360_648.jpg","name":"Хантер Ф. Робертс","enName":"Hunter F. Roberts","profession":"актеры","enProfession":"actor"},{"id":649,"photo":"https://st.kp.yandex.net/images/actor_iphone/iphone360_649.jpg","name":"Шелдон Робинс","enName":"Sheldon Robins","profession":"актеры","enProfession":"actor"},{"id":913703,"photo":"https://st.kp.yandex.net/images/actor_iphone/iphone360_913703.jpg","name":"Джозеф Луис Рубин","enName":"Joseph Luis Rubin","profession":"актеры","enProfession":"actor"},{"id":3727577,"photo":"https://st.kp.yandex.net/images/actor_iphone/iphone360_3727577.jpg","name":"Уил Сантьяго","enName":"Wil Santiago","profession":"актеры","enProfession":"actor"},{"id":4456308,"photo":"https://st.kp.yandex.net/images/actor_iphone/iphone360_4456308.jpg","name":null,"enName":"Prince Shah","profession":"актеры","enProfession":"actor"},{"id":4559944,"photo":"https://st.kp.yandex.net/images/actor_iphone/iphone360_4559944.jpg","name":null,"enName":"Raymond Spaulding","profession":"актеры","enProfession":"actor"},{"id":651,"photo":"https://st.kp.yandex.net/images/actor_iphone/iphone360_651.jpg","name":"Роберт Стэндли","enName":"Robert Standley","profession":"актеры","enProfession":"actor"},{"id":652,"photo":"https://st.kp.yandex.net/images/actor_iphone/iphone360_652.jpg","name":"Джек Труман","enName":"Jack Truman","profession":"актеры","enProfession":"actor"},{"id":653,"photo":"https://st.kp.yandex.net/images/actor_iphone/iphone360_653.jpg","name":"Рэй Алер","enName":"Ray Uhler","profession":"актеры","enProfession":"actor"},{"id":654,"photo":"https://st.kp.yandex.net/images/actor_iphone/iphone360_654.jpg","name":"Ларри Вигус","enName":"Larry Vigus","profession":"актеры","enProfession":"actor"},{"id":1720780,"photo":"https://st.kp.yandex.net/images/actor_iphone/iphone360_1720780.jpg","name":"Роберт Уорнак","enName":"Robert Warnack","profession":"актеры","enProfession":"actor"},{"id":6176933,"photo":"https://st.kp.yandex.net/images/actor_iphone/iphone360_6176933.jpg","name":null,"enName":"Nikki Williams","profession":"актеры","enProfession":"actor"},{"id":655,"photo":"https://st.kp.yandex.net/images/actor_iphone/iphone360_655.jpg","name":"Джон Вольфшоль","enName":"John Wolfshohl","profession":"актеры","enProfession":"actor"},{"id":2354674,"photo":"https://st.kp.yandex.net/images/actor_iphone/iphone360_2354674.jpg","name":"Грэм Вуд","enName":"Graeme Wood","profession":"актеры","enProfession":"actor"},{"id":1842226,"photo":"https://st.kp.yandex.net/images/actor_iphone/iphone360_1842226.jpg","name":"Джеки Зейн","enName":"Jackie Zane","profession":"актеры","enProfession":"actor"},{"id":609462,"photo":"https://st.kp.yandex.net/images/actor_iphone/iphone360_609462.jpg","name":"Питер Бурк","enName":"Pieter Bourke","profession":"композиторы","enProfession":"composer"},{"id":404504,"photo":"https://st.kp.yandex.net/images/actor_iphone/iphone360_404504.jpg","name":"Лиза Джеррард","enName":"Lisa Gerrard","profession":"композиторы","enProfession":"composer"},{"id":1238259,"photo":"https://st.kp.yandex.net/images/actor_iphone/iphone360_1238259.jpg","name":"Джон Майр","enName":"John Myhre","profession":"художники","enProfession":"designer"},{"id":2003056,"photo":"https://st.kp.yandex.net/images/actor_iphone/iphone360_2003056.jpg","name":"Джонатан Ли","enName":"Jonathan Lee","profession":"художники","enProfession":"designer"},{"id":2000192,"photo":"https://st.kp.yandex.net/images/actor_iphone/iphone360_2000192.jpg","name":"Билл Ри","enName":"Bill Rea","profession":"художники","enProfession":"designer"},{"id":13412,"photo":"https://st.kp.yandex.net/images/actor_iphone/iphone360_13412.jpg","name":"Томас Вот","enName":"Tomas Voth","profession":"художники","enProfession":"designer"},{"id":2003703,"photo":"https://st.kp.yandex.net/images/actor_iphone/iphone360_2003703.jpg","name":"Марлен Стюарт","enName":"Marlene Stewart","profession":"художники","enProfession":"designer"},{"id":1986365,"photo":"https://st.kp.yandex.net/images/actor_iphone/iphone360_1986365.jpg","name":"Джим Эриксон","enName":"Jim Erickson","profession":"художники","enProfession":"designer"},{"id":508,"photo":"https://st.kp.yandex.net/images/actor_iphone/iphone360_508.jpg","name":"Майкл Манн","enName":"Michael Mann","profession":"режиссеры","enProfession":"director"},{"id":1529422,"photo":"https://st.kp.yandex.net/images/actor_iphone/iphone360_1529422.jpg","name":"Уильям Голденберг","enName":"William Goldenberg","profession":"монтажеры","enProfession":"editor"},{"id":603681,"photo":"https://st.kp.yandex.net/images/actor_iphone/iphone360_603681.jpg","name":"Линзи Клингмэн","enName":"Lynzee Klingman","profession":"монтажеры","enProfession":"editor"},{"id":149796,"photo":"https://st.kp.yandex.net/images/actor_iphone/iphone360_149796.jpg","name":"Стивен Е. Ривкин","enName":"Stephen E. Rivkin","profession":"монтажеры","enProfession":"editor"},{"id":1977643,"photo":"https://st.kp.yandex.net/images/actor_iphone/iphone360_1977643.jpg","name":"Стюарт Уэкс","enName":"Stuart Waks","profession":"монтажеры","enProfession":"editor"},{"id":285266,"photo":"https://st.kp.yandex.net/images/actor_iphone/iphone360_285266.jpg","name":"Эммануэль Любецки","enName":"Emmanuel Lubezki","profession":"операторы","enProfession":"operator"},{"id":656,"photo":"https://st.kp.yandex.net/images/actor_iphone/iphone360_656.jpg","name":"Пол Ардажи","enName":"Paul Ardaji","profession":"продюсеры","enProfession":"producer"},{"id":657,"photo":"https://st.kp.yandex.net/images/actor_iphone/iphone360_657.jpg","name":"Ховард Бингхэм","enName":"Howard L. Bingham","profession":"продюсеры","enProfession":"producer"},{"id":658,"photo":"https://st.kp.yandex.net/images/actor_iphone/iphone360_658.jpg","name":"Ли Кэплин","enName":"Lee Caplin","profession":"продюсеры","enProfession":"producer"},{"id":659,"photo":"https://st.kp.yandex.net/images/actor_iphone/iphone360_659.jpg","name":"Гусмано Цесаретти","enName":"Gusmano Cesaretti","profession":"продюсеры","enProfession":"producer"},{"id":1655599,"photo":"https://st.kp.yandex.net/images/actor_iphone/iphone360_1655599.jpg","name":"Юрий Брежнев","enName":null,"profession":"актеры дубляжа","enProfession":"voice_actor"},{"id":273560,"photo":"https://st.kp.yandex.net/images/actor_iphone/iphone360_273560.jpg","name":"Вадим Андреев","enName":null,"profession":"актеры дубляжа","enProfession":"voice_actor"},{"id":231213,"photo":"https://st.kp.yandex.net/images/actor_iphone/iphone360_231213.jpg","name":"Александр Новиков","enName":null,"profession":"актеры дубляжа","enProfession":"voice_actor"},{"id":261729,"photo":"https://st.kp.yandex.net/images/actor_iphone/iphone360_261729.jpg","name":"Владимир Антоник","enName":null,"profession":"актеры дубляжа","enProfession":"voice_actor"},{"id":1159780,"photo":"https://st.kp.yandex.net/images/actor_iphone/iphone360_1159780.jpg","name":"Александр Груздев","enName":null,"profession":"актеры дубляжа","enProfession":"voice_actor"},{"id":1078947,"photo":"https://st.kp.yandex.net/images/actor_iphone/iphone360_1078947.jpg","name":"Александр Клюквин","enName":null,"profession":"актеры дубляжа","enProfession":"voice_actor"},{"id":1616407,"photo":"https://st.kp.yandex.net/images/actor_iphone/iphone360_1616407.jpg","name":"Всеволод Кузнецов","enName":null,"profession":"актеры дубляжа","enProfession":"voice_actor"},{"id":281329,"photo":"https://st.kp.yandex.net/images/actor_iphone/iphone360_281329.jpg","name":"Ольга Кузнецова","enName":null,"profession":"актеры дубляжа","enProfession":"voice_actor"},{"id":122801,"photo":"https://st.kp.yandex.net/images/actor_iphone/iphone360_122801.jpg","name":"Елена Борзунова","enName":null,"profession":"актеры дубляжа","enProfession":"voice_actor"},{"id":273180,"photo":"https://st.kp.yandex.net/images/actor_iphone/iphone360_273180.jpg","name":"Никита Прозоровский","enName":null,"profession":"актеры дубляжа","enProfession":"voice_actor"},{"id":1078857,"photo":"https://st.kp.yandex.net/images/actor_iphone/iphone360_1078857.jpg","name":"Алексей Колган","enName":null,"profession":"актеры дубляжа","enProfession":"voice_actor"},{"id":1348569,"photo":"https://st.kp.yandex.net/images/actor_iphone/iphone360_1348569.jpg","name":"Александр Хотченков","enName":null,"profession":"актеры дубляжа","enProfession":"voice_actor"},{"id":1664122,"photo":"https://st.kp.yandex.net/images/actor_iphone/iphone360_1664122.jpg","name":"Виктор Бохон","enName":null,"profession":"актеры дубляжа","enProfession":"voice_actor"},{"id":261640,"photo":"https://st.kp.yandex.net/images/actor_iphone/iphone360_261640.jpg","name":"Артем Карапетян","enName":null,"profession":"актеры дубляжа","enProfession":"voice_actor"},{"id":280829,"photo":"https://st.kp.yandex.net/images/actor_iphone/iphone360_280829.jpg","name":"Юрий Маляров","enName":null,"profession":"актеры дубляжа","enProfession":"voice_actor"},{"id":2231168,"photo":"https://st.kp.yandex.net/images/actor_iphone/iphone360_2231168.jpg","name":"Игорь Копченко","enName":null,"profession":"актеры дубляжа","enProfession":"voice_actor"},{"id":284235,"photo":"https://st.kp.yandex.net/images/actor_iphone/iphone360_284235.jpg","name":"Дальвин Щербаков","enName":null,"profession":"актеры дубляжа","enProfession":"voice_actor"},{"id":1620788,"photo":"https://st.kp.yandex.net/images/actor_iphone/iphone360_1620788.jpg","name":"Владимир Герасимов","enName":null,"profession":"актеры дубляжа","enProfession":"voice_actor"},{"id":310535,"photo":"https://st.kp.yandex.net/images/actor_iphone/iphone360_310535.jpg","name":"Олег Куценко","enName":null,"profession":"актеры дубляжа","enProfession":"voice_actor"},{"id":273498,"photo":"https://st.kp.yandex.net/images/actor_iphone/iphone360_273498.jpg","name":"Михаил Тихонов","enName":null,"profession":"актеры дубляжа","enProfession":"voice_actor"},{"id":281059,"photo":"https://st.kp.yandex.net/images/actor_iphone/iphone360_281059.jpg","name":"Александр Рыжков","enName":null,"profession":"актеры дубляжа","enProfession":"voice_actor"},{"id":284695,"photo":"https://st.kp.yandex.net/images/actor_iphone/iphone360_284695.jpg","name":"Наталья Казначеева","enName":null,"profession":"актеры дубляжа","enProfession":"voice_actor"},{"id":313331,"photo":"https://st.kp.yandex.net/images/actor_iphone/iphone360_313331.jpg","name":"Александр Воеводин","enName":null,"profession":"актеры дубляжа","enProfession":"voice_actor"},{"id":594457,"photo":"https://st.kp.yandex.net/images/actor_iphone/iphone360_594457.jpg","name":"Юрий Меншагин","enName":null,"profession":"актеры дубляжа","enProfession":"voice_actor"},{"id":1040432,"photo":"https://st.kp.yandex.net/images/actor_iphone/iphone360_1040432.jpg","name":"Денис Беспалый","enName":null,"profession":"актеры дубляжа","enProfession":"voice_actor"},{"id":1053232,"photo":"https://st.kp.yandex.net/images/actor_iphone/iphone360_1053232.jpg","name":"Алексей Мясников","enName":null,"profession":"актеры дубляжа","enProfession":"voice_actor"},{"id":1079073,"photo":"https://st.kp.yandex.net/images/actor_iphone/iphone360_1079073.jpg","name":"Андрей Бархударов","enName":null,"profession":"актеры дубляжа","enProfession":"voice_actor"},{"id":1604859,"photo":"https://st.kp.yandex.net/images/actor_iphone/iphone360_1604859.jpg","name":"Борис Токарев","enName":null,"profession":"актеры дубляжа","enProfession":"voice_actor"},{"id":510,"photo":"https://st.kp.yandex.net/images/actor_iphone/iphone360_510.jpg","name":"Стивен Дж. Ривел","enName":"Stephen J. Rivele","profession":"редакторы","enProfession":"writer"},{"id":511,"photo":"https://st.kp.yandex.net/images/actor_iphone/iphone360_511.jpg","name":"Кристофер Уилкинсон","enName":"Christopher Wilkinson","profession":"редакторы","enProfession":"writer"},{"id":512,"photo":"https://st.kp.yandex.net/images/actor_iphone/iphone360_512.jpg","name":"Эрик Рот","enName":"Eric Roth","profession":"редакторы","enProfession":"writer"},{"id":508,"photo":"https://st.kp.yandex.net/images/actor_iphone/iphone360_508.jpg","name":"Майкл Манн","enName":"Michael Mann","profession":"редакторы","enProfession":"writer"}],"typeNumber":1,"alternativeName":"Ali","enName":null,"names":[{"name":"Али"},{"name":"Ali"}],"ageRating":16,"ratingMpaa":"r","imagesInfo":{"framesCount":38},"shortDescription":"Смена религии, отказ от армейской службы и борьба за титул чемпиона. Уилл Смит в байопике о величайшем боксере","sequelsAndPrequels":[],"similarMovies":[{"id":12244,"name":"Нокдаун","enName":null,"alternativeName":"Cinderella Man","type":"movie","poster":{"url":"https://avatars.mds.yandex.net/get-kinopoisk-image/1773646/0678b750-a595-4715-9554-ad8bfab6e989/orig","previewUrl":"https://avatars.mds.yandex.net/get-kinopoisk-image/1773646/0678b750-a595-4715-9554-ad8bfab6e989/x1000"}},{"id":279580,"name":"Боец","enName":null,"alternativeName":"The Fighter","type":"movie","poster":{"url":"https://avatars.mds.yandex.net/get-kinopoisk-image/1900788/1580195e-1792-4a59-94a1-355fddfac939/orig","previewUrl":"https://avatars.mds.yandex.net/get-kinopoisk-image/1900788/1580195e-1792-4a59-94a1-355fddfac939/x1000"}},{"id":81297,"name":"Малышка на миллион","enName":null,"alternativeName":"Million Dollar Baby","type":"movie","poster":{"url":"https://avatars.mds.yandex.net/get-kinopoisk-image/1599028/effcb947-e48a-450b-bd42-c59ecd71a7bc/orig","previewUrl":"https://avatars.mds.yandex.net/get-kinopoisk-image/1599028/effcb947-e48a-450b-bd42-c59ecd71a7bc/x1000"}},{"id":6462,"name":"Рокки","enName":null,"alternativeName":"Rocky","type":"movie","poster":{"url":"https://avatars.mds.yandex.net/get-kinopoisk-image/6201401/2ec74380-dda9-4f1c-a228-1475061a5152/orig","previewUrl":"https://avatars.mds.yandex.net/get-kinopoisk-image/6201401/2ec74380-dda9-4f1c-a228-1475061a5152/x1000"}},{"id":4914,"name":"Ураган","enName":null,"alternativeName":"The Hurricane","type":"movie","poster":{"url":"https://avatars.mds.yandex.net/get-kinopoisk-image/4303601/4083ae09-a24d-435b-9421-57dbbd4d28b9/orig","previewUrl":"https://avatars.mds.yandex.net/get-kinopoisk-image/4303601/4083ae09-a24d-435b-9421-57dbbd4d28b9/x1000"}},{"id":402514,"name":"Рестлер","enName":null,"alternativeName":"The Wrestler","type":"movie","poster":{"url":"https://avatars.mds.yandex.net/get-kinopoisk-image/1946459/e3c2deb2-03f0-4295-8c7b-87e0ed92a5a4/orig","previewUrl":"https://avatars.mds.yandex.net/get-kinopoisk-image/1946459/e3c2deb2-03f0-4295-8c7b-87e0ed92a5a4/x1000"}},{"id":573990,"name":"Левша","enName":null,"alternativeName":"Southpaw","type":"movie","poster":{"url":"https://avatars.mds.yandex.net/get-kinopoisk-image/1600647/f24b9dee-cd04-46a5-a575-f26c2eb643b3/orig","previewUrl":"https://avatars.mds.yandex.net/get-kinopoisk-image/1600647/f24b9dee-cd04-46a5-a575-f26c2eb643b3/x1000"}},{"id":5319,"name":"Рэй","enName":null,"alternativeName":"Ray","type":"movie","poster":{"url":"https://avatars.mds.yandex.net/get-kinopoisk-image/1704946/33b1074c-e045-44a3-b26a-af878eb274aa/orig","previewUrl":"https://avatars.mds.yandex.net/get-kinopoisk-image/1704946/33b1074c-e045-44a3-b26a-af878eb274aa/x1000"}},{"id":374,"name":"Бешеный бык","enName":null,"alternativeName":"Raging Bull","type":"movie","poster":{"url":"https://avatars.mds.yandex.net/get-kinopoisk-image/1704946/3f51ec5f-356a-4192-a1f3-1f0097019f00/orig","previewUrl":"https://avatars.mds.yandex.net/get-kinopoisk-image/1704946/3f51ec5f-356a-4192-a1f3-1f0097019f00/x1000"}},{"id":7272,"name":"Рокки 3","enName":null,"alternativeName":"Rocky III","type":"movie","poster":{"url":"https://avatars.mds.yandex.net/get-kinopoisk-image/6201401/eeb005b6-1173-42bf-9c9a-38abdafd0d18/orig","previewUrl":"https://avatars.mds.yandex.net/get-kinopoisk-image/6201401/eeb005b6-1173-42bf-9c9a-38abdafd0d18/x1000"}}],"logo":{"url":null},"watchability":{"items":[{"name":"Иви","logo":{"url":"https://avatars.mds.yandex.net/get-ott/2419418/0dfd1724-848f-4725-9160-abc571f41c11/orig"},"url":"https://www.ivi.ru/watch/105964?utm_source=yandex&utm_medium=wizard"},{"name":"Триколор Кино и ТВ","logo":{"url":"https://avatars.mds.yandex.net/get-ott/239697/947e777c-2f73-4cbc-b09d-6bfa3966ba13/orig"},"url":"https://kino.tricolor.tv/watch/ali-2001/?utm_source=yandex&utm_medium=feed"},{"name":"Wink","logo":{"url":"https://avatars.mds.yandex.net/get-ott/1672343/54096cbe-cc3b-41c9-8e44-990ebbca8d61/orig"},"url":"https://wink.ru/media_items/20586457?utm_source=yandex&utm_medium=koldunschick&utm_content=name"}]},"top10":null,"top250":null}