{"fees":{"world":{"value":105178561,"currency":"$"},"usa":{"value":74078174,"currency":"$"}},"status":null,"externalId":{"kpHD":"4cf606673b1c8ebb842879e0bda16071","imdb":"tt0164334","tmdb":2043},"rating":{"kp":6.901,"imdb":6.4,"filmCritics":4.6,"russianFilmCritics":0,"await":0},"votes":{"kp":28902,"imdb":90929,"filmCritics":126,"russianFilmCritics":1,"await":0},"backdrop":{"url":"https://avatars.mds.yandex.net/get-ott/2439731/2a00000175fa88cc1b9a7c1c1a22653444a8/orig","previewUrl":"https://avatars.mds.yandex.net/get-ott/2439731/2a00000175fa88cc1b9a7c1c1a22653444a8/x1000"},"movieLength":104,"productionCompanies":[{"name":"Paramount","url":"https://www.themoviedb.org/t/p/original/fycMZt242LVjagMByZOLUGbCvv3.png","previewUrl":"https://www.themoviedb.org/t/p/w500/fycMZt242LVjagMByZOLUGbCvv3.png"},{"name":"AZL Productions KG","url":null,"previewUrl":null},{"name":"David Brown Productions","url":null,"previewUrl":null},{"name":"MFP Munich Film Partners","url":null,"previewUrl":null},{"name":"Phase 1 Productions","url":null,"previewUrl":null},{"name":"Revelations Entertainment","url":"https://www.themoviedb.org/t/p/original/gN893tmlrcVvWiWCBZEVAiZHpvT.png","previewUrl":"https://www.themoviedb.org/t/p/w500/gN893tmlrcVvWiWCBZEVAiZHpvT.png"}],"id":586,"type":"movie","name":"И пришел паук","description":"Из элитной школы похищают девочку Меган, дочь сенатора Роуза. Преступник оказывается оригиналом, каких мало: вместо того чтобы спокойно дождаться своего заслуженного выкупа, он начинает играть с полицией в опасную игру, основными участниками которой становятся доктор Алекс Кросс и Джез Флэниган, его новая напарница из секретной службы, охранявшей школу.","premiere":{"country":"США","world":"2001-04-02T00:00:00.000Z","russia":"2001-08-02T00:00:00.000Z","cinema":"2001-08-02T00:00:00.000Z"},"slogan":"The game is far from over","year":2001,"budget":{"value":60000000,"currency":"$"},"poster":{"url":"https://st.kp.yandex.net/images/film_big/586.jpg","previewUrl":"https://st.kp.yandex.net/images/film_iphone/iphone360_586.jpg"},"facts":[{"value":"Реакция публики на предпросмотрах была такой, что финал фильма было решено переснять.","type":"FACT","spoiler":false}],"genres":[{"name":"триллер"},{"name":"драма"}],"countries":[{"name":"США"},{"name":"Германия"},{"name":"Канада"}],"videos":{"trailers":[{"url":"https://widgets.kinopoisk.ru/discovery/trailer/59?onlyPlayer=1&autoplay=1&cover=1","name":"Трейлер","site":"kinopoisk_widget"},{"url":"https://www.youtube.com/embed/kswRbwYqn3k","name":"Along Came A Spider Trailer","site":"youtube","type":"TRAILER"}],"teasers":[]},"seasonsInfo":[],"persons":[{"id":6750,"photo":"https://st.kp.yandex.net/images/actor_iphone/iphone360_6750.jpg","name":"Морган Фриман","enName":"Morgan Freeman","profession":"актеры","enProfession":"actor"},{"id":50996,"photo":"https://st.kp.yandex.net/images/actor_iphone/iphone360_50996.jpg","name":"Моника Поттер","enName":"Monica Potter","profession":"актеры","enProfession":"actor"},{"id":38052,"photo":"https://st.kp.yandex.net/images/actor_iphone/iphone360_38052.jpg","name":"Майкл Уинкотт","enName":"Michael Wincott","profession":"актеры","enProfession":"actor"},{"id":3102,"photo":"https://st.kp.yandex.net/images/actor_iphone/iphone360_3102.jpg","name":"Дилан Бейкер","enName":"Dylan Baker","profession":"актеры","enProfession":"actor"},{"id":7414,"photo":"https://st.kp.yandex.net/images/actor_iphone/iphone360_7414.jpg","name":"Мика Бурем","enName":"Mika Boorem","profession":"актеры","enProfession":"actor"},{"id":752,"photo":"https://st.kp.yandex.net/images/actor_iphone/iphone360_752.jpg","name":"Антон Ельчин","enName":"Anton Yelchin","profession":"актеры","enProfession":"actor"},{"id":684,"photo":"https://st.kp.yandex.net/images/actor_iphone/iphone360_684.jpg","name":"Кимберли Хоторн","enName":"Kimberly Hawthorne","profession":"актеры","enProfession":"actor"},{"id":23137,"photo":"https://st.kp.yandex.net/images/actor_iphone/iphone360_23137.jpg","name":"Джей О. Сэндерс","enName":"Jay O. Sanders","profession":"актеры","enProfession":"actor"},{"id":11825,"photo":"https://st.kp.yandex.net/images/actor_iphone/iphone360_11825.jpg","name":"Билли Бёрк","enName":"Billy Burke","profession":"актеры","enProfession":"actor"},{"id":4492,"photo":"https://st.kp.yandex.net/images/actor_iphone/iphone360_4492.jpg","name":"Майкл Мориарти","enName":"Michael Moriarty","profession":"актеры","enProfession":"actor"},{"id":9866,"photo":"https://st.kp.yandex.net/images/actor_iphone/iphone360_9866.jpg","name":"Пенелопа Энн Миллер","enName":"Penelope Ann Miller","profession":"актеры","enProfession":"actor"},{"id":1932,"photo":"https://st.kp.yandex.net/images/actor_iphone/iphone360_1932.jpg","name":"Анна Мария Хорсфорд","enName":"Anna Maria Horsford","profession":"актеры","enProfession":"actor"},{"id":14135,"photo":"https://st.kp.yandex.net/images/actor_iphone/iphone360_14135.jpg","name":"Скотт Хейндл","enName":"Scott Heindl","profession":"актеры","enProfession":"actor"},{"id":1465,"photo":"https://st.kp.yandex.net/images/actor_iphone/iphone360_1465.jpg","name":"Кристофер Шайер","enName":"Christopher Shyer","profession":"актеры","enProfession":"actor"},{"id":6418,"photo":"https://st.kp.yandex.net/images/actor_iphone/iphone360_6418.jpg","name":"Джилл Тид","enName":"Jill Teed","profession":"актеры","enProfession":"actor"},{"id":18575,"photo":"https://st.kp.yandex.net/images/actor_iphone/iphone360_18575.jpg","name":"Йен Марш","enName":"Ian Marsh","profession":"актеры","enProfession":"actor"},{"id":50997,"photo":"https://st.kp.yandex.net/images/actor_iphone/iphone360_50997.jpg","name":"Рауль Ганеев","enName":"Raoul Ganeev","profession":"актеры","enProfession":"actor"},{"id":9114,"photo":"https://st.kp.yandex.net/images/actor_iphone/iphone360_9114.jpg","name":"Саманта Феррис","enName":"Samantha Ferris","profession":"актеры","enProfession":"actor"},{"id":50998,"photo":"https://st.kp.yandex.net/images/actor_iphone/iphone360_50998.jpg","name":"Оушен Хеллман","enName":"Ocean Hellman","profession":"актеры","enProfession":"actor"},{"id":24875,"photo":"https://st.kp.yandex.net/images/actor_iphone/iphone360_24875.jpg","name":"Том Макбет","enName":"Tom McBeath","profession":"актеры","enProfession":"actor"},{"id":36447,"photo":"https://st.kp.yandex.net/images/actor_iphone/iphone360_36447.jpg","name":"Тамара Таггарт","enName":"Tamara Taggart","profession":"актеры","enProfession":"actor"},{"id":45004,"photo":"https://st.kp.yandex.net/images/actor_iphone/iphone360_45004.jpg","name":"Сьюзетт Мейерс","enName":"Suzette Meyers","profession":"актеры","enProfession":"actor"},{"id":9115,"photo":"https://st.kp.yandex.net/images/actor_iphone/iphone360_9115.jpg","name":"Брайан Арнольд","enName":"Brian Arnold","profession":"актеры","enProfession":"actor"},{"id":50999,"photo":"https://st.kp.yandex.net/images/actor_iphone/iphone360_50999.jpg","name":"Крис Робсон","enName":"Chris Robson","profession":"актеры","enProfession":"actor"},{"id":51000,"photo":"https://st.kp.yandex.net/images/actor_iphone/iphone360_51000.jpg","name":"Джонатан Уокер","enName":"Jonathan Walker","profession":"актеры","enProfession":"actor"},{"id":18602,"photo":"https://st.kp.yandex.net/images/actor_iphone/iphone360_18602.jpg","name":"Дебра Донохью","enName":"Debra Donohue","profession":"актеры","enProfession":"actor"},{"id":51001,"photo":"https://st.kp.yandex.net/images/actor_iphone/iphone360_51001.jpg","name":"Мила Доброздравич","enName":"Mila Dobrozdravich","profession":"актеры","enProfession":"actor"},{"id":43077,"photo":"https://st.kp.yandex.net/images/actor_iphone/iphone360_43077.jpg","name":"Аарон Джозеф","enName":"Aaron Joseph","profession":"актеры","enProfession":"actor"},{"id":1560,"photo":"https://st.kp.yandex.net/images/actor_iphone/iphone360_1560.jpg","name":"Равиль Исянов","enName":"Ravil Isyanov","profession":"актеры","enProfession":"actor"},{"id":51002,"photo":"https://st.kp.yandex.net/images/actor_iphone/iphone360_51002.jpg","name":"Ронин Вонг","enName":"Ronin Wong","profession":"актеры","enProfession":"actor"},{"id":18138,"photo":"https://st.kp.yandex.net/images/actor_iphone/iphone360_18138.jpg","name":"Кэмпбелл Лэйн","enName":"Campbell Lane","profession":"актеры","enProfession":"actor"},{"id":9120,"photo":"https://st.kp.yandex.net/images/actor_iphone/iphone360_9120.jpg","name":"Чарльз Андре","enName":"Charles Andre","profession":"актеры","enProfession":"actor"},{"id":6301,"photo":"https://st.kp.yandex.net/images/actor_iphone/iphone360_6301.jpg","name":"Клер Райли","enName":"Claire Riley","profession":"актеры","enProfession":"actor"},{"id":6304,"photo":"https://st.kp.yandex.net/images/actor_iphone/iphone360_6304.jpg","name":"Пол Карсон","enName":"Paul Carson","profession":"актеры","enProfession":"actor"},{"id":51003,"photo":"https://st.kp.yandex.net/images/actor_iphone/iphone360_51003.jpg","name":"Донна Лайселл","enName":"Donna Lysell","profession":"актеры","enProfession":"actor"},{"id":51004,"photo":"https://st.kp.yandex.net/images/actor_iphone/iphone360_51004.jpg","name":"Кевин Хэйес","enName":"Kevin Hayes","profession":"актеры","enProfession":"actor"},{"id":51005,"photo":"https://st.kp.yandex.net/images/actor_iphone/iphone360_51005.jpg","name":"Стив Макадж","enName":"Steve Makaj","profession":"актеры","enProfession":"actor"},{"id":34969,"photo":"https://st.kp.yandex.net/images/actor_iphone/iphone360_34969.jpg","name":"Натаниель Дево","enName":"Nathaniel DeVeaux","profession":"актеры","enProfession":"actor"},{"id":51006,"photo":"https://st.kp.yandex.net/images/actor_iphone/iphone360_51006.jpg","name":"Нгуйен Холл","enName":"Wynn Hall","profession":"актеры","enProfession":"actor"},{"id":51007,"photo":"https://st.kp.yandex.net/images/actor_iphone/iphone360_51007.jpg","name":"Чарльз Эндисон","enName":"Charles Andison","profession":"актеры","enProfession":"actor"},{"id":51008,"photo":"https://st.kp.yandex.net/images/actor_iphone/iphone360_51008.jpg","name":"Тэри Теннесси","enName":"Tarie Tennessey","profession":"актеры","enProfession":"actor"},{"id":45010,"photo":"https://st.kp.yandex.net/images/actor_iphone/iphone360_45010.jpg","name":"Дэррил Шилар","enName":"Darryl Scheelar","profession":"актеры","enProfession":"actor"},{"id":1959574,"photo":"https://st.kp.yandex.net/images/actor_iphone/iphone360_1959574.jpg","name":"Крэйг Марч","enName":"Craig March","profession":"актеры","enProfession":"actor"},{"id":51009,"photo":"https://st.kp.yandex.net/images/actor_iphone/iphone360_51009.jpg","name":"Дэррил Диллард","enName":"Darryl Dillard","profession":"актеры","enProfession":"actor"},{"id":51010,"photo":"https://st.kp.yandex.net/images/actor_iphone/iphone360_51010.jpg","name":"Картер Джанке","enName":"Carter Jahncke","profession":"актеры","enProfession":"actor"},{"id":51011,"photo":"https://st.kp.yandex.net/images/actor_iphone/iphone360_51011.jpg","name":"Джим Хилд","enName":"Jim Hild","profession":"актеры","enProfession":"actor"},{"id":9654,"photo":"https://st.kp.yandex.net/images/actor_iphone/iphone360_9654.jpg","name":"Грег Кул","enName":"Greg Cool","profession":"актеры","enProfession":"actor"},{"id":583575,"photo":"https://st.kp.yandex.net/images/actor_iphone/iphone360_583575.jpg","name":"Патриция ДиЗебба","enName":"Patricia DiZebba","profession":"актеры","enProfession":"actor"},{"id":4535569,"photo":"https://st.kp.yandex.net/images/actor_iphone/iphone360_4535569.jpg","name":null,"enName":"Richard El Khazen","profession":"актеры","enProfession":"actor"},{"id":1960362,"photo":"https://st.kp.yandex.net/images/actor_iphone/iphone360_1960362.jpg","name":"Рик Кейн","enName":"Rick Kain","profession":"актеры","enProfession":"actor"},{"id":51012,"photo":"https://st.kp.yandex.net/images/actor_iphone/iphone360_51012.jpg","name":"Чарльз А. Линдберг","enName":"Charles A. Lindbergh","profession":"актеры","enProfession":"actor"},{"id":1142429,"photo":"https://st.kp.yandex.net/images/actor_iphone/iphone360_1142429.jpg","name":"Брюс Линдсэй","enName":"Bruce Lindsay","profession":"актеры","enProfession":"actor"},{"id":1294428,"photo":"https://st.kp.yandex.net/images/actor_iphone/iphone360_1294428.jpg","name":"Крис Линдсэй","enName":"Chris Lindsay","profession":"актеры","enProfession":"actor"},{"id":1366047,"photo":"https://st.kp.yandex.net/images/actor_iphone/iphone360_1366047.jpg","name":null,"enName":"Leo Rogstad","profession":"актеры","enProfession":"actor"},{"id":1045482,"photo":"https://st.kp.yandex.net/images/actor_iphone/iphone360_1045482.jpg","name":"Кайли Стетхем","enName":"Kyley Statham","profession":"актеры","enProfession":"actor"},{"id":128785,"photo":"https://st.kp.yandex.net/images/actor_iphone/iphone360_128785.jpg","name":"Джерри Голдсмит","enName":"Jerry Goldsmith","profession":"композиторы","enProfession":"composer"},{"id":307887,"photo":"https://st.kp.yandex.net/images/actor_iphone/iphone360_307887.jpg","name":"Ида Рэндом","enName":"Ida Random","profession":"художники","enProfession":"designer"},{"id":1994273,"photo":"https://st.kp.yandex.net/images/actor_iphone/iphone360_1994273.jpg","name":"Сэнди Кокрейн","enName":"Sandy Cochrane","profession":"художники","enProfession":"designer"},{"id":1115548,"photo":"https://st.kp.yandex.net/images/actor_iphone/iphone360_1115548.jpg","name":"Санья Милкович Хэйс","enName":"Sanja Milkovic Hays","profession":"художники","enProfession":"designer"},{"id":1986456,"photo":"https://st.kp.yandex.net/images/actor_iphone/iphone360_1986456.jpg","name":"Элизабет Уилкокс","enName":"Elizabeth Wilcox","profession":"художники","enProfession":"designer"},{"id":36556,"photo":"https://st.kp.yandex.net/images/actor_iphone/iphone360_36556.jpg","name":"Ли Тамахори","enName":"Lee Tamahori","profession":"режиссеры","enProfession":"director"},{"id":2354704,"photo":"https://st.kp.yandex.net/images/actor_iphone/iphone360_2354704.jpg","name":"Нил Трэвис","enName":"Neil Travis","profession":"монтажеры","enProfession":"editor"},{"id":328992,"photo":"https://st.kp.yandex.net/images/actor_iphone/iphone360_328992.jpg","name":"Мэттью Ф. Леонетти","enName":"Matthew F. Leonetti","profession":"операторы","enProfession":"operator"},{"id":6256,"photo":"https://st.kp.yandex.net/images/actor_iphone/iphone360_6256.jpg","name":"Дэвид Браун","enName":"David Brown","profession":"продюсеры","enProfession":"producer"},{"id":51013,"photo":"https://st.kp.yandex.net/images/actor_iphone/iphone360_51013.jpg","name":"Джо Уайзен","enName":"Joe Wizan","profession":"продюсеры","enProfession":"producer"},{"id":6750,"photo":"https://st.kp.yandex.net/images/actor_iphone/iphone360_6750.jpg","name":"Морган Фриман","enName":"Morgan Freeman","profession":"продюсеры","enProfession":"producer"},{"id":39994,"photo":"https://st.kp.yandex.net/images/actor_iphone/iphone360_39994.jpg","name":"Марти Хорнштейн","enName":"Marty Hornstein","profession":"продюсеры","enProfession":"producer"},{"id":1159780,"photo":"https://st.kp.yandex.net/images/actor_iphone/iphone360_1159780.jpg","name":"Александр Груздев","enName":null,"profession":"актеры дубляжа","enProfession":"voice_actor"},{"id":910775,"photo":"https://st.kp.yandex.net/images/actor_iphone/iphone360_910775.jpg","name":"Алёна Ивченко","enName":null,"profession":"актеры дубляжа","enProfession":"voice_actor"},{"id":1040432,"photo":"https://st.kp.yandex.net/images/actor_iphone/iphone360_1040432.jpg","name":"Денис Беспалый","enName":null,"profession":"актеры дубляжа","enProfession":"voice_actor"},{"id":313331,"photo":"https://st.kp.yandex.net/images/actor_iphone/iphone360_313331.jpg","name":"Александр Воеводин","enName":null,"profession":"актеры дубляжа","enProfession":"voice_actor"},{"id":882961,"photo":"https://st.kp.yandex.net/images/actor_iphone/iphone360_882961.jpg","name":"Анастасия Волкова","enName":null,"profession":"актеры дубляжа","enProfession":"voice_actor"},{"id":294290,"photo":"https://st.kp.yandex.net/images/actor_iphone/iphone360_294290.jpg","name":"Любовь Руденко","enName":null,"profession":"актеры дубляжа","enProfession":"voice_actor"},{"id":273180,"photo":"https://st.kp.yandex.net/images/actor_iphone/iphone360_273180.jpg","name":"Никита Прозоровский","enName":null,"profession":"актеры дубляжа","enProfession":"voice_actor"},{"id":1078947,"photo":"https://st.kp.yandex.net/images/actor_iphone/iphone360_1078947.jpg","name":"Александр Клюквин","enName":null,"profession":"актеры дубляжа","enProfession":"voice_actor"},{"id":290512,"photo":"https://st.kp.yandex.net/images/actor_iphone/iphone360_290512.jpg","name":"Ольга Сирина","enName":null,"profession":"актеры дубляжа","enProfession":"voice_actor"},{"id":1655608,"photo":"https://st.kp.yandex.net/images/actor_iphone/iphone360_1655608.jpg","name":"Людмила Ильина","enName":null,"profession":"актеры дубляжа","enProfession":"voice_actor"},{"id":700806,"photo":"https://st.kp.yandex.net/images/actor_iphone/iphone360_700806.jpg","name":"Юрий Деркач","enName":null,"profession":"актеры дубляжа","enProfession":"voice_actor"},{"id":50995,"photo":"https://st.kp.yandex.net/images/actor_iphone/iphone360_50995.jpg","name":"Марк Мосс","enName":"Marc Moss","profession":"редакторы","enProfession":"writer"},{"id":50994,"photo":"https://st.kp.yandex.net/images/actor_iphone/iphone360_50994.jpg","name":"Джеймс Паттерсон","enName":"James Patterson","profession":"редакторы","enProfession":"writer"}],"typeNumber":1,"alternativeName":"Along Came a Spider","enName":null,"names":[{"name":"И пришел паук"},{"name":"Along Came a Spider"},{"name":"W sieci pająka","language":"PL","type":null},{"name":"אלכס קרוס: שעת העכביש","language":"IL","type":null},{"name":"Im Netz der Spinne - Along came a spider","language":"DE","type":null},{"name":"Le masque de l'araignée","language":"FR","type":null}],"ageRating":18,"ratingMpaa":"r","similarMovies":[{"id":4266,"name":"Власть страха","enName":null,"alternativeName":"The Bone Collector","type":"movie","poster":{"url":"https://avatars.mds.yandex.net/get-kinopoisk-image/1600647/f1990c62-0058-4f7c-b970-f15c06cb9d5d/orig","previewUrl":"https://avatars.mds.yandex.net/get-kinopoisk-image/1600647/f1990c62-0058-4f7c-b970-f15c06cb9d5d/x1000"}},{"id":23148,"name":"Забирая жизни","enName":null,"alternativeName":"Taking Lives","type":"movie","poster":{"url":"https://avatars.mds.yandex.net/get-kinopoisk-image/4303601/39de00ac-e76c-496f-a6b2-46602b6d985b/orig","previewUrl":"https://avatars.mds.yandex.net/get-kinopoisk-image/4303601/39de00ac-e76c-496f-a6b2-46602b6d985b/x1000"}},{"id":345,"name":"Молчание ягнят","enName":null,"alternativeName":"The Silence of the Lambs","type":"movie","poster":{"url":"https://avatars.mds.yandex.net/get-kinopoisk-image/6201401/9c655ce1-2b59-4941-97aa-f9e928ed0ff4/orig","previewUrl":"https://avatars.mds.yandex.net/get-kinopoisk-image/6201401/9c655ce1-2b59-4941-97aa-f9e928ed0ff4/x1000"}},{"id":377,"name":"Семь","enName":null,"alternativeName":"Se7en","type":"movie","poster":{"url":"https://avatars.mds.yandex.net/get-kinopoisk-image/1773646/9ce4716c-dd27-435b-8a3a-f833ad859052/orig","previewUrl":"https://avatars.mds.yandex.net/get-kinopoisk-image/1773646/9ce4716c-dd27-435b-8a3a-f833ad859052/x1000"}}],"sequelsAndPrequels":[{"id":1719,"name":"Целуя девушек","enName":null,"alternativeName":"Kiss the Girls","type":"movie","poster":{"url":"https://avatars.mds.yandex.net/get-kinopoisk-image/4774061/8402105a-d38a-4b32-9dc8-587ab33bcdeb/orig","previewUrl":"https://avatars.mds.yandex.net/get-kinopoisk-image/4774061/8402105a-d38a-4b32-9dc8-587ab33bcdeb/x1000"}},{"id":566232,"name":"Я, Алекс Кросс","enName":null,"alternativeName":"Alex Cross","type":"movie","poster":{"url":"https://avatars.mds.yandex.net/get-kinopoisk-image/1600647/d6591a97-592e-4af6-b540-21f6e61805bc/orig","previewUrl":"https://avatars.mds.yandex.net/get-kinopoisk-image/1600647/d6591a97-592e-4af6-b540-21f6e61805bc/x1000"}},{"id":713341,"name":"Двойной удар","enName":null,"alternativeName":"Double Cross","type":"movie","poster":{"url":null,"previewUrl":null}}],"shortDescription":"Инспектор Кросс ведет интеллектуальную борьбу с похитителем ребенка. Детективный триллер с Морганом Фриманом","imagesInfo":{"framesCount":40},"logo":{"url":"https://avatars.mds.yandex.net/get-ott/224348/2a0000017609028621bdd0df25bbcfe31e69/orig"},"watchability":{"items":null},"top10":null,"top250":null}