{"videos":{"trailers":[{"url":"http://a772.g.akamai.net/5/772/51/4c632a7d49e363/1a1a1aaa2198c627970773d80669d84574a8d80d3cb12453c02589f25382f668c9329e0375e81784ed5fc02d8e0635960869db3cb0/ararat_m240.mov","name":"Трейлер","site":"unknown"}],"teasers":[]},"fees":{"world":{"value":2743336,"currency":"$"},"usa":{"value":1555959,"currency":"$"}},"status":null,"externalId":{"kpHD":null,"imdb":"tt0273435","tmdb":16351},"rating":{"kp":7.77,"imdb":6.3,"filmCritics":6.3,"russianFilmCritics":0,"await":0},"votes":{"kp":1581,"imdb":14616,"filmCritics":78,"russianFilmCritics":0,"await":0},"backdrop":{"url":null,"previewUrl":null},"movieLength":115,"productionCompanies":[{"name":"Ego Film Arts","url":null,"previewUrl":null},{"name":"Alliance Atlantis Communications","url":"https://www.themoviedb.org/t/p/original/jEMVaCuEjQ3lzkhakWDKNVjwd9Q.png","previewUrl":"https://www.themoviedb.org/t/p/w500/jEMVaCuEjQ3lzkhakWDKNVjwd9Q.png"},{"name":"Serendipity Point Films","url":"https://www.themoviedb.org/t/p/original/A83WG8qZA4JdaudhJl0G3iG6W4M.png","previewUrl":"https://www.themoviedb.org/t/p/w500/A83WG8qZA4JdaudhJl0G3iG6W4M.png"}],"id":593,"type":"movie","name":"Арарат","description":"Фильм повествует о съемках исторического фильма о геноциде армян 1915 года. Впечатления о событиях почти вековой давности, меняют жизнь восемнадцатилетнего юноши, работающего шофером на съемках этой картины.\n\nПараллельно эпическому сюжету, в фильме развивается история личных взаимоотношений Ани — искусствоведа, приглашенного в качестве консультанта на «Арарат», ее мужа, заключенного в тюрьму после покушения на турецкого дипломата и их детей. Ее приемная дочь Клара не верит, что ее отец покончил самоубийством и обвиняет в его смерти Ани.","premiere":{"country":"Франция","world":"2002-05-20T00:00:00.000Z","russia":"2002-09-19T00:00:00.000Z","cinema":"2002-09-19T00:00:00.000Z","dvd":"2002-12-19T00:00:00.000Z"},"slogan":"In a world full of denial, how do you determine who's telling the truth?","year":2002,"budget":{"value":15500000,"currency":"$"},"poster":{"url":"https://st.kp.yandex.net/images/film_big/593.jpg","previewUrl":"https://st.kp.yandex.net/images/film_iphone/iphone360_593.jpg"},"facts":[{"value":"У режиссера картины прабабушка и прадедушка стали жертвами резни 1915 года.","type":"FACT","spoiler":false}],"genres":[{"name":"драма"},{"name":"военный"}],"countries":[{"name":"Канада"},{"name":"Франция"}],"seasonsInfo":[],"persons":[{"id":42072,"photo":"https://st.kp.yandex.net/images/actor_iphone/iphone360_42072.jpg","name":"Симон Абкарян","enName":"Simon Abkarian","profession":"актеры","enProfession":"actor"},{"id":42070,"photo":"https://st.kp.yandex.net/images/actor_iphone/iphone360_42070.jpg","name":"Шарль Азнавур","enName":"Charles Aznavour","profession":"актеры","enProfession":"actor"},{"id":14847,"photo":"https://st.kp.yandex.net/images/actor_iphone/iphone360_14847.jpg","name":"Кристофер Пламмер","enName":"Christopher Plummer","profession":"актеры","enProfession":"actor"},{"id":15375,"photo":"https://st.kp.yandex.net/images/actor_iphone/iphone360_15375.jpg","name":"Арсинэ Ханджян","enName":"Arsinée Khanjian","profession":"актеры","enProfession":"actor"},{"id":736922,"photo":"https://st.kp.yandex.net/images/actor_iphone/iphone360_736922.jpg","name":"Сетта Кешишьян","enName":"Setta Keshishian","profession":"актеры","enProfession":"actor"},{"id":42069,"photo":"https://st.kp.yandex.net/images/actor_iphone/iphone360_42069.jpg","name":"Дэвид Алпей","enName":"David Alpay","profession":"актеры","enProfession":"actor"},{"id":42078,"photo":"https://st.kp.yandex.net/images/actor_iphone/iphone360_42078.jpg","name":"Шант Шрабиан","enName":"Shant Srabian","profession":"актеры","enProfession":"actor"},{"id":7395,"photo":"https://st.kp.yandex.net/images/actor_iphone/iphone360_7395.jpg","name":"Мари-Жозе Кроз","enName":"Marie-Josée Croze","profession":"актеры","enProfession":"actor"},{"id":9332,"photo":"https://st.kp.yandex.net/images/actor_iphone/iphone360_9332.jpg","name":"Элиас Котеас","enName":"Elias Koteas","profession":"актеры","enProfession":"actor"},{"id":42071,"photo":"https://st.kp.yandex.net/images/actor_iphone/iphone360_42071.jpg","name":"Брент Карвер","enName":"Brent Carver","profession":"актеры","enProfession":"actor"},{"id":42076,"photo":"https://st.kp.yandex.net/images/actor_iphone/iphone360_42076.jpg","name":"Макс Морроу","enName":"Max Morrow","profession":"актеры","enProfession":"actor"},{"id":67901,"photo":"https://st.kp.yandex.net/images/actor_iphone/iphone360_67901.jpg","name":"Кристи МакФадьен","enName":"Christie MacFadyen","profession":"актеры","enProfession":"actor"},{"id":75406,"photo":"https://st.kp.yandex.net/images/actor_iphone/iphone360_75406.jpg","name":"Доун Роач","enName":"Dawn Roach","profession":"актеры","enProfession":"actor"},{"id":476639,"photo":"https://st.kp.yandex.net/images/actor_iphone/iphone360_476639.jpg","name":"Гарен Бояджян","enName":"Garen Boyajian","profession":"актеры","enProfession":"actor"},{"id":42073,"photo":"https://st.kp.yandex.net/images/actor_iphone/iphone360_42073.jpg","name":"Луснак Абдалян","enName":"Lousnak Abdalian","profession":"актеры","enProfession":"actor"},{"id":42074,"photo":"https://st.kp.yandex.net/images/actor_iphone/iphone360_42074.jpg","name":"Рауль Банеджа","enName":"Raoul Bhaneja","profession":"актеры","enProfession":"actor"},{"id":42077,"photo":"https://st.kp.yandex.net/images/actor_iphone/iphone360_42077.jpg","name":"Хэйг Саркиссян","enName":"Haig Sarkissian","profession":"актеры","enProfession":"actor"},{"id":6581,"photo":"https://st.kp.yandex.net/images/actor_iphone/iphone360_6581.jpg","name":"Эрик Богосян","enName":"Eric Bogosian","profession":"актеры","enProfession":"actor"},{"id":7166,"photo":"https://st.kp.yandex.net/images/actor_iphone/iphone360_7166.jpg","name":"Брюс Гринвуд","enName":"Bruce Greenwood","profession":"актеры","enProfession":"actor"},{"id":286935,"photo":"https://st.kp.yandex.net/images/actor_iphone/iphone360_286935.jpg","name":"Джина Уилкинсон","enName":"Gina Wilkinson","profession":"актеры","enProfession":"actor"},{"id":569850,"photo":"https://st.kp.yandex.net/images/actor_iphone/iphone360_569850.jpg","name":"Аршиле Эгоян","enName":"Arshile Egoyan","profession":"актеры","enProfession":"actor"},{"id":736923,"photo":"https://st.kp.yandex.net/images/actor_iphone/iphone360_736923.jpg","name":"Кеворк Арсланиан","enName":"Kevork Arslanian","profession":"актеры","enProfession":"actor"},{"id":736924,"photo":"https://st.kp.yandex.net/images/actor_iphone/iphone360_736924.jpg","name":"Вик Кешишьян","enName":"Vic Keshishian","profession":"актеры","enProfession":"actor"},{"id":736939,"photo":"https://st.kp.yandex.net/images/actor_iphone/iphone360_736939.jpg","name":"Серж Кешишьян","enName":"Serge Keshishian","profession":"актеры","enProfession":"actor"},{"id":563025,"photo":"https://st.kp.yandex.net/images/actor_iphone/iphone360_563025.jpg","name":"Артур Хагопиан","enName":"Arthur Hagopian","profession":"актеры","enProfession":"actor"},{"id":736925,"photo":"https://st.kp.yandex.net/images/actor_iphone/iphone360_736925.jpg","name":"Георге Харлакян","enName":"George Kharlakian","profession":"актеры","enProfession":"actor"},{"id":736926,"photo":"https://st.kp.yandex.net/images/actor_iphone/iphone360_736926.jpg","name":"Шант Кабриелян","enName":"Shant Kabrielian","profession":"актеры","enProfession":"actor"},{"id":736927,"photo":"https://st.kp.yandex.net/images/actor_iphone/iphone360_736927.jpg","name":"Вараж Стефен","enName":"Varazh Stephen","profession":"актеры","enProfession":"actor"},{"id":736928,"photo":"https://st.kp.yandex.net/images/actor_iphone/iphone360_736928.jpg","name":"Самир Алнади","enName":"Samir Alnadi","profession":"актеры","enProfession":"actor"},{"id":49967,"photo":"https://st.kp.yandex.net/images/actor_iphone/iphone360_49967.jpg","name":"Карло Эссаджиан","enName":"Carlo Essagian","profession":"актеры","enProfession":"actor"},{"id":126184,"photo":"https://st.kp.yandex.net/images/actor_iphone/iphone360_126184.jpg","name":"Роуз Саркисян","enName":"Rose Sarkisyan","profession":"актеры","enProfession":"actor"},{"id":56532,"photo":"https://st.kp.yandex.net/images/actor_iphone/iphone360_56532.jpg","name":"Крис Джиллетт","enName":"Chris Gillett","profession":"актеры","enProfession":"actor"},{"id":1104337,"photo":"https://st.kp.yandex.net/images/actor_iphone/iphone360_1104337.jpg","name":"Джин Юн","enName":"Jean Yoon","profession":"актеры","enProfession":"actor"},{"id":736929,"photo":"https://st.kp.yandex.net/images/actor_iphone/iphone360_736929.jpg","name":"Шахан Булат-Матосян","enName":"Shahan Bulat-Matossian","profession":"актеры","enProfession":"actor"},{"id":736930,"photo":"https://st.kp.yandex.net/images/actor_iphone/iphone360_736930.jpg","name":"Мануэль Ишханян","enName":"Manuel Ishkhanian","profession":"актеры","enProfession":"actor"},{"id":736931,"photo":"https://st.kp.yandex.net/images/actor_iphone/iphone360_736931.jpg","name":"Сьюзэн Рэймонд","enName":"Susan Raymond","profession":"актеры","enProfession":"actor"},{"id":736932,"photo":"https://st.kp.yandex.net/images/actor_iphone/iphone360_736932.jpg","name":"Лорна Нура Кеворкян","enName":"Lorna Noura Kevorkian","profession":"актеры","enProfession":"actor"},{"id":1773561,"photo":"https://st.kp.yandex.net/images/actor_iphone/iphone360_1773561.jpg","name":"Мандиф Ниссани","enName":"Mandyf Nissani","profession":"актеры","enProfession":"actor"},{"id":736934,"photo":"https://st.kp.yandex.net/images/actor_iphone/iphone360_736934.jpg","name":"Манал Элмасри","enName":"Manal Elmasri","profession":"актеры","enProfession":"actor"},{"id":8370,"photo":"https://st.kp.yandex.net/images/actor_iphone/iphone360_8370.jpg","name":"Роберта Анджелика","enName":"Roberta Angelica","profession":"актеры","enProfession":"actor"},{"id":736935,"photo":"https://st.kp.yandex.net/images/actor_iphone/iphone360_736935.jpg","name":"Андреа Лорен","enName":"Andrea Loren","profession":"актеры","enProfession":"actor"},{"id":736936,"photo":"https://st.kp.yandex.net/images/actor_iphone/iphone360_736936.jpg","name":"Аракси Кешишьян","enName":"Araxie Keshishian","profession":"актеры","enProfession":"actor"},{"id":736937,"photo":"https://st.kp.yandex.net/images/actor_iphone/iphone360_736937.jpg","name":"Линда Гизирян","enName":"Linda Gizirian","profession":"актеры","enProfession":"actor"},{"id":736938,"photo":"https://st.kp.yandex.net/images/actor_iphone/iphone360_736938.jpg","name":"Николь Амуш Странг","enName":"Nicole Anoush Strang","profession":"актеры","enProfession":"actor"},{"id":273765,"photo":"https://st.kp.yandex.net/images/actor_iphone/iphone360_273765.jpg","name":"Эрика Эм","enName":"Erica Ehm","profession":"актеры","enProfession":"actor"},{"id":42075,"photo":"https://st.kp.yandex.net/images/actor_iphone/iphone360_42075.jpg","name":"Севаан Фрэнкс","enName":"Sevaan Franks","profession":"актеры","enProfession":"actor"},{"id":2492828,"photo":"https://st.kp.yandex.net/images/actor_iphone/iphone360_2492828.jpg","name":"Нура Кеворкян","enName":"Noura Kevorkian","profession":"актеры","enProfession":"actor"},{"id":1076335,"photo":"https://st.kp.yandex.net/images/actor_iphone/iphone360_1076335.jpg","name":"Крис МакРэй","enName":"Chris MacRae","profession":"актеры","enProfession":"actor"},{"id":610025,"photo":"https://st.kp.yandex.net/images/actor_iphone/iphone360_610025.jpg","name":"Наташа Бэрран","enName":"Nikki Barran","profession":"актеры","enProfession":"actor"},{"id":56528,"photo":"https://st.kp.yandex.net/images/actor_iphone/iphone360_56528.jpg","name":"Мари Круз","enName":"Marie Cruz","profession":"актеры","enProfession":"actor"},{"id":2712876,"photo":"https://st.kp.yandex.net/images/actor_iphone/iphone360_2712876.jpg","name":"Ченгис Жавери","enName":"Chengis Javeri","profession":"актеры","enProfession":"actor"},{"id":76348,"photo":"https://st.kp.yandex.net/images/actor_iphone/iphone360_76348.jpg","name":"Майкл Дэнна","enName":"Mychael Danna","profession":"композиторы","enProfession":"composer"},{"id":793455,"photo":"https://st.kp.yandex.net/images/actor_iphone/iphone360_793455.jpg","name":"Филлип Баркер","enName":"Phillip Barker","profession":"художники","enProfession":"designer"},{"id":2003948,"photo":"https://st.kp.yandex.net/images/actor_iphone/iphone360_2003948.jpg","name":"Кэтлин Клими","enName":"Kathleen Climie","profession":"художники","enProfession":"designer"},{"id":1996375,"photo":"https://st.kp.yandex.net/images/actor_iphone/iphone360_1996375.jpg","name":"Бет Пастернак","enName":"Beth Pasternak","profession":"художники","enProfession":"designer"},{"id":2000358,"photo":"https://st.kp.yandex.net/images/actor_iphone/iphone360_2000358.jpg","name":"Патриция Кучия","enName":"Patricia Cuccia","profession":"художники","enProfession":"designer"},{"id":42068,"photo":"https://st.kp.yandex.net/images/actor_iphone/iphone360_42068.jpg","name":"Атом Эгоян","enName":"Atom Egoyan","profession":"режиссеры","enProfession":"director"},{"id":550344,"photo":"https://st.kp.yandex.net/images/actor_iphone/iphone360_550344.jpg","name":"Сьюзэн Шиптон","enName":"Susan Shipton","profession":"монтажеры","enProfession":"editor"},{"id":8385,"photo":"https://st.kp.yandex.net/images/actor_iphone/iphone360_8385.jpg","name":"Пол Шарошши","enName":"Paul Sarossy","profession":"операторы","enProfession":"operator"},{"id":42068,"photo":"https://st.kp.yandex.net/images/actor_iphone/iphone360_42068.jpg","name":"Атом Эгоян","enName":"Atom Egoyan","profession":"продюсеры","enProfession":"producer"},{"id":16829,"photo":"https://st.kp.yandex.net/images/actor_iphone/iphone360_16829.jpg","name":"Роберт Лантош","enName":"Robert Lantos","profession":"продюсеры","enProfession":"producer"},{"id":42079,"photo":"https://st.kp.yandex.net/images/actor_iphone/iphone360_42079.jpg","name":"Сандра Каннингэм","enName":"Sandra Cunningham","profession":"продюсеры","enProfession":"producer"},{"id":476333,"photo":"https://st.kp.yandex.net/images/actor_iphone/iphone360_476333.jpg","name":"Марк Масселмен","enName":"Mark Musselman","profession":"продюсеры","enProfession":"producer"},{"id":42068,"photo":"https://st.kp.yandex.net/images/actor_iphone/iphone360_42068.jpg","name":"Атом Эгоян","enName":"Atom Egoyan","profession":"редакторы","enProfession":"writer"}],"typeNumber":1,"alternativeName":"Ararat","enName":null,"names":[{"name":"Арарат"},{"name":"Ararat"}],"ageRating":16,"ratingMpaa":"r","sequelsAndPrequels":[],"similarMovies":[{"id":266793,"name":"Гнездо жаворонка","enName":null,"alternativeName":"La masseria delle allodole","type":"movie","poster":{"url":"https://avatars.mds.yandex.net/get-kinopoisk-image/1704946/06d2c6f5-5262-46b7-84fe-0c3f65c92854/orig","previewUrl":"https://avatars.mds.yandex.net/get-kinopoisk-image/1704946/06d2c6f5-5262-46b7-84fe-0c3f65c92854/x1000"}},{"id":10282,"name":"Мать","enName":null,"alternativeName":"Mayrig","type":"movie","poster":{"url":"https://avatars.mds.yandex.net/get-kinopoisk-image/1629390/08d733ad-088b-4fa4-a144-dfce5c0bf02a/orig","previewUrl":"https://avatars.mds.yandex.net/get-kinopoisk-image/1629390/08d733ad-088b-4fa4-a144-dfce5c0bf02a/x1000"}},{"id":916069,"name":"Обещание","enName":null,"alternativeName":"The Promise","type":"movie","poster":{"url":"https://avatars.mds.yandex.net/get-kinopoisk-image/1599028/9e0b27b4-1f49-4905-9fcf-bd6be2d43ca9/orig","previewUrl":"https://avatars.mds.yandex.net/get-kinopoisk-image/1599028/9e0b27b4-1f49-4905-9fcf-bd6be2d43ca9/x1000"}}],"imagesInfo":{"framesCount":11},"shortDescription":null,"logo":{"url":null},"watchability":{"items":null},"top10":null,"top250":null}