{"fees":{"world":{"value":67631903,"currency":"$"},"usa":{"value":41575141,"currency":"$"}},"status":null,"externalId":{"kpHD":"4d9470553a8c382191d2eab266fce769","imdb":"tt0219965","tmdb":3172},"rating":{"kp":6.887,"imdb":6.5,"filmCritics":6.1,"russianFilmCritics":0,"await":0},"votes":{"kp":13935,"imdb":69373,"filmCritics":138,"russianFilmCritics":1,"await":0},"backdrop":{"url":"https://avatars.mds.yandex.net/get-ott/239697/2a0000016a92b6cdaf090fce1254440241bf/orig","previewUrl":"https://avatars.mds.yandex.net/get-ott/239697/2a0000016a92b6cdaf090fce1254440241bf/x1000"},"movieLength":123,"productionCompanies":[{"name":"Epsilon Motion Pictures","url":null,"previewUrl":null},{"name":"Hyde Park Entertainment","url":null,"previewUrl":null},{"name":"Lotus Pictures","url":null,"previewUrl":null},{"name":"Baltimore Spring Creek Productions","url":null,"previewUrl":null},{"name":"Cheyenne Enterprises","url":null,"previewUrl":null},{"name":"Metro-Goldwyn-Mayer","url":"https://www.themoviedb.org/t/p/original/aOWKh4gkNrfFZ3Ep7n0ckPhoGb5.png","previewUrl":"https://www.themoviedb.org/t/p/w500/aOWKh4gkNrfFZ3Ep7n0ckPhoGb5.png"}],"id":602,"type":"movie","name":"Бандиты","description":"Джо Блейк и Терри Коллинз - необычные и удачливые грабители. Без единого выстрела, на одном обаянии и очаровательном нахальстве они взяли больше банков, чем кто-либо. Но однажды в компанию героев попадает бедовая домохозяйка Кейт Уилер, в которую оба немедленно влюбляются, и всё идёт кувырком.","premiere":{"country":"США","world":"2001-10-12T00:00:00.000Z","russia":"2001-11-15T00:00:00.000Z","cinema":"2001-11-15T00:00:00.000Z","dvd":"2010-04-08T00:00:00.000Z"},"slogan":"Двое - это компания. Трое - преступление","year":2001,"budget":{"value":75000000,"currency":"$"},"poster":{"url":"https://st.kp.yandex.net/images/film_big/602.jpg","previewUrl":"https://st.kp.yandex.net/images/film_iphone/iphone360_602.jpg"},"facts":[{"value":"Фильм основан на реальной истории двух американских грабителей, Джозефа В. Догерти и Терри Ли Коннерса, которые в 1985 году ограбили банк тем же способом, что и герои фильма. Через год они были арестованы.","type":"FACT","spoiler":false},{"value":"В фильме в эпизодических ролях участвовали две дочери Уиллиса — Скаут и Таллула.","type":"FACT","spoiler":false},{"value":"В жизни Билли Боб Торнтон страдает боязнью старинной мебели, и сценаристы добавили эту редкую фобию в характер его персонажа.","type":"FACT","spoiler":false},{"value":"Барри Левинсон очень рассчитывал, что оригинальную музыку к картине напишет немецкий композитор Ганс Циммер, однако тот был плотно занят на фильмах «Ганнибал» и «Перл-Харбор». Левинсон был готов дождаться, пока композитор не закончит текущие проекты, и ради этого задержать выпуск «Бандитов» в прокат, но Циммер всё равно ответил отказом.","type":"FACT","spoiler":false},{"value":"Обстановка дома, в котором Терри и Джо дают интервью, также использовалась для фильма «Большой Лебовски» (1998).","type":"FACT","spoiler":false},{"value":"Сначала планировалось, что роль Джо исполнит Вэл Килмер, а Терри Ли Коллинза сыграет Уиллис. Однако из-за пересечения съёмочных графиков Килмер отказался от роли, и в итоге Уиллис сыграл Джо, а не Терри.","type":"FACT","spoiler":false},{"value":"В фильме можно услышать песню &laquo;Kill The Rock&raquo;, группы Mindless Self Indulgence, но она не была включена в саундтрек.","type":"FACT","spoiler":false},{"value":"Первоначально предполагалось, что фильм будет снят по роману Элмора Леонарда, но продюсеры решили, что он слабоват, и наняли сценариста полностью переписать историю.","type":"FACT","spoiler":false}],"genres":[{"name":"драма"},{"name":"мелодрама"},{"name":"комедия"},{"name":"криминал"}],"countries":[{"name":"США"}],"videos":{"trailers":[{"url":"https://widgets.kinopoisk.ru/discovery/trailer/121648?onlyPlayer=1&autoplay=1&cover=1","name":"Трейлер №2","site":"kinopoisk_widget"},{"url":"https://www.youtube.com/v/k6L8EiVf39w","name":"Трейлер","site":"youtube"},{"url":"https://widgets.kinopoisk.ru/discovery/trailer/122498?onlyPlayer=1&autoplay=1&cover=1","name":"Трейлер №2 (русский язык)","site":"kinopoisk_widget"},{"url":"https://www.youtube.com/embed/ymC0WLUF264","name":"Bandits (2001) Trailer","site":"youtube","type":"TRAILER"},{"url":"https://www.youtube.com/embed/A9kCb0E4O3g","name":"Bandits Official Trailer #1 - Bruce Willis Movie (2001) HD","site":"youtube","type":"TRAILER"}],"teasers":[]},"seasonsInfo":[],"persons":[{"id":110,"photo":"https://st.kp.yandex.net/images/actor_iphone/iphone360_110.jpg","name":"Брюс Уиллис","enName":"Bruce Willis","profession":"актеры","enProfession":"actor"},{"id":111,"photo":"https://st.kp.yandex.net/images/actor_iphone/iphone360_111.jpg","name":"Билли Боб Торнтон","enName":"Billy Bob Thornton","profession":"актеры","enProfession":"actor"},{"id":112,"photo":"https://st.kp.yandex.net/images/actor_iphone/iphone360_112.jpg","name":"Кейт Бланшетт","enName":"Cate Blanchett","profession":"актеры","enProfession":"actor"},{"id":113,"photo":"https://st.kp.yandex.net/images/actor_iphone/iphone360_113.jpg","name":"Трой Гэрити","enName":"Troy Garity","profession":"актеры","enProfession":"actor"},{"id":114,"photo":"https://st.kp.yandex.net/images/actor_iphone/iphone360_114.jpg","name":"Брайан Ф. О’Бирн","enName":"Brian F. O'Byrne","profession":"актеры","enProfession":"actor"},{"id":115,"photo":"https://st.kp.yandex.net/images/actor_iphone/iphone360_115.jpg","name":"Стэйси Трэвис","enName":"Stacey Travis","profession":"актеры","enProfession":"actor"},{"id":116,"photo":"https://st.kp.yandex.net/images/actor_iphone/iphone360_116.jpg","name":"Бобби Слэйтон","enName":"Bobby Slayton","profession":"актеры","enProfession":"actor"},{"id":117,"photo":"https://st.kp.yandex.net/images/actor_iphone/iphone360_117.jpg","name":"Дженьюэри Джонс","enName":"January Jones","profession":"актеры","enProfession":"actor"},{"id":118,"photo":"https://st.kp.yandex.net/images/actor_iphone/iphone360_118.jpg","name":"Азура Скай","enName":"Azura Skye","profession":"актеры","enProfession":"actor"},{"id":119,"photo":"https://st.kp.yandex.net/images/actor_iphone/iphone360_119.jpg","name":"Пегги Майли","enName":"Peggy Miley","profession":"актеры","enProfession":"actor"},{"id":120,"photo":"https://st.kp.yandex.net/images/actor_iphone/iphone360_120.jpg","name":"Уильям Конверс-Робертс","enName":"William Converse-Roberts","profession":"актеры","enProfession":"actor"},{"id":121,"photo":"https://st.kp.yandex.net/images/actor_iphone/iphone360_121.jpg","name":"Ричард Рили","enName":"Richard Riehle","profession":"актеры","enProfession":"actor"},{"id":122,"photo":"https://st.kp.yandex.net/images/actor_iphone/iphone360_122.jpg","name":"Миколе Миркурио","enName":"Micole Mercurio","profession":"актеры","enProfession":"actor"},{"id":123,"photo":"https://st.kp.yandex.net/images/actor_iphone/iphone360_123.jpg","name":"Скотт Баркхолдер","enName":"Scott Burkholder","profession":"актеры","enProfession":"actor"},{"id":124,"photo":"https://st.kp.yandex.net/images/actor_iphone/iphone360_124.jpg","name":"Энтони Берч","enName":"Anthony Burch","profession":"актеры","enProfession":"actor"},{"id":125,"photo":"https://st.kp.yandex.net/images/actor_iphone/iphone360_125.jpg","name":"Сэм Левинсон","enName":"Sam Levinson","profession":"актеры","enProfession":"actor"},{"id":126,"photo":"https://st.kp.yandex.net/images/actor_iphone/iphone360_126.jpg","name":"Скаут Уиллис","enName":"Scout Willis","profession":"актеры","enProfession":"actor"},{"id":127,"photo":"https://st.kp.yandex.net/images/actor_iphone/iphone360_127.jpg","name":"Таллула Белль Уиллис","enName":"Tallulah Willis","profession":"актеры","enProfession":"actor"},{"id":128,"photo":"https://st.kp.yandex.net/images/actor_iphone/iphone360_128.jpg","name":"Джон Эванс","enName":"John Evans","profession":"актеры","enProfession":"actor"},{"id":129,"photo":"https://st.kp.yandex.net/images/actor_iphone/iphone360_129.jpg","name":"Джон Хэррингтон Блэнд","enName":"John Harrington Bland","profession":"актеры","enProfession":"actor"},{"id":130,"photo":"https://st.kp.yandex.net/images/actor_iphone/iphone360_130.jpg","name":"Синди Голдфилд","enName":"Cindy Goldfield","profession":"актеры","enProfession":"actor"},{"id":131,"photo":"https://st.kp.yandex.net/images/actor_iphone/iphone360_131.jpg","name":"Хезер Матисон","enName":"Heather Mathieson","profession":"актеры","enProfession":"actor"},{"id":132,"photo":"https://st.kp.yandex.net/images/actor_iphone/iphone360_132.jpg","name":"Эрин-Кейт Уиткомб","enName":"Erin-Kate Whitcomb","profession":"актеры","enProfession":"actor"},{"id":133,"photo":"https://st.kp.yandex.net/images/actor_iphone/iphone360_133.jpg","name":"Ким Богус","enName":"Kim Bogus","profession":"актеры","enProfession":"actor"},{"id":134,"photo":"https://st.kp.yandex.net/images/actor_iphone/iphone360_134.jpg","name":"Майкл И. Соммерс","enName":"Michael X. Sommers","profession":"актеры","enProfession":"actor"},{"id":135,"photo":"https://st.kp.yandex.net/images/actor_iphone/iphone360_135.jpg","name":"Рич Сиклер","enName":"Rich Sickler","profession":"актеры","enProfession":"actor"},{"id":136,"photo":"https://st.kp.yandex.net/images/actor_iphone/iphone360_136.jpg","name":"Майкл Бернбаум","enName":"Michael Birnbaum","profession":"актеры","enProfession":"actor"},{"id":137,"photo":"https://st.kp.yandex.net/images/actor_iphone/iphone360_137.jpg","name":"Джо Унитас","enName":"Joe Unitas","profession":"актеры","enProfession":"actor"},{"id":138,"photo":"https://st.kp.yandex.net/images/actor_iphone/iphone360_138.jpg","name":"Рик Шустер","enName":"Rick Shuster","profession":"актеры","enProfession":"actor"},{"id":139,"photo":"https://st.kp.yandex.net/images/actor_iphone/iphone360_139.jpg","name":"Дженнифер Йорк","enName":"Jennifer York","profession":"актеры","enProfession":"actor"},{"id":140,"photo":"https://st.kp.yandex.net/images/actor_iphone/iphone360_140.jpg","name":"Хосе Гильермо Гарсия","enName":"José Guillermo García","profession":"актеры","enProfession":"actor"},{"id":141,"photo":"https://st.kp.yandex.net/images/actor_iphone/iphone360_141.jpg","name":"Альфред Де Контрерас","enName":"Alfred De Contreras","profession":"актеры","enProfession":"actor"},{"id":142,"photo":"https://st.kp.yandex.net/images/actor_iphone/iphone360_142.jpg","name":"Питер Вайретер","enName":"Peter Weireter","profession":"актеры","enProfession":"actor"},{"id":143,"photo":"https://st.kp.yandex.net/images/actor_iphone/iphone360_143.jpg","name":"Керри Килбрайд","enName":"Kerry Kilbride","profession":"актеры","enProfession":"actor"},{"id":144,"photo":"https://st.kp.yandex.net/images/actor_iphone/iphone360_144.jpg","name":"Джейн Велез-Митчелл","enName":"Jane Velez-Mitchell","profession":"актеры","enProfession":"actor"},{"id":145,"photo":"https://st.kp.yandex.net/images/actor_iphone/iphone360_145.jpg","name":"Миа Ли","enName":"Mia Lee","profession":"актеры","enProfession":"actor"},{"id":146,"photo":"https://st.kp.yandex.net/images/actor_iphone/iphone360_146.jpg","name":"Луи Маллен-ЛеРэй","enName":"Louis Mullen-LeRay","profession":"актеры","enProfession":"actor"},{"id":147,"photo":"https://st.kp.yandex.net/images/actor_iphone/iphone360_147.jpg","name":"Питер Хатчинсон","enName":"Peter Hutchison","profession":"актеры","enProfession":"actor"},{"id":148,"photo":"https://st.kp.yandex.net/images/actor_iphone/iphone360_148.jpg","name":"Майя Росси","enName":"Maya Rossi","profession":"актеры","enProfession":"actor"},{"id":149,"photo":"https://st.kp.yandex.net/images/actor_iphone/iphone360_149.jpg","name":"Джоан Палматир","enName":"Joan Palmateer","profession":"актеры","enProfession":"actor"},{"id":150,"photo":"https://st.kp.yandex.net/images/actor_iphone/iphone360_150.jpg","name":"Джулио Манолья","enName":"Giulio Magnolia","profession":"актеры","enProfession":"actor"},{"id":151,"photo":"https://st.kp.yandex.net/images/actor_iphone/iphone360_151.jpg","name":"Роуз Айспуро","enName":"Rose Aispuro","profession":"актеры","enProfession":"actor"},{"id":152,"photo":"https://st.kp.yandex.net/images/actor_iphone/iphone360_152.jpg","name":"Кэрри Касано","enName":"Carrie Casano","profession":"актеры","enProfession":"actor"},{"id":153,"photo":"https://st.kp.yandex.net/images/actor_iphone/iphone360_153.jpg","name":"Джэй К. Дэнфорд","enName":"Jaye K. Danford","profession":"актеры","enProfession":"actor"},{"id":154,"photo":"https://st.kp.yandex.net/images/actor_iphone/iphone360_154.jpg","name":"Дэррил Д. Стюарт","enName":"Darryl D. Stewart","profession":"актеры","enProfession":"actor"},{"id":155,"photo":"https://st.kp.yandex.net/images/actor_iphone/iphone360_155.jpg","name":"Грег Уилмарт","enName":"Greg Wilmarth","profession":"актеры","enProfession":"actor"},{"id":1578520,"photo":"https://st.kp.yandex.net/images/actor_iphone/iphone360_1578520.jpg","name":"Билл Блэйр","enName":"Bill Blair","profession":"актеры","enProfession":"actor"},{"id":156,"photo":"https://st.kp.yandex.net/images/actor_iphone/iphone360_156.jpg","name":"Норман Фесслер","enName":"Norman Fessler","profession":"актеры","enProfession":"actor"},{"id":2007668,"photo":"https://st.kp.yandex.net/images/actor_iphone/iphone360_2007668.jpg","name":"Тони Грация","enName":"Tony Gracia","profession":"актеры","enProfession":"actor"},{"id":749921,"photo":"https://st.kp.yandex.net/images/actor_iphone/iphone360_749921.jpg","name":"Этан Хойт","enName":"Ethan Hoyt","profession":"актеры","enProfession":"actor"},{"id":157,"photo":"https://st.kp.yandex.net/images/actor_iphone/iphone360_157.jpg","name":"Тиа Ханникат","enName":"Tia Hunnicutt","profession":"актеры","enProfession":"actor"},{"id":48558,"photo":"https://st.kp.yandex.net/images/actor_iphone/iphone360_48558.jpg","name":"Фредерик Е. Ковало","enName":"Frederick E. Kowalo","profession":"актеры","enProfession":"actor"},{"id":158,"photo":"https://st.kp.yandex.net/images/actor_iphone/iphone360_158.jpg","name":"Роки ЛаРошелль","enName":"Rocky LaRochelle","profession":"актеры","enProfession":"actor"},{"id":614411,"photo":"https://st.kp.yandex.net/images/actor_iphone/iphone360_614411.jpg","name":"Трой Мартин","enName":"Troy Martin","profession":"актеры","enProfession":"actor"},{"id":159,"photo":"https://st.kp.yandex.net/images/actor_iphone/iphone360_159.jpg","name":"Эми Максвелл","enName":"Amy Maxwell","profession":"актеры","enProfession":"actor"},{"id":1077893,"photo":"https://st.kp.yandex.net/images/actor_iphone/iphone360_1077893.jpg","name":"Джеймс Олеан","enName":"Jimmy Olea","profession":"актеры","enProfession":"actor"},{"id":1959619,"photo":"https://st.kp.yandex.net/images/actor_iphone/iphone360_1959619.jpg","name":"Эрик Паркинсон","enName":"Eric Parkinson","profession":"актеры","enProfession":"actor"},{"id":5273,"photo":"https://st.kp.yandex.net/images/actor_iphone/iphone360_5273.jpg","name":"Питер Квартароли","enName":"Peter Quartaroli","profession":"актеры","enProfession":"actor"},{"id":4213642,"photo":"https://st.kp.yandex.net/images/actor_iphone/iphone360_4213642.jpg","name":"Уилльям Россман","enName":"William Rossman","profession":"актеры","enProfession":"actor"},{"id":160,"photo":"https://st.kp.yandex.net/images/actor_iphone/iphone360_160.jpg","name":"Джон-Клей Скотт","enName":"John-Clay Scott","profession":"актеры","enProfession":"actor"},{"id":10030,"photo":"https://st.kp.yandex.net/images/actor_iphone/iphone360_10030.jpg","name":"Свен-Оле Торсен","enName":"Sven-Ole Thorsen","profession":"актеры","enProfession":"actor"},{"id":12603,"photo":"https://st.kp.yandex.net/images/actor_iphone/iphone360_12603.jpg","name":"Кирстен Уоррен","enName":"Kiersten Warren","profession":"актеры","enProfession":"actor"},{"id":161,"photo":"https://st.kp.yandex.net/images/actor_iphone/iphone360_161.jpg","name":"Шерри Ла’Марр Вилер","enName":"Sherrie La'Marr Wheeler","profession":"актеры","enProfession":"actor"},{"id":148114,"photo":"https://st.kp.yandex.net/images/actor_iphone/iphone360_148114.jpg","name":"Кристофер Янг","enName":"Christopher Young","profession":"композиторы","enProfession":"composer"},{"id":122927,"photo":"https://st.kp.yandex.net/images/actor_iphone/iphone360_122927.jpg","name":"Виктор Кемпстер","enName":"Victor Kempster","profession":"художники","enProfession":"designer"},{"id":1989196,"photo":"https://st.kp.yandex.net/images/actor_iphone/iphone360_1989196.jpg","name":"Дэн Уэбстер","enName":"Dan Webster","profession":"художники","enProfession":"designer"},{"id":1995843,"photo":"https://st.kp.yandex.net/images/actor_iphone/iphone360_1995843.jpg","name":"Глория Грешам","enName":"Gloria Gresham","profession":"художники","enProfession":"designer"},{"id":1987383,"photo":"https://st.kp.yandex.net/images/actor_iphone/iphone360_1987383.jpg","name":"Меридет Босвелл","enName":"Merideth Boswell","profession":"художники","enProfession":"designer"},{"id":108,"photo":"https://st.kp.yandex.net/images/actor_iphone/iphone360_108.jpg","name":"Барри Левинсон","enName":"Barry Levinson","profession":"режиссеры","enProfession":"director"},{"id":2354849,"photo":"https://st.kp.yandex.net/images/actor_iphone/iphone360_2354849.jpg","name":"Стью Линдер","enName":"Stu Linder","profession":"монтажеры","enProfession":"editor"},{"id":608715,"photo":"https://st.kp.yandex.net/images/actor_iphone/iphone360_608715.jpg","name":"Данте Спинотти","enName":"Dante Spinotti","profession":"операторы","enProfession":"operator"},{"id":162,"photo":"https://st.kp.yandex.net/images/actor_iphone/iphone360_162.jpg","name":"Ашок Амритрадж","enName":"Ashok Amritraj","profession":"продюсеры","enProfession":"producer"},{"id":163,"photo":"https://st.kp.yandex.net/images/actor_iphone/iphone360_163.jpg","name":"Джим Андрино","enName":"Jim Andrino","profession":"продюсеры","enProfession":"producer"},{"id":164,"photo":"https://st.kp.yandex.net/images/actor_iphone/iphone360_164.jpg","name":"Мишель Берк","enName":"Michele Berk","profession":"продюсеры","enProfession":"producer"},{"id":136,"photo":"https://st.kp.yandex.net/images/actor_iphone/iphone360_136.jpg","name":"Майкл Бернбаум","enName":"Michael Birnbaum","profession":"продюсеры","enProfession":"producer"},{"id":76124,"photo":"https://st.kp.yandex.net/images/actor_iphone/iphone360_76124.jpg","name":"Валерий Кухарешин","enName":null,"profession":"актеры дубляжа","enProfession":"voice_actor"},{"id":277374,"photo":"https://st.kp.yandex.net/images/actor_iphone/iphone360_277374.jpg","name":"Станислав Концевич","enName":null,"profession":"актеры дубляжа","enProfession":"voice_actor"},{"id":269814,"photo":"https://st.kp.yandex.net/images/actor_iphone/iphone360_269814.jpg","name":"Евгения Игумнова","enName":null,"profession":"актеры дубляжа","enProfession":"voice_actor"},{"id":109,"photo":"https://st.kp.yandex.net/images/actor_iphone/iphone360_109.jpg","name":"Харли Пейтон","enName":"Harley Peyton","profession":"редакторы","enProfession":"writer"}],"typeNumber":1,"alternativeName":"Bandits","enName":null,"names":[{"name":"Бандиты"},{"name":"Bandits"}],"ageRating":16,"ratingMpaa":"pg13","imagesInfo":{"framesCount":95},"shortDescription":"Сбежав от мужа, Кейт присоединяется к дуэту воров. Комедия Барри Левинсона о смертельном любовном треугольнике","similarMovies":[{"id":505903,"name":"Особо опасны","enName":null,"alternativeName":"Savages","type":"movie","poster":{"url":"https://avatars.mds.yandex.net/get-kinopoisk-image/1600647/03eae629-05b6-4388-8671-eb8df8ec7495/orig","previewUrl":"https://avatars.mds.yandex.net/get-kinopoisk-image/1600647/03eae629-05b6-4388-8671-eb8df8ec7495/x1000"}}],"sequelsAndPrequels":[],"logo":{"url":null},"watchability":{"items":[{"name":"Okko","logo":{"url":"https://avatars.mds.yandex.net/get-ott/239697/7713e586-17d1-42d1-ac62-53e9ef1e70c3/orig"},"url":"https://okko.tv/movie/bandits?utm_medium=referral&utm_source=yandex_search&utm_campaign=new_search_feed"},{"name":"PREMIER","logo":{"url":"https://avatars.mds.yandex.net/get-ott/239697/0f86e907-9531-47e9-87bd-5101a08d4e30/orig"},"url":"https://premier.one/show/17139?utm_source=yandex&utm_medium=yandex_feed_search&utm_campaign=yandex_feed"},{"name":"Wink","logo":{"url":"https://avatars.mds.yandex.net/get-ott/1672343/54096cbe-cc3b-41c9-8e44-990ebbca8d61/orig"},"url":"https://wink.ru/media_items/140492357?utm_source=yandex&utm_medium=koldunschick&utm_content=name"}]},"top10":null,"top250":null}