{"fees":{"world":{"value":1274112,"currency":"$"},"usa":{"value":416925,"currency":"$"}},"status":null,"externalId":{"kpHD":null,"imdb":"tt0247199","tmdb":4012},"rating":{"kp":7.214,"imdb":7.1,"filmCritics":7.3,"russianFilmCritics":0,"await":0},"votes":{"kp":26602,"imdb":39463,"filmCritics":93,"russianFilmCritics":1,"await":0},"backdrop":{"url":null,"previewUrl":null},"movieLength":98,"productionCompanies":[{"name":"Seven Arts Pictures","url":null,"previewUrl":null},{"name":"Fuller Films","url":null,"previewUrl":null}],"id":607,"type":"movie","name":"Фанатик","description":"В детстве еврейского мальчика по имени Дэнни Балинт выгнали из религиозной школы за вольнодумство. В 22 года Дэнни выбривает голову и становится скинхедом. Теперь он – лидер банды неонацистов, объявивших войну евреям и устраивающих уличные драки и погромы. По его приказу скины готовы убивать. Но несмотря на то, что авторитет Дэнни среди соратников растет, в душе он остается несостоявшимся раввином, который избивает евреев днем, а ночью прилежно изучает священные манускрипты на иврите.","premiere":{"country":"США","world":"2001-01-19T00:00:00.000Z","russia":"2001-08-17T00:00:00.000Z","cinema":"2001-08-17T00:00:00.000Z","dvd":"2010-08-26T00:00:00.000Z"},"slogan":"Со свастикой на плече, с Торой в сердце","year":2001,"budget":{"value":1500000,"currency":"$"},"poster":{"url":"https://st.kp.yandex.net/images/film_big/607.jpg","previewUrl":"https://st.kp.yandex.net/images/film_iphone/iphone360_607.jpg"},"facts":[{"value":"Из-за недостаточного бюджета съёмочная группа не могла оплачивать разрешения на съёмки, так что многие сцены приходилось снимать без разрешения и по-быстрому.","type":"FACT","spoiler":false},{"value":"В основу сюжета легла история Даниэля Берроса, американского еврея, который вступил в Американскую нацистскую партию, но вскоре из неё ушёл, а затем вступил в Ку-клукс-клан. Покончил с собой в 1965 году в возрасте 28 лет, когда о его еврейском происхождении стало известно газетчикам.","type":"FACT","spoiler":true}],"genres":[{"name":"драма"}],"countries":[{"name":"США"}],"videos":{"trailers":[{"url":"https://www.youtube.com/v/YJl6N4ygJ8c","name":"Трейлер","site":"youtube"},{"url":"https://widgets.kinopoisk.ru/discovery/trailer/115543?onlyPlayer=1&autoplay=1&cover=1","name":"Русский трейлер","site":"kinopoisk_widget"},{"url":"https://www.youtube.com/embed/Zb--eD_XeBY","name":"The Believer (2001) ORIGINAL TRAILER [HD 1080p]","site":"youtube","type":"TRAILER"}],"teasers":[]},"seasonsInfo":[],"persons":[{"id":10143,"photo":"https://st.kp.yandex.net/images/actor_iphone/iphone360_10143.jpg","name":"Райан Гослинг","enName":"Ryan Gosling","profession":"актеры","enProfession":"actor"},{"id":10468,"photo":"https://st.kp.yandex.net/images/actor_iphone/iphone360_10468.jpg","name":"Саммер Феникс","enName":"Summer Phoenix","profession":"актеры","enProfession":"actor"},{"id":42578,"photo":"https://st.kp.yandex.net/images/actor_iphone/iphone360_42578.jpg","name":"Тереза Расселл","enName":"Theresa Russell","profession":"актеры","enProfession":"actor"},{"id":45019,"photo":"https://st.kp.yandex.net/images/actor_iphone/iphone360_45019.jpg","name":"Билли Зейн","enName":"Billy Zane","profession":"актеры","enProfession":"actor"},{"id":47734,"photo":"https://st.kp.yandex.net/images/actor_iphone/iphone360_47734.jpg","name":"Гаррет Диллахант","enName":"Garret Dillahunt","profession":"актеры","enProfession":"actor"},{"id":47735,"photo":"https://st.kp.yandex.net/images/actor_iphone/iphone360_47735.jpg","name":"Крис Эйверс","enName":"Kris Eivers","profession":"актеры","enProfession":"actor"},{"id":817,"photo":"https://st.kp.yandex.net/images/actor_iphone/iphone360_817.jpg","name":"Джоэль Марш Гарлэнд","enName":"Joel Marsh Garland","profession":"актеры","enProfession":"actor"},{"id":27658,"photo":"https://st.kp.yandex.net/images/actor_iphone/iphone360_27658.jpg","name":"Рональд Гаттман","enName":"Ronald Guttman","profession":"актеры","enProfession":"actor"},{"id":38711,"photo":"https://st.kp.yandex.net/images/actor_iphone/iphone360_38711.jpg","name":"Хезер Голденхерш","enName":"Heather Goldenhersh","profession":"актеры","enProfession":"actor"},{"id":47742,"photo":"https://st.kp.yandex.net/images/actor_iphone/iphone360_47742.jpg","name":"Питер Медоуз","enName":"Peter Meadows","profession":"актеры","enProfession":"actor"},{"id":47738,"photo":"https://st.kp.yandex.net/images/actor_iphone/iphone360_47738.jpg","name":"Джек Драммонд","enName":"Jack Drummond","profession":"актеры","enProfession":"actor"},{"id":801,"photo":"https://st.kp.yandex.net/images/actor_iphone/iphone360_801.jpg","name":"Сиг Либовиц","enName":"Sig Libowitz","profession":"актеры","enProfession":"actor"},{"id":47739,"photo":"https://st.kp.yandex.net/images/actor_iphone/iphone360_47739.jpg","name":"Джеймс МакКэффри","enName":"James McCaffrey","profession":"актеры","enProfession":"actor"},{"id":47740,"photo":"https://st.kp.yandex.net/images/actor_iphone/iphone360_47740.jpg","name":"Джейкоб Грин","enName":"Jacob Green","profession":"актеры","enProfession":"actor"},{"id":47741,"photo":"https://st.kp.yandex.net/images/actor_iphone/iphone360_47741.jpg","name":"Фрэнк Уинтерс","enName":"Frank Winters","profession":"актеры","enProfession":"actor"},{"id":800,"photo":"https://st.kp.yandex.net/images/actor_iphone/iphone360_800.jpg","name":"А.Д. Майлз","enName":"A.D. Miles","profession":"актеры","enProfession":"actor"},{"id":45222,"photo":"https://st.kp.yandex.net/images/actor_iphone/iphone360_45222.jpg","name":"Томми Нохилли","enName":"Tommy Nohilly","profession":"актеры","enProfession":"actor"},{"id":18872,"photo":"https://st.kp.yandex.net/images/actor_iphone/iphone360_18872.jpg","name":"Джошуа Харто","enName":"Joshua Harto","profession":"актеры","enProfession":"actor"},{"id":47743,"photo":"https://st.kp.yandex.net/images/actor_iphone/iphone360_47743.jpg","name":"Чак Ардеззон","enName":"Chuck Ardezzone","profession":"актеры","enProfession":"actor"},{"id":7788,"photo":"https://st.kp.yandex.net/images/actor_iphone/iphone360_7788.jpg","name":"Гленн Фицджералд","enName":"Glenn Fitzgerald","profession":"актеры","enProfession":"actor"},{"id":1914,"photo":"https://st.kp.yandex.net/images/actor_iphone/iphone360_1914.jpg","name":"Эбон Мосс-Бакрак","enName":"Ebon Moss-Bachrach","profession":"актеры","enProfession":"actor"},{"id":3113,"photo":"https://st.kp.yandex.net/images/actor_iphone/iphone360_3113.jpg","name":"Кристофер Кэдиш","enName":"Christopher Kadish","profession":"актеры","enProfession":"actor"},{"id":1901,"photo":"https://st.kp.yandex.net/images/actor_iphone/iphone360_1901.jpg","name":"Дэвид Бэйли","enName":"David Bailey","profession":"актеры","enProfession":"actor"},{"id":47744,"photo":"https://st.kp.yandex.net/images/actor_iphone/iphone360_47744.jpg","name":"Люсиль Паттон","enName":"Lucille Patton","profession":"актеры","enProfession":"actor"},{"id":6611,"photo":"https://st.kp.yandex.net/images/actor_iphone/iphone360_6611.jpg","name":"Джон Уиллс Мартин","enName":"John Wills Martin","profession":"актеры","enProfession":"actor"},{"id":47745,"photo":"https://st.kp.yandex.net/images/actor_iphone/iphone360_47745.jpg","name":"Майкл Маркус","enName":"Michael Marcus","profession":"актеры","enProfession":"actor"},{"id":33929,"photo":"https://st.kp.yandex.net/images/actor_iphone/iphone360_33929.jpg","name":"Роберто Гари","enName":"Roberto Gari","profession":"актеры","enProfession":"actor"},{"id":16381,"photo":"https://st.kp.yandex.net/images/actor_iphone/iphone360_16381.jpg","name":"Саша Нопф","enName":"Sascha Knopf","profession":"актеры","enProfession":"actor"},{"id":2288,"photo":"https://st.kp.yandex.net/images/actor_iphone/iphone360_2288.jpg","name":"Тибор Фельдман","enName":"Tibor Feldman","profession":"актеры","enProfession":"actor"},{"id":47732,"photo":"https://st.kp.yandex.net/images/actor_iphone/iphone360_47732.jpg","name":"Генри Бин","enName":"Henry Bean","profession":"актеры","enProfession":"actor"},{"id":47736,"photo":"https://st.kp.yandex.net/images/actor_iphone/iphone360_47736.jpg","name":"Дин Стробер","enName":"Dean Strober","profession":"актеры","enProfession":"actor"},{"id":813,"photo":"https://st.kp.yandex.net/images/actor_iphone/iphone360_813.jpg","name":"Элизабет Ризер","enName":"Elizabeth Reaser","profession":"актеры","enProfession":"actor"},{"id":11559,"photo":"https://st.kp.yandex.net/images/actor_iphone/iphone360_11559.jpg","name":"Джордан Лейдж","enName":"Jordan Lage","profession":"актеры","enProfession":"actor"},{"id":4084267,"photo":"https://st.kp.yandex.net/images/actor_iphone/iphone360_4084267.jpg","name":null,"enName":"Judah Lazarus","profession":"актеры","enProfession":"actor"},{"id":47746,"photo":"https://st.kp.yandex.net/images/actor_iphone/iphone360_47746.jpg","name":"Саманта Броди","enName":"Samantha Brody","profession":"актеры","enProfession":"actor"},{"id":1831,"photo":"https://st.kp.yandex.net/images/actor_iphone/iphone360_1831.jpg","name":"Майкл Порт","enName":"Michael Port","profession":"актеры","enProfession":"actor"},{"id":47747,"photo":"https://st.kp.yandex.net/images/actor_iphone/iphone360_47747.jpg","name":"Карл Фишер","enName":"Carl Fischer","profession":"актеры","enProfession":"actor"},{"id":47748,"photo":"https://st.kp.yandex.net/images/actor_iphone/iphone360_47748.jpg","name":"Харви Либерман","enName":"Harvey Lieberman","profession":"актеры","enProfession":"actor"},{"id":47749,"photo":"https://st.kp.yandex.net/images/actor_iphone/iphone360_47749.jpg","name":"Эйлин Б. Уайсс","enName":"Eileen B. Weiss","profession":"актеры","enProfession":"actor"},{"id":88835,"photo":"https://st.kp.yandex.net/images/actor_iphone/iphone360_88835.jpg","name":"Марк Барон","enName":"Marc Baron","profession":"актеры","enProfession":"actor"},{"id":563730,"photo":"https://st.kp.yandex.net/images/actor_iphone/iphone360_563730.jpg","name":"Брендан Патрик Коннор","enName":"Brendan Patrick Connor","profession":"актеры","enProfession":"actor"},{"id":2496,"photo":"https://st.kp.yandex.net/images/actor_iphone/iphone360_2496.jpg","name":"Това Фелдшух","enName":"Tovah Feldshuh","profession":"актеры","enProfession":"actor"},{"id":38854,"photo":"https://st.kp.yandex.net/images/actor_iphone/iphone360_38854.jpg","name":"Расселл Гибсон","enName":"Russell Gibson","profession":"актеры","enProfession":"actor"},{"id":64224,"photo":"https://st.kp.yandex.net/images/actor_iphone/iphone360_64224.jpg","name":"Зои Хантер","enName":"Zoe Hunter","profession":"актеры","enProfession":"actor"},{"id":1076337,"photo":"https://st.kp.yandex.net/images/actor_iphone/iphone360_1076337.jpg","name":"Наташа Леджеро","enName":"Natasha Leggero","profession":"актеры","enProfession":"actor"},{"id":1126293,"photo":"https://st.kp.yandex.net/images/actor_iphone/iphone360_1126293.jpg","name":"Патрик Эдвард Уайт","enName":"Patrick Edward White","profession":"актеры","enProfession":"actor"},{"id":139794,"photo":"https://st.kp.yandex.net/images/actor_iphone/iphone360_139794.jpg","name":"Джоэль Даймонд","enName":"Joel Diamond","profession":"композиторы","enProfession":"composer"},{"id":1986933,"photo":"https://st.kp.yandex.net/images/actor_iphone/iphone360_1986933.jpg","name":"Сьюзэн Блок","enName":"Susan Block","profession":"художники","enProfession":"designer"},{"id":2002683,"photo":"https://st.kp.yandex.net/images/actor_iphone/iphone360_2002683.jpg","name":"Люцио Сиксас","enName":"Lucio Seixas","profession":"художники","enProfession":"designer"},{"id":2006727,"photo":"https://st.kp.yandex.net/images/actor_iphone/iphone360_2006727.jpg","name":"Алекс Альварез","enName":"Alex Alvarez","profession":"художники","enProfession":"designer"},{"id":2009531,"photo":"https://st.kp.yandex.net/images/actor_iphone/iphone360_2009531.jpg","name":"Дженнифер Ньюман","enName":"Jennifer Newman","profession":"художники","enProfession":"designer"},{"id":1986431,"photo":"https://st.kp.yandex.net/images/actor_iphone/iphone360_1986431.jpg","name":"Кэрри Стюарт","enName":"Carrie Stewart","profession":"художники","enProfession":"designer"},{"id":47732,"photo":"https://st.kp.yandex.net/images/actor_iphone/iphone360_47732.jpg","name":"Генри Бин","enName":"Henry Bean","profession":"режиссеры","enProfession":"director"},{"id":2009530,"photo":"https://st.kp.yandex.net/images/actor_iphone/iphone360_2009530.jpg","name":"Мэйлин Ло","enName":"Mayin Lo","profession":"монтажеры","enProfession":"editor"},{"id":1995874,"photo":"https://st.kp.yandex.net/images/actor_iphone/iphone360_1995874.jpg","name":"Ли Перси","enName":"Lee Percy","profession":"монтажеры","enProfession":"editor"},{"id":585868,"photo":"https://st.kp.yandex.net/images/actor_iphone/iphone360_585868.jpg","name":"Джим Дено","enName":"Jim Denault","profession":"операторы","enProfession":"operator"},{"id":3980633,"photo":"https://st.kp.yandex.net/images/actor_iphone/iphone360_3980633.jpg","name":null,"enName":"Frank M. Calo","profession":"продюсеры","enProfession":"producer"},{"id":38283,"photo":"https://st.kp.yandex.net/images/actor_iphone/iphone360_38283.jpg","name":"Сьюзэн Хоффман","enName":"Susan Hoffman","profession":"продюсеры","enProfession":"producer"},{"id":47752,"photo":"https://st.kp.yandex.net/images/actor_iphone/iphone360_47752.jpg","name":"Кристофер Робертс","enName":"Christopher Roberts","profession":"продюсеры","enProfession":"producer"},{"id":47750,"photo":"https://st.kp.yandex.net/images/actor_iphone/iphone360_47750.jpg","name":"Дэниэл Даймонд","enName":"Daniel Diamond","profession":"продюсеры","enProfession":"producer"},{"id":47732,"photo":"https://st.kp.yandex.net/images/actor_iphone/iphone360_47732.jpg","name":"Генри Бин","enName":"Henry Bean","profession":"редакторы","enProfession":"writer"},{"id":47733,"photo":"https://st.kp.yandex.net/images/actor_iphone/iphone360_47733.jpg","name":"Марк Джейкобсон","enName":"Mark Jacobson","profession":"редакторы","enProfession":"writer"}],"typeNumber":1,"alternativeName":"The Believer","enName":null,"names":[{"name":"Фанатик"},{"name":"The Believer"}],"ageRating":16,"ratingMpaa":"r","imagesInfo":{"framesCount":11},"sequelsAndPrequels":[],"shortDescription":null,"similarMovies":[{"id":382,"name":"Американская история X","enName":null,"alternativeName":"American History X","type":"movie","poster":{"url":"https://avatars.mds.yandex.net/get-kinopoisk-image/1704946/e0eb0512-5180-41d4-8788-f22d77b79501/orig","previewUrl":"https://avatars.mds.yandex.net/get-kinopoisk-image/1704946/e0eb0512-5180-41d4-8788-f22d77b79501/x1000"}},{"id":12252,"name":"Скины","enName":null,"alternativeName":"Romper Stomper","type":"movie","poster":{"url":"https://avatars.mds.yandex.net/get-kinopoisk-image/1777765/51b9b09e-a436-40ee-be22-e2db5343c63d/orig","previewUrl":"https://avatars.mds.yandex.net/get-kinopoisk-image/1777765/51b9b09e-a436-40ee-be22-e2db5343c63d/x1000"}},{"id":916491,"name":"Абсолютная власть","enName":null,"alternativeName":"Imperium","type":"movie","poster":{"url":"https://avatars.mds.yandex.net/get-kinopoisk-image/6201401/eec3c8b9-c5ab-40ae-b5ce-b82682f13714/orig","previewUrl":"https://avatars.mds.yandex.net/get-kinopoisk-image/6201401/eec3c8b9-c5ab-40ae-b5ce-b82682f13714/x1000"}},{"id":445042,"name":"Россия 88","enName":null,"alternativeName":null,"type":"movie","poster":{"url":"https://avatars.mds.yandex.net/get-kinopoisk-image/1946459/e4cb57fe-4e87-40dd-a6fb-695e59ab0331/orig","previewUrl":"https://avatars.mds.yandex.net/get-kinopoisk-image/1946459/e4cb57fe-4e87-40dd-a6fb-695e59ab0331/x1000"}},{"id":197450,"name":"Это — Англия","enName":null,"alternativeName":"This Is England","type":"movie","poster":{"url":"https://avatars.mds.yandex.net/get-kinopoisk-image/1599028/c83d09fe-ef1c-4361-b79f-8c489b83bd4d/orig","previewUrl":"https://avatars.mds.yandex.net/get-kinopoisk-image/1599028/c83d09fe-ef1c-4361-b79f-8c489b83bd4d/x1000"}},{"id":394710,"name":"Скин","enName":null,"alternativeName":"Skin","type":"movie","poster":{"url":"https://avatars.mds.yandex.net/get-kinopoisk-image/1946459/3709cb15-7728-4632-8a9e-ef70b33cd1eb/orig","previewUrl":"https://avatars.mds.yandex.net/get-kinopoisk-image/1946459/3709cb15-7728-4632-8a9e-ef70b33cd1eb/x1000"}},{"id":71075,"name":"Наци","enName":null,"alternativeName":"Führer Ex","type":"movie","poster":{"url":"https://avatars.mds.yandex.net/get-kinopoisk-image/1704946/aad47e51-5114-4e62-bd91-2fb69157fb37/orig","previewUrl":"https://avatars.mds.yandex.net/get-kinopoisk-image/1704946/aad47e51-5114-4e62-bd91-2fb69157fb37/x1000"}}],"logo":{"url":null},"watchability":{"items":null},"top10":null,"top250":null}