{"videos":{"trailers":[{"url":"https://widgets.kinopoisk.ru/discovery/trailer/261?onlyPlayer=1&autoplay=1&cover=1","name":"Трейлер","site":"kinopoisk_widget"}],"teasers":[]},"fees":{"world":{"value":8493890,"currency":"$"},"usa":{"value":7267307,"currency":"$"}},"id":609,"type":"movie","externalId":{"kpHD":"44333e7f1cd62276bd03534519d69137","imdb":null},"name":"Большие неприятности","rating":{"kp":6.959,"imdb":6.4,"filmCritics":5.5,"russianFilmCritics":0,"await":0},"description":"Таинственный чемодан, набитый чем-то ценным, привлекает внимание совершенно разных людей, кардинально меняя жизни разведенного мужчины, влюбленной парочки, нескольких мошенников, парочки наемных убийц, двух агентов ФБР и еще нескольких человек, которые решили рискнуть своими жизнями ради того, чтобы сорвать куш.","votes":{"kp":4078,"imdb":21151,"filmCritics":111,"russianFilmCritics":0,"await":0},"premiere":{"country":"США","world":"2002-04-02T00:00:00.000Z"},"slogan":"They have forty-five minutes to save the world.  They need forty-six","year":2001,"budget":{"value":40000000,"currency":"$"},"poster":{"url":"https://st.kp.yandex.net/images/film_big/609.jpg","previewUrl":"https://st.kp.yandex.net/images/film_iphone/iphone360_609.jpg"},"facts":[{"value":"Выход фильма планировался в конце 2001 года, однако в свете терактов в Нью-Йорке его релиз перенесли из-за связанных с терроризмом сюжетных линий.","type":"FACT","spoiler":false},{"value":"Персонаж <a href=\"/name/23955/\" class=\"all\">Тима Аллена</a> списан с Дэйва Барри, по одноимённому роману которого снят фильм.","type":"FACT","spoiler":false},{"value":"Персонаж по имени Эдди Ледбеттер списан с Хадди Уильяма Ледбеттера (1888-1949), легендарного исполнителя блюзов, который неоднократно вступал в противоречия с законом.","type":"FACT","spoiler":false}],"genres":[{"name":"триллер"},{"name":"комедия"},{"name":"криминал"}],"countries":[{"name":"США"}],"seasonsInfo":[],"persons":[{"id":23955,"photo":"https://st.kp.yandex.net/images/actor_iphone/iphone360_23955.jpg","name":"Тим Аллен","enName":"Tim Allen","profession":"актеры","enProfession":"actor"},{"id":25996,"photo":"https://st.kp.yandex.net/images/actor_iphone/iphone360_25996.jpg","name":"Рене Руссо","enName":"Rene Russo","profession":"актеры","enProfession":"actor"},{"id":12028,"photo":"https://st.kp.yandex.net/images/actor_iphone/iphone360_12028.jpg","name":"Стэнли Туччи","enName":"Stanley Tucci","profession":"актеры","enProfession":"actor"},{"id":7224,"photo":"https://st.kp.yandex.net/images/actor_iphone/iphone360_7224.jpg","name":"Джейсон Ли","enName":"Jason Lee","profession":"актеры","enProfession":"actor"},{"id":8517,"photo":"https://st.kp.yandex.net/images/actor_iphone/iphone360_8517.jpg","name":"Том Сайзмор","enName":"Tom Sizemore","profession":"актеры","enProfession":"actor"},{"id":2780,"photo":"https://st.kp.yandex.net/images/actor_iphone/iphone360_2780.jpg","name":"Джонни Ноксвил","enName":"Johnny Knoxville","profession":"актеры","enProfession":"actor"},{"id":7230,"photo":"https://st.kp.yandex.net/images/actor_iphone/iphone360_7230.jpg","name":"Зои Дешанель","enName":"Zooey Deschanel","profession":"актеры","enProfession":"actor"},{"id":27363,"photo":"https://st.kp.yandex.net/images/actor_iphone/iphone360_27363.jpg","name":"Бен Фостер","enName":"Ben Foster","profession":"актеры","enProfession":"actor"},{"id":10621,"photo":"https://st.kp.yandex.net/images/actor_iphone/iphone360_10621.jpg","name":"Деннис Фарина","enName":"Dennis Farina","profession":"актеры","enProfession":"actor"},{"id":2572,"photo":"https://st.kp.yandex.net/images/actor_iphone/iphone360_2572.jpg","name":"Джек Келер","enName":"Jack Kehler","profession":"актеры","enProfession":"actor"},{"id":6459,"photo":"https://st.kp.yandex.net/images/actor_iphone/iphone360_6459.jpg","name":"Джанин Гарофало","enName":"Janeane Garofalo","profession":"актеры","enProfession":"actor"},{"id":2576,"photo":"https://st.kp.yandex.net/images/actor_iphone/iphone360_2576.jpg","name":"Патрик Варбертон","enName":"Patrick Warburton","profession":"актеры","enProfession":"actor"},{"id":22313,"photo":"https://st.kp.yandex.net/images/actor_iphone/iphone360_22313.jpg","name":"Хэви Ди","enName":"Heavy D","profession":"актеры","enProfession":"actor"},{"id":1391,"photo":"https://st.kp.yandex.net/images/actor_iphone/iphone360_1391.jpg","name":"Омар Эппс","enName":"Omar Epps","profession":"актеры","enProfession":"actor"},{"id":33349,"photo":"https://st.kp.yandex.net/images/actor_iphone/iphone360_33349.jpg","name":"София Вергара","enName":"Sofía Vergara","profession":"актеры","enProfession":"actor"},{"id":3151,"photo":"https://st.kp.yandex.net/images/actor_iphone/iphone360_3151.jpg","name":"Энди Рихтер","enName":"Andy Richter","profession":"актеры","enProfession":"actor"},{"id":22601,"photo":"https://st.kp.yandex.net/images/actor_iphone/iphone360_22601.jpg","name":"Майкл МакШейн","enName":"Michael McShane","profession":"актеры","enProfession":"actor"},{"id":38384,"photo":"https://st.kp.yandex.net/images/actor_iphone/iphone360_38384.jpg","name":"Дэниэл Лондон","enName":"Daniel London","profession":"актеры","enProfession":"actor"},{"id":41386,"photo":"https://st.kp.yandex.net/images/actor_iphone/iphone360_41386.jpg","name":"Ларс Аренц-Хансен","enName":"Lars Arentz-Hansen","profession":"актеры","enProfession":"actor"},{"id":9698,"photo":"https://st.kp.yandex.net/images/actor_iphone/iphone360_9698.jpg","name":"Ди Джей Куоллс","enName":"DJ Qualls","profession":"актеры","enProfession":"actor"},{"id":8580,"photo":"https://st.kp.yandex.net/images/actor_iphone/iphone360_8580.jpg","name":"Каллен Дуглас","enName":"Cullen Douglas","profession":"актеры","enProfession":"actor"},{"id":22589,"photo":"https://st.kp.yandex.net/images/actor_iphone/iphone360_22589.jpg","name":"Флип Шульц","enName":"Flip Schultz","profession":"актеры","enProfession":"actor"},{"id":41387,"photo":"https://st.kp.yandex.net/images/actor_iphone/iphone360_41387.jpg","name":"Патрик Миклер","enName":"Patrick Mickler","profession":"актеры","enProfession":"actor"},{"id":41388,"photo":"https://st.kp.yandex.net/images/actor_iphone/iphone360_41388.jpg","name":"Джералд Оуэнс","enName":"Gerald Owens","profession":"актеры","enProfession":"actor"},{"id":41389,"photo":"https://st.kp.yandex.net/images/actor_iphone/iphone360_41389.jpg","name":"Митчелл Керри","enName":"Mitchell Carrey","profession":"актеры","enProfession":"actor"},{"id":41390,"photo":"https://st.kp.yandex.net/images/actor_iphone/iphone360_41390.jpg","name":"Натали Роуз","enName":"Nathalie Rose","profession":"актеры","enProfession":"actor"},{"id":101867,"photo":"https://st.kp.yandex.net/images/actor_iphone/iphone360_101867.jpg","name":"Джон Кэздан","enName":"Jonathan Kasdan","profession":"актеры","enProfession":"actor"},{"id":8594,"photo":"https://st.kp.yandex.net/images/actor_iphone/iphone360_8594.jpg","name":"Йен Марьолес","enName":"Ian Marioles","profession":"актеры","enProfession":"actor"},{"id":41391,"photo":"https://st.kp.yandex.net/images/actor_iphone/iphone360_41391.jpg","name":"Филип Нолен","enName":"Philip Nolen","profession":"актеры","enProfession":"actor"},{"id":36184,"photo":"https://st.kp.yandex.net/images/actor_iphone/iphone360_36184.jpg","name":"Дэвид Кепп","enName":"David Koepp","profession":"актеры","enProfession":"actor"},{"id":8621,"photo":"https://st.kp.yandex.net/images/actor_iphone/iphone360_8621.jpg","name":"Барри Зонненфельд","enName":"Barry Sonnenfeld","profession":"актеры","enProfession":"actor"},{"id":41392,"photo":"https://st.kp.yandex.net/images/actor_iphone/iphone360_41392.jpg","name":"Джей Разумный","enName":"Jay Rasumny","profession":"актеры","enProfession":"actor"},{"id":41393,"photo":"https://st.kp.yandex.net/images/actor_iphone/iphone360_41393.jpg","name":"Рубен Гомез","enName":"Ruben Gomez","profession":"актеры","enProfession":"actor"},{"id":29666,"photo":"https://st.kp.yandex.net/images/actor_iphone/iphone360_29666.jpg","name":"Энтони Короне","enName":"Antoni Corone","profession":"актеры","enProfession":"actor"},{"id":31636,"photo":"https://st.kp.yandex.net/images/actor_iphone/iphone360_31636.jpg","name":"Шиван Фэллон","enName":"Siobhan Fallon Hogan","profession":"актеры","enProfession":"actor"},{"id":41394,"photo":"https://st.kp.yandex.net/images/actor_iphone/iphone360_41394.jpg","name":"Кэва Стюартсон","enName":"Kava Stewartson","profession":"актеры","enProfession":"actor"},{"id":41395,"photo":"https://st.kp.yandex.net/images/actor_iphone/iphone360_41395.jpg","name":"Глория Лайно","enName":"Gloria Laino","profession":"актеры","enProfession":"actor"},{"id":17937,"photo":"https://st.kp.yandex.net/images/actor_iphone/iphone360_17937.jpg","name":"Кармен Лопес","enName":"Carmen López","profession":"актеры","enProfession":"actor"},{"id":586,"photo":"https://st.kp.yandex.net/images/actor_iphone/iphone360_586.jpg","name":"Марк Салем","enName":"Mark Salem","profession":"актеры","enProfession":"actor"},{"id":41396,"photo":"https://st.kp.yandex.net/images/actor_iphone/iphone360_41396.jpg","name":"Ренато Кампилонго","enName":"Renato Campilongo","profession":"актеры","enProfession":"actor"},{"id":8579,"photo":"https://st.kp.yandex.net/images/actor_iphone/iphone360_8579.jpg","name":"Марк Маколей","enName":"Marc Macaulay","profession":"актеры","enProfession":"actor"},{"id":5488,"photo":"https://st.kp.yandex.net/images/actor_iphone/iphone360_5488.jpg","name":"Джеймс Мартин Келли","enName":"James Martin Kelly","profession":"актеры","enProfession":"actor"},{"id":26128,"photo":"https://st.kp.yandex.net/images/actor_iphone/iphone360_26128.jpg","name":"Дэйв Кори","enName":"Dave Corey","profession":"актеры","enProfession":"actor"},{"id":41397,"photo":"https://st.kp.yandex.net/images/actor_iphone/iphone360_41397.jpg","name":"Сэльма Сайпс","enName":"Selma Cipes","profession":"актеры","enProfession":"actor"},{"id":41398,"photo":"https://st.kp.yandex.net/images/actor_iphone/iphone360_41398.jpg","name":"Сид Рэймонд","enName":"Sid Raymond","profession":"актеры","enProfession":"actor"},{"id":41399,"photo":"https://st.kp.yandex.net/images/actor_iphone/iphone360_41399.jpg","name":"Джоди Уилсон","enName":"Jody Wilson","profession":"актеры","enProfession":"actor"},{"id":41400,"photo":"https://st.kp.yandex.net/images/actor_iphone/iphone360_41400.jpg","name":"Морис Алеви","enName":"Maurice Alevy","profession":"актеры","enProfession":"actor"},{"id":41401,"photo":"https://st.kp.yandex.net/images/actor_iphone/iphone360_41401.jpg","name":"Миа Финнегэн","enName":"Mia Finnegan","profession":"актеры","enProfession":"actor"},{"id":41402,"photo":"https://st.kp.yandex.net/images/actor_iphone/iphone360_41402.jpg","name":"Эрик Геллер","enName":"Eric Geller","profession":"актеры","enProfession":"actor"},{"id":29686,"photo":"https://st.kp.yandex.net/images/actor_iphone/iphone360_29686.jpg","name":"Пол Барт","enName":"Paul Barth","profession":"актеры","enProfession":"actor"},{"id":39232,"photo":"https://st.kp.yandex.net/images/actor_iphone/iphone360_39232.jpg","name":"Марта Стюарт","enName":"Martha Stewart","profession":"актеры","enProfession":"actor"},{"id":1449097,"photo":"https://st.kp.yandex.net/images/actor_iphone/iphone360_1449097.jpg","name":"Пол Алдани","enName":"Paul Aldanée","profession":"актеры","enProfession":"actor"},{"id":1113783,"photo":"https://st.kp.yandex.net/images/actor_iphone/iphone360_1113783.jpg","name":null,"enName":"Daiane Azura","profession":"актеры","enProfession":"actor"},{"id":41385,"photo":"https://st.kp.yandex.net/images/actor_iphone/iphone360_41385.jpg","name":"Дэйв Барри","enName":"Dave Barry","profession":"актеры","enProfession":"actor"},{"id":229079,"photo":"https://st.kp.yandex.net/images/actor_iphone/iphone360_229079.jpg","name":"Триш Демпси","enName":"Trish Dempsey","profession":"актеры","enProfession":"actor"},{"id":639,"photo":"https://st.kp.yandex.net/images/actor_iphone/iphone360_639.jpg","name":"Дебора Смит Форд","enName":"Deborah Smith Ford","profession":"актеры","enProfession":"actor"},{"id":477819,"photo":"https://st.kp.yandex.net/images/actor_iphone/iphone360_477819.jpg","name":"Джонатан Ходжес","enName":"Johnathan Hodges","profession":"актеры","enProfession":"actor"},{"id":676071,"photo":"https://st.kp.yandex.net/images/actor_iphone/iphone360_676071.jpg","name":"Китти Кави","enName":"Kitty Kavey","profession":"актеры","enProfession":"actor"},{"id":1477497,"photo":"https://st.kp.yandex.net/images/actor_iphone/iphone360_1477497.jpg","name":"Джесси Козел","enName":"Jesse Kozel","profession":"актеры","enProfession":"actor"},{"id":647,"photo":"https://st.kp.yandex.net/images/actor_iphone/iphone360_647.jpg","name":"Аль Куинн","enName":"Al Quinn","profession":"актеры","enProfession":"actor"},{"id":41403,"photo":"https://st.kp.yandex.net/images/actor_iphone/iphone360_41403.jpg","name":"Марси Савитч","enName":"Marci Savitch","profession":"актеры","enProfession":"actor"},{"id":41404,"photo":"https://st.kp.yandex.net/images/actor_iphone/iphone360_41404.jpg","name":"Этан С. Смит","enName":"Ethan S. Smith","profession":"актеры","enProfession":"actor"},{"id":39238,"photo":"https://st.kp.yandex.net/images/actor_iphone/iphone360_39238.jpg","name":"Хлоя Зонненфельд","enName":"Chloe Sonnenfeld","profession":"актеры","enProfession":"actor"},{"id":542462,"photo":"https://st.kp.yandex.net/images/actor_iphone/iphone360_542462.jpg","name":"Джеймс Ньютон Ховард","enName":"James Newton Howard","profession":"композиторы","enProfession":"composer"},{"id":1993733,"photo":"https://st.kp.yandex.net/images/actor_iphone/iphone360_1993733.jpg","name":"Гаррет Стоувер","enName":"Garreth Stover","profession":"художники","enProfession":"designer"},{"id":2000061,"photo":"https://st.kp.yandex.net/images/actor_iphone/iphone360_2000061.jpg","name":"Дж. Марк Хэррингтон","enName":"J. Mark Harrington","profession":"художники","enProfession":"designer"},{"id":1529346,"photo":"https://st.kp.yandex.net/images/actor_iphone/iphone360_1529346.jpg","name":"Мэри Е. Вогт","enName":"Mary E. Vogt","profession":"художники","enProfession":"designer"},{"id":1359963,"photo":"https://st.kp.yandex.net/images/actor_iphone/iphone360_1359963.jpg","name":"Синди Карр","enName":"Cindy Carr","profession":"художники","enProfession":"designer"},{"id":8621,"photo":"https://st.kp.yandex.net/images/actor_iphone/iphone360_8621.jpg","name":"Барри Зонненфельд","enName":"Barry Sonnenfeld","profession":"режиссеры","enProfession":"director"},{"id":1988032,"photo":"https://st.kp.yandex.net/images/actor_iphone/iphone360_1988032.jpg","name":"Стивен Вайсберг","enName":"Steven Weisberg","profession":"монтажеры","enProfession":"editor"},{"id":610155,"photo":"https://st.kp.yandex.net/images/actor_iphone/iphone360_610155.jpg","name":"Грег Гардинер","enName":"Greg Gardiner","profession":"операторы","enProfession":"operator"},{"id":8015,"photo":"https://st.kp.yandex.net/images/actor_iphone/iphone360_8015.jpg","name":"Том Джейкобсон","enName":"Tom Jacobson","profession":"продюсеры","enProfession":"producer"},{"id":8618,"photo":"https://st.kp.yandex.net/images/actor_iphone/iphone360_8618.jpg","name":"Барри Джозефсон","enName":"Barry Josephson","profession":"продюсеры","enProfession":"producer"},{"id":8621,"photo":"https://st.kp.yandex.net/images/actor_iphone/iphone360_8621.jpg","name":"Барри Зонненфельд","enName":"Barry Sonnenfeld","profession":"продюсеры","enProfession":"producer"},{"id":24730,"photo":"https://st.kp.yandex.net/images/actor_iphone/iphone360_24730.jpg","name":"Грэм Плейс","enName":"Graham Place","profession":"продюсеры","enProfession":"producer"},{"id":27868,"photo":"https://st.kp.yandex.net/images/actor_iphone/iphone360_27868.jpg","name":"Роберт Рэмси","enName":"Robert Ramsey","profession":"редакторы","enProfession":"writer"},{"id":27869,"photo":"https://st.kp.yandex.net/images/actor_iphone/iphone360_27869.jpg","name":"Мэтью Стоун","enName":"Matthew Stone","profession":"редакторы","enProfession":"writer"},{"id":41385,"photo":"https://st.kp.yandex.net/images/actor_iphone/iphone360_41385.jpg","name":"Дэйв Барри","enName":"Dave Barry","profession":"редакторы","enProfession":"writer"}],"productionCompanies":[],"typeNumber":1,"alternativeName":"Big Trouble","enName":null,"names":[{"name":"Большие неприятности"},{"name":"Big Trouble"}],"ageRating":16,"movieLength":85,"ratingMpaa":"pg13","shortDescription":null,"similarMovies":[{"id":526,"name":"Большой куш","enName":null,"alternativeName":"Snatch","type":"movie","poster":{"url":"https://avatars.mds.yandex.net/get-kinopoisk-image/4303601/47fe48f6-ff17-4411-a12f-d337bea2639d/orig","previewUrl":"https://avatars.mds.yandex.net/get-kinopoisk-image/4303601/47fe48f6-ff17-4411-a12f-d337bea2639d/x1000"}},{"id":1571,"name":"Совершенно чокнутый","enName":null,"alternativeName":"Mixed Nuts","type":"movie","poster":{"url":"https://avatars.mds.yandex.net/get-kinopoisk-image/1599028/71245736-20d7-4b64-a439-c764fdc8da88/orig","previewUrl":"https://avatars.mds.yandex.net/get-kinopoisk-image/1599028/71245736-20d7-4b64-a439-c764fdc8da88/x1000"}}],"sequelsAndPrequels":[],"backdrop":{"url":"https://avatars.mds.yandex.net/get-ott/374297/2a00000177b437345df22715ae12f44bb3c9/orig","previewUrl":"https://avatars.mds.yandex.net/get-ott/374297/2a00000177b437345df22715ae12f44bb3c9/x1000"},"logo":{"url":"https://avatars.mds.yandex.net/get-ott/224348/2a00000177b436cefc8a59a7d1c5f7ca7453/orig"},"watchability":{"items":null},"top10":null,"top250":null,"status":null}