{"videos":{"trailers":[{"url":"https://widgets.kinopoisk.ru/discovery/trailer/9065?onlyPlayer=1&autoplay=1&cover=1","name":"Трейлер","site":"kinopoisk_widget"},{"url":"https://widgets.kinopoisk.ru/discovery/trailer/15821?onlyPlayer=1&autoplay=1&cover=1","name":"Трейлер (дублированный)","site":"kinopoisk_widget"},{"url":"https://www.youtube.com/embed/QZsi-SQmljI","name":"Birthday Girl (2001) Official Trailer #1 - Nicole Kidman Movie","site":"youtube","type":"TRAILER"}],"teasers":[]},"fees":{"world":{"value":16171098,"currency":"$"},"usa":{"value":5142576,"currency":"$"}},"id":611,"type":"movie","externalId":{"kpHD":"469b8923caf8a416b6206bc562d30907","imdb":"tt0188453","tmdb":2084},"name":"Именинница","rating":{"kp":6.127,"imdb":6,"filmCritics":5.7,"russianFilmCritics":0,"await":0},"description":"Застенчивый банковский служащий решился на отчаянный шаг: выписал невесту с интернет-сайта «Из России с любовью». И вскоре в лондонском аэропорту он уже встречает свою загадочную Надю.\n\nОна не говорит по-английски, не выпускает сигарету изо рта и согласна выйти за него замуж. Но слишком многое в ней смущает Джона. К тому же, по хорошей русской традиции, на день рождения Нади неожиданно заваливаются в гости два её «братца».","votes":{"kp":6320,"imdb":25875,"filmCritics":122,"russianFilmCritics":1,"await":0},"premiere":{"country":"Италия","world":"2001-09-06T00:00:00.000Z","russia":"2002-04-04T00:00:00.000Z","cinema":"2002-04-04T00:00:00.000Z","dvd":"2002-08-13T00:00:00.000Z"},"slogan":"Before They Share A Future, They Have To Survive Her Past.","year":2001,"budget":{"value":13000000,"currency":"$"},"poster":{"url":"https://st.kp.yandex.net/images/film_big/611.jpg","previewUrl":"https://st.kp.yandex.net/images/film_iphone/iphone360_611.jpg"},"facts":[{"value":"<a href=\"/name/20303/\" class=\"all\">Николь Кидман</a> обращалась в посольство РФ в Австралии за помощью в освоении языка. На съёмках с ней работала служащая российского посольства.","type":"FACT","spoiler":false},{"value":"Съёмки начались в мае 1999 года, но прервались уже в июле того же года. Впоследствии съёмки снова прерывались, когда <a href=\"/name/20303/\" class=\"all\">Николь Киндман</a> сломала ребро.","type":"FACT","spoiler":false}],"genres":[{"name":"триллер"},{"name":"комедия"},{"name":"криминал"}],"countries":[{"name":"Великобритания"},{"name":"США"}],"seasonsInfo":[],"persons":[{"id":20303,"photo":"https://st.kp.yandex.net/images/actor_iphone/iphone360_20303.jpg","name":"Николь Кидман","enName":"Nicole Kidman","profession":"актеры","enProfession":"actor"},{"id":9330,"photo":"https://st.kp.yandex.net/images/actor_iphone/iphone360_9330.jpg","name":"Бен Чаплин","enName":"Ben Chaplin","profession":"актеры","enProfession":"actor"},{"id":11506,"photo":"https://st.kp.yandex.net/images/actor_iphone/iphone360_11506.jpg","name":"Венсан Кассель","enName":"Vincent Cassel","profession":"актеры","enProfession":"actor"},{"id":434,"photo":"https://st.kp.yandex.net/images/actor_iphone/iphone360_434.jpg","name":"Матьё Кассовиц","enName":"Mathieu Kassovitz","profession":"актеры","enProfession":"actor"},{"id":15603,"photo":"https://st.kp.yandex.net/images/actor_iphone/iphone360_15603.jpg","name":"Кейт Линн Эванс","enName":"Kate Lynn Evans","profession":"актеры","enProfession":"actor"},{"id":10366,"photo":"https://st.kp.yandex.net/images/actor_iphone/iphone360_10366.jpg","name":"Стивен Мэнгэн","enName":"Stephen Mangan","profession":"актеры","enProfession":"actor"},{"id":22378,"photo":"https://st.kp.yandex.net/images/actor_iphone/iphone360_22378.jpg","name":"Александр Армстронг","enName":"Alexander Armstrong","profession":"актеры","enProfession":"actor"},{"id":14495,"photo":"https://st.kp.yandex.net/images/actor_iphone/iphone360_14495.jpg","name":"Сэлли Филлипс","enName":"Sally Phillips","profession":"актеры","enProfession":"actor"},{"id":5037,"photo":"https://st.kp.yandex.net/images/actor_iphone/iphone360_5037.jpg","name":"Джо МакИннесс","enName":"Jo McInnes","profession":"актеры","enProfession":"actor"},{"id":22379,"photo":"https://st.kp.yandex.net/images/actor_iphone/iphone360_22379.jpg","name":"Бен Миллер","enName":"Ben Miller","profession":"актеры","enProfession":"actor"},{"id":41332,"photo":"https://st.kp.yandex.net/images/actor_iphone/iphone360_41332.jpg","name":"Джонатан Арис","enName":"Jonathan Aris","profession":"актеры","enProfession":"actor"},{"id":50869,"photo":"https://st.kp.yandex.net/images/actor_iphone/iphone360_50869.jpg","name":"Катя Бартон-Чэппл","enName":"Katya Barton-Chapple","profession":"актеры","enProfession":"actor"},{"id":50870,"photo":"https://st.kp.yandex.net/images/actor_iphone/iphone360_50870.jpg","name":"Ребекка Кларк","enName":"Rebecca Norton","profession":"актеры","enProfession":"actor"},{"id":50871,"photo":"https://st.kp.yandex.net/images/actor_iphone/iphone360_50871.jpg","name":"Марк Гэтисс","enName":"Mark Gatiss","profession":"актеры","enProfession":"actor"},{"id":50872,"photo":"https://st.kp.yandex.net/images/actor_iphone/iphone360_50872.jpg","name":"Радж Гатак","enName":"Raj Ghatak","profession":"актеры","enProfession":"actor"},{"id":50873,"photo":"https://st.kp.yandex.net/images/actor_iphone/iphone360_50873.jpg","name":"Дэвид Марк","enName":"David Mark","profession":"актеры","enProfession":"actor"},{"id":50874,"photo":"https://st.kp.yandex.net/images/actor_iphone/iphone360_50874.jpg","name":"Стив Пембертон","enName":"Steve Pemberton","profession":"актеры","enProfession":"actor"},{"id":14381,"photo":"https://st.kp.yandex.net/images/actor_iphone/iphone360_14381.jpg","name":"Джек Пирс","enName":"Jack Pierce","profession":"актеры","enProfession":"actor"},{"id":50875,"photo":"https://st.kp.yandex.net/images/actor_iphone/iphone360_50875.jpg","name":"Рис Шерсмит","enName":"Reece Shearsmith","profession":"актеры","enProfession":"actor"},{"id":43262,"photo":"https://st.kp.yandex.net/images/actor_iphone/iphone360_43262.jpg","name":"Алан Стокс","enName":"Alan Stocks","profession":"актеры","enProfession":"actor"},{"id":50876,"photo":"https://st.kp.yandex.net/images/actor_iphone/iphone360_50876.jpg","name":"Дж.Дж. Тоба","enName":"J.J. Toba","profession":"актеры","enProfession":"actor"},{"id":1572722,"photo":"https://st.kp.yandex.net/images/actor_iphone/iphone360_1572722.jpg","name":"Джейсон Каннинг","enName":"Jason Anthony","profession":"актеры","enProfession":"actor"},{"id":1072226,"photo":"https://st.kp.yandex.net/images/actor_iphone/iphone360_1072226.jpg","name":"Дэвид Джоблинг","enName":"David Jobling","profession":"актеры","enProfession":"actor"},{"id":4160696,"photo":"https://st.kp.yandex.net/images/actor_iphone/iphone360_4160696.jpg","name":"Дэн Тесла","enName":"Danny Tesla","profession":"актеры","enProfession":"actor"},{"id":610158,"photo":"https://st.kp.yandex.net/images/actor_iphone/iphone360_610158.jpg","name":"Стивен Уорбек","enName":"Stephen Warbeck","profession":"композиторы","enProfession":"composer"},{"id":1986990,"photo":"https://st.kp.yandex.net/images/actor_iphone/iphone360_1986990.jpg","name":"Хуго Луцык-Выховский","enName":"Hugo Luczyc-Wyhowski","profession":"художники","enProfession":"designer"},{"id":2004976,"photo":"https://st.kp.yandex.net/images/actor_iphone/iphone360_2004976.jpg","name":"Ребекка Холмс","enName":"Rebecca Holmes","profession":"художники","enProfession":"designer"},{"id":1998589,"photo":"https://st.kp.yandex.net/images/actor_iphone/iphone360_1998589.jpg","name":"Дайэнн Уэджон","enName":"Diann Wajon","profession":"художники","enProfession":"designer"},{"id":1988251,"photo":"https://st.kp.yandex.net/images/actor_iphone/iphone360_1988251.jpg","name":"Фиби Де Гайе","enName":"Phoebe De Gaye","profession":"художники","enProfession":"designer"},{"id":2004977,"photo":"https://st.kp.yandex.net/images/actor_iphone/iphone360_2004977.jpg","name":"Верити Робертс","enName":"Verity Roberts","profession":"художники","enProfession":"designer"},{"id":234846,"photo":"https://st.kp.yandex.net/images/actor_iphone/iphone360_234846.jpg","name":"Линда Уилсон","enName":"Linda Wilson","profession":"художники","enProfession":"designer"},{"id":50867,"photo":"https://st.kp.yandex.net/images/actor_iphone/iphone360_50867.jpg","name":"Джез Баттеруорт","enName":"Jez Butterworth","profession":"режиссеры","enProfession":"director"},{"id":1997333,"photo":"https://st.kp.yandex.net/images/actor_iphone/iphone360_1997333.jpg","name":"Кристофер Теллефсен","enName":"Christopher Tellefsen","profession":"монтажеры","enProfession":"editor"},{"id":610161,"photo":"https://st.kp.yandex.net/images/actor_iphone/iphone360_610161.jpg","name":"Оливер Степлтон","enName":"Oliver Stapleton","profession":"операторы","enProfession":"operator"},{"id":24259,"photo":"https://st.kp.yandex.net/images/actor_iphone/iphone360_24259.jpg","name":"Эрик Абрахам","enName":"Eric Abraham","profession":"продюсеры","enProfession":"producer"},{"id":24260,"photo":"https://st.kp.yandex.net/images/actor_iphone/iphone360_24260.jpg","name":"Стив Баттеруорт","enName":"Steve Butterworth","profession":"продюсеры","enProfession":"producer"},{"id":50877,"photo":"https://st.kp.yandex.net/images/actor_iphone/iphone360_50877.jpg","name":"Диана Филлипс","enName":"Diana Phillips","profession":"продюсеры","enProfession":"producer"},{"id":238,"photo":"https://st.kp.yandex.net/images/actor_iphone/iphone360_238.jpg","name":"Джули Голдштейн","enName":"Julie Goldstein","profession":"продюсеры","enProfession":"producer"},{"id":910775,"photo":"https://st.kp.yandex.net/images/actor_iphone/iphone360_910775.jpg","name":"Алёна Ивченко","enName":null,"profession":"актеры дубляжа","enProfession":"voice_actor"},{"id":1040432,"photo":"https://st.kp.yandex.net/images/actor_iphone/iphone360_1040432.jpg","name":"Денис Беспалый","enName":null,"profession":"актеры дубляжа","enProfession":"voice_actor"},{"id":277027,"photo":"https://st.kp.yandex.net/images/actor_iphone/iphone360_277027.jpg","name":"Андрей Градов","enName":null,"profession":"актеры дубляжа","enProfession":"voice_actor"},{"id":1616407,"photo":"https://st.kp.yandex.net/images/actor_iphone/iphone360_1616407.jpg","name":"Всеволод Кузнецов","enName":null,"profession":"актеры дубляжа","enProfession":"voice_actor"},{"id":290512,"photo":"https://st.kp.yandex.net/images/actor_iphone/iphone360_290512.jpg","name":"Ольга Сирина","enName":null,"profession":"актеры дубляжа","enProfession":"voice_actor"},{"id":310535,"photo":"https://st.kp.yandex.net/images/actor_iphone/iphone360_310535.jpg","name":"Олег Куценко","enName":null,"profession":"актеры дубляжа","enProfession":"voice_actor"},{"id":1078857,"photo":"https://st.kp.yandex.net/images/actor_iphone/iphone360_1078857.jpg","name":"Алексей Колган","enName":null,"profession":"актеры дубляжа","enProfession":"voice_actor"},{"id":50868,"photo":"https://st.kp.yandex.net/images/actor_iphone/iphone360_50868.jpg","name":"Том Баттеруорт","enName":"Tom Butterworth","profession":"редакторы","enProfession":"writer"},{"id":50867,"photo":"https://st.kp.yandex.net/images/actor_iphone/iphone360_50867.jpg","name":"Джез Баттеруорт","enName":"Jez Butterworth","profession":"редакторы","enProfession":"writer"}],"productionCompanies":[{"name":"HAL Films","url":null,"previewUrl":null},{"name":"Mirage Enterprises","url":null,"previewUrl":null},{"name":"Film4 Productions","url":"https://www.themoviedb.org/t/p/original/e8EXNSfwr5E9d3TR8dHKbQnQK4W.png","previewUrl":"https://www.themoviedb.org/t/p/w500/e8EXNSfwr5E9d3TR8dHKbQnQK4W.png"}],"typeNumber":1,"alternativeName":"Birthday Girl","backdrop":{"url":"https://avatars.mds.yandex.net/get-ott/224348/2a00000173dd8aa82526c5f94f8ffe422ff0/orig","previewUrl":"https://avatars.mds.yandex.net/get-ott/224348/2a00000173dd8aa82526c5f94f8ffe422ff0/x1000"},"enName":null,"movieLength":89,"names":[{"name":"Именинница"},{"name":"Birthday Girl"}],"status":null,"ageRating":18,"ratingMpaa":"r","similarMovies":[{"id":81516,"name":"Цена измены","enName":null,"alternativeName":"Derailed","type":"movie","poster":{"url":"https://avatars.mds.yandex.net/get-kinopoisk-image/6201401/301c0342-b2d2-4770-828d-302538019538/orig","previewUrl":"https://avatars.mds.yandex.net/get-kinopoisk-image/6201401/301c0342-b2d2-4770-828d-302538019538/x1000"}},{"id":258275,"name":"Список контактов","enName":null,"alternativeName":"Deception","type":"movie","poster":{"url":"https://avatars.mds.yandex.net/get-kinopoisk-image/1946459/ecdd0882-1621-48ce-aae7-8645115ec3a6/orig","previewUrl":"https://avatars.mds.yandex.net/get-kinopoisk-image/1946459/ecdd0882-1621-48ce-aae7-8645115ec3a6/x1000"}},{"id":463351,"name":"Опасная иллюзия","enName":null,"alternativeName":"The Necessary Death of Charlie Countryman","type":"movie","poster":{"url":"https://avatars.mds.yandex.net/get-kinopoisk-image/6201401/4b155f65-b7ed-4685-8082-b70d13f22da5/orig","previewUrl":"https://avatars.mds.yandex.net/get-kinopoisk-image/6201401/4b155f65-b7ed-4685-8082-b70d13f22da5/x1000"}},{"id":17663,"name":"Соблазн","enName":null,"alternativeName":"Original Sin","type":"movie","poster":{"url":"https://avatars.mds.yandex.net/get-kinopoisk-image/1777765/0b860a00-5914-4bc8-9b76-3a9dad453b30/orig","previewUrl":"https://avatars.mds.yandex.net/get-kinopoisk-image/1777765/0b860a00-5914-4bc8-9b76-3a9dad453b30/x1000"}}],"imagesInfo":{"framesCount":36},"shortDescription":"Тихий клерк грабит собственный банк ради невесты из России. Комедийный триллер с обворожительной Николь Кидман","sequelsAndPrequels":[],"logo":{"url":"https://avatars.mds.yandex.net/get-ott/2419418/2a00000173dd8ad5fe499c8d31ee9def9a07/orig"},"watchability":{"items":null},"top10":null,"top250":null}