{"videos":{"trailers":[{"url":"https://widgets.kinopoisk.ru/discovery/trailer/86150?onlyPlayer=1&autoplay=1&cover=1","name":"Неудачные дубли","site":"kinopoisk_widget"},{"url":"https://widgets.kinopoisk.ru/discovery/trailer/336?onlyPlayer=1&autoplay=1&cover=1","name":"Трейлер №2","site":"kinopoisk_widget"},{"url":"https://widgets.kinopoisk.ru/discovery/trailer/86149?onlyPlayer=1&autoplay=1&cover=1","name":"Музыкальный клип","site":"kinopoisk_widget"},{"url":"https://widgets.kinopoisk.ru/discovery/trailer/340?onlyPlayer=1&autoplay=1&cover=1","name":"Трейлер","site":"kinopoisk_widget"},{"url":"https://www.youtube.com/embed/abC4ifXqnMM","name":"2000: Bounce Trailer HQ","site":"youtube","type":"TRAILER"}],"teasers":[]},"fees":{"world":{"value":53425292,"currency":"$"},"usa":{"value":36805288,"currency":"$"}},"status":null,"externalId":{"kpHD":"43f4e61a4887e45ba8e757d1fd153ae9","imdb":"tt0186894","tmdb":10862},"rating":{"kp":6.992,"imdb":5.8,"filmCritics":5.6,"russianFilmCritics":0,"await":0},"votes":{"kp":13904,"imdb":21208,"filmCritics":108,"russianFilmCritics":0,"await":0},"backdrop":{"url":"https://avatars.mds.yandex.net/get-ott/1672343/2a00000173299279fb88489f77a0332896c0/orig","previewUrl":"https://avatars.mds.yandex.net/get-ott/1672343/2a00000173299279fb88489f77a0332896c0/x1000"},"movieLength":106,"productionCompanies":[{"name":"Miramax","url":"https://www.themoviedb.org/t/p/original/m6AHu84oZQxvq7n1rsvMNJIAsMu.png","previewUrl":"https://www.themoviedb.org/t/p/w500/m6AHu84oZQxvq7n1rsvMNJIAsMu.png"}],"id":618,"type":"movie","name":"Чужой билет","description":"В канун Рождества неисправимый ловелас Бадди Эмарал, подцепив в аэропорту красотку, уступает свой авиабилет мужчине, спешащему домой к семье. И этот самолет разбивается. Проходит время, и Бадди решает поехать к вдове погибшего, чтобы как-то помочь ей.\n\nОн хочет загладить свою вину, но, познакомившись с Эбби и её детьми, впервые влюбляется по-настоящему. И теперь не знает, как рассказать ей, что он и есть тот, кто должен был лететь в злосчастном самолёте.","premiere":{"country":"Италия","world":"2000-11-17T00:00:00.000Z","russia":"2001-01-18T00:00:00.000Z","cinema":"2001-01-18T00:00:00.000Z","dvd":"2013-11-14T00:00:00.000Z"},"slogan":"This October, fall in love with fate.","year":2000,"budget":{"value":35000000,"currency":"$"},"poster":{"url":"https://st.kp.yandex.net/images/film_big/618.jpg","previewUrl":"https://st.kp.yandex.net/images/film_iphone/iphone360_618.jpg"},"facts":[{"value":"Перевод оригинального названия — &laquo;Подпрыгивание при посадке&raquo;.","type":"FACT","spoiler":false},{"value":"Поначалу предполагалось, что это будет мрачная драма, но после тестовых просмотров автор сценария и режиссёр <a href=\"/name/3854/\" class=\"all\">Дон Рус</a> решил трансформировать фильм в романтическую комедию.","type":"FACT","spoiler":false},{"value":"К моменту начала съёмок <a href=\"/name/10620/\" class=\"all\">Бен Аффлек</a> и <a href=\"/name/3181/\" class=\"all\">Гвинет Пэлтроу</a> уже расстались, но она считала, что ему всё равно надо в этом фильме сняться, потому что подобных ролей он ещё никогда не играл.","type":"FACT","spoiler":false}],"genres":[{"name":"драма"},{"name":"мелодрама"}],"countries":[{"name":"США"}],"seasonsInfo":[],"persons":[{"id":10620,"photo":"https://st.kp.yandex.net/images/actor_iphone/iphone360_10620.jpg","name":"Бен Аффлек","enName":"Ben Affleck","profession":"актеры","enProfession":"actor"},{"id":3181,"photo":"https://st.kp.yandex.net/images/actor_iphone/iphone360_3181.jpg","name":"Гвинет Пэлтроу","enName":"Gwyneth Paltrow","profession":"актеры","enProfession":"actor"},{"id":4432,"photo":"https://st.kp.yandex.net/images/actor_iphone/iphone360_4432.jpg","name":"Наташа Хенстридж","enName":"Natasha Henstridge","profession":"актеры","enProfession":"actor"},{"id":523,"photo":"https://st.kp.yandex.net/images/actor_iphone/iphone360_523.jpg","name":"Джо Мортон","enName":"Joe Morton","profession":"актеры","enProfession":"actor"},{"id":3905,"photo":"https://st.kp.yandex.net/images/actor_iphone/iphone360_3905.jpg","name":"Тони Голдуин","enName":"Tony Goldwyn","profession":"актеры","enProfession":"actor"},{"id":6465,"photo":"https://st.kp.yandex.net/images/actor_iphone/iphone360_6465.jpg","name":"Алекс Д. Линц","enName":"Alex D. Linz","profession":"актеры","enProfession":"actor"},{"id":13258,"photo":"https://st.kp.yandex.net/images/actor_iphone/iphone360_13258.jpg","name":"Джонни Галэки","enName":"Johnny Galecki","profession":"актеры","enProfession":"actor"},{"id":2410,"photo":"https://st.kp.yandex.net/images/actor_iphone/iphone360_2410.jpg","name":"Дженнифер Грей","enName":"Jennifer Grey","profession":"актеры","enProfession":"actor"},{"id":54721,"photo":"https://st.kp.yandex.net/images/actor_iphone/iphone360_54721.jpg","name":"Эдвард Эдвардс","enName":"Edward Edwards","profession":"актеры","enProfession":"actor"},{"id":54722,"photo":"https://st.kp.yandex.net/images/actor_iphone/iphone360_54722.jpg","name":"Лиза Карпентер-Прюитт","enName":"Lisa Carpenter-Prewitt","profession":"актеры","enProfession":"actor"},{"id":32037,"photo":"https://st.kp.yandex.net/images/actor_iphone/iphone360_32037.jpg","name":"Лиза Джойнер","enName":"Lisa Joyner","profession":"актеры","enProfession":"actor"},{"id":37202,"photo":"https://st.kp.yandex.net/images/actor_iphone/iphone360_37202.jpg","name":"Ричард Сэкстон","enName":"Richard Saxton","profession":"актеры","enProfession":"actor"},{"id":1893,"photo":"https://st.kp.yandex.net/images/actor_iphone/iphone360_1893.jpg","name":"Кэролайн Аарон","enName":"Caroline Aaron","profession":"актеры","enProfession":"actor"},{"id":11364,"photo":"https://st.kp.yandex.net/images/actor_iphone/iphone360_11364.jpg","name":"Дэвид Дорфман","enName":"David Dorfman","profession":"актеры","enProfession":"actor"},{"id":54723,"photo":"https://st.kp.yandex.net/images/actor_iphone/iphone360_54723.jpg","name":"Хуан Гарсия","enName":"Juan Garcia","profession":"актеры","enProfession":"actor"},{"id":54724,"photo":"https://st.kp.yandex.net/images/actor_iphone/iphone360_54724.jpg","name":"Мэри Эллен Лион","enName":"Mary Ellen Lyon","profession":"актеры","enProfession":"actor"},{"id":3844,"photo":"https://st.kp.yandex.net/images/actor_iphone/iphone360_3844.jpg","name":"Теа Манн","enName":"Thea Mann","profession":"актеры","enProfession":"actor"},{"id":312,"photo":"https://st.kp.yandex.net/images/actor_iphone/iphone360_312.jpg","name":"Мэттью Фрауман","enName":"Matthew Frauman","profession":"актеры","enProfession":"actor"},{"id":23526,"photo":"https://st.kp.yandex.net/images/actor_iphone/iphone360_23526.jpg","name":"Сэм Робардс","enName":"Sam Robards","profession":"актеры","enProfession":"actor"},{"id":54725,"photo":"https://st.kp.yandex.net/images/actor_iphone/iphone360_54725.jpg","name":"Ти Мерфи","enName":"Ty Murphy","profession":"актеры","enProfession":"actor"},{"id":9915,"photo":"https://st.kp.yandex.net/images/actor_iphone/iphone360_9915.jpg","name":"Дэвид МакЧарен","enName":"David McCharen","profession":"актеры","enProfession":"actor"},{"id":54726,"photo":"https://st.kp.yandex.net/images/actor_iphone/iphone360_54726.jpg","name":"Джулианна Кристи","enName":"Julianne Christie","profession":"актеры","enProfession":"actor"},{"id":22630,"photo":"https://st.kp.yandex.net/images/actor_iphone/iphone360_22630.jpg","name":"Джефф Гарлин","enName":"Jeff Garlin","profession":"актеры","enProfession":"actor"},{"id":3846,"photo":"https://st.kp.yandex.net/images/actor_iphone/iphone360_3846.jpg","name":"Николь Токантинс","enName":"Nicole Tocantins","profession":"актеры","enProfession":"actor"},{"id":54727,"photo":"https://st.kp.yandex.net/images/actor_iphone/iphone360_54727.jpg","name":"Эшли Монтгомери","enName":"Ashley Montgomery","profession":"актеры","enProfession":"actor"},{"id":39612,"photo":"https://st.kp.yandex.net/images/actor_iphone/iphone360_39612.jpg","name":"Эрик Од","enName":"Erik Aude","profession":"актеры","enProfession":"actor"},{"id":7180,"photo":"https://st.kp.yandex.net/images/actor_iphone/iphone360_7180.jpg","name":"Скотт Алан Смит","enName":"Scott Alan Smith","profession":"актеры","enProfession":"actor"},{"id":54728,"photo":"https://st.kp.yandex.net/images/actor_iphone/iphone360_54728.jpg","name":"Марк Анкени","enName":"Mark Ankeny","profession":"актеры","enProfession":"actor"},{"id":54729,"photo":"https://st.kp.yandex.net/images/actor_iphone/iphone360_54729.jpg","name":"Джулия Кэмпбелл","enName":"Julia Campbell","profession":"актеры","enProfession":"actor"},{"id":54730,"photo":"https://st.kp.yandex.net/images/actor_iphone/iphone360_54730.jpg","name":"Майкл Ласкин","enName":"Michael Laskin","profession":"актеры","enProfession":"actor"},{"id":54731,"photo":"https://st.kp.yandex.net/images/actor_iphone/iphone360_54731.jpg","name":"Майкл Айала","enName":"Michael Ayala","profession":"актеры","enProfession":"actor"},{"id":23272,"photo":"https://st.kp.yandex.net/images/actor_iphone/iphone360_23272.jpg","name":"Дэвид Ст. Джеймс","enName":"David St. James","profession":"актеры","enProfession":"actor"},{"id":54732,"photo":"https://st.kp.yandex.net/images/actor_iphone/iphone360_54732.jpg","name":"Дон Амендолия","enName":"Don Amendolia","profession":"актеры","enProfession":"actor"},{"id":22297,"photo":"https://st.kp.yandex.net/images/actor_iphone/iphone360_22297.jpg","name":"Джон Левин","enName":"John Levin","profession":"актеры","enProfession":"actor"},{"id":35950,"photo":"https://st.kp.yandex.net/images/actor_iphone/iphone360_35950.jpg","name":"Крис Харрисон","enName":"Chris Harrison","profession":"актеры","enProfession":"actor"},{"id":1773686,"photo":"https://st.kp.yandex.net/images/actor_iphone/iphone360_1773686.jpg","name":"Майкл Ар Боуман","enName":"Michael R Bowman","profession":"актеры","enProfession":"actor"},{"id":2216604,"photo":"https://st.kp.yandex.net/images/actor_iphone/iphone360_2216604.jpg","name":"Дэн Браун","enName":"Dan Braun","profession":"актеры","enProfession":"actor"},{"id":690066,"photo":"https://st.kp.yandex.net/images/actor_iphone/iphone360_690066.jpg","name":"Лоуис Пьер Бруно","enName":null,"profession":"актеры","enProfession":"actor"},{"id":1425854,"photo":"https://st.kp.yandex.net/images/actor_iphone/iphone360_1425854.jpg","name":"Боб Каспер","enName":"Bob Casper","profession":"актеры","enProfession":"actor"},{"id":65383,"photo":"https://st.kp.yandex.net/images/actor_iphone/iphone360_65383.jpg","name":"Кэтерин Диск","enName":"Katherine Disque","profession":"актеры","enProfession":"actor"},{"id":23789,"photo":"https://st.kp.yandex.net/images/actor_iphone/iphone360_23789.jpg","name":"Джеффри М. Хоффман","enName":"Jeffrey M. Hoffman","profession":"актеры","enProfession":"actor"},{"id":47326,"photo":"https://st.kp.yandex.net/images/actor_iphone/iphone360_47326.jpg","name":"Кимберли Кейтс","enName":"Kimberley Kates","profession":"актеры","enProfession":"actor"},{"id":1650624,"photo":"https://st.kp.yandex.net/images/actor_iphone/iphone360_1650624.jpg","name":"Майк МакИнтош","enName":"Mike McIntosh","profession":"актеры","enProfession":"actor"},{"id":2131480,"photo":"https://st.kp.yandex.net/images/actor_iphone/iphone360_2131480.jpg","name":"Морин Мендоза","enName":"Maureen Mendoza","profession":"актеры","enProfession":"actor"},{"id":3559,"photo":"https://st.kp.yandex.net/images/actor_iphone/iphone360_3559.jpg","name":"Дэвид Пэймер","enName":"David Paymer","profession":"актеры","enProfession":"actor"},{"id":1641770,"photo":"https://st.kp.yandex.net/images/actor_iphone/iphone360_1641770.jpg","name":"Джош Шипли","enName":"Josh Shipley","profession":"актеры","enProfession":"actor"},{"id":666961,"photo":"https://st.kp.yandex.net/images/actor_iphone/iphone360_666961.jpg","name":"Аластер Сюрпрайс","enName":"Alastair Surprise","profession":"актеры","enProfession":"actor"},{"id":30357,"photo":"https://st.kp.yandex.net/images/actor_iphone/iphone360_30357.jpg","name":"Энди Умбергер","enName":"Andy Umberger","profession":"актеры","enProfession":"actor"},{"id":76348,"photo":"https://st.kp.yandex.net/images/actor_iphone/iphone360_76348.jpg","name":"Майкл Дэнна","enName":"Mychael Danna","profession":"композиторы","enProfession":"composer"},{"id":2344825,"photo":"https://st.kp.yandex.net/images/actor_iphone/iphone360_2344825.jpg","name":"Дин Лэндон","enName":"Dean Landon","profession":"композиторы","enProfession":"composer"},{"id":415503,"photo":"https://st.kp.yandex.net/images/actor_iphone/iphone360_415503.jpg","name":"Дэвид Уоско","enName":"David Wasco","profession":"художники","enProfession":"designer"},{"id":374980,"photo":"https://st.kp.yandex.net/images/actor_iphone/iphone360_374980.jpg","name":"Дэниэл Брэдфорд","enName":"Daniel Bradford","profession":"художники","enProfession":"designer"},{"id":1998227,"photo":"https://st.kp.yandex.net/images/actor_iphone/iphone360_1998227.jpg","name":"Питер Митчелл","enName":"Peter Mitchell","profession":"художники","enProfession":"designer"},{"id":1230982,"photo":"https://st.kp.yandex.net/images/actor_iphone/iphone360_1230982.jpg","name":"Сэнди Рейнольдс-Уоско","enName":"Sandy Reynolds-Wasco","profession":"художники","enProfession":"designer"},{"id":3854,"photo":"https://st.kp.yandex.net/images/actor_iphone/iphone360_3854.jpg","name":"Дон Рус","enName":"Don Roos","profession":"режиссеры","enProfession":"director"},{"id":1995793,"photo":"https://st.kp.yandex.net/images/actor_iphone/iphone360_1995793.jpg","name":"Дэвид Кодрон","enName":"David Codron","profession":"монтажеры","enProfession":"editor"},{"id":609477,"photo":"https://st.kp.yandex.net/images/actor_iphone/iphone360_609477.jpg","name":"Роберт Элсвит","enName":"Robert Elswit","profession":"операторы","enProfession":"operator"},{"id":38593,"photo":"https://st.kp.yandex.net/images/actor_iphone/iphone360_38593.jpg","name":"Майкл Бесман","enName":"Michael Besman","profession":"продюсеры","enProfession":"producer"},{"id":6784,"photo":"https://st.kp.yandex.net/images/actor_iphone/iphone360_6784.jpg","name":"Стив Голин","enName":"Steve Golin","profession":"продюсеры","enProfession":"producer"},{"id":6255,"photo":"https://st.kp.yandex.net/images/actor_iphone/iphone360_6255.jpg","name":"Алан С. Бломквист","enName":"Alan C. Blomquist","profession":"продюсеры","enProfession":"producer"},{"id":12309,"photo":"https://st.kp.yandex.net/images/actor_iphone/iphone360_12309.jpg","name":"Бобби Коэн","enName":"Bobby Cohen","profession":"продюсеры","enProfession":"producer"},{"id":277027,"photo":"https://st.kp.yandex.net/images/actor_iphone/iphone360_277027.jpg","name":"Андрей Градов","enName":null,"profession":"актеры дубляжа","enProfession":"voice_actor"},{"id":269650,"photo":"https://st.kp.yandex.net/images/actor_iphone/iphone360_269650.jpg","name":"Любовь Германова","enName":null,"profession":"актеры дубляжа","enProfession":"voice_actor"},{"id":1055690,"photo":"https://st.kp.yandex.net/images/actor_iphone/iphone360_1055690.jpg","name":"Марианна Шульц","enName":null,"profession":"актеры дубляжа","enProfession":"voice_actor"},{"id":310535,"photo":"https://st.kp.yandex.net/images/actor_iphone/iphone360_310535.jpg","name":"Олег Куценко","enName":null,"profession":"актеры дубляжа","enProfession":"voice_actor"},{"id":1649885,"photo":"https://st.kp.yandex.net/images/actor_iphone/iphone360_1649885.jpg","name":"Лариса Некипелова","enName":null,"profession":"актеры дубляжа","enProfession":"voice_actor"},{"id":1492686,"photo":"https://st.kp.yandex.net/images/actor_iphone/iphone360_1492686.jpg","name":"Андрей Ярославцев","enName":null,"profession":"актеры дубляжа","enProfession":"voice_actor"},{"id":330068,"photo":"https://st.kp.yandex.net/images/actor_iphone/iphone360_330068.jpg","name":"Светлана Старикова","enName":null,"profession":"актеры дубляжа","enProfession":"voice_actor"},{"id":284695,"photo":"https://st.kp.yandex.net/images/actor_iphone/iphone360_284695.jpg","name":"Наталья Казначеева","enName":null,"profession":"актеры дубляжа","enProfession":"voice_actor"},{"id":273180,"photo":"https://st.kp.yandex.net/images/actor_iphone/iphone360_273180.jpg","name":"Никита Прозоровский","enName":null,"profession":"актеры дубляжа","enProfession":"voice_actor"},{"id":284235,"photo":"https://st.kp.yandex.net/images/actor_iphone/iphone360_284235.jpg","name":"Дальвин Щербаков","enName":null,"profession":"актеры дубляжа","enProfession":"voice_actor"},{"id":3854,"photo":"https://st.kp.yandex.net/images/actor_iphone/iphone360_3854.jpg","name":"Дон Рус","enName":"Don Roos","profession":"редакторы","enProfession":"writer"}],"typeNumber":1,"alternativeName":"Bounce","enName":null,"names":[{"name":"Чужой билет"},{"name":"Bounce"}],"ageRating":16,"ratingMpaa":"pg13","similarMovies":[{"id":461784,"name":"Счастливчик","enName":null,"alternativeName":"The Lucky One","type":"movie","poster":{"url":"https://avatars.mds.yandex.net/get-kinopoisk-image/1629390/b094f73c-16de-4852-bdb0-8155c82bbf4b/orig","previewUrl":"https://avatars.mds.yandex.net/get-kinopoisk-image/1629390/b094f73c-16de-4852-bdb0-8155c82bbf4b/x1000"}},{"id":10473,"name":"Недопетая колыбельная","enName":null,"alternativeName":"Broken Lullaby","type":"movie","poster":{"url":"https://avatars.mds.yandex.net/get-kinopoisk-image/1946459/ee7d2b9b-f671-47e9-ab56-dd3e4892657f/orig","previewUrl":"https://avatars.mds.yandex.net/get-kinopoisk-image/1946459/ee7d2b9b-f671-47e9-ab56-dd3e4892657f/x1000"}},{"id":27024,"name":"Великолепная одержимость","enName":null,"alternativeName":"Magnificent Obsession","type":"movie","poster":{"url":"https://avatars.mds.yandex.net/get-kinopoisk-image/1946459/8c9b144e-1721-4d79-882d-150ad8916829/orig","previewUrl":"https://avatars.mds.yandex.net/get-kinopoisk-image/1946459/8c9b144e-1721-4d79-882d-150ad8916829/x1000"}},{"id":27819,"name":"Великолепная одержимость","enName":null,"alternativeName":"Magnificent Obsession","type":"movie","poster":{"url":"https://avatars.mds.yandex.net/get-kinopoisk-image/1599028/aa67d5c5-80cf-4f84-b432-01ddb199ee84/orig","previewUrl":"https://avatars.mds.yandex.net/get-kinopoisk-image/1599028/aa67d5c5-80cf-4f84-b432-01ddb199ee84/x1000"}}],"imagesInfo":{"framesCount":17},"shortDescription":"Сердцеед скрывает от возлюбленной горькую тайну. Чувственная мелодрама с Беном Аффлеком и Гвинет Пэлтроу","sequelsAndPrequels":[],"logo":{"url":"https://avatars.mds.yandex.net/get-ott/224348/2a0000017329925a74fd8acd83ebbac0f454/orig"},"watchability":{"items":null},"top10":null,"top250":null}