{"id":620,"countries":[{"name":"США"},{"name":"Канада"},{"name":"Германия"}],"facts":[{"value":"На международном Каннском кинофестивале зрители устроили фильму 13-минутную овацию.","type":"FACT","spoiler":false},{"value":"Картина не вписывалась в существующие номинации, так что получила специальный приз 55-го Каннского кинофестиваля.","type":"FACT","spoiler":false},{"value":"Интервью с Джеймсом Николсом вошло в окончательный вариант не полностью. В фильм не попали слова о том, как в день массового убийства сам он волею случая оказался в Литлтоне и как убийцы действовали не слишком успешно. Этот эпизод полностью показали на предварительном просмотре, чтобы оценить реакцию публики. Выяснилось, что большинство зрителей этим словам Николса просто отказались верить.","type":"FACT","spoiler":true}],"genres":[{"name":"документальный"},{"name":"драма"},{"name":"криминал"}],"names":[{"name":"Боулинг для Колумбины"},{"name":"Bowling for Columbine"}],"persons":[{"id":6483,"photo":"https://st.kp.yandex.net/images/actor_iphone/iphone360_6483.jpg","name":"Майкл Мур","enName":"Michael Moore","profession":"актеры","enProfession":"actor"},{"id":41246,"photo":"https://st.kp.yandex.net/images/actor_iphone/iphone360_41246.jpg","name":"Сальвадор Альенде","enName":"Salvador Allende","profession":"актеры","enProfession":"actor"},{"id":584958,"photo":"https://st.kp.yandex.net/images/actor_iphone/iphone360_584958.jpg","name":"Майк Брэдли","enName":"Mike Bradley","profession":"актеры","enProfession":"actor"},{"id":41248,"photo":"https://st.kp.yandex.net/images/actor_iphone/iphone360_41248.jpg","name":"Артур А. Буш","enName":"Arthur A. Busch","profession":"актеры","enProfession":"actor"},{"id":41253,"photo":"https://st.kp.yandex.net/images/actor_iphone/iphone360_41253.jpg","name":"Майкл Колдуэлл","enName":"Michael Caldwell","profession":"актеры","enProfession":"actor"},{"id":584959,"photo":"https://st.kp.yandex.net/images/actor_iphone/iphone360_584959.jpg","name":"Ричард Кастальдо","enName":"Richard Castaldo","profession":"актеры","enProfession":"actor"},{"id":27729,"photo":"https://st.kp.yandex.net/images/actor_iphone/iphone360_27729.jpg","name":"Дик Кларк","enName":"Dick Clark","profession":"актеры","enProfession":"actor"},{"id":584960,"photo":"https://st.kp.yandex.net/images/actor_iphone/iphone360_584960.jpg","name":"Стив Дэвис","enName":"Steve Davis","profession":"актеры","enProfession":"actor"},{"id":122976,"photo":"https://st.kp.yandex.net/images/actor_iphone/iphone360_122976.jpg","name":"Нго Динь Дьем","enName":"Ngo Dinh Diem","profession":"актеры","enProfession":"actor"},{"id":3210055,"photo":"https://st.kp.yandex.net/images/actor_iphone/iphone360_3210055.jpg","name":"Майк Эпштейн","enName":"Mike Epstein","profession":"актеры","enProfession":"actor"},{"id":584961,"photo":"https://st.kp.yandex.net/images/actor_iphone/iphone360_584961.jpg","name":"Джо Фармер","enName":"Joe Farmer","profession":"актеры","enProfession":"actor"},{"id":584962,"photo":"https://st.kp.yandex.net/images/actor_iphone/iphone360_584962.jpg","name":"Денни Феннел","enName":"Denny Fennell","profession":"актеры","enProfession":"actor"},{"id":41250,"photo":"https://st.kp.yandex.net/images/actor_iphone/iphone360_41250.jpg","name":"Бэрри Гласснер","enName":"Barry Glassner","profession":"актеры","enProfession":"actor"},{"id":1127174,"photo":"https://st.kp.yandex.net/images/actor_iphone/iphone360_1127174.jpg","name":"Ричард Херлан","enName":"Dick Herlan","profession":"актеры","enProfession":"actor"},{"id":3221,"photo":"https://st.kp.yandex.net/images/actor_iphone/iphone360_3221.jpg","name":"Чарлтон Хестон","enName":"Charlton Heston","profession":"актеры","enProfession":"actor"},{"id":584964,"photo":"https://st.kp.yandex.net/images/actor_iphone/iphone360_584964.jpg","name":"Джереми Хикс","enName":"Jeremy Hix","profession":"актеры","enProfession":"actor"},{"id":87111,"photo":"https://st.kp.yandex.net/images/actor_iphone/iphone360_87111.jpg","name":"Эрнест Ф. Холлингс","enName":"Ernest F. Hollings","profession":"актеры","enProfession":"actor"},{"id":41257,"photo":"https://st.kp.yandex.net/images/actor_iphone/iphone360_41257.jpg","name":"Джимми Хьюз","enName":"Jimmie Hughes","profession":"актеры","enProfession":"actor"},{"id":2879278,"photo":"https://st.kp.yandex.net/images/actor_iphone/iphone360_2879278.jpg","name":"Эмир Кувейта","enName":"Emir of Kuwait","profession":"актеры","enProfession":"actor"},{"id":563028,"photo":"https://st.kp.yandex.net/images/actor_iphone/iphone360_563028.jpg","name":"Аманда Ламант","enName":"Amanda Lamante","profession":"актеры","enProfession":"actor"},{"id":584966,"photo":"https://st.kp.yandex.net/images/actor_iphone/iphone360_584966.jpg","name":"Мэри Лоренц","enName":"Mary Lorenz","profession":"актеры","enProfession":"actor"},{"id":33506,"photo":"https://st.kp.yandex.net/images/actor_iphone/iphone360_33506.jpg","name":"Мэрилин Мэнсон","enName":"Marilyn Manson","profession":"актеры","enProfession":"actor"},{"id":1076338,"photo":"https://st.kp.yandex.net/images/actor_iphone/iphone360_1076338.jpg","name":"Даниэль Мозер","enName":"Daniel Mauser","profession":"актеры","enProfession":"actor"},{"id":41262,"photo":"https://st.kp.yandex.net/images/actor_iphone/iphone360_41262.jpg","name":"Том Мозер","enName":"Tom Mauser","profession":"актеры","enProfession":"actor"},{"id":584967,"photo":"https://st.kp.yandex.net/images/actor_iphone/iphone360_584967.jpg","name":"Ивэн МакКолам","enName":"Evan McCollum","profession":"актеры","enProfession":"actor"},{"id":584969,"photo":"https://st.kp.yandex.net/images/actor_iphone/iphone360_584969.jpg","name":"Кэри МакУильямс","enName":"Carey McWilliams","profession":"актеры","enProfession":"actor"},{"id":122975,"photo":"https://st.kp.yandex.net/images/actor_iphone/iphone360_122975.jpg","name":"Мохаммед Моссадех","enName":"Mohammed Mossadegh","profession":"актеры","enProfession":"actor"},{"id":41264,"photo":"https://st.kp.yandex.net/images/actor_iphone/iphone360_41264.jpg","name":"Джеймс Николс","enName":"James Nichols","profession":"актеры","enProfession":"actor"},{"id":584971,"photo":"https://st.kp.yandex.net/images/actor_iphone/iphone360_584971.jpg","name":"Терри Николс","enName":"Terry Nichols","profession":"актеры","enProfession":"actor"},{"id":41251,"photo":"https://st.kp.yandex.net/images/actor_iphone/iphone360_41251.jpg","name":"Мануэль Норьега","enName":"Manuel Noriega","profession":"актеры","enProfession":"actor"},{"id":584972,"photo":"https://st.kp.yandex.net/images/actor_iphone/iphone360_584972.jpg","name":"Тамарла Оуэнс","enName":"Tamarla Owens","profession":"актеры","enProfession":"actor"},{"id":41252,"photo":"https://st.kp.yandex.net/images/actor_iphone/iphone360_41252.jpg","name":"Шах Мохаммед Реза Пехлеви","enName":"Shah Mohammed Reza Pahlavi","profession":"актеры","enProfession":"actor"},{"id":26637,"photo":"https://st.kp.yandex.net/images/actor_iphone/iphone360_26637.jpg","name":"Трей Паркер","enName":"Trey Parker","profession":"актеры","enProfession":"actor"},{"id":41265,"photo":"https://st.kp.yandex.net/images/actor_iphone/iphone360_41265.jpg","name":"Роберт Дж. Пикелл","enName":"Robert J. Pickell","profession":"актеры","enProfession":"actor"},{"id":1606804,"photo":"https://st.kp.yandex.net/images/actor_iphone/iphone360_1606804.jpg","name":"Джеймс Рольф","enName":"James Rolfe","profession":"актеры","enProfession":"actor"},{"id":908290,"photo":"https://st.kp.yandex.net/images/actor_iphone/iphone360_908290.jpg","name":"Джефф Россен","enName":"Jeff Rossen","profession":"актеры","enProfession":"actor"},{"id":584973,"photo":"https://st.kp.yandex.net/images/actor_iphone/iphone360_584973.jpg","name":"Николь Шлиф","enName":"Nicole Schlief","profession":"актеры","enProfession":"actor"},{"id":736942,"photo":"https://st.kp.yandex.net/images/actor_iphone/iphone360_736942.jpg","name":"Дэвид Смит","enName":"David Smith","profession":"актеры","enProfession":"actor"},{"id":584974,"photo":"https://st.kp.yandex.net/images/actor_iphone/iphone360_584974.jpg","name":"Сьюзэн Смит","enName":"Susan Smith","profession":"актеры","enProfession":"actor"},{"id":26638,"photo":"https://st.kp.yandex.net/images/actor_iphone/iphone360_26638.jpg","name":"Мэтт Стоун","enName":"Matt Stone","profession":"актеры","enProfession":"actor"},{"id":584975,"photo":"https://st.kp.yandex.net/images/actor_iphone/iphone360_584975.jpg","name":"Марк Тейлор","enName":"Mark Taylor","profession":"актеры","enProfession":"actor"},{"id":4474502,"photo":"https://st.kp.yandex.net/images/actor_iphone/iphone360_4474502.jpg","name":null,"enName":"Damian W. Williams","profession":"актеры","enProfession":"actor"},{"id":584957,"photo":"https://st.kp.yandex.net/images/actor_iphone/iphone360_584957.jpg","name":"Хакобо Арбенс","enName":"Jacobo Árbenz","profession":"актеры","enProfession":"actor"},{"id":41247,"photo":"https://st.kp.yandex.net/images/actor_iphone/iphone360_41247.jpg","name":"Дениз Эймс","enName":"Denise Ames","profession":"актеры","enProfession":"actor"},{"id":234662,"photo":"https://st.kp.yandex.net/images/actor_iphone/iphone360_234662.jpg","name":"Джон Эшкрофт","enName":"John Ashcroft","profession":"актеры","enProfession":"actor"},{"id":28625,"photo":"https://st.kp.yandex.net/images/actor_iphone/iphone360_28625.jpg","name":"Эмма Бантон","enName":"Emma Bunton","profession":"актеры","enProfession":"actor"},{"id":41249,"photo":"https://st.kp.yandex.net/images/actor_iphone/iphone360_41249.jpg","name":"Дик Чейни","enName":"Dick Cheney","profession":"актеры","enProfession":"actor"},{"id":1816800,"photo":"https://st.kp.yandex.net/images/actor_iphone/iphone360_1816800.jpg","name":"Алин Кретьен","enName":"Aline Chrétien","profession":"актеры","enProfession":"actor"},{"id":241759,"photo":"https://st.kp.yandex.net/images/actor_iphone/iphone360_241759.jpg","name":"Жан Кретьен","enName":"Jean Chrétien","profession":"актеры","enProfession":"actor"},{"id":408896,"photo":"https://st.kp.yandex.net/images/actor_iphone/iphone360_408896.jpg","name":"Реджинальд Денни","enName":"Reginald Denny","profession":"актеры","enProfession":"actor"},{"id":567965,"photo":"https://st.kp.yandex.net/images/actor_iphone/iphone360_567965.jpg","name":"Байрон Дорган","enName":"Byron Dorgan","profession":"актеры","enProfession":"actor"},{"id":518346,"photo":"https://st.kp.yandex.net/images/actor_iphone/iphone360_518346.jpg","name":"Джефф Дусетт","enName":"Jeff Doucet","profession":"актеры","enProfession":"actor"},{"id":41255,"photo":"https://st.kp.yandex.net/images/actor_iphone/iphone360_41255.jpg","name":"Р. Бадд Двайер","enName":"R. Budd Dwyer","profession":"актеры","enProfession":"actor"},{"id":214169,"photo":"https://st.kp.yandex.net/images/actor_iphone/iphone360_214169.jpg","name":"Леон Эррол","enName":"Leon Errol","profession":"актеры","enProfession":"actor"},{"id":908289,"photo":"https://st.kp.yandex.net/images/actor_iphone/iphone360_908289.jpg","name":"Майк Фасоло","enName":"Mike Fasolo","profession":"актеры","enProfession":"actor"},{"id":1218032,"photo":"https://st.kp.yandex.net/images/actor_iphone/iphone360_1218032.jpg","name":"Сара Фергюсон","enName":"Sarah Ferguson","profession":"актеры","enProfession":"actor"},{"id":58462,"photo":"https://st.kp.yandex.net/images/actor_iphone/iphone360_58462.jpg","name":"Карла Галло","enName":"Carla Gallo","profession":"актеры","enProfession":"actor"},{"id":41256,"photo":"https://st.kp.yandex.net/images/actor_iphone/iphone360_41256.jpg","name":"Эрик Харрис","enName":"Eric Harris","profession":"актеры","enProfession":"actor"},{"id":466031,"photo":"https://st.kp.yandex.net/images/actor_iphone/iphone360_466031.jpg","name":"Роб Хюбель","enName":"Rob Huebel","profession":"актеры","enProfession":"actor"},{"id":642,"photo":"https://st.kp.yandex.net/images/actor_iphone/iphone360_642.jpg","name":"Брэндон Т. Джексон","enName":"Brandon T. Jackson","profession":"актеры","enProfession":"actor"},{"id":41259,"photo":"https://st.kp.yandex.net/images/actor_iphone/iphone360_41259.jpg","name":"Дэниэл В. Джонс","enName":"Daniel V. Jones","profession":"актеры","enProfession":"actor"},{"id":53760,"photo":"https://st.kp.yandex.net/images/actor_iphone/iphone360_53760.jpg","name":"Джон Керри","enName":"John Kerry","profession":"актеры","enProfession":"actor"},{"id":41260,"photo":"https://st.kp.yandex.net/images/actor_iphone/iphone360_41260.jpg","name":"Дилан Клиболд","enName":"Dylan Klebold","profession":"актеры","enProfession":"actor"},{"id":41261,"photo":"https://st.kp.yandex.net/images/actor_iphone/iphone360_41261.jpg","name":"Джо Либерман","enName":"Joe Lieberman","profession":"актеры","enProfession":"actor"},{"id":181426,"photo":"https://st.kp.yandex.net/images/actor_iphone/iphone360_181426.jpg","name":"Дэннис Морган","enName":"Dennis Morgan","profession":"актеры","enProfession":"actor"},{"id":41263,"photo":"https://st.kp.yandex.net/images/actor_iphone/iphone360_41263.jpg","name":"Харольд Мосс","enName":"Harold Moss","profession":"актеры","enProfession":"actor"},{"id":479643,"photo":"https://st.kp.yandex.net/images/actor_iphone/iphone360_479643.jpg","name":"Марица Мартин Муноз","enName":"Maritza Martin Munoz","profession":"актеры","enProfession":"actor"},{"id":109733,"photo":"https://st.kp.yandex.net/images/actor_iphone/iphone360_109733.jpg","name":"Оливер Норт","enName":"Oliver North","profession":"актеры","enProfession":"actor"},{"id":479644,"photo":"https://st.kp.yandex.net/images/actor_iphone/iphone360_479644.jpg","name":"Эмилио Нунез","enName":"Emilio Nunez","profession":"актеры","enProfession":"actor"},{"id":518347,"photo":"https://st.kp.yandex.net/images/actor_iphone/iphone360_518347.jpg","name":"Гари Плоше","enName":"Gary Plauche","profession":"актеры","enProfession":"actor"},{"id":924877,"photo":"https://st.kp.yandex.net/images/actor_iphone/iphone360_924877.jpg","name":"Принц Эндрю","enName":"Prince Andrew","profession":"актеры","enProfession":"actor"},{"id":277969,"photo":"https://st.kp.yandex.net/images/actor_iphone/iphone360_277969.jpg","name":"Король Карл III","enName":"King Charles III","profession":"актеры","enProfession":"actor"},{"id":15947,"photo":"https://st.kp.yandex.net/images/actor_iphone/iphone360_15947.jpg","name":"Пэт Робертсон","enName":"Pat Robertson","profession":"актеры","enProfession":"actor"},{"id":1793,"photo":"https://st.kp.yandex.net/images/actor_iphone/iphone360_1793.jpg","name":"Крис Рок","enName":"Chris Rock","profession":"актеры","enProfession":"actor"},{"id":567967,"photo":"https://st.kp.yandex.net/images/actor_iphone/iphone360_567967.jpg","name":"Дональд Рамсфельд","enName":"Donald Rumsfeld","profession":"актеры","enProfession":"actor"},{"id":2695475,"photo":"https://st.kp.yandex.net/images/actor_iphone/iphone360_2695475.jpg","name":"Джессика Савитч","enName":"Jessica Savitch","profession":"актеры","enProfession":"actor"},{"id":565173,"photo":"https://st.kp.yandex.net/images/actor_iphone/iphone360_565173.jpg","name":"Джефф Гиббс","enName":"Jeff Gibbs","profession":"композиторы","enProfession":"composer"},{"id":6483,"photo":"https://st.kp.yandex.net/images/actor_iphone/iphone360_6483.jpg","name":"Майкл Мур","enName":"Michael Moore","profession":"режиссеры","enProfession":"director"},{"id":41268,"photo":"https://st.kp.yandex.net/images/actor_iphone/iphone360_41268.jpg","name":"Курт Энгфер","enName":"Kurt Engfehr","profession":"монтажеры","enProfession":"editor"},{"id":41266,"photo":"https://st.kp.yandex.net/images/actor_iphone/iphone360_41266.jpg","name":"Чарльз Бишоп","enName":"Charles Bishop","profession":"продюсеры","enProfession":"producer"},{"id":10596,"photo":"https://st.kp.yandex.net/images/actor_iphone/iphone360_10596.jpg","name":"Джим Чарнеки","enName":"Jim Czarnecki","profession":"продюсеры","enProfession":"producer"},{"id":41267,"photo":"https://st.kp.yandex.net/images/actor_iphone/iphone360_41267.jpg","name":"Майкл Донован","enName":"Michael Donovan","profession":"продюсеры","enProfession":"producer"},{"id":41269,"photo":"https://st.kp.yandex.net/images/actor_iphone/iphone360_41269.jpg","name":"Кэтлин Глинн","enName":"Kathleen Glynn","profession":"продюсеры","enProfession":"producer"},{"id":6483,"photo":"https://st.kp.yandex.net/images/actor_iphone/iphone360_6483.jpg","name":"Майкл Мур","enName":"Michael Moore","profession":"редакторы","enProfession":"writer"}],"productionCompanies":[],"seasonsInfo":[],"sequelsAndPrequels":[],"similarMovies":[{"id":78444,"name":"Здравозахоронение","enName":"Sicko","alternativeName":"Sicko","poster":{"url":"https://st.kp.yandex.net/images/film_big/78444.jpg","previewUrl":"https://st.kp.yandex.net/images/film_iphone/iphone360_78444.jpg"}},{"id":22160,"name":"Фаренгейт 9/11","enName":"Fahrenheit 9/11","alternativeName":"Fahrenheit 9/11","poster":{"url":"https://st.kp.yandex.net/images/film_big/22160.jpg","previewUrl":"https://st.kp.yandex.net/images/film_iphone/iphone360_22160.jpg"}},{"id":320230,"name":"Класс","enName":"Klass","alternativeName":"Klass","poster":{"url":"https://st.kp.yandex.net/images/film_big/320230.jpg","previewUrl":"https://st.kp.yandex.net/images/film_iphone/iphone360_320230.jpg"}},{"id":20145,"name":"Слон","enName":"Elephant","alternativeName":"Elephant","poster":{"url":"https://st.kp.yandex.net/images/film_big/20145.jpg","previewUrl":"https://st.kp.yandex.net/images/film_iphone/iphone360_20145.jpg"}},{"id":394365,"name":"Верующие","enName":"Religulous","alternativeName":"Religulous","poster":{"url":"https://st.kp.yandex.net/images/film_big/394365.jpg","previewUrl":"https://st.kp.yandex.net/images/film_iphone/iphone360_394365.jpg"}},{"id":3621,"name":"Вердикт за деньги","enName":"Runaway Jury","alternativeName":"Runaway Jury","poster":{"url":"https://st.kp.yandex.net/images/film_big/3621.jpg","previewUrl":"https://st.kp.yandex.net/images/film_iphone/iphone360_3621.jpg"}},{"id":18203,"name":"Когда смолкли выстрелы","enName":"Home Room","alternativeName":"Home Room","poster":{"url":"https://st.kp.yandex.net/images/film_big/18203.jpg","previewUrl":"https://st.kp.yandex.net/images/film_iphone/iphone360_18203.jpg"}}],"videos":{"trailers":[{"url":"http://a772.g.akamai.net/5/772/51/06328eb3a924c9/1a1a1aaa2198c627970773d80669d84574a8d80d3cb12453c02589f25382f668c9329e0375e81784eb5887e958cf3ba41279d83ead1f7ee150bc319e0069d73c/bowling_for_columbine_m240.mov","name":"Трейлер","site":"unknown"}],"teasers":[]},"alternativeName":"Bowling for Columbine","description":"США лидируют в мире по числу убийств с применением огнестрельного оружия. Стволов в стране больше, чем телевизоров. Американцы не могут жить без оружия или просто сошли с ума? Кто или что стоит за этим? Расовые проблемы, которые ещё предстоит решить? Голливуд, рок-н-ролл, Интернет? А может, историческая предрасположенность к насилию? В центре фильма – трагический инцидент: перестрелка в колледже Колумбины. Спорный, глубокий, порой ехидный взгляд на взаимосвязь насилия и страха в современной Амер��ке.","enName":null,"externalId":{"kpHD":null,"imdb":"tt0310793"},"movieLength":120,"name":"Боулинг для Колумбины","poster":{"url":"https://st.kp.yandex.net/images/film_big/620.jpg","previewUrl":"https://st.kp.yandex.net/images/film_iphone/iphone360_620.jpg"},"rating":{"kp":7.678,"imdb":8,"filmCritics":8.1,"russianFilmCritics":0,"await":0},"ratingMpaa":"r","shortDescription":null,"slogan":"One Nation Under The Gun","type":"movie","typeNumber":1,"votes":{"kp":7350,"imdb":145836,"filmCritics":172,"russianFilmCritics":2,"await":0},"year":2002,"fees":{"world":{"value":58008423,"currency":"$"},"russia":{"value":13500,"currency":"$"},"usa":{"value":21576018,"currency":"$"}},"premiere":{"country":"Франция","world":"2002-05-16T00:00:00.000Z","russia":"2004-02-26T00:00:00.000Z","cinema":"2004-02-26T00:00:00.000Z","dvd":"2005-12-15T00:00:00.000Z"},"budget":{"value":4000000,"currency":"$"},"ageRating":16,"backdrop":{"url":null,"previewUrl":null},"logo":{"url":null},"watchability":{"items":null},"status":null,"top10":null,"top250":null}