{"fees":{"world":{"value":224834564,"currency":"$"},"usa":{"value":106834564,"currency":"$"}},"status":null,"externalId":{"kpHD":null,"imdb":"tt0120630","tmdb":7443},"rating":{"kp":6.949,"imdb":7.1,"filmCritics":8.1,"russianFilmCritics":0,"await":0},"votes":{"kp":54570,"imdb":197515,"filmCritics":173,"russianFilmCritics":1,"await":0},"backdrop":{"url":null,"previewUrl":null},"movieLength":84,"productionCompanies":[{"name":"DreamWorks Animation","url":"https://www.themoviedb.org/t/p/original/kP7t6RwGz2AvvTkvnI1uteEwHet.png","previewUrl":"https://www.themoviedb.org/t/p/w500/kP7t6RwGz2AvvTkvnI1uteEwHet.png"},{"name":"Aardman Animations","url":"https://www.themoviedb.org/t/p/original/ykJbf1z5qIreJrHWfnh1ev1alkD.png","previewUrl":"https://www.themoviedb.org/t/p/w500/ykJbf1z5qIreJrHWfnh1ev1alkD.png"},{"name":"Pathé!","url":"https://www.themoviedb.org/t/p/original/6Yv1gIAuGkHS5Vis4UjnqHhCPWV.png","previewUrl":"https://www.themoviedb.org/t/p/w500/6Yv1gIAuGkHS5Vis4UjnqHhCPWV.png"},{"name":"DreamWorks Pictures","url":"https://www.themoviedb.org/t/p/original/vru2SssLX3FPhnKZGtYw00pVIS9.png","previewUrl":"https://www.themoviedb.org/t/p/w500/vru2SssLX3FPhnKZGtYw00pVIS9.png"}],"id":635,"type":"cartoon","name":"Побег из курятника","description":"Курочкам на ферме миссис Туиди приходится нелегко. Для каждой из этих несчастных птиц любое, даже самое погожее утро, может стать последним: в мгновение ока они могут угодить в суп или стать начинкой для пирожка.\n\nБезропотные домашние птички живут в постоянном страхе в ужасных курятниках, напоминающих бараки концлагеря. Все попытки вырваться из страшной фермы на волю оканчиваются провалом. Но однажды на ферме объявляется веселый американский петух Рокки...","premiere":{"country":"США","world":"2000-06-17T00:00:00.000Z","russia":"2001-03-22T00:00:00.000Z","cinema":"2001-03-22T00:00:00.000Z","dvd":"2002-02-19T00:00:00.000Z"},"slogan":"Run, Don't Walk!","year":2000,"budget":{"value":45000000,"currency":"$"},"poster":{"url":"https://st.kp.yandex.net/images/film_big/635.jpg","previewUrl":"https://st.kp.yandex.net/images/film_iphone/iphone360_635.jpg"},"facts":[{"value":"Это первый полнометражный фильм &#171;Aardman Animations&#187;. Пародирует знаменитый фильм &#171;<a href=\"/film/392/\" class=\"all\">Большой побег</a>&#187; (1963), только вместо военнопленных — куры.","type":"FACT","spoiler":false},{"value":"Бабс действительно вяжет, но вместо спиц использует зубочистки.","type":"FACT","spoiler":false},{"value":"Была организована целая кампания по выдвижению фильма на «Оскар» в номинации «лучший фильм». Провал кампании по выдвижению и популярность фильма среди членов Академии (речь идёт об Американской академии кинематографических искусств и наук) привели к включению в список номинаций категории «лучший анимационный фильм» для награждения в следующем году (2002). Награду присудили анимационному фильме «<a href=\"/film/430/\" class=\"all\">Шрек</a>» (2001) тоже производства студии DreamWorks.","type":"FACT","spoiler":false},{"value":"Значительную роль в том, что главного героя озвучил <a href=\"/name/7405/\" class=\"all\">Мэл Гибсон</a>, сыграли дети актёра. Они убедили его взяться за озвучивание после того, как посмотрели короткометражные мультфильмы про Уоллеса и Громита.","type":"FACT","spoiler":false},{"value":"Тела персонажей были сделаны из силикона с латексным покрытием, а головы и руки (или крылья) из пластилина. Ошейники или кружевные гофрированные воротники на цыплятах скрывают границу между пластилиновыми головами и крыльями с одной стороны и покрытыми латексом телами с другой.","type":"FACT","spoiler":false},{"value":"Джинджер и Рокки получили имена в честь любимых цыплят одного из авторов сценария и режиссёра <a href=\"/name/55681/\" class=\"all\">Ника Парка</a>, которые у него были в детстве.","type":"FACT","spoiler":false},{"value":"Авторы фильма очень переживали по поводу сцены поцелуя Рокки и Джинджер, полагая, что поцелуй (касание друг друга клювами) будет выглядеть неубедительно. Отсюда родилась идея, что каждый раз, когда они собираются поцеловаться, им будет что-то мешать. Когда же в конце концов поцеловаться им всё же удалось, касание клювов зрителю не видно.","type":"FACT","spoiler":false},{"value":"<a href=\"/name/7405/\" class=\"all\">Мэл Гибсон</a> записал все свои реплики в США, тогда как остальные актёры озвучивания записывались в английском Бристоле.","type":"FACT","spoiler":false},{"value":"На создание 3-4 кур уходила неделя. В туловище каждой их них скрывалась арматура, выполнявшая роль скелета, а когда кто-то из кур бежал или летел, использовались стержни. После этого куклами управляли и фотографировали по 24 кадра на каждую секунду фильма. Было создано несколько кукол, потому что пластилин оказался не слишком прочным и надёжным материалом. Применялся также более надёжный силикон. Создание одной кукольной курицы проходило 100 отдельных этапов.","type":"FACT","spoiler":false},{"value":"Эдвина названа в честь <a href=\"/name/1135920/\" class=\"all\">Эдвины Карри</a>, члена парламента от Консервативной партии, политическая карьера которой подошла к концу в 1988 году после заявления о сальмонелле, после чего продажи яиц в стране рухнули на 60%.","type":"FACT","spoiler":false},{"value":"Аппарат по выпечке пирогов с курятиной должен был символизировать угрозу, которую несёт в себе механизация. Над его дизайном трудились 50 человек.","type":"FACT","spoiler":false},{"value":"Кур создавали в двух размерах – полноразмерных и уменьшенного размера для сцен с представителями семейства Твиди и общих планов с изменённой перспективой.","type":"FACT","spoiler":false},{"value":"К середине работы над фильмом аниматоры использовали полторы тонны пластилина.","type":"FACT","spoiler":false},{"value":"Создание сцены с Рокки и Джинджер на крыше заняло 5 месяцев.","type":"FACT","spoiler":false}],"genres":[{"name":"мультфильм"},{"name":"драма"},{"name":"комедия"},{"name":"приключения"},{"name":"семейный"}],"countries":[{"name":"Великобритания"},{"name":"Франция"},{"name":"США"}],"videos":{"trailers":[{"url":"https://www.youtube.com/v/rBPXVknON-4","name":"Трейлер","site":"youtube"},{"url":"https://www.youtube.com/embed/sCAQpotxlWk","name":"Chicken Run (2000) Trailer 2","site":"youtube","type":"TRAILER"},{"url":"https://www.youtube.com/embed/kAQnYt9Y-hg","name":"Chicken Run (2000) Trailer 1","site":"youtube","type":"TRAILER"}],"teasers":[]},"seasonsInfo":[],"persons":[{"id":55683,"photo":"https://st.kp.yandex.net/images/actor_iphone/iphone360_55683.jpg","name":"Фил Дэниелс","enName":"Phil Daniels","profession":"актеры","enProfession":"actor"},{"id":17779,"photo":"https://st.kp.yandex.net/images/actor_iphone/iphone360_17779.jpg","name":"Линн Фергюсон","enName":"Lynn Ferguson","profession":"актеры","enProfession":"actor"},{"id":7405,"photo":"https://st.kp.yandex.net/images/actor_iphone/iphone360_7405.jpg","name":"Мэл Гибсон","enName":"Mel Gibson","profession":"актеры","enProfession":"actor"},{"id":55684,"photo":"https://st.kp.yandex.net/images/actor_iphone/iphone360_55684.jpg","name":"Тони Хейгарт","enName":"Tony Haygarth","profession":"актеры","enProfession":"actor"},{"id":14013,"photo":"https://st.kp.yandex.net/images/actor_iphone/iphone360_14013.jpg","name":"Джейн Хоррокс","enName":"Jane Horrocks","profession":"актеры","enProfession":"actor"},{"id":21463,"photo":"https://st.kp.yandex.net/images/actor_iphone/iphone360_21463.jpg","name":"Миранда Ричардсон","enName":"Miranda Richardson","profession":"актеры","enProfession":"actor"},{"id":55685,"photo":"https://st.kp.yandex.net/images/actor_iphone/iphone360_55685.jpg","name":"Джулия Савалия","enName":"Julia Sawalha","profession":"актеры","enProfession":"actor"},{"id":13416,"photo":"https://st.kp.yandex.net/images/actor_iphone/iphone360_13416.jpg","name":"Тимоти Сполл","enName":"Timothy Spall","profession":"актеры","enProfession":"actor"},{"id":3791,"photo":"https://st.kp.yandex.net/images/actor_iphone/iphone360_3791.jpg","name":"Имелда Стонтон","enName":"Imelda Staunton","profession":"актеры","enProfession":"actor"},{"id":55686,"photo":"https://st.kp.yandex.net/images/actor_iphone/iphone360_55686.jpg","name":"Бенжамин Уитроу","enName":"Benjamin Whitrow","profession":"актеры","enProfession":"actor"},{"id":908536,"photo":"https://st.kp.yandex.net/images/actor_iphone/iphone360_908536.jpg","name":"Джо Аллен","enName":"Jo Allen","profession":"актеры","enProfession":"actor"},{"id":239575,"photo":"https://st.kp.yandex.net/images/actor_iphone/iphone360_239575.jpg","name":"Пэт Фрай","enName":"Pat Fry","profession":"актеры","enProfession":"actor"},{"id":51248,"photo":"https://st.kp.yandex.net/images/actor_iphone/iphone360_51248.jpg","name":"Лиза Кэй","enName":"Lisa Kay","profession":"актеры","enProfession":"actor"},{"id":34120,"photo":"https://st.kp.yandex.net/images/actor_iphone/iphone360_34120.jpg","name":"Джон Шэриан","enName":"John Sharian","profession":"актеры","enProfession":"actor"},{"id":55688,"photo":"https://st.kp.yandex.net/images/actor_iphone/iphone360_55688.jpg","name":"Лаура Страхан","enName":"Laura Strachan","profession":"актеры","enProfession":"actor"},{"id":608582,"photo":"https://st.kp.yandex.net/images/actor_iphone/iphone360_608582.jpg","name":"Гарри Грегсон-Уильямс","enName":"Harry Gregson-Williams","profession":"композиторы","enProfession":"composer"},{"id":608606,"photo":"https://st.kp.yandex.net/images/actor_iphone/iphone360_608606.jpg","name":"Джон Пауэлл","enName":"John Powell","profession":"композиторы","enProfession":"composer"},{"id":1988934,"photo":"https://st.kp.yandex.net/images/actor_iphone/iphone360_1988934.jpg","name":"Фил Льюис","enName":"Phil Lewis","profession":"художники","enProfession":"designer"},{"id":2005047,"photo":"https://st.kp.yandex.net/images/actor_iphone/iphone360_2005047.jpg","name":"Тим Фаррингтон","enName":"Tim Farrington","profession":"художники","enProfession":"designer"},{"id":1631360,"photo":"https://st.kp.yandex.net/images/actor_iphone/iphone360_1631360.jpg","name":"Шон Маллен","enName":"Sean P. Mullen","profession":"художники","enProfession":"designer"},{"id":2005048,"photo":"https://st.kp.yandex.net/images/actor_iphone/iphone360_2005048.jpg","name":"Сэлли Тейлор","enName":"Sally Taylor","profession":"художники","enProfession":"designer"},{"id":55680,"photo":"https://st.kp.yandex.net/images/actor_iphone/iphone360_55680.jpg","name":"Питер Лорд","enName":"Peter Lord","profession":"режиссеры","enProfession":"director"},{"id":55681,"photo":"https://st.kp.yandex.net/images/actor_iphone/iphone360_55681.jpg","name":"Ник Парк","enName":"Nick Park","profession":"режиссеры","enProfession":"director"},{"id":2005045,"photo":"https://st.kp.yandex.net/images/actor_iphone/iphone360_2005045.jpg","name":"Роберт Френсис","enName":"Robert Francis","profession":"монтажеры","enProfession":"editor"},{"id":2005046,"photo":"https://st.kp.yandex.net/images/actor_iphone/iphone360_2005046.jpg","name":"Тэмсин Парри","enName":"Tamsin Parry","profession":"монтажеры","enProfession":"editor"},{"id":609188,"photo":"https://st.kp.yandex.net/images/actor_iphone/iphone360_609188.jpg","name":"Марк Соломон","enName":"Mark Solomon","profession":"монтажеры","enProfession":"editor"},{"id":1104342,"photo":"https://st.kp.yandex.net/images/actor_iphone/iphone360_1104342.jpg","name":"Саймон Джейкобс","enName":"Simon Jacobs","profession":"операторы","enProfession":"operator"},{"id":627886,"photo":"https://st.kp.yandex.net/images/actor_iphone/iphone360_627886.jpg","name":"Энди МакКормэк","enName":"Andy MacCormack","profession":"операторы","enProfession":"operator"},{"id":156833,"photo":"https://st.kp.yandex.net/images/actor_iphone/iphone360_156833.jpg","name":"Тристан Оливер","enName":"Tristan Oliver","profession":"операторы","enProfession":"operator"},{"id":226946,"photo":"https://st.kp.yandex.net/images/actor_iphone/iphone360_226946.jpg","name":"Фрэнк Пэссингем","enName":"Frank Passingham","profession":"операторы","enProfession":"operator"},{"id":55680,"photo":"https://st.kp.yandex.net/images/actor_iphone/iphone360_55680.jpg","name":"Питер Лорд","enName":"Peter Lord","profession":"продюсеры","enProfession":"producer"},{"id":55681,"photo":"https://st.kp.yandex.net/images/actor_iphone/iphone360_55681.jpg","name":"Ник Парк","enName":"Nick Park","profession":"продюсеры","enProfession":"producer"},{"id":55692,"photo":"https://st.kp.yandex.net/images/actor_iphone/iphone360_55692.jpg","name":"Дэвид Спрокстон","enName":"David Sproxton","profession":"продюсеры","enProfession":"producer"},{"id":8439,"photo":"https://st.kp.yandex.net/images/actor_iphone/iphone360_8439.jpg","name":"Джэйк Эбертс","enName":"Jake Eberts","profession":"продюсеры","enProfession":"producer"},{"id":1079073,"photo":"https://st.kp.yandex.net/images/actor_iphone/iphone360_1079073.jpg","name":"Андрей Бархударов","enName":null,"profession":"актеры дубляжа","enProfession":"voice_actor"},{"id":290228,"photo":"https://st.kp.yandex.net/images/actor_iphone/iphone360_290228.jpg","name":"Вячеслав Баранов","enName":null,"profession":"актеры дубляжа","enProfession":"voice_actor"},{"id":1419143,"photo":"https://st.kp.yandex.net/images/actor_iphone/iphone360_1419143.jpg","name":"Дмитрий Филимонов","enName":null,"profession":"актеры дубляжа","enProfession":"voice_actor"},{"id":310535,"photo":"https://st.kp.yandex.net/images/actor_iphone/iphone360_310535.jpg","name":"Олег Куценко","enName":null,"profession":"актеры дубляжа","enProfession":"voice_actor"},{"id":273560,"photo":"https://st.kp.yandex.net/images/actor_iphone/iphone360_273560.jpg","name":"Вадим Андреев","enName":null,"profession":"актеры дубляжа","enProfession":"voice_actor"},{"id":1159780,"photo":"https://st.kp.yandex.net/images/actor_iphone/iphone360_1159780.jpg","name":"Александр Груздев","enName":null,"profession":"актеры дубляжа","enProfession":"voice_actor"},{"id":116876,"photo":"https://st.kp.yandex.net/images/actor_iphone/iphone360_116876.jpg","name":"Юрий Саранцев","enName":null,"profession":"актеры дубляжа","enProfession":"voice_actor"},{"id":287080,"photo":"https://st.kp.yandex.net/images/actor_iphone/iphone360_287080.jpg","name":"Екатерина Корабельник","enName":null,"profession":"актеры дубляжа","enProfession":"voice_actor"},{"id":464137,"photo":"https://st.kp.yandex.net/images/actor_iphone/iphone360_464137.jpg","name":"Мария Овчинникова","enName":null,"profession":"актеры дубляжа","enProfession":"voice_actor"},{"id":313643,"photo":"https://st.kp.yandex.net/images/actor_iphone/iphone360_313643.jpg","name":"Ольга Гаспарова","enName":null,"profession":"актеры дубляжа","enProfession":"voice_actor"},{"id":1650300,"photo":"https://st.kp.yandex.net/images/actor_iphone/iphone360_1650300.jpg","name":"Людмила Шувалова","enName":null,"profession":"актеры дубляжа","enProfession":"voice_actor"},{"id":1078947,"photo":"https://st.kp.yandex.net/images/actor_iphone/iphone360_1078947.jpg","name":"Александр Клюквин","enName":null,"profession":"актеры дубляжа","enProfession":"voice_actor"},{"id":320243,"photo":"https://st.kp.yandex.net/images/actor_iphone/iphone360_320243.jpg","name":"Виктор Петров","enName":null,"profession":"актеры дубляжа","enProfession":"voice_actor"},{"id":251227,"photo":"https://st.kp.yandex.net/images/actor_iphone/iphone360_251227.jpg","name":"Валентин Смирнитский","enName":null,"profession":"актеры дубляжа","enProfession":"voice_actor"},{"id":273180,"photo":"https://st.kp.yandex.net/images/actor_iphone/iphone360_273180.jpg","name":"Никита Прозоровский","enName":null,"profession":"актеры дубляжа","enProfession":"voice_actor"},{"id":269650,"photo":"https://st.kp.yandex.net/images/actor_iphone/iphone360_269650.jpg","name":"Любовь Германова","enName":null,"profession":"актеры дубляжа","enProfession":"voice_actor"},{"id":281401,"photo":"https://st.kp.yandex.net/images/actor_iphone/iphone360_281401.jpg","name":"Людмила Гнилова","enName":null,"profession":"актеры дубляжа","enProfession":"voice_actor"},{"id":15443,"photo":"https://st.kp.yandex.net/images/actor_iphone/iphone360_15443.jpg","name":"Кэри Киркпатрик","enName":"Karey Kirkpatrick","profession":"редакторы","enProfession":"writer"},{"id":55680,"photo":"https://st.kp.yandex.net/images/actor_iphone/iphone360_55680.jpg","name":"Питер Лорд","enName":"Peter Lord","profession":"редакторы","enProfession":"writer"},{"id":55681,"photo":"https://st.kp.yandex.net/images/actor_iphone/iphone360_55681.jpg","name":"Ник Парк","enName":"Nick Park","profession":"редакторы","enProfession":"writer"},{"id":223881,"photo":"https://st.kp.yandex.net/images/actor_iphone/iphone360_223881.jpg","name":"Марк Бертон","enName":"Mark Burton","profession":"редакторы","enProfession":"writer"}],"typeNumber":3,"alternativeName":"Chicken Run","enName":null,"names":[{"name":"Побег из курятника"},{"name":"Chicken Run"},{"name":"小鸡也暴动","language":"CN","type":null},{"name":"小鸡大逃亡","language":"CN","type":null},{"name":"落跑雞","language":"TW","type":null},{"name":"Pollitos en fuga","language":"AR","type":null},{"name":"Flykten från hönsgården","language":"SE","type":null},{"name":"Chicken Run: Evasión en la granja","language":"ES","type":null},{"name":"Flukten fra hønsegården","language":"NO","type":null}],"ageRating":0,"ratingMpaa":"g","similarMovies":[{"id":86621,"name":"Бесподобный мистер Фокс","enName":null,"alternativeName":"Fantastic Mr. Fox","type":"cartoon","poster":{"url":"https://avatars.mds.yandex.net/get-kinopoisk-image/1898899/7dd3a1f2-488f-4fb3-a8ef-a3d0dc964242/orig","previewUrl":"https://avatars.mds.yandex.net/get-kinopoisk-image/1898899/7dd3a1f2-488f-4fb3-a8ef-a3d0dc964242/x1000"}},{"id":22399,"name":"Уоллес и Громит: Проклятие кролика-оборотня","enName":null,"alternativeName":"The Curse of the Were-Rabbit","type":"cartoon","poster":{"url":"https://avatars.mds.yandex.net/get-kinopoisk-image/6201401/2adebb0f-58fd-4b2b-9674-285a3ca40526/orig","previewUrl":"https://avatars.mds.yandex.net/get-kinopoisk-image/6201401/2adebb0f-58fd-4b2b-9674-285a3ca40526/x1000"}},{"id":464091,"name":"Пираты! Банда неудачников","enName":null,"alternativeName":"The Pirates! In an Adventure with Scientists!","type":"cartoon","poster":{"url":"https://avatars.mds.yandex.net/get-kinopoisk-image/4774061/69fbcfdf-e364-450e-817c-8acbe9e1e179/orig","previewUrl":"https://avatars.mds.yandex.net/get-kinopoisk-image/4774061/69fbcfdf-e364-450e-817c-8acbe9e1e179/x1000"}},{"id":83792,"name":"Смывайся","enName":null,"alternativeName":"Flushed Away","type":"cartoon","poster":{"url":"https://avatars.mds.yandex.net/get-kinopoisk-image/1704946/20b67495-3fc1-4e79-bb11-59bb63edfd62/orig","previewUrl":"https://avatars.mds.yandex.net/get-kinopoisk-image/1704946/20b67495-3fc1-4e79-bb11-59bb63edfd62/x1000"}},{"id":61425,"name":"Вэлиант: Пернатый спецназ","enName":null,"alternativeName":"Valiant","type":"cartoon","poster":{"url":"https://avatars.mds.yandex.net/get-kinopoisk-image/1773646/8ab3acee-7dd5-4c56-b2cd-944114dfc2a3/orig","previewUrl":"https://avatars.mds.yandex.net/get-kinopoisk-image/1773646/8ab3acee-7dd5-4c56-b2cd-944114dfc2a3/x1000"}},{"id":405614,"name":"Барашек Шон","enName":null,"alternativeName":"Shaun the Sheep","type":"animated-series","poster":{"url":"https://avatars.mds.yandex.net/get-kinopoisk-image/1946459/18f6bb67-9fc7-4342-a93c-0343c804a6e4/orig","previewUrl":"https://avatars.mds.yandex.net/get-kinopoisk-image/1946459/18f6bb67-9fc7-4342-a93c-0343c804a6e4/x1000"}},{"id":762778,"name":"Барашек Шон","enName":null,"alternativeName":"Shaun the Sheep Movie","type":"cartoon","poster":{"url":"https://avatars.mds.yandex.net/get-kinopoisk-image/6201401/c93a4e7d-9a8e-47f7-901c-09955aeb85de/orig","previewUrl":"https://avatars.mds.yandex.net/get-kinopoisk-image/6201401/c93a4e7d-9a8e-47f7-901c-09955aeb85de/x1000"}},{"id":504668,"name":"Индюки: Назад в будущее","enName":null,"alternativeName":"Free Birds","type":"cartoon","poster":{"url":"https://avatars.mds.yandex.net/get-kinopoisk-image/1600647/6aed2ab2-2d87-4a5b-9d65-e6f0f349d91d/orig","previewUrl":"https://avatars.mds.yandex.net/get-kinopoisk-image/1600647/6aed2ab2-2d87-4a5b-9d65-e6f0f349d91d/x1000"}},{"id":692957,"name":"В поисках Дори","enName":null,"alternativeName":"Finding Dory","type":"cartoon","poster":{"url":"https://avatars.mds.yandex.net/get-kinopoisk-image/1773646/50d44821-4afe-4343-a093-4eb9d10a7f37/orig","previewUrl":"https://avatars.mds.yandex.net/get-kinopoisk-image/1773646/50d44821-4afe-4343-a093-4eb9d10a7f37/x1000"}},{"id":395901,"name":"Уоллес и Громит: Дело о смертельной выпечке","enName":null,"alternativeName":"A Matter of Loaf and Death","type":"cartoon","poster":{"url":"https://avatars.mds.yandex.net/get-kinopoisk-image/1600647/ac79f9ca-3ae4-4fca-89ac-3348702113ef/orig","previewUrl":"https://avatars.mds.yandex.net/get-kinopoisk-image/1600647/ac79f9ca-3ae4-4fca-89ac-3348702113ef/x1000"}}],"shortDescription":null,"imagesInfo":{"framesCount":18},"sequelsAndPrequels":[{"id":1125421,"name":"Побег из курятника 2","enName":null,"alternativeName":"Chicken Run: Dawn of the Nugget","type":"cartoon","poster":{"url":null,"previewUrl":null}}],"logo":{"url":null},"watchability":{"items":null},"top10":null,"top250":null}