{"fees":{"world":{"value":1182065,"currency":"$"},"usa":{"value":1055671,"currency":"$"}},"status":null,"externalId":{"kpHD":null,"imdb":"tt0200530","tmdb":44490},"rating":{"kp":5.766,"imdb":6.6,"filmCritics":0,"russianFilmCritics":0,"await":0},"votes":{"kp":189,"imdb":5740,"filmCritics":0,"russianFilmCritics":2,"await":0},"backdrop":{"url":null,"previewUrl":null},"movieLength":96,"productionCompanies":[{"name":"Blow Up Pictures","url":null,"previewUrl":null},{"name":"Flan de Coco Films","url":null,"previewUrl":null},{"name":"Artisan Entertainment","url":null,"previewUrl":null}],"id":638,"type":"movie","name":"Чак и Бак","description":"Бак в свои двадцать семь остался одиннадцатилетним. К его удивлению встреча с лучшим другом детства - Чаком спустя 15 лет не вернула прежних отношений. Чак стал другим: он был важной шишкой в музыкальной компании, собирался жениться и вообще был очень занят.\n\nИ тогда Бак решает отправиться в Лос - Анджелес и, разобравшись на месте, сделать все, чтобы завоевать былую дружбу!","premiere":{"country":"США","world":"2000-01-21T00:00:00.000Z"},"slogan":"Remember those games we used to play?","year":2000,"budget":{"value":250000,"currency":"$"},"poster":{"url":"https://st.kp.yandex.net/images/film_big/638.jpg","previewUrl":"https://st.kp.yandex.net/images/film_iphone/iphone360_638.jpg"},"facts":null,"genres":[{"name":"драма"},{"name":"комедия"}],"countries":[{"name":"США"}],"videos":{"trailers":[{"url":"https://www.youtube.com/embed/R3JBqL_8gcE","name":"Chuck & Buck (2000) Trailer","site":"youtube","type":"TRAILER"}],"teasers":[]},"seasonsInfo":null,"persons":[{"id":11255,"photo":"https://st.kp.yandex.net/images/actor_iphone/iphone360_11255.jpg","name":"Майк Уайт","enName":"Mike White","profession":"актеры","enProfession":"actor"},{"id":367,"photo":"https://st.kp.yandex.net/images/actor_iphone/iphone360_367.jpg","name":"Крис Вайц","enName":"Chris Weitz","profession":"актеры","enProfession":"actor"},{"id":11256,"photo":"https://st.kp.yandex.net/images/actor_iphone/iphone360_11256.jpg","name":"Лупе Онтиверос","enName":"Lupe Ontiveros","profession":"актеры","enProfession":"actor"},{"id":11257,"photo":"https://st.kp.yandex.net/images/actor_iphone/iphone360_11257.jpg","name":"Бет Кольт","enName":"Beth Colt","profession":"актеры","enProfession":"actor"},{"id":368,"photo":"https://st.kp.yandex.net/images/actor_iphone/iphone360_368.jpg","name":"Пол Вайц","enName":"Paul Weitz","profession":"актеры","enProfession":"actor"},{"id":11258,"photo":"https://st.kp.yandex.net/images/actor_iphone/iphone360_11258.jpg","name":"Майя Рудольф","enName":"Maya Rudolph","profession":"актеры","enProfession":"actor"},{"id":11259,"photo":"https://st.kp.yandex.net/images/actor_iphone/iphone360_11259.jpg","name":"Мэри Вигмор","enName":"Mary Wigmore","profession":"актеры","enProfession":"actor"},{"id":11260,"photo":"https://st.kp.yandex.net/images/actor_iphone/iphone360_11260.jpg","name":"Пол Сэнд","enName":"Paul Sand","profession":"актеры","enProfession":"actor"},{"id":11261,"photo":"https://st.kp.yandex.net/images/actor_iphone/iphone360_11261.jpg","name":null,"enName":"Gino Buccola","profession":"актеры","enProfession":"actor"},{"id":11262,"photo":"https://st.kp.yandex.net/images/actor_iphone/iphone360_11262.jpg","name":"Аннетт Мерфи","enName":"Annette Murphy","profession":"актеры","enProfession":"actor"},{"id":11263,"photo":"https://st.kp.yandex.net/images/actor_iphone/iphone360_11263.jpg","name":"Глори Саймон","enName":"Glory Simon","profession":"актеры","enProfession":"actor"},{"id":11264,"photo":"https://st.kp.yandex.net/images/actor_iphone/iphone360_11264.jpg","name":"Даг Кейффер","enName":"Douglas Kieffer","profession":"актеры","enProfession":"actor"},{"id":11265,"photo":"https://st.kp.yandex.net/images/actor_iphone/iphone360_11265.jpg","name":"Джонатан Браун","enName":"Jonathan Brown","profession":"актеры","enProfession":"actor"},{"id":11266,"photo":"https://st.kp.yandex.net/images/actor_iphone/iphone360_11266.jpg","name":"Рути Брэм","enName":"Ruthie Bram","profession":"актеры","enProfession":"actor"},{"id":11267,"photo":"https://st.kp.yandex.net/images/actor_iphone/iphone360_11267.jpg","name":"Джованни Гиеко","enName":"Giovanni Gieco","profession":"актеры","enProfession":"actor"},{"id":11268,"photo":"https://st.kp.yandex.net/images/actor_iphone/iphone360_11268.jpg","name":"Т.Дж. Уилкинс","enName":"T.J. Wilkins","profession":"актеры","enProfession":"actor"},{"id":11269,"photo":"https://st.kp.yandex.net/images/actor_iphone/iphone360_11269.jpg","name":"Эзра Паг","enName":"Ezra Pugh","profession":"актеры","enProfession":"actor"},{"id":11270,"photo":"https://st.kp.yandex.net/images/actor_iphone/iphone360_11270.jpg","name":"Эрин Эспиноза","enName":"Erin Espinoza","profession":"актеры","enProfession":"actor"},{"id":11271,"photo":"https://st.kp.yandex.net/images/actor_iphone/iphone360_11271.jpg","name":null,"enName":"Megan McCaw","profession":"актеры","enProfession":"actor"},{"id":11272,"photo":"https://st.kp.yandex.net/images/actor_iphone/iphone360_11272.jpg","name":"Линда Личтер","enName":"Linda Lichter","profession":"актеры","enProfession":"actor"},{"id":11273,"photo":"https://st.kp.yandex.net/images/actor_iphone/iphone360_11273.jpg","name":"Мередит Такер","enName":"Meredith Tucker","profession":"актеры","enProfession":"actor"},{"id":11274,"photo":"https://st.kp.yandex.net/images/actor_iphone/iphone360_11274.jpg","name":"Зак Пенн","enName":"Zak Penn","profession":"актеры","enProfession":"actor"},{"id":11275,"photo":"https://st.kp.yandex.net/images/actor_iphone/iphone360_11275.jpg","name":"Тони Максвелл","enName":"Tony Maxwell","profession":"актеры","enProfession":"actor"},{"id":11276,"photo":"https://st.kp.yandex.net/images/actor_iphone/iphone360_11276.jpg","name":"Винс Даффи","enName":"Vince Duffy","profession":"актеры","enProfession":"actor"},{"id":108150,"photo":"https://st.kp.yandex.net/images/actor_iphone/iphone360_108150.jpg","name":"Дэна Баратта","enName":"Dana Baratta","profession":"актеры","enProfession":"actor"},{"id":913474,"photo":"https://st.kp.yandex.net/images/actor_iphone/iphone360_913474.jpg","name":"Памела Гордон","enName":"Pamela Gordon","profession":"актеры","enProfession":"actor"},{"id":11278,"photo":"https://st.kp.yandex.net/images/actor_iphone/iphone360_11278.jpg","name":"Жозефина Дж. Роча","enName":"Josephina J. Rocha","profession":"актеры","enProfession":"actor"},{"id":11279,"photo":"https://st.kp.yandex.net/images/actor_iphone/iphone360_11279.jpg","name":"Джесси Ли Томас","enName":"Jesse Lee Thomas","profession":"актеры","enProfession":"actor"},{"id":11280,"photo":"https://st.kp.yandex.net/images/actor_iphone/iphone360_11280.jpg","name":"Калеб Уилсон","enName":"Caleb Wilson","profession":"актеры","enProfession":"actor"},{"id":11281,"photo":"https://st.kp.yandex.net/images/actor_iphone/iphone360_11281.jpg","name":"Натаниель Олдерман","enName":"Nathaniel Olderman","profession":"актеры","enProfession":"actor"},{"id":11282,"photo":"https://st.kp.yandex.net/images/actor_iphone/iphone360_11282.jpg","name":"Чуй Чавес","enName":"Chuy Chávez","profession":"актеры","enProfession":"actor"},{"id":11283,"photo":"https://st.kp.yandex.net/images/actor_iphone/iphone360_11283.jpg","name":"Адам Стормс Паркер","enName":"Adam Storms Parker","profession":"актеры","enProfession":"actor"},{"id":11284,"photo":"https://st.kp.yandex.net/images/actor_iphone/iphone360_11284.jpg","name":"Пол Гельман","enName":"Paul Gellman","profession":"актеры","enProfession":"actor"},{"id":11285,"photo":"https://st.kp.yandex.net/images/actor_iphone/iphone360_11285.jpg","name":"Джеймс Муни","enName":"James Mooney","profession":"актеры","enProfession":"actor"},{"id":11286,"photo":"https://st.kp.yandex.net/images/actor_iphone/iphone360_11286.jpg","name":"Дэймон Хасс","enName":"Damon Huss","profession":"актеры","enProfession":"actor"},{"id":11287,"photo":"https://st.kp.yandex.net/images/actor_iphone/iphone360_11287.jpg","name":"Джейм Хук","enName":"Jaime Hook","profession":"актеры","enProfession":"actor"},{"id":11288,"photo":"https://st.kp.yandex.net/images/actor_iphone/iphone360_11288.jpg","name":"Миранда Томпсон","enName":"Miranda Thompson","profession":"актеры","enProfession":"actor"},{"id":11289,"photo":"https://st.kp.yandex.net/images/actor_iphone/iphone360_11289.jpg","name":"Рон Йеркса","enName":"Ron Yerxa","profession":"актеры","enProfession":"actor"},{"id":11290,"photo":"https://st.kp.yandex.net/images/actor_iphone/iphone360_11290.jpg","name":null,"enName":"Yehuda Maayan","profession":"актеры","enProfession":"actor"},{"id":11291,"photo":"https://st.kp.yandex.net/images/actor_iphone/iphone360_11291.jpg","name":"Жуль Брафф","enName":"Jules Bruff","profession":"актеры","enProfession":"actor"},{"id":49236,"photo":"https://st.kp.yandex.net/images/actor_iphone/iphone360_49236.jpg","name":"Марк Хаймен","enName":"Marc Hyman","profession":"актеры","enProfession":"actor"},{"id":11292,"photo":"https://st.kp.yandex.net/images/actor_iphone/iphone360_11292.jpg","name":"Бэрри Дж. Томас","enName":"Barry G. Thomas","profession":"актеры","enProfession":"actor"},{"id":95640,"photo":"https://st.kp.yandex.net/images/actor_iphone/iphone360_95640.jpg","name":"Смоуки Хормел","enName":"Smokey Hormel","profession":"композиторы","enProfession":"composer"},{"id":11275,"photo":"https://st.kp.yandex.net/images/actor_iphone/iphone360_11275.jpg","name":"Тони Максвелл","enName":"Tony Maxwell","profession":"композиторы","enProfession":"composer"},{"id":610488,"photo":"https://st.kp.yandex.net/images/actor_iphone/iphone360_610488.jpg","name":"Джои Уоронкер","enName":"Joey Waronker","profession":"композиторы","enProfession":"composer"},{"id":2004390,"photo":"https://st.kp.yandex.net/images/actor_iphone/iphone360_2004390.jpg","name":"Рени Девенпорт","enName":"Renee Davenport","profession":"художники","enProfession":"designer"},{"id":1988618,"photo":"https://st.kp.yandex.net/images/actor_iphone/iphone360_1988618.jpg","name":"Илэйн Монтальво","enName":"Elaine Montalvo","profession":"художники","enProfession":"designer"},{"id":2017347,"photo":"https://st.kp.yandex.net/images/actor_iphone/iphone360_2017347.jpg","name":"Изабель Стэмпер","enName":"Isabelle Stamper","profession":"художники","enProfession":"designer"},{"id":11254,"photo":"https://st.kp.yandex.net/images/actor_iphone/iphone360_11254.jpg","name":"Мигель Артета","enName":"Miguel Arteta","profession":"режиссеры","enProfession":"director"},{"id":1175947,"photo":"https://st.kp.yandex.net/images/actor_iphone/iphone360_1175947.jpg","name":"Джефф Бетанкорт","enName":"Jeff Betancourt","profession":"монтажеры","enProfession":"editor"},{"id":11282,"photo":"https://st.kp.yandex.net/images/actor_iphone/iphone360_11282.jpg","name":"Чуй Чавес","enName":"Chuy Chávez","profession":"операторы","enProfession":"operator"},{"id":11295,"photo":"https://st.kp.yandex.net/images/actor_iphone/iphone360_11295.jpg","name":"Мэттью Гринфилд","enName":"Matthew Greenfield","profession":"продюсеры","enProfession":"producer"},{"id":11293,"photo":"https://st.kp.yandex.net/images/actor_iphone/iphone360_11293.jpg","name":"Томас Браун","enName":"Thomas Brown","profession":"продюсеры","enProfession":"producer"},{"id":11257,"photo":"https://st.kp.yandex.net/images/actor_iphone/iphone360_11257.jpg","name":"Бет Кольт","enName":"Beth Colt","profession":"продюсеры","enProfession":"producer"},{"id":11294,"photo":"https://st.kp.yandex.net/images/actor_iphone/iphone360_11294.jpg","name":"Скотт М. Корт","enName":"Scott M. Cort","profession":"продюсеры","enProfession":"producer"},{"id":11255,"photo":"https://st.kp.yandex.net/images/actor_iphone/iphone360_11255.jpg","name":"Майк Уайт","enName":"Mike White","profession":"редакторы","enProfession":"writer"}],"typeNumber":1,"alternativeName":"Chuck & Buck","enName":null,"names":[{"name":"Чак и Бак"},{"name":"Chuck & Buck"},{"name":"Chuck and Buck","language":"US","type":null}],"ageRating":18,"ratingMpaa":"r","shortDescription":null,"similarMovies":[],"sequelsAndPrequels":[],"logo":{"url":null},"watchability":{"items":null},"top10":null,"top250":null}