{"fees":{"world":{"value":29413966,"currency":"$"},"usa":{"value":22448879,"currency":"$"}},"status":null,"externalId":{"kpHD":null,"imdb":"tt0269095","tmdb":13536},"rating":{"kp":6.208,"imdb":6.1,"filmCritics":5.8,"russianFilmCritics":0,"await":0},"votes":{"kp":3092,"imdb":25695,"filmCritics":143,"russianFilmCritics":1,"await":0},"backdrop":{"url":null,"previewUrl":null},"movieLength":108,"productionCompanies":[{"name":"Warner Bros. Pictures","url":"https://www.themoviedb.org/t/p/original/ky0xOc5OrhzkZ1N6KyUxacfQsCk.png","previewUrl":"https://www.themoviedb.org/t/p/w500/ky0xOc5OrhzkZ1N6KyUxacfQsCk.png"},{"name":"Epsilon Motion Pictures","url":null,"previewUrl":null},{"name":"Franchise Pictures","url":null,"previewUrl":null},{"name":"Brad Grey Pictures","url":null,"previewUrl":null},{"name":"Sea Breeze Productions Inc.","url":null,"previewUrl":null}],"id":639,"type":"movie","name":"Последнее дело Ламарки","description":"Винсент Ламарка становится офицером полиции, ему поручают расследование дела о торговле наркотиками. Для сбора улик Винсенту необходимо съездить в его родной город, «город у моря». Там он встречает сына от предыдущего брака, и расследование принимает неожиданный оборот, когда он понимает, что его собственный сын – главный подозреваемый...","premiere":{"country":"США","world":"2002-09-06T00:00:00.000Z","russia":"2002-12-12T00:00:00.000Z","cinema":"2002-12-12T00:00:00.000Z","dvd":"2010-07-08T00:00:00.000Z"},"slogan":"Когда вы ищете убийцу, то последний подозреваемый - ваш сын","year":2002,"budget":{"value":40000000,"currency":"$"},"poster":{"url":"https://st.kp.yandex.net/images/film_big/639.jpg","previewUrl":"https://st.kp.yandex.net/images/film_iphone/iphone360_639.jpg"},"facts":[{"value":"Первоначально на главную роль претендовал Аль Пачино.","type":"FACT","spoiler":false},{"value":"Идея взята из статьи в журнале &laquo;Esquire&raquo; за сентябрь 1997 года под названием &laquo;Почерк убийцы&raquo;.","type":"FACT","spoiler":false},{"value":"Дословно название фильма переводится как &laquo;Город у моря&raquo;.","type":"FACT","spoiler":false}],"genres":[{"name":"триллер"},{"name":"драма"},{"name":"криминал"},{"name":"детектив"}],"countries":[{"name":"США"}],"videos":{"trailers":[{"url":"http://a772.g.akamai.net/5/772/51/66240d0f563212/1a1a1aaa2198c627970773d80669d84574a8d80d3cb12453c02589f25382f668c9329e0375e8178ef01f82eb5fd83ab3278ff467cc2d/citybythesea_m240.mov","name":"Трейлер","site":"unknown"},{"url":"https://www.youtube.com/embed/ssQu16utnR8","name":"City By The Sea - Trailer","site":"youtube","type":"TRAILER"}],"teasers":[]},"seasonsInfo":[],"persons":[{"id":718,"photo":"https://st.kp.yandex.net/images/actor_iphone/iphone360_718.jpg","name":"Роберт Де Ниро","enName":"Robert De Niro","profession":"актеры","enProfession":"actor"},{"id":7222,"photo":"https://st.kp.yandex.net/images/actor_iphone/iphone360_7222.jpg","name":"Фрэнсис Макдорманд","enName":"Frances McDormand","profession":"актеры","enProfession":"actor"},{"id":22879,"photo":"https://st.kp.yandex.net/images/actor_iphone/iphone360_22879.jpg","name":"Джеймс Франко","enName":"James Franco","profession":"актеры","enProfession":"actor"},{"id":5,"photo":"https://st.kp.yandex.net/images/actor_iphone/iphone360_5.jpg","name":"Элиза Душку","enName":"Eliza Dushku","profession":"актеры","enProfession":"actor"},{"id":14758,"photo":"https://st.kp.yandex.net/images/actor_iphone/iphone360_14758.jpg","name":"Уильям Форсайт","enName":"William Forsythe","profession":"актеры","enProfession":"actor"},{"id":11544,"photo":"https://st.kp.yandex.net/images/actor_iphone/iphone360_11544.jpg","name":"Пэтти ЛюПон","enName":"Patti LuPone","profession":"актеры","enProfession":"actor"},{"id":9988,"photo":"https://st.kp.yandex.net/images/actor_iphone/iphone360_9988.jpg","name":"Энсон Маунт","enName":"Anson Mount","profession":"актеры","enProfession":"actor"},{"id":15690,"photo":"https://st.kp.yandex.net/images/actor_iphone/iphone360_15690.jpg","name":"Джон Доумен","enName":"John Doman","profession":"актеры","enProfession":"actor"},{"id":21243,"photo":"https://st.kp.yandex.net/images/actor_iphone/iphone360_21243.jpg","name":"Брайан Тарантина","enName":"Brian Tarantina","profession":"актеры","enProfession":"actor"},{"id":27133,"photo":"https://st.kp.yandex.net/images/actor_iphone/iphone360_27133.jpg","name":"Дрена Де Ниро","enName":"Drena De Niro","profession":"актеры","enProfession":"actor"},{"id":27657,"photo":"https://st.kp.yandex.net/images/actor_iphone/iphone360_27657.jpg","name":"Майкл П. Моран","enName":"Michael P. Moran","profession":"актеры","enProfession":"actor"},{"id":2808,"photo":"https://st.kp.yandex.net/images/actor_iphone/iphone360_2808.jpg","name":"Нестор Серрано","enName":"Nestor Serrano","profession":"актеры","enProfession":"actor"},{"id":6762,"photo":"https://st.kp.yandex.net/images/actor_iphone/iphone360_6762.jpg","name":"Мэттью Коулз","enName":"Matthew Cowles","profession":"актеры","enProfession":"actor"},{"id":3110,"photo":"https://st.kp.yandex.net/images/actor_iphone/iphone360_3110.jpg","name":"Линда Эмонд","enName":"Linda Emond","profession":"актеры","enProfession":"actor"},{"id":40514,"photo":"https://st.kp.yandex.net/images/actor_iphone/iphone360_40514.jpg","name":"Сайрус Фармер","enName":"Cyrus Farmer","profession":"актеры","enProfession":"actor"},{"id":23979,"photo":"https://st.kp.yandex.net/images/actor_iphone/iphone360_23979.jpg","name":"Джордж Дзундза","enName":"George Dzundza","profession":"актеры","enProfession":"actor"},{"id":40515,"photo":"https://st.kp.yandex.net/images/actor_iphone/iphone360_40515.jpg","name":"Джей Бория","enName":"Jay Boryea","profession":"актеры","enProfession":"actor"},{"id":34881,"photo":"https://st.kp.yandex.net/images/actor_iphone/iphone360_34881.jpg","name":"Лео Бёрместер","enName":"Leo Burmester","profession":"актеры","enProfession":"actor"},{"id":23765,"photo":"https://st.kp.yandex.net/images/actor_iphone/iphone360_23765.jpg","name":"Грегг Эдельман","enName":"Gregg Edelman","profession":"актеры","enProfession":"actor"},{"id":11090,"photo":"https://st.kp.yandex.net/images/actor_iphone/iphone360_11090.jpg","name":"Джейсон Уинтер","enName":"Jason Winther","profession":"актеры","enProfession":"actor"},{"id":40516,"photo":"https://st.kp.yandex.net/images/actor_iphone/iphone360_40516.jpg","name":"Орландо Паботой","enName":"Orlando Pabotoy","profession":"актеры","enProfession":"actor"},{"id":40517,"photo":"https://st.kp.yandex.net/images/actor_iphone/iphone360_40517.jpg","name":"Лесли Коэн","enName":"Leslie Cohen","profession":"актеры","enProfession":"actor"},{"id":40518,"photo":"https://st.kp.yandex.net/images/actor_iphone/iphone360_40518.jpg","name":"Мишель Дэймер","enName":"Michelle Daimer","profession":"актеры","enProfession":"actor"},{"id":40519,"photo":"https://st.kp.yandex.net/images/actor_iphone/iphone360_40519.jpg","name":"Стефи Лайнбург","enName":"Stephi Lineburg","profession":"актеры","enProfession":"actor"},{"id":40520,"photo":"https://st.kp.yandex.net/images/actor_iphone/iphone360_40520.jpg","name":"Марк Ла Мура","enName":"Mark La Mura","profession":"актеры","enProfession":"actor"},{"id":40521,"photo":"https://st.kp.yandex.net/images/actor_iphone/iphone360_40521.jpg","name":"Джилл Мари Лоуренс","enName":"Jill Marie Lawrence","profession":"актеры","enProfession":"actor"},{"id":40522,"photo":"https://st.kp.yandex.net/images/actor_iphone/iphone360_40522.jpg","name":"Тереза Келси","enName":"Teresa Kelsey","profession":"актеры","enProfession":"actor"},{"id":40523,"photo":"https://st.kp.yandex.net/images/actor_iphone/iphone360_40523.jpg","name":"Тереза Вудс","enName":"Teresa Woods","profession":"актеры","enProfession":"actor"},{"id":3108,"photo":"https://st.kp.yandex.net/images/actor_iphone/iphone360_3108.jpg","name":"Майкл Делла Фемино","enName":"Michael Della Femina","profession":"актеры","enProfession":"actor"},{"id":40524,"photo":"https://st.kp.yandex.net/images/actor_iphone/iphone360_40524.jpg","name":"Джим Маркус","enName":"Jim Marcus","profession":"актеры","enProfession":"actor"},{"id":27487,"photo":"https://st.kp.yandex.net/images/actor_iphone/iphone360_27487.jpg","name":"Джоэнн Ламштейн","enName":"Joanne Lamstein","profession":"актеры","enProfession":"actor"},{"id":40525,"photo":"https://st.kp.yandex.net/images/actor_iphone/iphone360_40525.jpg","name":"Доминик Анджело Кангро","enName":"Dominick Angelo Cangro","profession":"актеры","enProfession":"actor"},{"id":40526,"photo":"https://st.kp.yandex.net/images/actor_iphone/iphone360_40526.jpg","name":"Паскуале Энрико Кангро","enName":"Pasquale Enrico Cangro","profession":"актеры","enProfession":"actor"},{"id":586348,"photo":"https://st.kp.yandex.net/images/actor_iphone/iphone360_586348.jpg","name":"Бобби Дж. Браун","enName":"Bobby J. Brown","profession":"актеры","enProfession":"actor"},{"id":40511,"photo":"https://st.kp.yandex.net/images/actor_iphone/iphone360_40511.jpg","name":"Майкл Кейтон-Джонс","enName":"Michael Caton-Jones","profession":"актеры","enProfession":"actor"},{"id":2546833,"photo":"https://st.kp.yandex.net/images/actor_iphone/iphone360_2546833.jpg","name":"Ти Коупман","enName":"Ty Copeman","profession":"актеры","enProfession":"actor"},{"id":907597,"photo":"https://st.kp.yandex.net/images/actor_iphone/iphone360_907597.jpg","name":"Джона Фалкон","enName":"Jonah Falcon","profession":"актеры","enProfession":"actor"},{"id":40527,"photo":"https://st.kp.yandex.net/images/actor_iphone/iphone360_40527.jpg","name":"Энджел Фелисиано","enName":"Angel Feliciano","profession":"актеры","enProfession":"actor"},{"id":384505,"photo":"https://st.kp.yandex.net/images/actor_iphone/iphone360_384505.jpg","name":"Родни Холлэнд","enName":"Rodney Holland","profession":"актеры","enProfession":"actor"},{"id":36868,"photo":"https://st.kp.yandex.net/images/actor_iphone/iphone360_36868.jpg","name":"Крис Хавэйн","enName":"Chris Huvane","profession":"актеры","enProfession":"actor"},{"id":40528,"photo":"https://st.kp.yandex.net/images/actor_iphone/iphone360_40528.jpg","name":"Кристофер Джампер","enName":"Christopher Jumper","profession":"актеры","enProfession":"actor"},{"id":519235,"photo":"https://st.kp.yandex.net/images/actor_iphone/iphone360_519235.jpg","name":"Пит Макнамара","enName":"Pete Macnamara","profession":"актеры","enProfession":"actor"},{"id":785,"photo":"https://st.kp.yandex.net/images/actor_iphone/iphone360_785.jpg","name":"Райли Дж. Мэтьюз мл.","enName":"Riley G. Matthews Jr.","profession":"актеры","enProfession":"actor"},{"id":292052,"photo":"https://st.kp.yandex.net/images/actor_iphone/iphone360_292052.jpg","name":"Фелиция Пелусо","enName":"Felicia Peluso","profession":"актеры","enProfession":"actor"},{"id":609684,"photo":"https://st.kp.yandex.net/images/actor_iphone/iphone360_609684.jpg","name":"Джон Мерфи","enName":"John Murphy","profession":"композиторы","enProfession":"composer"},{"id":1986438,"photo":"https://st.kp.yandex.net/images/actor_iphone/iphone360_1986438.jpg","name":"Джейн Маски","enName":"Jane Musky","profession":"художники","enProfession":"designer"},{"id":1999370,"photo":"https://st.kp.yandex.net/images/actor_iphone/iphone360_1999370.jpg","name":"Патриция Вудбридж","enName":"Patricia Woodbridge","profession":"художники","enProfession":"designer"},{"id":2003972,"photo":"https://st.kp.yandex.net/images/actor_iphone/iphone360_2003972.jpg","name":"Ричард Оуингс","enName":"Richard Owings","profession":"художники","enProfession":"designer"},{"id":2003971,"photo":"https://st.kp.yandex.net/images/actor_iphone/iphone360_2003971.jpg","name":"Линн Тоннессен","enName":"Lynn Tonnessen","profession":"художники","enProfession":"designer"},{"id":40511,"photo":"https://st.kp.yandex.net/images/actor_iphone/iphone360_40511.jpg","name":"Майкл Кейтон-Джонс","enName":"Michael Caton-Jones","profession":"режиссеры","enProfession":"director"},{"id":74097,"photo":"https://st.kp.yandex.net/images/actor_iphone/iphone360_74097.jpg","name":"Джим Кларк","enName":"Jim Clark","profession":"монтажеры","enProfession":"editor"},{"id":610496,"photo":"https://st.kp.yandex.net/images/actor_iphone/iphone360_610496.jpg","name":"Карл Вальтер Линденлауб","enName":"Karl Walter Lindenlaub","profession":"операторы","enProfession":"operator"},{"id":34593,"photo":"https://st.kp.yandex.net/images/actor_iphone/iphone360_34593.jpg","name":"Мэттью Баэр","enName":"Matthew Baer","profession":"продюсеры","enProfession":"producer"},{"id":40511,"photo":"https://st.kp.yandex.net/images/actor_iphone/iphone360_40511.jpg","name":"Майкл Кейтон-Джонс","enName":"Michael Caton-Jones","profession":"продюсеры","enProfession":"producer"},{"id":9139,"photo":"https://st.kp.yandex.net/images/actor_iphone/iphone360_9139.jpg","name":"Брэд Грэй","enName":"Brad Grey","profession":"продюсеры","enProfession":"producer"},{"id":1364,"photo":"https://st.kp.yandex.net/images/actor_iphone/iphone360_1364.jpg","name":"Эли Самаха","enName":"Elie Samaha","profession":"продюсеры","enProfession":"producer"},{"id":273210,"photo":"https://st.kp.yandex.net/images/actor_iphone/iphone360_273210.jpg","name":"Виктор Костецкий","enName":null,"profession":"актеры дубляжа","enProfession":"voice_actor"},{"id":40513,"photo":"https://st.kp.yandex.net/images/actor_iphone/iphone360_40513.jpg","name":"Кен Хиксон","enName":"Ken Hixon","profession":"редакторы","enProfession":"writer"},{"id":40512,"photo":"https://st.kp.yandex.net/images/actor_iphone/iphone360_40512.jpg","name":"Майк МакЭлари","enName":"Mike McAlary","profession":"редакторы","enProfession":"writer"}],"typeNumber":1,"alternativeName":"City by the Sea","enName":null,"names":[{"name":"Последнее дело Ламарки"},{"name":"City by the Sea"},{"name":"Condenado","language":"ES","type":null},{"name":"O Último Suspeito","language":"BR","type":null}],"ageRating":16,"ratingMpaa":"r","shortDescription":null,"sequelsAndPrequels":[],"imagesInfo":{"framesCount":31},"similarMovies":[],"logo":{"url":null},"watchability":{"items":[{"name":"Okko","logo":{"url":"https://avatars.mds.yandex.net/get-ott/239697/7713e586-17d1-42d1-ac62-53e9ef1e70c3/orig"},"url":"https://okko.tv/movie/city-by-the-sea?utm_medium=referral&utm_source=yandex_search&utm_campaign=new_search_feed"}]},"top10":null,"top250":null}