{"fees":{"world":{"value":179179718,"currency":"$"},"usa":{"value":102543518,"currency":"$"}},"status":null,"externalId":{"kpHD":"45b1ef722f87bb12bf0cf511230a33c5","imdb":"tt0287978","tmdb":9480},"rating":{"kp":6.129,"imdb":5.3,"filmCritics":5.2,"russianFilmCritics":50,"await":0},"votes":{"kp":67991,"imdb":223329,"filmCritics":226,"russianFilmCritics":4,"await":0},"backdrop":{"url":"https://avatars.mds.yandex.net/get-ott/224348/2a0000017ce766e89c3f2b021182b2d0286a/orig","previewUrl":"https://avatars.mds.yandex.net/get-ott/224348/2a0000017ce766e89c3f2b021182b2d0286a/x1000"},"movieLength":103,"productionCompanies":[{"name":"Marvel Enterprises","url":"https://www.themoviedb.org/t/p/original/2WpWp9b108hizjHKdA107hFmvQ5.png","previewUrl":"https://www.themoviedb.org/t/p/w500/2WpWp9b108hizjHKdA107hFmvQ5.png"},{"name":"New Regency Pictures","url":"https://www.themoviedb.org/t/p/original/hNuGhsKVlmhnwSRcmOejDBDjh6w.png","previewUrl":"https://www.themoviedb.org/t/p/w500/hNuGhsKVlmhnwSRcmOejDBDjh6w.png"},{"name":"Epsilon Motion Pictures","url":null,"previewUrl":null},{"name":"Regency Enterprises","url":"https://www.themoviedb.org/t/p/original/7PzJdsLGlR7oW4J0J5Xcd0pHGRg.png","previewUrl":"https://www.themoviedb.org/t/p/w500/7PzJdsLGlR7oW4J0J5Xcd0pHGRg.png"},{"name":"20th Century Fox","url":"https://www.themoviedb.org/t/p/original/qZCc1lty5FzX30aOCVRBLzaVmcp.png","previewUrl":"https://www.themoviedb.org/t/p/w500/qZCc1lty5FzX30aOCVRBLzaVmcp.png"}],"id":648,"type":"movie","name":"Сорвиголова","description":"Он живёт в мире вечной ночи, но эта темнота заполнена звуками и запахами, её можно попробовать на вкус и потрогать руками. Адвокат Мэтт Мердок слеп, но остальные органы чувств у него работают, как у супермена. Днём Мердок защищает униженных и оскорблённых в зале суда, а ночью превращается в супергероя в маске, восстанавливая справедливость на улицах города самыми радикальными методами.","premiere":{"country":"США","world":"2003-02-09T00:00:00.000Z","russia":"2003-03-12T00:00:00.000Z","cinema":"2003-03-12T00:00:00.000Z","dvd":"2010-02-09T00:00:00.000Z","bluray":"2009-03-26T00:00:00.000Z"},"slogan":"Как убить человека, который не ведает страха?","year":2003,"budget":{"value":78000000,"currency":"$"},"poster":{"url":"https://st.kp.yandex.net/images/film_big/648.jpg","previewUrl":"https://st.kp.yandex.net/images/film_iphone/iphone360_648.jpg"},"facts":[{"value":"Саундтрек к фильму был записан рок-группой <a href=\"/name/610513/\" class=\"all\">Evanescence</a>.","type":"FACT","spoiler":false},{"value":"На съемках фильма <a href=\"/name/10620/\" class=\"all\">Бен Аффлек</a> пользовался услугами сразу 4 каскадеров, подменявших его в особо рискованных сценах.","type":"FACT","spoiler":false},{"value":"Существует режиссёрская версия фильма, которая длиннее театральной на 30 минут.","type":"FACT","spoiler":false},{"value":"За три месяца до съемок <a href=\"/name/10620/\" class=\"all\">Бен Аффлек</a> начал тренироваться, чтобы подготовиться к своей роли. До съемок и во время их Аффлек каждый день обучался различным стилям боя под руководством группы каскадеров <a href=\"/name/7692/\" class=\"all\">Джеффа Имады</a> и британского тренера-ветерана Дейва Ли.","type":"FACT","spoiler":false},{"value":"Некоторые второстепенные персонажи имеют явные отсылки к известным создателям комиксов о Сорвиголове. Так, на протяжении всего фильма видны или упоминаются вскользь фамилии таких сценаристов и художников, как: <a href=\"/name/51348/\" class=\"all\">Джо Куэсада</a>, <a href=\"/name/1235812/\" class=\"all\">Джонни Ромита</a>, <a href=\"/name/30393/\" class=\"all\">Фрэнк Миллер</a>, <a href=\"/name/995953/\" class=\"all\">Брайан Бендис</a> и Дэвид Мэк. Не обошли стороной и создателей персонажа: отец Эверетт — это однофамилец художника <a href=\"/name/1737329/\" class=\"all\">Билла Эверетта</a>, а клиент, расплатившийся рыбой, назван в честь сценариста <a href=\"/name/8242/\" class=\"all\">Стэна Ли</a>.","type":"FACT","spoiler":false}],"genres":[{"name":"боевик"},{"name":"криминал"},{"name":"фантастика"}],"countries":[{"name":"США"},{"name":"Швейцария"}],"videos":{"trailers":[{"url":"https://www.youtube.com/v/jhe_OwGggnQ","name":"Музыкальный клип","site":"youtube"},{"url":"https://www.youtube.com/v/1RRT_3IuBmw","name":"ТВ-ролик №2","site":"youtube"},{"url":"https://widgets.kinopoisk.ru/discovery/trailer/572?onlyPlayer=1&autoplay=1&cover=1","name":"Трейлер №2","site":"kinopoisk_widget"},{"url":"https://widgets.kinopoisk.ru/discovery/trailer/573?onlyPlayer=1&autoplay=1&cover=1","name":"Трейлер","site":"kinopoisk_widget"},{"url":"https://widgets.kinopoisk.ru/discovery/trailer/574?onlyPlayer=1&autoplay=1&cover=1","name":"Тизер","site":"kinopoisk_widget"},{"url":"https://www.youtube.com/v/vs2zab02xdE","name":"Фрагмент (дублированный)","site":"youtube"},{"url":"https://www.youtube.com/v/k-oW9WFK_0c","name":"ТВ-ролик","site":"youtube"},{"url":"https://www.youtube.com/embed/t3Xc6FjRfoA","name":"Daredevil (2003) Original Trailer [FHD]","site":"youtube","type":"TRAILER"},{"url":"https://www.youtube.com/embed/U3JGlNUAaYg","name":"Сорвиголова - Trailer","site":"youtube","type":"TRAILER"}],"teasers":[]},"seasonsInfo":[],"persons":[{"id":10620,"photo":"https://st.kp.yandex.net/images/actor_iphone/iphone360_10620.jpg","name":"Бен Аффлек","enName":"Ben Affleck","profession":"актеры","enProfession":"actor"},{"id":30364,"photo":"https://st.kp.yandex.net/images/actor_iphone/iphone360_30364.jpg","name":"Дженнифер Гарнер","enName":"Jennifer Garner","profession":"актеры","enProfession":"actor"},{"id":373,"photo":"https://st.kp.yandex.net/images/actor_iphone/iphone360_373.jpg","name":"Колин Фаррелл","enName":"Colin Farrell","profession":"актеры","enProfession":"actor"},{"id":677,"photo":"https://st.kp.yandex.net/images/actor_iphone/iphone360_677.jpg","name":"Майкл Кларк Дункан","enName":"Michael Clarke Duncan","profession":"актеры","enProfession":"actor"},{"id":9559,"photo":"https://st.kp.yandex.net/images/actor_iphone/iphone360_9559.jpg","name":"Джон Фавро","enName":"Jon Favreau","profession":"актеры","enProfession":"actor"},{"id":9030,"photo":"https://st.kp.yandex.net/images/actor_iphone/iphone360_9030.jpg","name":"Джо Пантольяно","enName":"Joe Pantoliano","profession":"актеры","enProfession":"actor"},{"id":30365,"photo":"https://st.kp.yandex.net/images/actor_iphone/iphone360_30365.jpg","name":"Скотт Терра","enName":"Scott Terra","profession":"актеры","enProfession":"actor"},{"id":2672,"photo":"https://st.kp.yandex.net/images/actor_iphone/iphone360_2672.jpg","name":"Дэвид Кит","enName":"David Keith","profession":"актеры","enProfession":"actor"},{"id":2416,"photo":"https://st.kp.yandex.net/images/actor_iphone/iphone360_2416.jpg","name":"Эрик Авари","enName":"Erick Avari","profession":"актеры","enProfession":"actor"},{"id":27933,"photo":"https://st.kp.yandex.net/images/actor_iphone/iphone360_27933.jpg","name":"Эллен Помпео","enName":"Ellen Pompeo","profession":"актеры","enProfession":"actor"},{"id":25308,"photo":"https://st.kp.yandex.net/images/actor_iphone/iphone360_25308.jpg","name":"Лиленд Орсер","enName":"Leland Orser","profession":"актеры","enProfession":"actor"},{"id":30366,"photo":"https://st.kp.yandex.net/images/actor_iphone/iphone360_30366.jpg","name":"Ленни Лофтин","enName":"Lennie Loftin","profession":"актеры","enProfession":"actor"},{"id":23655,"photo":"https://st.kp.yandex.net/images/actor_iphone/iphone360_23655.jpg","name":"Деррик О’Коннор","enName":"Derrick O'Connor","profession":"актеры","enProfession":"actor"},{"id":6539,"photo":"https://st.kp.yandex.net/images/actor_iphone/iphone360_6539.jpg","name":"Пол Бен-Виктор","enName":"Paul Ben-Victor","profession":"актеры","enProfession":"actor"},{"id":30328,"photo":"https://st.kp.yandex.net/images/actor_iphone/iphone360_30328.jpg","name":"Фрэнки Дж. Эллисон","enName":"Frankie J. Allison","profession":"актеры","enProfession":"actor"},{"id":30367,"photo":"https://st.kp.yandex.net/images/actor_iphone/iphone360_30367.jpg","name":"Джо Дж. Гарсиа","enName":"Joe J. Garcia","profession":"актеры","enProfession":"actor"},{"id":11466,"photo":"https://st.kp.yandex.net/images/actor_iphone/iphone360_11466.jpg","name":"Джон Ротмен","enName":"John Rothman","profession":"актеры","enProfession":"actor"},{"id":30368,"photo":"https://st.kp.yandex.net/images/actor_iphone/iphone360_30368.jpg","name":"Джим Фицджералд","enName":"Jim FitzGerald","profession":"актеры","enProfession":"actor"},{"id":30369,"photo":"https://st.kp.yandex.net/images/actor_iphone/iphone360_30369.jpg","name":"Кэйси Маккарти","enName":"Casey McCarthy","profession":"актеры","enProfession":"actor"},{"id":30370,"photo":"https://st.kp.yandex.net/images/actor_iphone/iphone360_30370.jpg","name":"Луис Бернштейн","enName":"Louis Bernstein","profession":"актеры","enProfession":"actor"},{"id":30371,"photo":"https://st.kp.yandex.net/images/actor_iphone/iphone360_30371.jpg","name":"Джози ДиВинченцо","enName":"Josie DiVincenzo","profession":"актеры","enProfession":"actor"},{"id":30372,"photo":"https://st.kp.yandex.net/images/actor_iphone/iphone360_30372.jpg","name":"Хорхе Ноа","enName":"Jorge Noa","profession":"актеры","enProfession":"actor"},{"id":30373,"photo":"https://st.kp.yandex.net/images/actor_iphone/iphone360_30373.jpg","name":"Леветт М. Вашингтон","enName":"Levett M. Washington","profession":"актеры","enProfession":"actor"},{"id":30374,"photo":"https://st.kp.yandex.net/images/actor_iphone/iphone360_30374.jpg","name":"Альберто Гутьеррез","enName":"Alberto Gutierrez","profession":"актеры","enProfession":"actor"},{"id":30375,"photo":"https://st.kp.yandex.net/images/actor_iphone/iphone360_30375.jpg","name":"Лейкит С. Эванс","enName":"Lakeith S. Evans","profession":"актеры","enProfession":"actor"},{"id":30376,"photo":"https://st.kp.yandex.net/images/actor_iphone/iphone360_30376.jpg","name":"Стефанос Мильцакакис","enName":"Stefanos Miltsakakis","profession":"актеры","enProfession":"actor"},{"id":13264,"photo":"https://st.kp.yandex.net/images/actor_iphone/iphone360_13264.jpg","name":"Пэт Кроуфорд Браун","enName":"Pat Crawford Brown","profession":"актеры","enProfession":"actor"},{"id":30377,"photo":"https://st.kp.yandex.net/images/actor_iphone/iphone360_30377.jpg","name":"Кэрри Гейбен","enName":"Carrie Geiben","profession":"актеры","enProfession":"actor"},{"id":30378,"photo":"https://st.kp.yandex.net/images/actor_iphone/iphone360_30378.jpg","name":"Люк Строуд","enName":"Luke Strode","profession":"актеры","enProfession":"actor"},{"id":30379,"photo":"https://st.kp.yandex.net/images/actor_iphone/iphone360_30379.jpg","name":"Брюс Милбах","enName":"Bruce Mibach","profession":"актеры","enProfession":"actor"},{"id":22842,"photo":"https://st.kp.yandex.net/images/actor_iphone/iphone360_22842.jpg","name":"Дэвид Доути","enName":"David Doty","profession":"актеры","enProfession":"actor"},{"id":30380,"photo":"https://st.kp.yandex.net/images/actor_iphone/iphone360_30380.jpg","name":"Рон Мэтьюз","enName":"Ron Mathews","profession":"актеры","enProfession":"actor"},{"id":8469,"photo":"https://st.kp.yandex.net/images/actor_iphone/iphone360_8469.jpg","name":"Кевин Смит","enName":"Kevin Smith","profession":"актеры","enProfession":"actor"},{"id":30381,"photo":"https://st.kp.yandex.net/images/actor_iphone/iphone360_30381.jpg","name":"Дэниэл Б. Уинг","enName":"Daniel B. Wing","profession":"актеры","enProfession":"actor"},{"id":30382,"photo":"https://st.kp.yandex.net/images/actor_iphone/iphone360_30382.jpg","name":"Джефф Падилья","enName":"Jeff Padilla","profession":"актеры","enProfession":"actor"},{"id":30383,"photo":"https://st.kp.yandex.net/images/actor_iphone/iphone360_30383.jpg","name":"Дэн Бринкл","enName":"Dan Brinkle","profession":"актеры","enProfession":"actor"},{"id":569,"photo":"https://st.kp.yandex.net/images/actor_iphone/iphone360_569.jpg","name":"Джек Рейсс","enName":"Jack Reiss","profession":"актеры","enProfession":"actor"},{"id":8242,"photo":"https://st.kp.yandex.net/images/actor_iphone/iphone360_8242.jpg","name":"Стэн Ли","enName":"Stan Lee","profession":"актеры","enProfession":"actor"},{"id":30384,"photo":"https://st.kp.yandex.net/images/actor_iphone/iphone360_30384.jpg","name":"Соня Диденко","enName":"Sonya Didenko","profession":"актеры","enProfession":"actor"},{"id":30385,"photo":"https://st.kp.yandex.net/images/actor_iphone/iphone360_30385.jpg","name":"Грег «Кристофер» Смит","enName":"Greg «Christopher» Smith","profession":"актеры","enProfession":"actor"},{"id":30386,"photo":"https://st.kp.yandex.net/images/actor_iphone/iphone360_30386.jpg","name":"Кристофер Прескотт","enName":"Christopher Prescott","profession":"актеры","enProfession":"actor"},{"id":30387,"photo":"https://st.kp.yandex.net/images/actor_iphone/iphone360_30387.jpg","name":"Эри Рэндолл","enName":"Ari Randall","profession":"актеры","enProfession":"actor"},{"id":30388,"photo":"https://st.kp.yandex.net/images/actor_iphone/iphone360_30388.jpg","name":"Джон С. Бакас","enName":"John S. Bakas","profession":"актеры","enProfession":"actor"},{"id":2652,"photo":"https://st.kp.yandex.net/images/actor_iphone/iphone360_2652.jpg","name":"Грег Коллинз","enName":"Greg Collins","profession":"актеры","enProfession":"actor"},{"id":30389,"photo":"https://st.kp.yandex.net/images/actor_iphone/iphone360_30389.jpg","name":"Роберт Айлер","enName":"Robert Iler","profession":"актеры","enProfession":"actor"},{"id":1136185,"photo":"https://st.kp.yandex.net/images/actor_iphone/iphone360_1136185.jpg","name":"Чад Такер","enName":"Chad Tucker","profession":"актеры","enProfession":"actor"},{"id":30391,"photo":"https://st.kp.yandex.net/images/actor_iphone/iphone360_30391.jpg","name":"Джэми Махони","enName":"Jamie Mahoney","profession":"актеры","enProfession":"actor"},{"id":1096801,"photo":"https://st.kp.yandex.net/images/actor_iphone/iphone360_1096801.jpg","name":"Йорн Уинтер","enName":"Jorn H. Winther","profession":"актеры","enProfession":"actor"},{"id":30393,"photo":"https://st.kp.yandex.net/images/actor_iphone/iphone360_30393.jpg","name":"Фрэнк Миллер","enName":"Frank Miller","profession":"актеры","enProfession":"actor"},{"id":1385,"photo":"https://st.kp.yandex.net/images/actor_iphone/iphone360_1385.jpg","name":"Кулио","enName":"Coolio","profession":"актеры","enProfession":"actor"},{"id":30316,"photo":"https://st.kp.yandex.net/images/actor_iphone/iphone360_30316.jpg","name":"Дина Розенмейер","enName":"Dina Rosenmeier","profession":"актеры","enProfession":"actor"},{"id":25914,"photo":"https://st.kp.yandex.net/images/actor_iphone/iphone360_25914.jpg","name":"Джуд Чикколелла","enName":"Jude Ciccolella","profession":"актеры","enProfession":"actor"},{"id":32255,"photo":"https://st.kp.yandex.net/images/actor_iphone/iphone360_32255.jpg","name":"Грегг Марк Миллер","enName":"Gregg Marc Miller","profession":"актеры","enProfession":"actor"},{"id":234976,"photo":"https://st.kp.yandex.net/images/actor_iphone/iphone360_234976.jpg","name":"Рой Ли Джонс","enName":"Roy Lee Jones","profession":"актеры","enProfession":"actor"},{"id":30397,"photo":"https://st.kp.yandex.net/images/actor_iphone/iphone360_30397.jpg","name":"Кевин Спиртас","enName":"Kevin Spirtas","profession":"актеры","enProfession":"actor"},{"id":736945,"photo":"https://st.kp.yandex.net/images/actor_iphone/iphone360_736945.jpg","name":"Вивиан Палермо Уинтер","enName":"Vivian Palermo Winther","profession":"актеры","enProfession":"actor"},{"id":736944,"photo":"https://st.kp.yandex.net/images/actor_iphone/iphone360_736944.jpg","name":"Эдвард Дж. Кралл","enName":"Edward J. Krall","profession":"актеры","enProfession":"actor"},{"id":25699,"photo":"https://st.kp.yandex.net/images/actor_iphone/iphone360_25699.jpg","name":"Бернард Уильямс","enName":"Bernard Williams","profession":"актеры","enProfession":"actor"},{"id":728506,"photo":"https://st.kp.yandex.net/images/actor_iphone/iphone360_728506.jpg","name":"Коллин Грант","enName":"Collin Grant","profession":"актеры","enProfession":"actor"},{"id":75833,"photo":"https://st.kp.yandex.net/images/actor_iphone/iphone360_75833.jpg","name":"Кристиан Бовинг","enName":"Christian Boeving","profession":"актеры","enProfession":"actor"},{"id":223358,"photo":"https://st.kp.yandex.net/images/actor_iphone/iphone360_223358.jpg","name":"Рэй Буффер","enName":"Ray Buffer","profession":"актеры","enProfession":"actor"},{"id":459219,"photo":"https://st.kp.yandex.net/images/actor_iphone/iphone360_459219.jpg","name":"Дэвид Берроуз","enName":"David Burrows","profession":"актеры","enProfession":"actor"},{"id":728508,"photo":"https://st.kp.yandex.net/images/actor_iphone/iphone360_728508.jpg","name":"Карло Корасон","enName":"Carlo Corazon","profession":"актеры","enProfession":"actor"},{"id":728509,"photo":"https://st.kp.yandex.net/images/actor_iphone/iphone360_728509.jpg","name":"Майкл Дьюсенберг","enName":"Michael Duisenberg","profession":"актеры","enProfession":"actor"},{"id":30083,"photo":"https://st.kp.yandex.net/images/actor_iphone/iphone360_30083.jpg","name":"Хэлли Ивленд","enName":"Halley Eveland","profession":"актеры","enProfession":"actor"},{"id":475769,"photo":"https://st.kp.yandex.net/images/actor_iphone/iphone360_475769.jpg","name":"Клодин Фаррелл","enName":"Claudine Farrell","profession":"актеры","enProfession":"actor"},{"id":616246,"photo":"https://st.kp.yandex.net/images/actor_iphone/iphone360_616246.jpg","name":"Андре Гордон","enName":"André Gordon","profession":"актеры","enProfession":"actor"},{"id":50355,"photo":"https://st.kp.yandex.net/images/actor_iphone/iphone360_50355.jpg","name":"Дуглас Хаазе","enName":"Douglas Haase","profession":"актеры","enProfession":"actor"},{"id":30394,"photo":"https://st.kp.yandex.net/images/actor_iphone/iphone360_30394.jpg","name":"Кэйн Ходдер","enName":"Kane Hodder","profession":"актеры","enProfession":"actor"},{"id":736956,"photo":"https://st.kp.yandex.net/images/actor_iphone/iphone360_736956.jpg","name":"Тед Холлис","enName":"Ted Hollis","profession":"актеры","enProfession":"actor"},{"id":166448,"photo":"https://st.kp.yandex.net/images/actor_iphone/iphone360_166448.jpg","name":"Том Ховард","enName":"Tom Howard","profession":"актеры","enProfession":"actor"},{"id":475770,"photo":"https://st.kp.yandex.net/images/actor_iphone/iphone360_475770.jpg","name":"Сьюзи Джонсон","enName":"Suzie Johnson","profession":"актеры","enProfession":"actor"},{"id":30395,"photo":"https://st.kp.yandex.net/images/actor_iphone/iphone360_30395.jpg","name":"Бойд Келли","enName":"Boyd Kelly","profession":"актеры","enProfession":"actor"},{"id":1974264,"photo":"https://st.kp.yandex.net/images/actor_iphone/iphone360_1974264.jpg","name":"Тина Лоррэйн","enName":"Tina Lorraine","profession":"актеры","enProfession":"actor"},{"id":5334,"photo":"https://st.kp.yandex.net/images/actor_iphone/iphone360_5334.jpg","name":"Марк Марголис","enName":"Mark Margolis","profession":"актеры","enProfession":"actor"},{"id":1122846,"photo":"https://st.kp.yandex.net/images/actor_iphone/iphone360_1122846.jpg","name":"Ребекка Майкл","enName":"Rebecca Michael","profession":"актеры","enProfession":"actor"},{"id":475771,"photo":"https://st.kp.yandex.net/images/actor_iphone/iphone360_475771.jpg","name":"Гектор Моралес","enName":"Hector Morales","profession":"актеры","enProfession":"actor"},{"id":610509,"photo":"https://st.kp.yandex.net/images/actor_iphone/iphone360_610509.jpg","name":"Келли Ниш","enName":"Kelly Nish","profession":"актеры","enProfession":"actor"},{"id":475772,"photo":"https://st.kp.yandex.net/images/actor_iphone/iphone360_475772.jpg","name":"Брайан М. Олсон","enName":"Brian M. Olson","profession":"актеры","enProfession":"actor"},{"id":555108,"photo":"https://st.kp.yandex.net/images/actor_iphone/iphone360_555108.jpg","name":"Кевин Портер","enName":"Kevin Porter","profession":"актеры","enProfession":"actor"},{"id":1019284,"photo":"https://st.kp.yandex.net/images/actor_iphone/iphone360_1019284.jpg","name":null,"enName":"Paul Proios","profession":"актеры","enProfession":"actor"},{"id":32697,"photo":"https://st.kp.yandex.net/images/actor_iphone/iphone360_32697.jpg","name":"Таноай Рид","enName":"Tanoai Reed","profession":"актеры","enProfession":"actor"},{"id":456315,"photo":"https://st.kp.yandex.net/images/actor_iphone/iphone360_456315.jpg","name":"Тьерри Сигал","enName":"Thierry Segall","profession":"актеры","enProfession":"actor"},{"id":1615423,"photo":"https://st.kp.yandex.net/images/actor_iphone/iphone360_1615423.jpg","name":"Джимми Стар","enName":"Jimmy Star","profession":"актеры","enProfession":"actor"},{"id":584046,"photo":"https://st.kp.yandex.net/images/actor_iphone/iphone360_584046.jpg","name":"Сандра Телес","enName":"Sandra Teles","profession":"актеры","enProfession":"actor"},{"id":539489,"photo":"https://st.kp.yandex.net/images/actor_iphone/iphone360_539489.jpg","name":"Нэнси Ветцел","enName":"Nancy Wetzel","profession":"актеры","enProfession":"actor"},{"id":265933,"photo":"https://st.kp.yandex.net/images/actor_iphone/iphone360_265933.jpg","name":"Патрик Уильямс","enName":"Patrick Williams","profession":"актеры","enProfession":"actor"},{"id":609464,"photo":"https://st.kp.yandex.net/images/actor_iphone/iphone360_609464.jpg","name":"Грэм Ревелл","enName":"Graeme Revell","profession":"композиторы","enProfession":"composer"},{"id":1986889,"photo":"https://st.kp.yandex.net/images/actor_iphone/iphone360_1986889.jpg","name":"Бэрри Чусид","enName":"Barry Chusid","profession":"художники","enProfession":"designer"},{"id":1997938,"photo":"https://st.kp.yandex.net/images/actor_iphone/iphone360_1997938.jpg","name":"Джастин Скоппа мл.","enName":"Justin Scoppa Jr.","profession":"художники","enProfession":"designer"},{"id":2000232,"photo":"https://st.kp.yandex.net/images/actor_iphone/iphone360_2000232.jpg","name":"Джеймс Е. Точчи","enName":"James E. Tocci","profession":"художники","enProfession":"designer"},{"id":1741462,"photo":"https://st.kp.yandex.net/images/actor_iphone/iphone360_1741462.jpg","name":"Джеймс Эчесон","enName":"James Acheson","profession":"художники","enProfession":"designer"},{"id":2354663,"photo":"https://st.kp.yandex.net/images/actor_iphone/iphone360_2354663.jpg","name":"Виктор Дж. Золфо","enName":"Victor J. Zolfo","profession":"художники","enProfession":"designer"},{"id":30363,"photo":"https://st.kp.yandex.net/images/actor_iphone/iphone360_30363.jpg","name":"Марк Стивен Джонсон","enName":"Mark Steven Johnson","profession":"режиссеры","enProfession":"director"},{"id":1988954,"photo":"https://st.kp.yandex.net/images/actor_iphone/iphone360_1988954.jpg","name":"Армен Минасян","enName":"Armen Minasian","profession":"монтажеры","enProfession":"editor"},{"id":1342309,"photo":"https://st.kp.yandex.net/images/actor_iphone/iphone360_1342309.jpg","name":"Дэннис Вирклер","enName":"Dennis Virkler","profession":"монтажеры","enProfession":"editor"},{"id":610522,"photo":"https://st.kp.yandex.net/images/actor_iphone/iphone360_610522.jpg","name":"Эриксон Кор","enName":"Ericson Core","profession":"операторы","enProfession":"operator"},{"id":8281,"photo":"https://st.kp.yandex.net/images/actor_iphone/iphone360_8281.jpg","name":"Ави Арад","enName":"Avi Arad","profession":"продюсеры","enProfession":"producer"},{"id":25103,"photo":"https://st.kp.yandex.net/images/actor_iphone/iphone360_25103.jpg","name":"Гари Фостер","enName":"Gary Foster","profession":"продюсеры","enProfession":"producer"},{"id":14611,"photo":"https://st.kp.yandex.net/images/actor_iphone/iphone360_14611.jpg","name":"Арнон Милчен","enName":"Arnon Milchan","profession":"продюсеры","enProfession":"producer"},{"id":16376,"photo":"https://st.kp.yandex.net/images/actor_iphone/iphone360_16376.jpg","name":"Билл Карраро","enName":"Bill Carraro","profession":"продюсеры","enProfession":"producer"},{"id":251264,"photo":"https://st.kp.yandex.net/images/actor_iphone/iphone360_251264.jpg","name":"Евгений Иванов","enName":null,"profession":"актеры дубляжа","enProfession":"voice_actor"},{"id":290512,"photo":"https://st.kp.yandex.net/images/actor_iphone/iphone360_290512.jpg","name":"Ольга Сирина","enName":null,"profession":"актеры дубляжа","enProfession":"voice_actor"},{"id":1079073,"photo":"https://st.kp.yandex.net/images/actor_iphone/iphone360_1079073.jpg","name":"Андрей Бархударов","enName":null,"profession":"актеры дубляжа","enProfession":"voice_actor"},{"id":273292,"photo":"https://st.kp.yandex.net/images/actor_iphone/iphone360_273292.jpg","name":"Дмитрий Назаров","enName":null,"profession":"актеры дубляжа","enProfession":"voice_actor"},{"id":298213,"photo":"https://st.kp.yandex.net/images/actor_iphone/iphone360_298213.jpg","name":"Дмитрий Полонский","enName":null,"profession":"актеры дубляжа","enProfession":"voice_actor"},{"id":1649884,"photo":"https://st.kp.yandex.net/images/actor_iphone/iphone360_1649884.jpg","name":"Андрей Казанцев","enName":null,"profession":"актеры дубляжа","enProfession":"voice_actor"},{"id":1613683,"photo":"https://st.kp.yandex.net/images/actor_iphone/iphone360_1613683.jpg","name":"Иван Витер","enName":null,"profession":"актеры дубляжа","enProfession":"voice_actor"},{"id":1078947,"photo":"https://st.kp.yandex.net/images/actor_iphone/iphone360_1078947.jpg","name":"Александр Клюквин","enName":null,"profession":"актеры дубляжа","enProfession":"voice_actor"},{"id":1646457,"photo":"https://st.kp.yandex.net/images/actor_iphone/iphone360_1646457.jpg","name":"Владимир Радченко","enName":null,"profession":"актеры дубляжа","enProfession":"voice_actor"},{"id":1171565,"photo":"https://st.kp.yandex.net/images/actor_iphone/iphone360_1171565.jpg","name":"Светлана Олешковская","enName":null,"profession":"актеры дубляжа","enProfession":"voice_actor"},{"id":287613,"photo":"https://st.kp.yandex.net/images/actor_iphone/iphone360_287613.jpg","name":"Сергей Чекан","enName":null,"profession":"актеры дубляжа","enProfession":"voice_actor"},{"id":290408,"photo":"https://st.kp.yandex.net/images/actor_iphone/iphone360_290408.jpg","name":"Александр Рахленко","enName":null,"profession":"актеры дубляжа","enProfession":"voice_actor"},{"id":320243,"photo":"https://st.kp.yandex.net/images/actor_iphone/iphone360_320243.jpg","name":"Виктор Петров","enName":null,"profession":"актеры дубляжа","enProfession":"voice_actor"},{"id":284585,"photo":"https://st.kp.yandex.net/images/actor_iphone/iphone360_284585.jpg","name":"Андрей Гриневич","enName":null,"profession":"актеры дубляжа","enProfession":"voice_actor"},{"id":1159780,"photo":"https://st.kp.yandex.net/images/actor_iphone/iphone360_1159780.jpg","name":"Александр Груздев","enName":null,"profession":"актеры дубляжа","enProfession":"voice_actor"},{"id":1348569,"photo":"https://st.kp.yandex.net/images/actor_iphone/iphone360_1348569.jpg","name":"Александр Хотченков","enName":null,"profession":"актеры дубляжа","enProfession":"voice_actor"},{"id":1780936,"photo":"https://st.kp.yandex.net/images/actor_iphone/iphone360_1780936.jpg","name":"Александр Белый","enName":null,"profession":"актеры дубляжа","enProfession":"voice_actor"},{"id":1665200,"photo":"https://st.kp.yandex.net/images/actor_iphone/iphone360_1665200.jpg","name":"Александр Котов","enName":null,"profession":"актеры дубляжа","enProfession":"voice_actor"},{"id":290301,"photo":"https://st.kp.yandex.net/images/actor_iphone/iphone360_290301.jpg","name":"Александра Назарова","enName":null,"profession":"актеры дубляжа","enProfession":"voice_actor"},{"id":464137,"photo":"https://st.kp.yandex.net/images/actor_iphone/iphone360_464137.jpg","name":"Мария Овчинникова","enName":null,"profession":"актеры дубляжа","enProfession":"voice_actor"},{"id":277027,"photo":"https://st.kp.yandex.net/images/actor_iphone/iphone360_277027.jpg","name":"Андрей Градов","enName":null,"profession":"актеры дубляжа","enProfession":"voice_actor"},{"id":30363,"photo":"https://st.kp.yandex.net/images/actor_iphone/iphone360_30363.jpg","name":"Марк Стивен Джонсон","enName":"Mark Steven Johnson","profession":"редакторы","enProfession":"writer"}],"typeNumber":1,"alternativeName":"Daredevil","enName":null,"names":[{"name":"Сорвиголова"},{"name":"Daredevil"},{"name":"Daredevil: El hombre sin miedo","language":"AR","type":null},{"name":"夜魔侠","language":"CN","type":null},{"name":"Dyavol na dobroto","language":"BG","type":null},{"name":"Daredevil: A Daring New Vision","language":"US","type":"director's cut DVD title"},{"name":"Daredevil Director's Cut","language":"US","type":null},{"name":"Shybayholova","language":"UA","type":null},{"name":"Sorvigolova","language":"RU","type":null},{"name":"Derdevil","language":"RS","type":null},{"name":"Demolidor - O Homem Sem Medo (2003)","language":"BR","type":null},{"name":"دردویل","language":"IR","type":null}],"ageRating":12,"ratingMpaa":"pg13","imagesInfo":{"framesCount":60},"similarMovies":[{"id":263531,"name":"Мстители","enName":null,"alternativeName":"The Avengers","type":"movie","poster":{"url":"https://avatars.mds.yandex.net/get-kinopoisk-image/1898899/972b7f43-9677-40ce-a9bc-02a88ad3919d/orig","previewUrl":"https://avatars.mds.yandex.net/get-kinopoisk-image/1898899/972b7f43-9677-40ce-a9bc-02a88ad3919d/x1000"}},{"id":838,"name":"Человек-паук","enName":null,"alternativeName":"Spider-Man","type":"movie","poster":{"url":"https://avatars.mds.yandex.net/get-kinopoisk-image/1946459/428e2842-4157-45e8-a9af-1e5245e52c37/orig","previewUrl":"https://avatars.mds.yandex.net/get-kinopoisk-image/1946459/428e2842-4157-45e8-a9af-1e5245e52c37/x1000"}},{"id":7030,"name":"Электра","enName":null,"alternativeName":"Elektra","type":"movie","poster":{"url":"https://avatars.mds.yandex.net/get-kinopoisk-image/1946459/04938ba0-c61e-4b50-8eaf-c47e4f609b31/orig","previewUrl":"https://avatars.mds.yandex.net/get-kinopoisk-image/1946459/04938ba0-c61e-4b50-8eaf-c47e4f609b31/x1000"}},{"id":278217,"name":"Новый Человек-паук","enName":null,"alternativeName":"The Amazing Spider-Man","type":"movie","poster":{"url":"https://avatars.mds.yandex.net/get-kinopoisk-image/1704946/94bbf625-f375-4629-8345-2e9565c07d56/orig","previewUrl":"https://avatars.mds.yandex.net/get-kinopoisk-image/1704946/94bbf625-f375-4629-8345-2e9565c07d56/x1000"}},{"id":3523,"name":"Женщина-кошка","enName":null,"alternativeName":"Catwoman","type":"movie","poster":{"url":"https://avatars.mds.yandex.net/get-kinopoisk-image/1629390/3185c5a4-1331-4611-9eab-5b21fc3e62b0/orig","previewUrl":"https://avatars.mds.yandex.net/get-kinopoisk-image/1629390/3185c5a4-1331-4611-9eab-5b21fc3e62b0/x1000"}},{"id":3948,"name":"Призрачный гонщик","enName":null,"alternativeName":"Ghost Rider","type":"movie","poster":{"url":"https://avatars.mds.yandex.net/get-kinopoisk-image/1946459/9ec27773-237c-4e4c-a9ce-d5746c6f4f9d/orig","previewUrl":"https://avatars.mds.yandex.net/get-kinopoisk-image/1946459/9ec27773-237c-4e4c-a9ce-d5746c6f4f9d/x1000"}},{"id":111543,"name":"Темный рыцарь","enName":null,"alternativeName":"The Dark Knight","type":"movie","poster":{"url":"https://avatars.mds.yandex.net/get-kinopoisk-image/1599028/0fa5bf50-d5ad-446f-a599-b26d070c8b99/orig","previewUrl":"https://avatars.mds.yandex.net/get-kinopoisk-image/1599028/0fa5bf50-d5ad-446f-a599-b26d070c8b99/x1000"}},{"id":160946,"name":"Первый мститель","enName":null,"alternativeName":"Captain America: The First Avenger","type":"movie","poster":{"url":"https://avatars.mds.yandex.net/get-kinopoisk-image/6201401/e33e1f96-bb6b-4630-a419-c90af926c7f3/orig","previewUrl":"https://avatars.mds.yandex.net/get-kinopoisk-image/6201401/e33e1f96-bb6b-4630-a419-c90af926c7f3/x1000"}},{"id":38472,"name":"Возвращение Супермена","enName":null,"alternativeName":"Superman Returns","type":"movie","poster":{"url":"https://avatars.mds.yandex.net/get-kinopoisk-image/1600647/0bb867b9-9e3e-4049-8bf3-96c5fa1f3f86/orig","previewUrl":"https://avatars.mds.yandex.net/get-kinopoisk-image/1600647/0bb867b9-9e3e-4049-8bf3-96c5fa1f3f86/x1000"}},{"id":17661,"name":"Каратель","enName":null,"alternativeName":"The Punisher","type":"movie","poster":{"url":"https://avatars.mds.yandex.net/get-kinopoisk-image/1599028/5107b1a0-bfa2-4b58-9c84-9ba4d373e8ef/orig","previewUrl":"https://avatars.mds.yandex.net/get-kinopoisk-image/1599028/5107b1a0-bfa2-4b58-9c84-9ba4d373e8ef/x1000"}}],"sequelsAndPrequels":[],"shortDescription":"Слепой адвокат в костюме супергероя охраняет закон на ночных улицах. Бен Аффлек в экранизации комиксов Marvel","logo":{"url":"https://avatars.mds.yandex.net/get-ott/239697/2a0000017ce7670ac0f1b8470c2a2c9b58f7/orig"},"watchability":{"items":null},"top10":null,"top250":null}