{"videos":{"trailers":[{"url":"https://widgets.kinopoisk.ru/discovery/trailer/102664?onlyPlayer=1&autoplay=1&cover=1","name":"Испанский трейлер","site":"kinopoisk_widget"},{"url":"https://www.youtube.com/v/wkazPqs46NE","name":"Трейлер","site":"youtube"},{"url":"https://www.youtube.com/embed/MG_xQs9_MGQ","name":"Das Experiment Trailer","site":"youtube","type":"TRAILER"}],"teasers":[]},"fees":{"world":{"value":11599775,"currency":"$"},"usa":{"value":144634,"currency":"$"}},"id":663,"type":"movie","externalId":{"kpHD":null,"imdb":"tt0250258","tmdb":575},"name":"Эксперимент","rating":{"kp":7.712,"imdb":7.7,"filmCritics":6.6,"russianFilmCritics":0,"await":0},"description":"В ходе научного эксперимента 12 обыкновенных людей добровольно становятся на две недели «заключенными» тюрьмы, в то время как 8 таких же добровольцев становятся надзирателями. Задача первых - соблюдать правила тюремного режима; задача вторых - поддерживать порядок. Но человеческая природа берет свое, и эксперимент выходит из-под контроля: под бесстрастными взглядами ученых надзиратели упиваются властью, унижая заключенных, и в тюрьме назревает бунт…","votes":{"kp":50028,"imdb":94802,"filmCritics":65,"russianFilmCritics":1,"await":0},"premiere":{"country":"Германия","world":"2001-03-07T00:00:00.000Z","russia":"2002-01-03T00:00:00.000Z","cinema":"2002-01-03T00:00:00.000Z","dvd":"2009-09-03T00:00:00.000Z"},"slogan":"They never imagined it would go this far","year":2000,"poster":{"url":"https://st.kp.yandex.net/images/film_big/663.jpg","previewUrl":"https://st.kp.yandex.net/images/film_iphone/iphone360_663.jpg"},"facts":[{"value":"Фильм снимали в хронологическом порядке.","type":"FACT","spoiler":false},{"value":"<a href=\"/name/52225/\" class=\"all\">Оливер Штоковски</a> страдает клаустрофобией. В одной из начальных сцен фильма, где показано, как заключённых набивают в кабину лифта, у него на лице можно прочесть беспокойство, которое он испытывает.","type":"FACT","spoiler":false},{"value":"На роль заключённого № 82, которая досталась <a href=\"/name/52225/\" class=\"all\">Оливеру Штоковски</a>, вначале претендовал <a href=\"/name/46756/\" class=\"all\">Кристан Беркель</a>. В итоге он сыграл заключённого № 38.","type":"FACT","spoiler":false}],"genres":[{"name":"триллер"},{"name":"драма"}],"countries":[{"name":"Германия"}],"seasonsInfo":[],"persons":[{"id":52224,"photo":"https://st.kp.yandex.net/images/actor_iphone/iphone360_52224.jpg","name":"Мориц Бляйбтрой","enName":"Moritz Bleibtreu","profession":"актеры","enProfession":"actor"},{"id":46756,"photo":"https://st.kp.yandex.net/images/actor_iphone/iphone360_46756.jpg","name":"Кристиан Беркель","enName":"Christian Berkel","profession":"актеры","enProfession":"actor"},{"id":52225,"photo":"https://st.kp.yandex.net/images/actor_iphone/iphone360_52225.jpg","name":"Оливер Штоковски","enName":"Oliver Stokowski","profession":"актеры","enProfession":"actor"},{"id":17975,"photo":"https://st.kp.yandex.net/images/actor_iphone/iphone360_17975.jpg","name":"Юстус фон Донаньи","enName":"Justus von Dohnanyi","profession":"актеры","enProfession":"actor"},{"id":52235,"photo":"https://st.kp.yandex.net/images/actor_iphone/iphone360_52235.jpg","name":"Тимо Диркес \t","enName":"Timo Dierkes","profession":"актеры","enProfession":"actor"},{"id":52241,"photo":"https://st.kp.yandex.net/images/actor_iphone/iphone360_52241.jpg","name":"Андреа Завацки","enName":"Andrea Sawatzki","profession":"актеры","enProfession":"actor"},{"id":52243,"photo":"https://st.kp.yandex.net/images/actor_iphone/iphone360_52243.jpg","name":"Марен Эггерт","enName":"Maren Eggert","profession":"актеры","enProfession":"actor"},{"id":52240,"photo":"https://st.kp.yandex.net/images/actor_iphone/iphone360_52240.jpg","name":"Эдгар Зельге","enName":"Edgar Selge","profession":"актеры","enProfession":"actor"},{"id":28163,"photo":"https://st.kp.yandex.net/images/actor_iphone/iphone360_28163.jpg","name":"Вотан Вильке Мёринг","enName":"Wotan Wilke Möhring","profession":"актеры","enProfession":"actor"},{"id":52226,"photo":"https://st.kp.yandex.net/images/actor_iphone/iphone360_52226.jpg","name":"Стефан Сас","enName":"Stephan Szasz","profession":"актеры","enProfession":"actor"},{"id":52227,"photo":"https://st.kp.yandex.net/images/actor_iphone/iphone360_52227.jpg","name":"Полат Дал","enName":"Polat Dal","profession":"актеры","enProfession":"actor"},{"id":52228,"photo":"https://st.kp.yandex.net/images/actor_iphone/iphone360_52228.jpg","name":"Дэнни Рихтер","enName":"Danny Richter","profession":"актеры","enProfession":"actor"},{"id":52229,"photo":"https://st.kp.yandex.net/images/actor_iphone/iphone360_52229.jpg","name":"Ральф Мюллер","enName":"Ralf Müller","profession":"актеры","enProfession":"actor"},{"id":52230,"photo":"https://st.kp.yandex.net/images/actor_iphone/iphone360_52230.jpg","name":"Маркус Рудольф","enName":"Markus Rudolf","profession":"актеры","enProfession":"actor"},{"id":52231,"photo":"https://st.kp.yandex.net/images/actor_iphone/iphone360_52231.jpg","name":"Петер Физелер","enName":"Peter Fieseler","profession":"актеры","enProfession":"actor"},{"id":52232,"photo":"https://st.kp.yandex.net/images/actor_iphone/iphone360_52232.jpg","name":"Торстен Дерш","enName":"Thorsten Dersch","profession":"актеры","enProfession":"actor"},{"id":52233,"photo":"https://st.kp.yandex.net/images/actor_iphone/iphone360_52233.jpg","name":"Свен Грефер","enName":"Sven Grefer","profession":"актеры","enProfession":"actor"},{"id":52234,"photo":"https://st.kp.yandex.net/images/actor_iphone/iphone360_52234.jpg","name":"Никки фон Темпельхофф","enName":"Nicki von Tempelhoff","profession":"актеры","enProfession":"actor"},{"id":26400,"photo":"https://st.kp.yandex.net/images/actor_iphone/iphone360_26400.jpg","name":"Антуан Моно мл.","enName":"Antoine Monot Jr.","profession":"актеры","enProfession":"actor"},{"id":52236,"photo":"https://st.kp.yandex.net/images/actor_iphone/iphone360_52236.jpg","name":"Ларс Гертнер","enName":"Lars Gärtner","profession":"актеры","enProfession":"actor"},{"id":52237,"photo":"https://st.kp.yandex.net/images/actor_iphone/iphone360_52237.jpg","name":"Яцек Климонтко","enName":"Jacek Klimontko","profession":"актеры","enProfession":"actor"},{"id":52238,"photo":"https://st.kp.yandex.net/images/actor_iphone/iphone360_52238.jpg","name":"Маркус Клаук","enName":"Markus Andreas Klauk","profession":"актеры","enProfession":"actor"},{"id":52239,"photo":"https://st.kp.yandex.net/images/actor_iphone/iphone360_52239.jpg","name":"Ральф Пюттманн","enName":"Ralph Püttmann","profession":"актеры","enProfession":"actor"},{"id":52242,"photo":"https://st.kp.yandex.net/images/actor_iphone/iphone360_52242.jpg","name":"Филипп Хохмайр","enName":"Philipp Hochmair","profession":"актеры","enProfession":"actor"},{"id":584984,"photo":"https://st.kp.yandex.net/images/actor_iphone/iphone360_584984.jpg","name":"Клаус Спиннлер","enName":"Klaus Spinnler","profession":"актеры","enProfession":"actor"},{"id":610745,"photo":"https://st.kp.yandex.net/images/actor_iphone/iphone360_610745.jpg","name":"Тристан Востри","enName":"Tristan Vostry","profession":"актеры","enProfession":"actor"},{"id":6084,"photo":"https://st.kp.yandex.net/images/actor_iphone/iphone360_6084.jpg","name":"Андре Юнг","enName":"André Jung","profession":"актеры","enProfession":"actor"},{"id":52244,"photo":"https://st.kp.yandex.net/images/actor_iphone/iphone360_52244.jpg","name":"Уве Роде","enName":"Uwe Rohde","profession":"актеры","enProfession":"actor"},{"id":14166,"photo":"https://st.kp.yandex.net/images/actor_iphone/iphone360_14166.jpg","name":"Хайнер Лаутербах","enName":"Heiner Lauterbach","profession":"актеры","enProfession":"actor"},{"id":52245,"photo":"https://st.kp.yandex.net/images/actor_iphone/iphone360_52245.jpg","name":"Фатих Акин","enName":"Fatih Akin","profession":"актеры","enProfession":"actor"},{"id":52246,"photo":"https://st.kp.yandex.net/images/actor_iphone/iphone360_52246.jpg","name":"Христиане Гербот","enName":"Christiane Gerboth","profession":"актеры","enProfession":"actor"},{"id":610746,"photo":"https://st.kp.yandex.net/images/actor_iphone/iphone360_610746.jpg","name":"Александр Бубенхайм","enName":"Alexander Bubenheim","profession":"композиторы","enProfession":"composer"},{"id":2010162,"photo":"https://st.kp.yandex.net/images/actor_iphone/iphone360_2010162.jpg","name":"Андреа Кесслер","enName":"Andrea Kessler","profession":"художники","enProfession":"designer"},{"id":288584,"photo":"https://st.kp.yandex.net/images/actor_iphone/iphone360_288584.jpg","name":"Ули Ханиш","enName":"Uli Hanisch","profession":"художники","enProfession":"designer"},{"id":1997726,"photo":"https://st.kp.yandex.net/images/actor_iphone/iphone360_1997726.jpg","name":"Клаудия Бобсин","enName":"Claudia Bobsin","profession":"художники","enProfession":"designer"},{"id":52219,"photo":"https://st.kp.yandex.net/images/actor_iphone/iphone360_52219.jpg","name":"Оливер Хиршбигель","enName":"Oliver Hirschbiegel","profession":"режиссеры","enProfession":"director"},{"id":1997725,"photo":"https://st.kp.yandex.net/images/actor_iphone/iphone360_1997725.jpg","name":"Ганс Функ","enName":"Hans Funck","profession":"монтажеры","enProfession":"editor"},{"id":406548,"photo":"https://st.kp.yandex.net/images/actor_iphone/iphone360_406548.jpg","name":"Райнер Клаусманн","enName":"Rainer Klausmann","profession":"операторы","enProfession":"operator"},{"id":52247,"photo":"https://st.kp.yandex.net/images/actor_iphone/iphone360_52247.jpg","name":"Марк Конрад","enName":"Marc Conrad","profession":"продюсеры","enProfession":"producer"},{"id":11034,"photo":"https://st.kp.yandex.net/images/actor_iphone/iphone360_11034.jpg","name":"Норберт Пройсс","enName":"Norbert Preuss","profession":"продюсеры","enProfession":"producer"},{"id":250786,"photo":"https://st.kp.yandex.net/images/actor_iphone/iphone360_250786.jpg","name":"Филип Эвенкамп","enName":"Philip Evenkamp","profession":"продюсеры","enProfession":"producer"},{"id":5541,"photo":"https://st.kp.yandex.net/images/actor_iphone/iphone360_5541.jpg","name":"Беньямин Херман","enName":"Benjamin Herrmann","profession":"продюсеры","enProfession":"producer"},{"id":52221,"photo":"https://st.kp.yandex.net/images/actor_iphone/iphone360_52221.jpg","name":"Кристоф Дарнштёдт","enName":"Christoph Darnstädt","profession":"редакторы","enProfession":"writer"},{"id":52220,"photo":"https://st.kp.yandex.net/images/actor_iphone/iphone360_52220.jpg","name":"Дон Болингер","enName":"Don Bohlinger","profession":"редакторы","enProfession":"writer"},{"id":52222,"photo":"https://st.kp.yandex.net/images/actor_iphone/iphone360_52222.jpg","name":"Марио Джордано","enName":"Mario Giordano","profession":"редакторы","enProfession":"writer"}],"productionCompanies":[],"typeNumber":1,"alternativeName":"Das Experiment","budget":{},"enName":null,"names":[{"name":"Эксперимент"},{"name":"Das Experiment"},{"name":"实验","language":"CN","type":null},{"name":"A Experiência","language":"BR","type":null},{"name":"Το Πείραμα","language":"GR","type":null},{"name":"实验监狱","language":"CN","type":null},{"name":"엑스페리먼트","language":"KR","type":null},{"name":"Експериментът","language":"BG","type":null},{"name":"Experiment - Ihmiskoe","language":"FI","type":null},{"name":"Eksperimentet","language":"DK","type":null},{"name":"es［エス］","language":"JP","type":null},{"name":"El experimento (Das Experiment)","language":"ES","type":"Poster title"},{"name":"Eksperimentet","language":"NO","type":null}],"ageRating":18,"movieLength":120,"ratingMpaa":"r","similarMovies":[{"id":418762,"name":"Экзамен","enName":null,"alternativeName":"Exam","type":"movie","poster":{"url":"https://avatars.mds.yandex.net/get-kinopoisk-image/1599028/da1b9b33-833d-41a8-ad40-997980c73415/orig","previewUrl":"https://avatars.mds.yandex.net/get-kinopoisk-image/1599028/da1b9b33-833d-41a8-ad40-997980c73415/x1000"}},{"id":20590,"name":"Куб","enName":null,"alternativeName":"Cube","type":"movie","poster":{"url":"https://avatars.mds.yandex.net/get-kinopoisk-image/6201401/9aeb7bad-c308-4526-9d70-0e01f9a9611b/orig","previewUrl":"https://avatars.mds.yandex.net/get-kinopoisk-image/6201401/9aeb7bad-c308-4526-9d70-0e01f9a9611b/x1000"}},{"id":7226,"name":"Догвилль","enName":null,"alternativeName":"Dogville","type":"movie","poster":{"url":"https://avatars.mds.yandex.net/get-kinopoisk-image/1704946/ea32e9e1-bce8-4a1f-bf1c-6527851f71aa/orig","previewUrl":"https://avatars.mds.yandex.net/get-kinopoisk-image/1704946/ea32e9e1-bce8-4a1f-bf1c-6527851f71aa/x1000"}},{"id":467972,"name":"Эксперимент","enName":null,"alternativeName":"The Experiment","type":"movie","poster":{"url":"https://avatars.mds.yandex.net/get-kinopoisk-image/1777765/d931c697-cfba-4f90-aa17-2e71fe11a712/orig","previewUrl":"https://avatars.mds.yandex.net/get-kinopoisk-image/1777765/d931c697-cfba-4f90-aa17-2e71fe11a712/x1000"}},{"id":320230,"name":"Класс","enName":null,"alternativeName":"Klass","type":"movie","poster":{"url":"https://avatars.mds.yandex.net/get-kinopoisk-image/1704946/a20b5c10-58f9-4207-9385-84dc6d016a13/orig","previewUrl":"https://avatars.mds.yandex.net/get-kinopoisk-image/1704946/a20b5c10-58f9-4207-9385-84dc6d016a13/x1000"}},{"id":387388,"name":"Эксперимент 2: Волна","enName":null,"alternativeName":"Die Welle","type":"movie","poster":{"url":"https://avatars.mds.yandex.net/get-kinopoisk-image/1600647/077d4416-77d4-40dc-92af-4f1a82854457/orig","previewUrl":"https://avatars.mds.yandex.net/get-kinopoisk-image/1600647/077d4416-77d4-40dc-92af-4f1a82854457/x1000"}},{"id":272127,"name":"Слепота","enName":null,"alternativeName":"Blindness","type":"movie","poster":{"url":"https://avatars.mds.yandex.net/get-kinopoisk-image/1600647/48d58eb0-16d4-4c6e-8b66-23a83e91ce9c/orig","previewUrl":"https://avatars.mds.yandex.net/get-kinopoisk-image/1600647/48d58eb0-16d4-4c6e-8b66-23a83e91ce9c/x1000"}},{"id":1134778,"name":"Платформа","enName":null,"alternativeName":"El hoyo","type":"movie","poster":{"url":"https://avatars.mds.yandex.net/get-kinopoisk-image/1599028/06167d3f-f47b-474f-bfaf-8b65b944fec6/orig","previewUrl":"https://avatars.mds.yandex.net/get-kinopoisk-image/1599028/06167d3f-f47b-474f-bfaf-8b65b944fec6/x1000"}},{"id":408403,"name":"Новая Земля","enName":null,"alternativeName":null,"type":"movie","poster":{"url":"https://avatars.mds.yandex.net/get-kinopoisk-image/1599028/114a9821-3c86-4302-8d2a-fbdeefb4ae3d/orig","previewUrl":"https://avatars.mds.yandex.net/get-kinopoisk-image/1599028/114a9821-3c86-4302-8d2a-fbdeefb4ae3d/x1000"}},{"id":482078,"name":"Разделитель","enName":null,"alternativeName":"The Divide","type":"movie","poster":{"url":"https://avatars.mds.yandex.net/get-kinopoisk-image/1946459/d659be9e-7d51-439f-bc06-74c22ce836d2/orig","previewUrl":"https://avatars.mds.yandex.net/get-kinopoisk-image/1946459/d659be9e-7d51-439f-bc06-74c22ce836d2/x1000"}}],"sequelsAndPrequels":[{"id":467972,"name":"Эксперимент","enName":"The Experiment","alternativeName":"The Experiment","type":"remake","poster":{"url":"https://st.kp.yandex.net/images/film_big/467972.jpg","previewUrl":"https://st.kp.yandex.net/images/film_iphone/iphone360_467972.jpg"}}],"imagesInfo":{"framesCount":23},"shortDescription":null,"backdrop":{"url":null,"previewUrl":null},"logo":{"url":null},"watchability":{"items":null},"top10":null,"top250":null,"status":null}