{"id":666,"externalId":{"kpHD":"48e8d0acb0f62d8585101798eaeceec5","imdb":"tt0232500","tmdb":9799},"name":"Форсаж","alternativeName":"The Fast and the Furious","enName":null,"names":[{"name":"Форсаж","language":"RU","type":"Russian title on kinopoisk"},{"name":"The Fast and the Furious","language":null,"type":"Original title on kinopoisk"},{"name":"Wild Speed","language":"JP","type":"English title"},{"name":"The Fast and the Furious (A todo gas)","language":"ES","type":null},{"name":"Forsazh","language":"UA","type":null},{"name":"Oi Machités ton Drómon","language":"GR","type":null},{"name":"Paklene ulice","language":"RS","type":null},{"name":"Bŭrzi i yarostni","language":"BG","type":null},{"name":"玩命關頭","language":"TW","type":null},{"name":"速度与激情","language":"CN","type":null},{"name":"Fast & furious","language":"FR","type":null},{"name":"Fast & Furious","language":"US","type":null},{"name":"01 - Fast & Furious","language":"FR","type":null},{"name":"F&F1 - The Fast and the Furious","language":"GB","type":"Sortable"}],"type":"movie","typeNumber":1,"year":2001,"description":"Его зовут Брайан, и он — фанат турбин и нитроускорителей. Он пытается попасть в автобанду легендарного Доминика Торетто, чемпиона опасных и незаконных уличных гонок. Брайан также полицейский, и его задание — втереться в доверие к Торетто, подозреваемому в причастности к дерзким грабежам грузовиков, совершаемым прямо на ходу.","shortDescription":"Коп под прикрытием внедряется в банду стритрейсеров и становится одним из них. Первая часть гоночной франшизы","slogan":"Если у тебя есть то, что нужно... ты можешь получить всё","status":null,"rating":{"kp":7.768,"imdb":6.8,"filmCritics":5.4,"russianFilmCritics":0,"await":0},"votes":{"kp":275459,"imdb":394166,"filmCritics":152,"russianFilmCritics":0,"await":0},"movieLength":106,"ratingMpaa":"pg13","ageRating":16,"poster":{"url":"https://st.kp.yandex.net/images/film_big/666.jpg","previewUrl":"https://st.kp.yandex.net/images/film_iphone/iphone360_666.jpg"},"backdrop":{"url":"https://avatars.mds.yandex.net/get-ott/1531675/2a0000017e9e7992bb2b1ca8fb29d0147152/orig","previewUrl":"https://avatars.mds.yandex.net/get-ott/1531675/2a0000017e9e7992bb2b1ca8fb29d0147152/x1000"},"genres":[{"name":"боевик"},{"name":"триллер"},{"name":"криминал"}],"countries":[{"name":"США"},{"name":"Германия"}],"persons":[{"id":6317,"photo":"https://st.kp.yandex.net/images/actor_iphone/iphone360_6317.jpg","name":"Пол Уокер","enName":"Paul Walker","profession":"актеры","enProfession":"actor"},{"id":11437,"photo":"https://st.kp.yandex.net/images/actor_iphone/iphone360_11437.jpg","name":"Вин Дизель","enName":"Vin Diesel","profession":"актеры","enProfession":"actor"},{"id":2318,"photo":"https://st.kp.yandex.net/images/actor_iphone/iphone360_2318.jpg","name":"Мишель Родригес","enName":"Michelle Rodriguez","profession":"актеры","enProfession":"actor"},{"id":47679,"photo":"https://st.kp.yandex.net/images/actor_iphone/iphone360_47679.jpg","name":"Джордана Брюстер","enName":"Jordana Brewster","profession":"актеры","enProfession":"actor"},{"id":16059,"photo":"https://st.kp.yandex.net/images/actor_iphone/iphone360_16059.jpg","name":"Мэтт Шульце","enName":"Matt Schulze","profession":"актеры","enProfession":"actor"},{"id":29366,"photo":"https://st.kp.yandex.net/images/actor_iphone/iphone360_29366.jpg","name":"Рик Юн","enName":"Rick Yune","profession":"актеры","enProfession":"actor"},{"id":22695,"photo":"https://st.kp.yandex.net/images/actor_iphone/iphone360_22695.jpg","name":"Чэд Линдберг","enName":"Chad Lindberg","profession":"актеры","enProfession":"actor"},{"id":47429,"photo":"https://st.kp.yandex.net/images/actor_iphone/iphone360_47429.jpg","name":"Джонни Стронг","enName":"Johnny Strong","profession":"актеры","enProfession":"actor"},{"id":532,"photo":"https://st.kp.yandex.net/images/actor_iphone/iphone360_532.jpg","name":"Тед Левайн","enName":"Ted Levine","profession":"актеры","enProfession":"actor"},{"id":7189,"photo":"https://st.kp.yandex.net/images/actor_iphone/iphone360_7189.jpg","name":"Том Бэрри","enName":"Thom Barry","profession":"актеры","enProfession":"actor"},{"id":12801,"photo":"https://st.kp.yandex.net/images/actor_iphone/iphone360_12801.jpg","name":"Джа Рул","enName":"Ja Rule","profession":"актеры","enProfession":"actor"},{"id":28017,"photo":"https://st.kp.yandex.net/images/actor_iphone/iphone360_28017.jpg","name":"Вито Руджинис","enName":"Vyto Ruginis","profession":"актеры","enProfession":"actor"},{"id":47680,"photo":"https://st.kp.yandex.net/images/actor_iphone/iphone360_47680.jpg","name":"Стэнтон Рутледж","enName":"Stanton Rutledge","profession":"актеры","enProfession":"actor"},{"id":9690,"photo":"https://st.kp.yandex.net/images/actor_iphone/iphone360_9690.jpg","name":"Ноэль Гульеми","enName":"Noel Gugliemi","profession":"актеры","enProfession":"actor"},{"id":47681,"photo":"https://st.kp.yandex.net/images/actor_iphone/iphone360_47681.jpg","name":"Р.Дж. Де Вера","enName":"R.J. de Vera","profession":"актеры","enProfession":"actor"},{"id":15039,"photo":"https://st.kp.yandex.net/images/actor_iphone/iphone360_15039.jpg","name":"Бо Холден","enName":"Beau Holden","profession":"актеры","enProfession":"actor"},{"id":34292,"photo":"https://st.kp.yandex.net/images/actor_iphone/iphone360_34292.jpg","name":"Регги Ли","enName":"Reggie Lee","profession":"актеры","enProfession":"actor"},{"id":22860,"photo":"https://st.kp.yandex.net/images/actor_iphone/iphone360_22860.jpg","name":"Дэвид Дуглас","enName":"David Douglas","profession":"актеры","enProfession":"actor"},{"id":39565,"photo":"https://st.kp.yandex.net/images/actor_iphone/iphone360_39565.jpg","name":"Питер Нэви Туясосопо","enName":"Peter Navy Tuiasosopo","profession":"актеры","enProfession":"actor"},{"id":52,"photo":"https://st.kp.yandex.net/images/actor_iphone/iphone360_52.jpg","name":"Нил Х. Мориц","enName":"Neal H. Moritz","profession":"актеры","enProfession":"actor"},{"id":47682,"photo":"https://st.kp.yandex.net/images/actor_iphone/iphone360_47682.jpg","name":"Дория Ансельмо","enName":"Doria Anselmo","profession":"актеры","enProfession":"actor"},{"id":47683,"photo":"https://st.kp.yandex.net/images/actor_iphone/iphone360_47683.jpg","name":"Гленн К. Ота","enName":"Glenn K. Ota","profession":"актеры","enProfession":"actor"},{"id":31005,"photo":"https://st.kp.yandex.net/images/actor_iphone/iphone360_31005.jpg","name":"Ф. Валентино Моралес","enName":"F. Valentino Morales","profession":"актеры","enProfession":"actor"},{"id":12383,"photo":"https://st.kp.yandex.net/images/actor_iphone/iphone360_12383.jpg","name":"Майк Уайт","enName":"Mike White","profession":"актеры","enProfession":"actor"},{"id":47684,"photo":"https://st.kp.yandex.net/images/actor_iphone/iphone360_47684.jpg","name":"Дэлфин Пасифик","enName":"Delphine Pacific","profession":"актеры","enProfession":"actor"},{"id":47685,"photo":"https://st.kp.yandex.net/images/actor_iphone/iphone360_47685.jpg","name":"Моника Тамайо","enName":"Monica Tamayo","profession":"актеры","enProfession":"actor"},{"id":39626,"photo":"https://st.kp.yandex.net/images/actor_iphone/iphone360_39626.jpg","name":"Меган Бэйкер","enName":"Megan Baker","profession":"актеры","enProfession":"actor"},{"id":47686,"photo":"https://st.kp.yandex.net/images/actor_iphone/iphone360_47686.jpg","name":"Тэмми Моника Гегамиан","enName":"Tammy Monica Gegamian","profession":"актеры","enProfession":"actor"},{"id":4052533,"photo":"https://st.kp.yandex.net/images/actor_iphone/iphone360_4052533.jpg","name":null,"enName":"Dan Andreiu","profession":"актеры","enProfession":"actor"},{"id":1977,"photo":"https://st.kp.yandex.net/images/actor_iphone/iphone360_1977.jpg","name":"Адам Каррера","enName":"Adam Carrera","profession":"актеры","enProfession":"actor"},{"id":2409,"photo":"https://st.kp.yandex.net/images/actor_iphone/iphone360_2409.jpg","name":"Роб Коэн","enName":"Rob Cohen","profession":"актеры","enProfession":"actor"},{"id":569853,"photo":"https://st.kp.yandex.net/images/actor_iphone/iphone360_569853.jpg","name":"Гари Круз","enName":"Gary Cruz","profession":"актеры","enProfession":"actor"},{"id":123654,"photo":"https://st.kp.yandex.net/images/actor_iphone/iphone360_123654.jpg","name":"Чик Дэниел","enName":"Chic Daniel","profession":"актеры","enProfession":"actor"},{"id":1053331,"photo":"https://st.kp.yandex.net/images/actor_iphone/iphone360_1053331.jpg","name":"Рени Гарсиа","enName":"Renee Garcia","profession":"актеры","enProfession":"actor"},{"id":3441044,"photo":"https://st.kp.yandex.net/images/actor_iphone/iphone360_3441044.jpg","name":"Да Хань","enName":"Da Han","profession":"актеры","enProfession":"actor"},{"id":2644965,"photo":"https://st.kp.yandex.net/images/actor_iphone/iphone360_2644965.jpg","name":"Флора Хуанг","enName":"Flora Huang","profession":"актеры","enProfession":"actor"},{"id":51800,"photo":"https://st.kp.yandex.net/images/actor_iphone/iphone360_51800.jpg","name":"Майкл Кехо","enName":"Michael Kehoe","profession":"актеры","enProfession":"actor"},{"id":2630461,"photo":"https://st.kp.yandex.net/images/actor_iphone/iphone360_2630461.jpg","name":"Сарай Ку","enName":"Sarai Koo","profession":"актеры","enProfession":"actor"},{"id":1562719,"photo":"https://st.kp.yandex.net/images/actor_iphone/iphone360_1562719.jpg","name":"Джулия Кристина","enName":"Julie Krystina","profession":"актеры","enProfession":"actor"},{"id":2794352,"photo":"https://st.kp.yandex.net/images/actor_iphone/iphone360_2794352.jpg","name":"Рауль Лаймон","enName":"Raul Limon","profession":"актеры","enProfession":"actor"},{"id":1707463,"photo":"https://st.kp.yandex.net/images/actor_iphone/iphone360_1707463.jpg","name":"Талия О’Нил","enName":"Talia O'Neal","profession":"актеры","enProfession":"actor"},{"id":1233060,"photo":"https://st.kp.yandex.net/images/actor_iphone/iphone360_1233060.jpg","name":"Дженьюэри Паг","enName":"January Pugh","profession":"актеры","enProfession":"actor"},{"id":1579347,"photo":"https://st.kp.yandex.net/images/actor_iphone/iphone360_1579347.jpg","name":"Анджела Роквуд","enName":"Angela Rockwood","profession":"актеры","enProfession":"actor"},{"id":112128,"photo":"https://st.kp.yandex.net/images/actor_iphone/iphone360_112128.jpg","name":"Кевин Смит","enName":"Kevin Smith","profession":"актеры","enProfession":"actor"},{"id":1615423,"photo":"https://st.kp.yandex.net/images/actor_iphone/iphone360_1615423.jpg","name":"Джимми Стар","enName":"Jimmy Star","profession":"актеры","enProfession":"actor"},{"id":1394386,"photo":"https://st.kp.yandex.net/images/actor_iphone/iphone360_1394386.jpg","name":"Фелиция Тэнг","enName":"Felicia Tang","profession":"актеры","enProfession":"actor"},{"id":469858,"photo":"https://st.kp.yandex.net/images/actor_iphone/iphone360_469858.jpg","name":"Ванесса Виола","enName":"Vanessa Viola","profession":"актеры","enProfession":"actor"},{"id":449730,"photo":"https://st.kp.yandex.net/images/actor_iphone/iphone360_449730.jpg","name":"Брайан Трансо","enName":"Brian Transeau","profession":"композиторы","enProfession":"composer"},{"id":97862,"photo":"https://st.kp.yandex.net/images/actor_iphone/iphone360_97862.jpg","name":"Вальдемар Калиновски","enName":"Waldemar Kalinowski","profession":"художники","enProfession":"designer"},{"id":1996705,"photo":"https://st.kp.yandex.net/images/actor_iphone/iphone360_1996705.jpg","name":"Кевин Кэвэно","enName":"Kevin Kavanaugh","profession":"художники","enProfession":"designer"},{"id":1115548,"photo":"https://st.kp.yandex.net/images/actor_iphone/iphone360_1115548.jpg","name":"Санья Милкович Хэйс","enName":"Sanja Milkovic Hays","profession":"художники","enProfession":"designer"},{"id":1995740,"photo":"https://st.kp.yandex.net/images/actor_iphone/iphone360_1995740.jpg","name":"Флоренс Фелмэн","enName":"Florence Fellman","profession":"художники","enProfession":"designer"},{"id":2409,"photo":"https://st.kp.yandex.net/images/actor_iphone/iphone360_2409.jpg","name":"Роб Коэн","enName":"Rob Cohen","profession":"режиссеры","enProfession":"director"},{"id":1085433,"photo":"https://st.kp.yandex.net/images/actor_iphone/iphone360_1085433.jpg","name":"Питер Хонесс","enName":"Peter Honess","profession":"монтажеры","enProfession":"editor"},{"id":610522,"photo":"https://st.kp.yandex.net/images/actor_iphone/iphone360_610522.jpg","name":"Эриксон Кор","enName":"Ericson Core","profession":"операторы","enProfession":"operator"},{"id":52,"photo":"https://st.kp.yandex.net/images/actor_iphone/iphone360_52.jpg","name":"Нил Х. Мориц","enName":"Neal H. Moritz","profession":"продюсеры","enProfession":"producer"},{"id":6361,"photo":"https://st.kp.yandex.net/images/actor_iphone/iphone360_6361.jpg","name":"Крейтон Беллингер","enName":"Creighton Bellinger","profession":"продюсеры","enProfession":"producer"},{"id":47687,"photo":"https://st.kp.yandex.net/images/actor_iphone/iphone360_47687.jpg","name":"Даг Клейборн","enName":"Doug Claybourne","profession":"продюсеры","enProfession":"producer"},{"id":1918050,"photo":"https://st.kp.yandex.net/images/actor_iphone/iphone360_1918050.jpg","name":"Вейн Джонсон","enName":"Wayne Johnson","profession":"продюсеры","enProfession":"producer"},{"id":1806292,"photo":"https://st.kp.yandex.net/images/actor_iphone/iphone360_1806292.jpg","name":"Дмитрий Кошмин","enName":null,"profession":"актеры дубляжа","enProfession":"voice_actor"},{"id":1053232,"photo":"https://st.kp.yandex.net/images/actor_iphone/iphone360_1053232.jpg","name":"Алексей Мясников","enName":null,"profession":"актеры дубляжа","enProfession":"voice_actor"},{"id":1672422,"photo":"https://st.kp.yandex.net/images/actor_iphone/iphone360_1672422.jpg","name":"Татьяна Весёлкина","enName":null,"profession":"актеры дубляжа","enProfession":"voice_actor"},{"id":4118844,"photo":"https://st.kp.yandex.net/images/actor_iphone/iphone360_4118844.jpg","name":"Ирина Аникина","enName":null,"profession":"актеры дубляжа","enProfession":"voice_actor"},{"id":1040432,"photo":"https://st.kp.yandex.net/images/actor_iphone/iphone360_1040432.jpg","name":"Денис Беспалый","enName":null,"profession":"актеры дубляжа","enProfession":"voice_actor"},{"id":224608,"photo":"https://st.kp.yandex.net/images/actor_iphone/iphone360_224608.jpg","name":"Борис Шувалов","enName":null,"profession":"актеры дубляжа","enProfession":"voice_actor"},{"id":1079073,"photo":"https://st.kp.yandex.net/images/actor_iphone/iphone360_1079073.jpg","name":"Андрей Бархударов","enName":null,"profession":"актеры дубляжа","enProfession":"voice_actor"},{"id":476576,"photo":"https://st.kp.yandex.net/images/actor_iphone/iphone360_476576.jpg","name":"Андрей Мерзликин","enName":null,"profession":"актеры дубляжа","enProfession":"voice_actor"},{"id":1159780,"photo":"https://st.kp.yandex.net/images/actor_iphone/iphone360_1159780.jpg","name":"Александр Груздев","enName":null,"profession":"актеры дубляжа","enProfession":"voice_actor"},{"id":1664122,"photo":"https://st.kp.yandex.net/images/actor_iphone/iphone360_1664122.jpg","name":"Виктор Бохон","enName":null,"profession":"актеры дубляжа","enProfession":"voice_actor"},{"id":277027,"photo":"https://st.kp.yandex.net/images/actor_iphone/iphone360_277027.jpg","name":"Андрей Градов","enName":null,"profession":"актеры дубляжа","enProfession":"voice_actor"},{"id":310535,"photo":"https://st.kp.yandex.net/images/actor_iphone/iphone360_310535.jpg","name":"Олег Куценко","enName":null,"profession":"актеры дубляжа","enProfession":"voice_actor"},{"id":1616407,"photo":"https://st.kp.yandex.net/images/actor_iphone/iphone360_1616407.jpg","name":"Всеволод Кузнецов","enName":null,"profession":"актеры дубляжа","enProfession":"voice_actor"},{"id":1655599,"photo":"https://st.kp.yandex.net/images/actor_iphone/iphone360_1655599.jpg","name":"Юрий Брежнев","enName":null,"profession":"актеры дубляжа","enProfession":"voice_actor"},{"id":273498,"photo":"https://st.kp.yandex.net/images/actor_iphone/iphone360_273498.jpg","name":"Михаил Тихонов","enName":null,"profession":"актеры дубляжа","enProfession":"voice_actor"},{"id":1646298,"photo":"https://st.kp.yandex.net/images/actor_iphone/iphone360_1646298.jpg","name":"Олег Вирозуб","enName":null,"profession":"актеры дубляжа","enProfession":"voice_actor"},{"id":280829,"photo":"https://st.kp.yandex.net/images/actor_iphone/iphone360_280829.jpg","name":"Юрий Маляров","enName":null,"profession":"актеры дубляжа","enProfession":"voice_actor"},{"id":1662055,"photo":"https://st.kp.yandex.net/images/actor_iphone/iphone360_1662055.jpg","name":"Елена Чебатуркина","enName":null,"profession":"актеры дубляжа","enProfession":"voice_actor"},{"id":1650216,"photo":"https://st.kp.yandex.net/images/actor_iphone/iphone360_1650216.jpg","name":"Елена Ивасишина","enName":null,"profession":"актеры дубляжа","enProfession":"voice_actor"},{"id":231213,"photo":"https://st.kp.yandex.net/images/actor_iphone/iphone360_231213.jpg","name":"Александр Новиков","enName":null,"profession":"актеры дубляжа","enProfession":"voice_actor"},{"id":1419143,"photo":"https://st.kp.yandex.net/images/actor_iphone/iphone360_1419143.jpg","name":"Дмитрий Филимонов","enName":null,"profession":"актеры дубляжа","enProfession":"voice_actor"},{"id":47678,"photo":"https://st.kp.yandex.net/images/actor_iphone/iphone360_47678.jpg","name":"Эрик Бергквист","enName":"Erik Bergquist","profession":"редакторы","enProfession":"writer"},{"id":30322,"photo":"https://st.kp.yandex.net/images/actor_iphone/iphone360_30322.jpg","name":"Дэвид Эйр","enName":"David Ayer","profession":"редакторы","enProfession":"writer"},{"id":47677,"photo":"https://st.kp.yandex.net/images/actor_iphone/iphone360_47677.jpg","name":"Кен Лай","enName":"Ken Li","profession":"редакторы","enProfession":"writer"},{"id":30024,"photo":"https://st.kp.yandex.net/images/actor_iphone/iphone360_30024.jpg","name":"Гэри Скотт Томпсон","enName":"Gary Scott Thompson","profession":"редакторы","enProfession":"writer"}],"budget":{"value":38000000,"currency":"$"},"fees":{"world":{"value":207283925,"currency":"$"},"usa":{"value":144533925,"currency":"$"}},"sequelsAndPrequels":[{"id":323,"name":"Двойной форсаж","enName":null,"alternativeName":"2 Fast 2 Furious","type":"movie","poster":{"url":"https://avatars.mds.yandex.net/get-kinopoisk-image/6201401/a7de8b77-34a0-4b22-9574-acec6c689958/orig","previewUrl":"https://avatars.mds.yandex.net/get-kinopoisk-image/6201401/a7de8b77-34a0-4b22-9574-acec6c689958/x1000"}},{"id":623352,"name":"Включай турбонаддув","enName":null,"alternativeName":"The Turbo Charged Prelude for 2 Fast 2 Furious","type":"movie","poster":{"url":"https://avatars.mds.yandex.net/get-kinopoisk-image/1946459/32b7545e-d964-4442-a87b-e6746459e450/orig","previewUrl":"https://avatars.mds.yandex.net/get-kinopoisk-image/1946459/32b7545e-d964-4442-a87b-e6746459e450/x1000"}},{"id":106079,"name":"Тройной форсаж: Токийский дрифт","enName":null,"alternativeName":"The Fast and the Furious: Tokyo Drift","type":"movie","poster":{"url":"https://avatars.mds.yandex.net/get-kinopoisk-image/4774061/93898f89-91a1-4084-a2c7-5e5deac4933a/orig","previewUrl":"https://avatars.mds.yandex.net/get-kinopoisk-image/4774061/93898f89-91a1-4084-a2c7-5e5deac4933a/x1000"}},{"id":395978,"name":"Форсаж 4","enName":null,"alternativeName":"Fast & Furious","type":"movie","poster":{"url":"https://avatars.mds.yandex.net/get-kinopoisk-image/4774061/a65f24e3-10db-4325-87b6-49037781ada0/orig","previewUrl":"https://avatars.mds.yandex.net/get-kinopoisk-image/4774061/a65f24e3-10db-4325-87b6-49037781ada0/x1000"}},{"id":484718,"name":"Бандиты","enName":null,"alternativeName":"Los Bandoleros","type":"movie","poster":{"url":"https://avatars.mds.yandex.net/get-kinopoisk-image/1629390/b22c914d-5b47-40f0-87a3-356f75cc4fb0/orig","previewUrl":"https://avatars.mds.yandex.net/get-kinopoisk-image/1629390/b22c914d-5b47-40f0-87a3-356f75cc4fb0/x1000"}},{"id":496943,"name":"Форсаж 5","enName":null,"alternativeName":"Fast Five","type":"movie","poster":{"url":"https://avatars.mds.yandex.net/get-kinopoisk-image/1599028/90ecc695-b927-45b4-a012-d9da7e674f52/orig","previewUrl":"https://avatars.mds.yandex.net/get-kinopoisk-image/1599028/90ecc695-b927-45b4-a012-d9da7e674f52/x1000"}},{"id":594736,"name":"Форсаж 6","enName":null,"alternativeName":"Furious 6","type":"movie","poster":{"url":"https://avatars.mds.yandex.net/get-kinopoisk-image/1946459/1441cd7d-a538-4724-b7f0-e131b2fdab21/orig","previewUrl":"https://avatars.mds.yandex.net/get-kinopoisk-image/1946459/1441cd7d-a538-4724-b7f0-e131b2fdab21/x1000"}},{"id":754481,"name":"Форсаж 7","enName":null,"alternativeName":"Fast & Furious 7","type":"movie","poster":{"url":"https://avatars.mds.yandex.net/get-kinopoisk-image/1777765/a594e007-e67b-4eab-ae03-b86192804531/orig","previewUrl":"https://avatars.mds.yandex.net/get-kinopoisk-image/1777765/a594e007-e67b-4eab-ae03-b86192804531/x1000"}},{"id":894027,"name":"Форсаж 8","enName":null,"alternativeName":"The Fate of the Furious","type":"movie","poster":{"url":"https://avatars.mds.yandex.net/get-kinopoisk-image/6201401/8dd570e1-eaac-4c2b-945d-1209bc64a187/orig","previewUrl":"https://avatars.mds.yandex.net/get-kinopoisk-image/6201401/8dd570e1-eaac-4c2b-945d-1209bc64a187/x1000"}},{"id":964318,"name":"Форсаж 9","enName":null,"alternativeName":"F9","type":"movie","poster":{"url":"https://avatars.mds.yandex.net/get-kinopoisk-image/4303601/8adda490-54b6-4780-86ad-d42f0aa020da/orig","previewUrl":"https://avatars.mds.yandex.net/get-kinopoisk-image/4303601/8adda490-54b6-4780-86ad-d42f0aa020da/x1000"}},{"id":959062,"name":"Форсаж 10","enName":null,"alternativeName":"Fast X","type":"movie","poster":{"url":"https://avatars.mds.yandex.net/get-kinopoisk-image/4774061/b2343b17-49f2-4928-a77f-80d2c43dd3d7/orig","previewUrl":"https://avatars.mds.yandex.net/get-kinopoisk-image/4774061/b2343b17-49f2-4928-a77f-80d2c43dd3d7/x1000"}}],"watchability":{"items":[{"name":"Иви","logo":{"url":"https://avatars.mds.yandex.net/get-ott/2419418/0dfd1724-848f-4725-9160-abc571f41c11/orig"},"url":"https://www.ivi.ru/watch/90291?utm_source=yandex&utm_medium=wizard"}]},"top10":null,"top250":null,"facts":[{"value":"У <a href=\"/name/2318/\" class=\"all\">Мишель Родригес</a> и <a href=\"/name/47679/\" class=\"all\">Джорданы Брюстер</a>, исполнивших в фильме главные женские роли, на момент съемок даже не было водительских прав.","type":"FACT","spoiler":false},{"value":"В первой уличной гонке были использованы 15 тысяч различных звуковых эффектов.","type":"FACT","spoiler":false},{"value":"Фильм, который смотрят герои — «<a href=\"/film/13332/\" class=\"all\">Дракон: История Брюса Ли</a>». Его снял режиссер «Форсажа» <a href=\"/name/2409/\" class=\"all\">Роб Коэн</a>.","type":"FACT","spoiler":false},{"value":"Человек за рулем черного &laquo;феррари&raquo; — это продюсер картины <a href=\"/name/52/\" class=\"all\">Нил Х. Моритц</a>, который также продюсировал другой фильм с участием <a href=\"/name/11437/\" class=\"all\">Вина Дизеля</a> — &laquo;<a href=\"/film/6032/\" class=\"all\">Три икса</a>&raquo;.","type":"FACT","spoiler":false},{"value":"Режиссёр <a href=\"/name/2409/\" class=\"all\">Роб Коэн</a> снялся в маленькой роли разносчика пиццы.","type":"FACT","spoiler":false},{"value":"В фильме было занято более 80 тюнингованных автомобилей, из которых пришла в негодность только четвертая часть.","type":"FACT","spoiler":false},{"value":"Эффектная концовка фильма, начинающаяся с не менее эффектного старта легендарного Dodge Charger 1970 года, тоже не обошлась без хитростей. Дело в том, что машина, снимавшаяся в фильме, выглядела как настоящий дрэгстерский аппарат, но не была таковым. В принципе, настоящие экземпляры, участвующие в четвертьмильных заездах, преспокойно поднимаются на дыбы, но Charger из фильма «схитрил». Ответственная за трюки команда оборудовала Dodge специальными пневмо-толкателями с маленькими колесиками. Каскадер, управляющий в тот момент машиной, нажимал в салоне кнопку, и толкатели поднимали автомобиль на дыбы, притом Charger мог проехать на задних колесах 10-20 метров!","type":"FACT","spoiler":false},{"value":"В команду был приглашен консультант — настоящий стритрейсер со стажем, который и посоветовал приобрести Mitsubishi Eclipse GSX 1995 года, Toyota Supra RZ 1994 и Mazda RX-7 1993 года выпуска для главных героев. Каждая из машин (а купили по 5 штук каждой) стоила около 10 тыс. долларов, плюс примерно по столько же ушло на доработку.","type":"FACT","spoiler":false}],"seasonsInfo":[],"productionCompanies":[],"similarMovies":[{"id":2011,"name":"Угнать за 60 секунд","enName":null,"alternativeName":"Gone in Sixty Seconds","type":"movie","poster":{"url":"https://avatars.mds.yandex.net/get-kinopoisk-image/1773646/c12b330e-808f-45cb-a38c-5309587722ae/orig","previewUrl":"https://avatars.mds.yandex.net/get-kinopoisk-image/1773646/c12b330e-808f-45cb-a38c-5309587722ae/x1000"}},{"id":14349,"name":"Такси","enName":null,"alternativeName":"Taxi","type":"movie","poster":{"url":"https://avatars.mds.yandex.net/get-kinopoisk-image/1898899/4d927be1-9e32-49e6-a653-65960ff388ba/orig","previewUrl":"https://avatars.mds.yandex.net/get-kinopoisk-image/1898899/4d927be1-9e32-49e6-a653-65960ff388ba/x1000"}},{"id":1990,"name":"На гребне волны","enName":null,"alternativeName":"Point Break","type":"movie","poster":{"url":"https://avatars.mds.yandex.net/get-kinopoisk-image/4303601/3283195b-ba13-46cb-b24c-6ff38bf4b5fe/orig","previewUrl":"https://avatars.mds.yandex.net/get-kinopoisk-image/4303601/3283195b-ba13-46cb-b24c-6ff38bf4b5fe/x1000"}},{"id":678975,"name":"Need for Speed: Жажда скорости","enName":null,"alternativeName":"Need for Speed","type":"movie","poster":{"url":"https://avatars.mds.yandex.net/get-kinopoisk-image/4303601/4b842adb-1cf3-4865-80ce-e3d72d59ba2b/orig","previewUrl":"https://avatars.mds.yandex.net/get-kinopoisk-image/4303601/4b842adb-1cf3-4865-80ce-e3d72d59ba2b/x1000"}},{"id":6206,"name":"Перевозчик","enName":null,"alternativeName":"The Transporter","type":"movie","poster":{"url":"https://avatars.mds.yandex.net/get-kinopoisk-image/4483445/4e6a8d3f-fc61-4716-862d-3241842d99fa/orig","previewUrl":"https://avatars.mds.yandex.net/get-kinopoisk-image/4483445/4e6a8d3f-fc61-4716-862d-3241842d99fa/x1000"}},{"id":6032,"name":"Три икса","enName":null,"alternativeName":"xXx","type":"movie","poster":{"url":"https://avatars.mds.yandex.net/get-kinopoisk-image/1704946/1d8dcbf7-9dff-4787-bdaa-9afad82bdde2/orig","previewUrl":"https://avatars.mds.yandex.net/get-kinopoisk-image/1704946/1d8dcbf7-9dff-4787-bdaa-9afad82bdde2/x1000"}},{"id":102136,"name":"Смертельная гонка","enName":null,"alternativeName":"Death Race","type":"movie","poster":{"url":"https://avatars.mds.yandex.net/get-kinopoisk-image/1704946/8fd2e2df-81f0-4a3d-aeb3-b386d659e19a/orig","previewUrl":"https://avatars.mds.yandex.net/get-kinopoisk-image/1704946/8fd2e2df-81f0-4a3d-aeb3-b386d659e19a/x1000"}},{"id":854,"name":"Такси 2","enName":null,"alternativeName":"Taxi 2","type":"movie","poster":{"url":"https://avatars.mds.yandex.net/get-kinopoisk-image/1629390/a89ba16c-271c-4fb9-b1a5-806449bc3d62/orig","previewUrl":"https://avatars.mds.yandex.net/get-kinopoisk-image/1629390/a89ba16c-271c-4fb9-b1a5-806449bc3d62/x1000"}},{"id":17659,"name":"Крутящий момент","enName":null,"alternativeName":"Torque","type":"movie","poster":{"url":"https://avatars.mds.yandex.net/get-kinopoisk-image/1600647/ff47fcc5-5ba4-40b3-a50a-367cf3a6ebb8/orig","previewUrl":"https://avatars.mds.yandex.net/get-kinopoisk-image/1600647/ff47fcc5-5ba4-40b3-a50a-367cf3a6ebb8/x1000"}},{"id":14333,"name":"Мишель Вальян: Жажда скорости","enName":null,"alternativeName":"Michel Vaillant","type":"movie","poster":{"url":"https://avatars.mds.yandex.net/get-kinopoisk-image/1629390/7af2eb92-b61e-4794-91a4-79f24b850fae/orig","previewUrl":"https://avatars.mds.yandex.net/get-kinopoisk-image/1629390/7af2eb92-b61e-4794-91a4-79f24b850fae/x1000"}}],"releaseYears":[],"videos":{"trailers":[{"url":"https://www.youtube.com/embed/m_jWcyfjFGw","name":"Legacy Trailer","site":"youtube","type":"TRAILER"},{"url":"https://www.youtube.com/embed/HRe0LVDO9zE","name":"Trailer 2","site":"youtube","type":"TRAILER"},{"url":"https://www.youtube.com/embed/ZsJz2TJAPjw","name":"Official Trailer","site":"youtube","type":"TRAILER"},{"url":"https://www.youtube.com/embed/m_jWcyfjFGw","name":"Legacy Trailer","site":"youtube","type":"TRAILER"},{"url":"https://www.youtube.com/embed/HRe0LVDO9zE","name":"Trailer 2","site":"youtube","type":"TRAILER"},{"url":"https://www.youtube.com/embed/ZsJz2TJAPjw","name":"Official Trailer","site":"youtube","type":"TRAILER"}],"teasers":[]}}