{"videos":{"trailers":[{"url":"https://www.youtube.com/v/lRnRy_rLQPw","name":"Трейлер","site":"youtube"},{"url":"https://www.youtube.com/embed/8QGCBH_2Dck","name":"FINDING FORRESTER Trailer","site":"youtube","type":"TRAILER"}],"teasers":[]},"fees":{"world":{"value":80049764,"currency":"$"},"usa":{"value":51804714,"currency":"$"}},"id":671,"type":"movie","externalId":{"kpHD":"46022509c9e5c550a7a3b5f0052371a8","imdb":"tt0181536","tmdb":711},"name":"Найти Форрестера","rating":{"kp":7.841,"imdb":7.3,"filmCritics":6.5,"russianFilmCritics":0,"await":0},"description":"Писатель Уильям Форрестер долгие годы прожил в добровольном затворничестве от мира. Последний раз о нем слышали сорок лет назад, когда он выпустил в свет превосходный роман, завоевавший Пулитцеровскую премию. Но с тех пор никому не удалось переступить за порог дома этого отшельника.\n\nОднако 16-летнему парнишке по имени Джамал Уоллес удается проникнуть в жилище живой легенды и разговорить нелюдимого старца. И это случайная встреча оказывается судьбоносной. Благодаря ей ушедший в себя Форрестер снова обретает вкус к жизни за пределами своей «башни из слоновой кости». А Джамал, талантливый баскетболист, которому светит блестящая спортивная карьера, открывает, что его истинное призвание – литературное творчество…","votes":{"kp":20148,"imdb":87491,"filmCritics":129,"russianFilmCritics":0,"await":0},"premiere":{"country":"США","world":"2000-12-01T00:00:00.000Z","russia":"2001-10-03T00:00:00.000Z"},"slogan":"Встреча, которая меняет всё...","year":2000,"budget":{"value":43000000,"currency":"$"},"poster":{"url":"https://st.kp.yandex.net/images/film_big/671.jpg","previewUrl":"https://st.kp.yandex.net/images/film_iphone/iphone360_671.jpg"},"facts":[{"value":"Образ Роберта Кроуфорда списан с реального человека — Роберта Кроуфорда, который преподает историю в Phillips Academy Andover, недалеко от Бостона.","type":"FACT","spoiler":false},{"value":"Сцены фильма, которые происходят в школе Mailor-Callow School, были сняты в Regis High School в Манхэттане.","type":"FACT","spoiler":false},{"value":"Образ Уильяма Форрестера частично списан со знаменитого американского писателя-затворника Дж. Д. Сэлинджера, автора романа «Над пропастью во ржи».","type":"FACT","spoiler":false},{"value":"Шестнадцатилетний Роб Браун, играющий в паре с Шоном Коннери, раньше никогда не снимался в кино, и даже не играл в школьных пьесах. Но он впечатлил на открытом кастинге Ван Сэнта, который сказал: «Он может запомнить страницу менее, чем за половину минуты».","type":"FACT","spoiler":false},{"value":"Режиссер фильма Гас Ван Сэнт появляется в картине в эпизоде, «камео». Он играет помощника библиотекаря в сцене, когда Джамал пытается взять в библиотеке книгу Форрестера «Приземление Авалона».","type":"FACT","spoiler":false},{"value":"По сюжету фильма Уильям Форрестер (Шон Коннери) должен был хорошо печатать на пишущей машинке. Но у Коннери с этим возникли проблемы. Руки, набирающие текст, которые мы видим в фильме, принадлежат не Коннери.","type":"FACT","spoiler":false},{"value":"Образ Уильяма Форрестера частично списан не только со знаменитого американского писателя-затворника Дж.Д.Сэлинджера. В не меньшей степени Форрестер может быть уподоблен другому знаменитому затворнику — постмодернисту Томасу Пинчону (автору романов «V», «Выкрикивается лот 49», «Радуга земного тяготения» и др.), а также Джону Кеннеди Тулу — автору единственного законченного романа «Сговор остолопов», вышедшего стараниями его матери Тельмы уже после самоубийства автора и получившего Пулитцеровскую прем��ю.","type":"FACT","spoiler":false},{"value":"Портрет вымышленного писателя Уильяма Форрестера висит в литературном классе между изображениями настоящих писателей — Т.С. Элиота (1888 — 1965) (слева) и Р.Л. Стивенсона (1850 — 1894) (справа).","type":"FACT","spoiler":false},{"value":"В фильме упомянуто, что Уильям Форрестер (вымышленный писатель) получил Пулитцеровскую премию по литературе за роман «Avalon Landing» в 1954 году. Дата выбрана неслучайно: на самом деле в этом году премия в номинации «Fiction» (художественная проза) не присуждалась.","type":"FACT","spoiler":false},{"value":"Название упомянутого в фильме подзаголовка «A Season of Faith's Perfection» (Сезон идеальной веры) к повести Уильяма Форрестера «Лучший год бейсбола» не имеет аналогов в американской литературе, но песня с таким названием есть у группы «Stratovarius».","type":"FACT","spoiler":false},{"value":"Когда Уильям Форрестер приходит в школу, чтобы защитить Джамала, на заднем плане присутствует Чарльз Бернстейн (доктор Саймон). Доктор Бернстейн — настоящий поэт и профессор поэтики в Государственном университете Нью-Йорка в Буффало.","type":"FACT","spoiler":true}],"genres":[{"name":"драма"}],"countries":[{"name":"США"}],"seasonsInfo":[],"persons":[{"id":7780,"photo":"https://st.kp.yandex.net/images/actor_iphone/iphone360_7780.jpg","name":"Шон Коннери","enName":"Sean Connery","profession":"актеры","enProfession":"actor"},{"id":7781,"photo":"https://st.kp.yandex.net/images/actor_iphone/iphone360_7781.jpg","name":"Роб Браун","enName":"Rob Brown","profession":"актеры","enProfession":"actor"},{"id":7782,"photo":"https://st.kp.yandex.net/images/actor_iphone/iphone360_7782.jpg","name":"Ф. Мюррэй Абрахам","enName":"F. Murray Abraham","profession":"актеры","enProfession":"actor"},{"id":7228,"photo":"https://st.kp.yandex.net/images/actor_iphone/iphone360_7228.jpg","name":"Анна Пэкуин","enName":"Anna Paquin","profession":"актеры","enProfession":"actor"},{"id":7783,"photo":"https://st.kp.yandex.net/images/actor_iphone/iphone360_7783.jpg","name":"Баста Раймс","enName":"Busta Rhymes","profession":"актеры","enProfession":"actor"},{"id":7784,"photo":"https://st.kp.yandex.net/images/actor_iphone/iphone360_7784.jpg","name":"Эйприл Грэйс","enName":"April Grace","profession":"актеры","enProfession":"actor"},{"id":7785,"photo":"https://st.kp.yandex.net/images/actor_iphone/iphone360_7785.jpg","name":"Майкл Питт","enName":"Michael Pitt","profession":"актеры","enProfession":"actor"},{"id":7786,"photo":"https://st.kp.yandex.net/images/actor_iphone/iphone360_7786.jpg","name":"Майкл Нури","enName":"Michael Nouri","profession":"актеры","enProfession":"actor"},{"id":7787,"photo":"https://st.kp.yandex.net/images/actor_iphone/iphone360_7787.jpg","name":"Ричард Истон","enName":"Richard Easton","profession":"актеры","enProfession":"actor"},{"id":7788,"photo":"https://st.kp.yandex.net/images/actor_iphone/iphone360_7788.jpg","name":"Гленн Фицджералд","enName":"Glenn Fitzgerald","profession":"актеры","enProfession":"actor"},{"id":7789,"photo":"https://st.kp.yandex.net/images/actor_iphone/iphone360_7789.jpg","name":"Лиль Зейн","enName":"Lil» Zane","profession":"актеры","enProfession":"actor"},{"id":7790,"photo":"https://st.kp.yandex.net/images/actor_iphone/iphone360_7790.jpg","name":"Стефани Берри","enName":"Stephanie Berry","profession":"актеры","enProfession":"actor"},{"id":7791,"photo":"https://st.kp.yandex.net/images/actor_iphone/iphone360_7791.jpg","name":"Флю Уильямс III","enName":"Fly Williams III","profession":"актеры","enProfession":"actor"},{"id":7792,"photo":"https://st.kp.yandex.net/images/actor_iphone/iphone360_7792.jpg","name":"Дамани Мэтис","enName":"Damany Mathis","profession":"актеры","enProfession":"actor"},{"id":7793,"photo":"https://st.kp.yandex.net/images/actor_iphone/iphone360_7793.jpg","name":"Дэмиен Ли","enName":"Damion Lee","profession":"актеры","enProfession":"actor"},{"id":7794,"photo":"https://st.kp.yandex.net/images/actor_iphone/iphone360_7794.jpg","name":"Том Кернс","enName":"Tom Kearns","profession":"актеры","enProfession":"actor"},{"id":7795,"photo":"https://st.kp.yandex.net/images/actor_iphone/iphone360_7795.jpg","name":"Мэттью Ной Уорд","enName":"Matthew Noah Word","profession":"актеры","enProfession":"actor"},{"id":7796,"photo":"https://st.kp.yandex.net/images/actor_iphone/iphone360_7796.jpg","name":"Чарльз Бернштейн","enName":"Charles Bernstein","profession":"актеры","enProfession":"actor"},{"id":7797,"photo":"https://st.kp.yandex.net/images/actor_iphone/iphone360_7797.jpg","name":"Мэтт Мэллой","enName":"Matt Malloy","profession":"актеры","enProfession":"actor"},{"id":6458,"photo":"https://st.kp.yandex.net/images/actor_iphone/iphone360_6458.jpg","name":"Мэтт Дэймон","enName":"Matt Damon","profession":"актеры","enProfession":"actor"},{"id":7798,"photo":"https://st.kp.yandex.net/images/actor_iphone/iphone360_7798.jpg","name":"Джимми Боббитт","enName":"Jimmy Bobbitt","profession":"актеры","enProfession":"actor"},{"id":7799,"photo":"https://st.kp.yandex.net/images/actor_iphone/iphone360_7799.jpg","name":"Кэпитал Джей","enName":"Capital Jay","profession":"актеры","enProfession":"actor"},{"id":2537,"photo":"https://st.kp.yandex.net/images/actor_iphone/iphone360_2537.jpg","name":"Джеймс Т. Уильямс II","enName":"James T. Williams II","profession":"актеры","enProfession":"actor"},{"id":7800,"photo":"https://st.kp.yandex.net/images/actor_iphone/iphone360_7800.jpg","name":"Кассандра Кубински","enName":"Cassandra Kubinski","profession":"актеры","enProfession":"actor"},{"id":7801,"photo":"https://st.kp.yandex.net/images/actor_iphone/iphone360_7801.jpg","name":"Софи Ву","enName":"Sophia Wu","profession":"актеры","enProfession":"actor"},{"id":7802,"photo":"https://st.kp.yandex.net/images/actor_iphone/iphone360_7802.jpg","name":"Джерри Розенталь","enName":"Gerry Rosenthal","profession":"актеры","enProfession":"actor"},{"id":7803,"photo":"https://st.kp.yandex.net/images/actor_iphone/iphone360_7803.jpg","name":"Тим Холл","enName":"Tim Hall","profession":"актеры","enProfession":"actor"},{"id":7804,"photo":"https://st.kp.yandex.net/images/actor_iphone/iphone360_7804.jpg","name":"Том Маллика","enName":"Tom Mullica","profession":"актеры","enProfession":"actor"},{"id":7805,"photo":"https://st.kp.yandex.net/images/actor_iphone/iphone360_7805.jpg","name":"Дэвид Мэдисон","enName":"David Madison","profession":"актеры","enProfession":"actor"},{"id":7806,"photo":"https://st.kp.yandex.net/images/actor_iphone/iphone360_7806.jpg","name":"Джои Буттафуоко","enName":"Joey Buttafuoco","profession":"актеры","enProfession":"actor"},{"id":7807,"photo":"https://st.kp.yandex.net/images/actor_iphone/iphone360_7807.jpg","name":"Джейм МакКэйг","enName":"Jaime McCaig","profession":"актеры","enProfession":"actor"},{"id":7808,"photo":"https://st.kp.yandex.net/images/actor_iphone/iphone360_7808.jpg","name":"Уильям Модесте","enName":"William Modeste","profession":"актеры","enProfession":"actor"},{"id":7809,"photo":"https://st.kp.yandex.net/images/actor_iphone/iphone360_7809.jpg","name":"Дэниэл Родригез","enName":"Daniel Rodriguez","profession":"актеры","enProfession":"actor"},{"id":7810,"photo":"https://st.kp.yandex.net/images/actor_iphone/iphone360_7810.jpg","name":"Сэмюэл Тайсон","enName":"Samuel Tyson","profession":"актеры","enProfession":"actor"},{"id":7811,"photo":"https://st.kp.yandex.net/images/actor_iphone/iphone360_7811.jpg","name":"Винс Джордано","enName":"Vince Giordano","profession":"актеры","enProfession":"actor"},{"id":7812,"photo":"https://st.kp.yandex.net/images/actor_iphone/iphone360_7812.jpg","name":"Грегори Сингер","enName":"Gregory Singer","profession":"актеры","enProfession":"actor"},{"id":7813,"photo":"https://st.kp.yandex.net/images/actor_iphone/iphone360_7813.jpg","name":"Дин Прэтт","enName":"Dean Pratt","profession":"актеры","enProfession":"actor"},{"id":7814,"photo":"https://st.kp.yandex.net/images/actor_iphone/iphone360_7814.jpg","name":"Керри МакКиллоп","enName":"Kerry MacKillop","profession":"актеры","enProfession":"actor"},{"id":7815,"photo":"https://st.kp.yandex.net/images/actor_iphone/iphone360_7815.jpg","name":"Харви Тиббс","enName":"Harvey Tibbs","profession":"актеры","enProfession":"actor"},{"id":7816,"photo":"https://st.kp.yandex.net/images/actor_iphone/iphone360_7816.jpg","name":"Джек Стаки","enName":"Jack Stuckey","profession":"актеры","enProfession":"actor"},{"id":7817,"photo":"https://st.kp.yandex.net/images/actor_iphone/iphone360_7817.jpg","name":"Марк Лопман","enName":"Mark Lopeman","profession":"актеры","enProfession":"actor"},{"id":7818,"photo":"https://st.kp.yandex.net/images/actor_iphone/iphone360_7818.jpg","name":"Марк Фанюф","enName":"Marc Phaneuf","profession":"актеры","enProfession":"actor"},{"id":7819,"photo":"https://st.kp.yandex.net/images/actor_iphone/iphone360_7819.jpg","name":"Ларри Вэйд","enName":"Larry Wade","profession":"актеры","enProfession":"actor"},{"id":7820,"photo":"https://st.kp.yandex.net/images/actor_iphone/iphone360_7820.jpg","name":"Конал Фаукс","enName":"Conal Fowkes","profession":"актеры","enProfession":"actor"},{"id":7821,"photo":"https://st.kp.yandex.net/images/actor_iphone/iphone360_7821.jpg","name":"Мэтт Мунистери","enName":"Matt Munisteri","profession":"актеры","enProfession":"actor"},{"id":7822,"photo":"https://st.kp.yandex.net/images/actor_iphone/iphone360_7822.jpg","name":"Джон Мейерс","enName":"John Sullivan","profession":"актеры","enProfession":"actor"},{"id":7823,"photo":"https://st.kp.yandex.net/images/actor_iphone/iphone360_7823.jpg","name":"Рон Морган","enName":"Ron Morgan","profession":"актеры","enProfession":"actor"},{"id":7824,"photo":"https://st.kp.yandex.net/images/actor_iphone/iphone360_7824.jpg","name":"Элисон Фолланд","enName":"Alison Folland","profession":"актеры","enProfession":"actor"},{"id":7825,"photo":"https://st.kp.yandex.net/images/actor_iphone/iphone360_7825.jpg","name":"Алекс Требек","enName":"Alex Trebek","profession":"актеры","enProfession":"actor"},{"id":757310,"photo":"https://st.kp.yandex.net/images/actor_iphone/iphone360_757310.jpg","name":"Крис М. Оллпорт","enName":"Chris M. Allport","profession":"актеры","enProfession":"actor"},{"id":76409,"photo":"https://st.kp.yandex.net/images/actor_iphone/iphone360_76409.jpg","name":"Бретт Барский","enName":"Brett Barsky","profession":"актеры","enProfession":"actor"},{"id":2457496,"photo":"https://st.kp.yandex.net/images/actor_iphone/iphone360_2457496.jpg","name":"Майкл Е. Белл","enName":"Michael E. Bell","profession":"актеры","enProfession":"actor"},{"id":126959,"photo":"https://st.kp.yandex.net/images/actor_iphone/iphone360_126959.jpg","name":null,"enName":"Dennis Cabrini","profession":"актеры","enProfession":"actor"},{"id":557542,"photo":"https://st.kp.yandex.net/images/actor_iphone/iphone360_557542.jpg","name":"Александр Конти","enName":"Alexander Conti","profession":"актеры","enProfession":"actor"},{"id":2402397,"photo":"https://st.kp.yandex.net/images/actor_iphone/iphone360_2402397.jpg","name":"Джо Кроссон","enName":"Joe Crosson","profession":"актеры","enProfession":"actor"},{"id":7826,"photo":"https://st.kp.yandex.net/images/actor_iphone/iphone360_7826.jpg","name":"Джессика Лешноуэр","enName":"Jessica Leshnower","profession":"актеры","enProfession":"actor"},{"id":413285,"photo":"https://st.kp.yandex.net/images/actor_iphone/iphone360_413285.jpg","name":null,"enName":"Craig Loydgren","profession":"актеры","enProfession":"actor"},{"id":7827,"photo":"https://st.kp.yandex.net/images/actor_iphone/iphone360_7827.jpg","name":"Рэнди Розенхольц","enName":"Randi Rosenholtz","profession":"актеры","enProfession":"actor"},{"id":557931,"photo":"https://st.kp.yandex.net/images/actor_iphone/iphone360_557931.jpg","name":"Питер Стиклс","enName":"Peter Stickles","profession":"актеры","enProfession":"actor"},{"id":7778,"photo":"https://st.kp.yandex.net/images/actor_iphone/iphone360_7778.jpg","name":"Гас Ван Сент","enName":"Gus Van Sant","profession":"актеры","enProfession":"actor"},{"id":1986438,"photo":"https://st.kp.yandex.net/images/actor_iphone/iphone360_1986438.jpg","name":"Джейн Маски","enName":"Jane Musky","profession":"художники","enProfession":"designer"},{"id":1997320,"photo":"https://st.kp.yandex.net/images/actor_iphone/iphone360_1997320.jpg","name":"Роберт Гуерра","enName":"Robert Guerra","profession":"художники","enProfession":"designer"},{"id":2004093,"photo":"https://st.kp.yandex.net/images/actor_iphone/iphone360_2004093.jpg","name":"Даррел К. Кейстер","enName":"Darrell K. Keister","profession":"художники","enProfession":"designer"},{"id":2289377,"photo":"https://st.kp.yandex.net/images/actor_iphone/iphone360_2289377.jpg","name":"Энн Рот","enName":"Ann Roth","profession":"художники","enProfession":"designer"},{"id":1862782,"photo":"https://st.kp.yandex.net/images/actor_iphone/iphone360_1862782.jpg","name":"Сьюзэн Боуд","enName":"Susan Bode","profession":"художники","enProfession":"designer"},{"id":1986150,"photo":"https://st.kp.yandex.net/images/actor_iphone/iphone360_1986150.jpg","name":"Кэролин «Кел» Лоукс","enName":"Carolyn «Cal» Loucks","profession":"художники","enProfession":"designer"},{"id":2003971,"photo":"https://st.kp.yandex.net/images/actor_iphone/iphone360_2003971.jpg","name":"Линн Тоннессен","enName":"Lynn Tonnessen","profession":"художники","enProfession":"designer"},{"id":7778,"photo":"https://st.kp.yandex.net/images/actor_iphone/iphone360_7778.jpg","name":"Гас Ван Сент","enName":"Gus Van Sant","profession":"режиссеры","enProfession":"director"},{"id":1333973,"photo":"https://st.kp.yandex.net/images/actor_iphone/iphone360_1333973.jpg","name":"Вальдис Оускарсдоуттир","enName":"Valdís Óskarsdóttir","profession":"монтажеры","enProfession":"editor"},{"id":80208,"photo":"https://st.kp.yandex.net/images/actor_iphone/iphone360_80208.jpg","name":"Харрис Савидис","enName":"Harris Savides","profession":"операторы","enProfession":"operator"},{"id":7780,"photo":"https://st.kp.yandex.net/images/actor_iphone/iphone360_7780.jpg","name":"Шон Коннери","enName":"Sean Connery","profession":"продюсеры","enProfession":"producer"},{"id":1721,"photo":"https://st.kp.yandex.net/images/actor_iphone/iphone360_1721.jpg","name":"Лоуренс Марк","enName":"Laurence Mark","profession":"продюсеры","enProfession":"producer"},{"id":7829,"photo":"https://st.kp.yandex.net/images/actor_iphone/iphone360_7829.jpg","name":"Ронда Толлфсон","enName":"Rhonda Tollefson","profession":"продюсеры","enProfession":"producer"},{"id":7828,"photo":"https://st.kp.yandex.net/images/actor_iphone/iphone360_7828.jpg","name":"Джонатан Кинг","enName":"Jonathan King","profession":"продюсеры","enProfession":"producer"},{"id":7779,"photo":"https://st.kp.yandex.net/images/actor_iphone/iphone360_7779.jpg","name":"Майк Рич","enName":"Mike Rich","profession":"редакторы","enProfession":"writer"}],"productionCompanies":[{"name":"Laurence Mark Productions","url":null,"previewUrl":null},{"name":"Finding Forrester Productions","url":null,"previewUrl":null},{"name":"Fountainbridge Films","url":null,"previewUrl":null},{"name":"Columbia Pictures","url":"https://www.themoviedb.org/t/p/original/71BqEFAF4V3qjjMPCpLuyJFB9A.png","previewUrl":"https://www.themoviedb.org/t/p/w500/71BqEFAF4V3qjjMPCpLuyJFB9A.png"},{"name":"Sony Pictures","url":"https://www.themoviedb.org/t/p/original/GagSvqWlyPdkFHMfQ3pNq6ix9P.png","previewUrl":"https://www.themoviedb.org/t/p/w500/GagSvqWlyPdkFHMfQ3pNq6ix9P.png"}],"typeNumber":1,"alternativeName":"Finding Forrester","backdrop":{"url":"https://avatars.mds.yandex.net/get-ott/2439731/2a000001776d0e66f56af0501976dbca835d/orig","previewUrl":"https://avatars.mds.yandex.net/get-ott/2439731/2a000001776d0e66f56af0501976dbca835d/x1000"},"enName":null,"movieLength":131,"names":[{"name":"Найти Форрестера"},{"name":"Finding Forrester"}],"status":null,"ageRating":12,"ratingMpaa":"pg13","shortDescription":"Юный баскетболист заводит дружбу с писателем-затворником. Окрыляющая драма Гаса Ван Сента с призом Берлинале","similarMovies":[{"id":4996,"name":"Общество мертвых поэтов","enName":null,"alternativeName":"Dead Poets Society","type":"movie","poster":{"url":"https://avatars.mds.yandex.net/get-kinopoisk-image/1599028/66058481-9b77-4b51-9d4b-65db5cd796d2/orig","previewUrl":"https://avatars.mds.yandex.net/get-kinopoisk-image/1599028/66058481-9b77-4b51-9d4b-65db5cd796d2/x1000"}},{"id":539,"name":"Умница Уилл Хантинг","enName":null,"alternativeName":"Good Will Hunting","type":"movie","poster":{"url":"https://avatars.mds.yandex.net/get-kinopoisk-image/1629390/0e2ecf70-4309-4e53-839b-ff3c9d8b0129/orig","previewUrl":"https://avatars.mds.yandex.net/get-kinopoisk-image/1629390/0e2ecf70-4309-4e53-839b-ff3c9d8b0129/x1000"}},{"id":4871,"name":"Запах женщины","enName":null,"alternativeName":"Scent of a Woman","type":"movie","poster":{"url":"https://avatars.mds.yandex.net/get-kinopoisk-image/1599028/378890fe-a68d-45ba-a87e-9108ae0e4574/orig","previewUrl":"https://avatars.mds.yandex.net/get-kinopoisk-image/1599028/378890fe-a68d-45ba-a87e-9108ae0e4574/x1000"}},{"id":408410,"name":"Гран Торино","enName":null,"alternativeName":"Gran Torino","type":"movie","poster":{"url":"https://avatars.mds.yandex.net/get-kinopoisk-image/1946459/fe294fb7-2b61-40e0-b646-00885edf7f06/orig","previewUrl":"https://avatars.mds.yandex.net/get-kinopoisk-image/1946459/fe294fb7-2b61-40e0-b646-00885edf7f06/x1000"}},{"id":535341,"name":"1+1","enName":null,"alternativeName":"Intouchables","type":"movie","poster":{"url":"https://avatars.mds.yandex.net/get-kinopoisk-image/1946459/bf93b465-1189-4155-9dd1-cb9fb5cb1bb5/orig","previewUrl":"https://avatars.mds.yandex.net/get-kinopoisk-image/1946459/bf93b465-1189-4155-9dd1-cb9fb5cb1bb5/x1000"}},{"id":6314,"name":"Человек без лица","enName":null,"alternativeName":"The Man Without a Face","type":"movie","poster":{"url":"https://avatars.mds.yandex.net/get-kinopoisk-image/4774061/f20a2394-384f-4288-b9d6-f72767c41041/orig","previewUrl":"https://avatars.mds.yandex.net/get-kinopoisk-image/4774061/f20a2394-384f-4288-b9d6-f72767c41041/x1000"}},{"id":32560,"name":"Перекрёсток","enName":null,"alternativeName":"Crossroads","type":"movie","poster":{"url":"https://avatars.mds.yandex.net/get-kinopoisk-image/1599028/021c3260-312c-4172-9ede-eba16899f2ea/orig","previewUrl":"https://avatars.mds.yandex.net/get-kinopoisk-image/1599028/021c3260-312c-4172-9ede-eba16899f2ea/x1000"}},{"id":580181,"name":"Третий акт","enName":null,"alternativeName":"The Magic of Belle Isle","type":"movie","poster":{"url":"https://avatars.mds.yandex.net/get-kinopoisk-image/6201401/d7655197-1d78-4067-bf86-fcbea910ba3d/orig","previewUrl":"https://avatars.mds.yandex.net/get-kinopoisk-image/6201401/d7655197-1d78-4067-bf86-fcbea910ba3d/x1000"}},{"id":195226,"name":"Писатели свободы","enName":null,"alternativeName":"Freedom Writers","type":"movie","poster":{"url":"https://avatars.mds.yandex.net/get-kinopoisk-image/4303601/4d0c680c-7c33-4326-8129-b2ff1f7a34cc/orig","previewUrl":"https://avatars.mds.yandex.net/get-kinopoisk-image/4303601/4d0c680c-7c33-4326-8129-b2ff1f7a34cc/x1000"}}],"sequelsAndPrequels":[{"id":4368945,"name":null,"enName":"Finding Forrester","alternativeName":"Finding Forrester","type":"remake","poster":{"url":"https://st.kp.yandex.net/images/film_big/4368945.jpg","previewUrl":"https://st.kp.yandex.net/images/film_iphone/iphone360_4368945.jpg"}}],"logo":{"url":"https://avatars.mds.yandex.net/get-ott/1672343/2a000001776d0dbae21c723161596dc542ee/orig"},"watchability":{"items":[{"name":"Триколор Кино и ТВ","logo":{"url":"https://avatars.mds.yandex.net/get-ott/239697/947e777c-2f73-4cbc-b09d-6bfa3966ba13/orig"},"url":"https://kino.tricolor.tv/watch/nayti-forrestera-2000/?utm_source=yandex&utm_medium=feed"}]},"top10":null,"top250":null}