{"videos":{"trailers":[{"url":"https://widgets.kinopoisk.ru/discovery/trailer/13209?onlyPlayer=1&autoplay=1&cover=1","name":"Трейлер (дублированный)","site":"kinopoisk_widget"},{"url":"https://widgets.kinopoisk.ru/discovery/trailer/5521?onlyPlayer=1&autoplay=1&cover=1","name":"Трейлер","site":"kinopoisk_widget"},{"url":"https://www.youtube.com/embed/tQ_MrNPOzG4","name":"The Four Feathers - Trailer [High Quality]","site":"youtube","type":"TRAILER"},{"url":"https://www.youtube.com/embed/wSYVMQ8R3hI","name":"Четыре пера - Трейлер","site":"youtube","type":"TRAILER"}],"teasers":[]},"fees":{"world":{"value":29882645,"currency":"$"},"usa":{"value":18306166,"currency":"$"}},"id":673,"type":"movie","externalId":{"kpHD":"4eef22adea426d9f8c74173f08b3b379","imdb":"tt0240510","tmdb":9093},"name":"Четыре пера","rating":{"kp":7.764,"imdb":6.5,"filmCritics":5.4,"russianFilmCritics":0,"await":0},"description":"1884 год. Перед самой отправкой британских войск в Судан молодой офицер Гарри Фэвершем подает в отставку. Его близкие и родные воспринимают этот поступок как проявление трусости, и Гарри, чтобы спасти свою честь, принимает решение тайно отправиться на африканский континент…\n\nУ Гарри было все: отец — генерал, любимая девушка, лейтенантская должность в непобедимой английской армии, верные друзья. В один день он лишился всего, с ним осталось только четыре пера позора…","votes":{"kp":33910,"imdb":34750,"filmCritics":150,"russianFilmCritics":1,"await":0},"premiere":{"country":"Канада","world":"2002-09-08T00:00:00.000Z","russia":"2002-10-31T00:00:00.000Z","cinema":"2002-10-31T00:00:00.000Z","dvd":"2014-02-20T00:00:00.000Z","bluray":"2013-11-27T00:00:00.000Z"},"slogan":"Freedom. Country. Honor. Passion.  To save his best friend, one man must risk everything he loves","year":2002,"budget":{"value":35000000,"currency":"$"},"poster":{"url":"https://st.kp.yandex.net/images/film_big/673.jpg","previewUrl":"https://st.kp.yandex.net/images/film_iphone/iphone360_673.jpg"},"facts":[{"value":"Хронометраж полного варианта фильма: 131 минута.","type":"FACT","spoiler":false},{"value":"В фильме показана битва при Абу-Клеа, она произошла 16-18 января 1885 года в Судане между британским экспедиционным отрядом «Пустынная колонна» и силами махдистов, превышавшими 12 000 человек. На экране разворачивается вымышленная версия произошедшей в действительности битвы.","type":"FACT","spoiler":false},{"value":"Ради съёмок в этом фильме <a href=\"/name/6580/\" class=\"all\">Кейт Хадсон</a> отказалась от роли Мэри-Джейн в фантастическом боевике <a href=\"/name/9940/\" class=\"all\">Сэма Рэйми</a> «<a href=\"/film/838/\" class=\"all\">Человек-паук</a>» (2002).","type":"FACT","spoiler":false},{"value":"В фильме упоминается генерал Хикс. Уильям Хикс (1830-1883), известный как Хикс-паша, это британский офицер, который служил в египетской армии. В 1883 году Хикса во главе приблизительно 10 000 солдат отправили навстречу махдистским повстанцам Мухаммеда Ахмеда, где они попали в ловушку и были перебиты почти до последнего человека. В сражении при Эль-Эбейде был убит и сам Хикс.","type":"FACT","spoiler":false}],"genres":[{"name":"боевик"},{"name":"драма"},{"name":"мелодрама"},{"name":"приключения"},{"name":"военный"}],"countries":[{"name":"Великобритания"},{"name":"США"}],"seasonsInfo":[],"persons":[{"id":1183,"photo":"https://st.kp.yandex.net/images/actor_iphone/iphone360_1183.jpg","name":"Хит Леджер","enName":"Heath Ledger","profession":"актеры","enProfession":"actor"},{"id":6580,"photo":"https://st.kp.yandex.net/images/actor_iphone/iphone360_6580.jpg","name":"Кейт Хадсон","enName":"Kate Hudson","profession":"актеры","enProfession":"actor"},{"id":3,"photo":"https://st.kp.yandex.net/images/actor_iphone/iphone360_3.jpg","name":"Уэс Бентли","enName":"Wes Bentley","profession":"актеры","enProfession":"actor"},{"id":10024,"photo":"https://st.kp.yandex.net/images/actor_iphone/iphone360_10024.jpg","name":"Джимон Хонсу","enName":"Djimon Hounsou","profession":"актеры","enProfession":"actor"},{"id":14460,"photo":"https://st.kp.yandex.net/images/actor_iphone/iphone360_14460.jpg","name":"Крис Маршалл","enName":"Kris Marshall","profession":"актеры","enProfession":"actor"},{"id":33281,"photo":"https://st.kp.yandex.net/images/actor_iphone/iphone360_33281.jpg","name":"Майкл Шин","enName":"Michael Sheen","profession":"актеры","enProfession":"actor"},{"id":36171,"photo":"https://st.kp.yandex.net/images/actor_iphone/iphone360_36171.jpg","name":"Руперт Пенри-Джонс","enName":"Rupert Penry-Jones","profession":"актеры","enProfession":"actor"},{"id":32847,"photo":"https://st.kp.yandex.net/images/actor_iphone/iphone360_32847.jpg","name":"Тим Пиготт-Смит","enName":"Tim Pigott-Smith","profession":"актеры","enProfession":"actor"},{"id":12128,"photo":"https://st.kp.yandex.net/images/actor_iphone/iphone360_12128.jpg","name":"Даниэль Кальтаджироне","enName":"Daniel Caltagirone","profession":"актеры","enProfession":"actor"},{"id":17766,"photo":"https://st.kp.yandex.net/images/actor_iphone/iphone360_17766.jpg","name":"Джеймс Космо","enName":"James Cosmo","profession":"актеры","enProfession":"actor"},{"id":36157,"photo":"https://st.kp.yandex.net/images/actor_iphone/iphone360_36157.jpg","name":"Алекс Дженнингс","enName":"Alex Jennings","profession":"актеры","enProfession":"actor"},{"id":36176,"photo":"https://st.kp.yandex.net/images/actor_iphone/iphone360_36176.jpg","name":"Алек Век","enName":"Alek Wek","profession":"актеры","enProfession":"actor"},{"id":36168,"photo":"https://st.kp.yandex.net/images/actor_iphone/iphone360_36168.jpg","name":"Деобиа Опарей","enName":"Deobia Oparei","profession":"актеры","enProfession":"actor"},{"id":36150,"photo":"https://st.kp.yandex.net/images/actor_iphone/iphone360_36150.jpg","name":"Мохамед Боич","enName":"Mohamed Bouich","profession":"актеры","enProfession":"actor"},{"id":36151,"photo":"https://st.kp.yandex.net/images/actor_iphone/iphone360_36151.jpg","name":"Кэмпбелл Браун","enName":"Campbell Brown","profession":"актеры","enProfession":"actor"},{"id":36152,"photo":"https://st.kp.yandex.net/images/actor_iphone/iphone360_36152.jpg","name":"Энди Коумб","enName":"Andy Coumbe","profession":"актеры","enProfession":"actor"},{"id":36153,"photo":"https://st.kp.yandex.net/images/actor_iphone/iphone360_36153.jpg","name":"Анджела Дуглас","enName":"Angela Douglas","profession":"актеры","enProfession":"actor"},{"id":36154,"photo":"https://st.kp.yandex.net/images/actor_iphone/iphone360_36154.jpg","name":"Карим Дуккали","enName":"Karim Doukkali","profession":"актеры","enProfession":"actor"},{"id":1397,"photo":"https://st.kp.yandex.net/images/actor_iphone/iphone360_1397.jpg","name":"Люси Гордон","enName":"Lucy Gordon","profession":"актеры","enProfession":"actor"},{"id":36155,"photo":"https://st.kp.yandex.net/images/actor_iphone/iphone360_36155.jpg","name":"Меган Холл","enName":"Megan Hall","profession":"актеры","enProfession":"actor"},{"id":36156,"photo":"https://st.kp.yandex.net/images/actor_iphone/iphone360_36156.jpg","name":"Джеймс Хиллер","enName":"James Hillier","profession":"актеры","enProfession":"actor"},{"id":23509,"photo":"https://st.kp.yandex.net/images/actor_iphone/iphone360_23509.jpg","name":"Ник Холдер","enName":"Nick Holder","profession":"актеры","enProfession":"actor"},{"id":36158,"photo":"https://st.kp.yandex.net/images/actor_iphone/iphone360_36158.jpg","name":"Александра Каби","enName":"Alexandra Kabi","profession":"актеры","enProfession":"actor"},{"id":36159,"photo":"https://st.kp.yandex.net/images/actor_iphone/iphone360_36159.jpg","name":"Хулио Льюис","enName":"Julio Lewis","profession":"актеры","enProfession":"actor"},{"id":36160,"photo":"https://st.kp.yandex.net/images/actor_iphone/iphone360_36160.jpg","name":"Крэйг МакДональд","enName":"Craig McDonald","profession":"актеры","enProfession":"actor"},{"id":36161,"photo":"https://st.kp.yandex.net/images/actor_iphone/iphone360_36161.jpg","name":"Лайонел Махоп","enName":"Lionel Mahop","profession":"актеры","enProfession":"actor"},{"id":36162,"photo":"https://st.kp.yandex.net/images/actor_iphone/iphone360_36162.jpg","name":"Ричард Мэнлав","enName":"Richard Wulf","profession":"актеры","enProfession":"actor"},{"id":36163,"photo":"https://st.kp.yandex.net/images/actor_iphone/iphone360_36163.jpg","name":"Манар Мохамед","enName":"Manar Mohamed","profession":"актеры","enProfession":"actor"},{"id":36164,"photo":"https://st.kp.yandex.net/images/actor_iphone/iphone360_36164.jpg","name":"Маруази Мохаммед","enName":"Marouazi Mohammed","profession":"актеры","enProfession":"actor"},{"id":36165,"photo":"https://st.kp.yandex.net/images/actor_iphone/iphone360_36165.jpg","name":"Нидер Мохамед","enName":"Nider Mohamed","profession":"актеры","enProfession":"actor"},{"id":36166,"photo":"https://st.kp.yandex.net/images/actor_iphone/iphone360_36166.jpg","name":"Анна Диафе Ндиае","enName":"Anna Diafe Ndiaye","profession":"актеры","enProfession":"actor"},{"id":36167,"photo":"https://st.kp.yandex.net/images/actor_iphone/iphone360_36167.jpg","name":"Медун Ндиае","enName":"Medoune Ndiaye","profession":"актеры","enProfession":"actor"},{"id":36169,"photo":"https://st.kp.yandex.net/images/actor_iphone/iphone360_36169.jpg","name":"Мохамен Мехди Оузанни","enName":"Mohamen Mehdi Ouazanni","profession":"актеры","enProfession":"actor"},{"id":36170,"photo":"https://st.kp.yandex.net/images/actor_iphone/iphone360_36170.jpg","name":"Чарльз Пембертон","enName":"Charles Pemberton","profession":"актеры","enProfession":"actor"},{"id":36172,"photo":"https://st.kp.yandex.net/images/actor_iphone/iphone360_36172.jpg","name":"Мохамед Кватиб","enName":"Mohamed Quatib","profession":"актеры","enProfession":"actor"},{"id":36173,"photo":"https://st.kp.yandex.net/images/actor_iphone/iphone360_36173.jpg","name":"Лайла Руасс","enName":"Laila Rouass","profession":"актеры","enProfession":"actor"},{"id":36174,"photo":"https://st.kp.yandex.net/images/actor_iphone/iphone360_36174.jpg","name":"Хью Росс","enName":"Hugh Ross","profession":"актеры","enProfession":"actor"},{"id":36175,"photo":"https://st.kp.yandex.net/images/actor_iphone/iphone360_36175.jpg","name":"Тьомбре Сэмб","enName":"Thioumbe Samb","profession":"актеры","enProfession":"actor"},{"id":5298,"photo":"https://st.kp.yandex.net/images/actor_iphone/iphone360_5298.jpg","name":"Марк Тондерай","enName":"Mark Tonderai","profession":"актеры","enProfession":"actor"},{"id":36177,"photo":"https://st.kp.yandex.net/images/actor_iphone/iphone360_36177.jpg","name":"Алекс Зорбас","enName":"Alex Zorbas","profession":"актеры","enProfession":"actor"},{"id":1080430,"photo":"https://st.kp.yandex.net/images/actor_iphone/iphone360_1080430.jpg","name":"Брюс Лоуренс","enName":"Bruce Lawrence","profession":"актеры","enProfession":"actor"},{"id":39463,"photo":"https://st.kp.yandex.net/images/actor_iphone/iphone360_39463.jpg","name":"Ридиан Бридж","enName":"Rhidian Bridge","profession":"актеры","enProfession":"actor"},{"id":5611896,"photo":"https://st.kp.yandex.net/images/actor_iphone/iphone360_5611896.jpg","name":"Гэри Банн","enName":"Gary Bunn","profession":"актеры","enProfession":"actor"},{"id":36178,"photo":"https://st.kp.yandex.net/images/actor_iphone/iphone360_36178.jpg","name":"Кристиан Коулсон","enName":"Christian Coulson","profession":"актеры","enProfession":"actor"},{"id":581852,"photo":"https://st.kp.yandex.net/images/actor_iphone/iphone360_581852.jpg","name":"Рэй Донн","enName":"Ray Donn","profession":"актеры","enProfession":"actor"},{"id":6119059,"photo":"https://st.kp.yandex.net/images/actor_iphone/iphone360_6119059.jpg","name":"Росс Доннелли","enName":"Ross Donnelly","profession":"актеры","enProfession":"actor"},{"id":32870,"photo":"https://st.kp.yandex.net/images/actor_iphone/iphone360_32870.jpg","name":"Джеймс Эмбри","enName":"James Embree","profession":"актеры","enProfession":"actor"},{"id":735526,"photo":"https://st.kp.yandex.net/images/actor_iphone/iphone360_735526.jpg","name":"Натали Халлам","enName":"Natalie Hallam","profession":"актеры","enProfession":"actor"},{"id":36179,"photo":"https://st.kp.yandex.net/images/actor_iphone/iphone360_36179.jpg","name":"Хьюго Хедли","enName":"Hugo Hedley","profession":"актеры","enProfession":"actor"},{"id":1087707,"photo":"https://st.kp.yandex.net/images/actor_iphone/iphone360_1087707.jpg","name":"Серена Лориэн","enName":"Serena Lorien","profession":"актеры","enProfession":"actor"},{"id":1909944,"photo":"https://st.kp.yandex.net/images/actor_iphone/iphone360_1909944.jpg","name":"Кэсси Ньюби","enName":"Cassie Newby","profession":"актеры","enProfession":"actor"},{"id":36180,"photo":"https://st.kp.yandex.net/images/actor_iphone/iphone360_36180.jpg","name":"Бен Аттли","enName":"Benjamin Uttley","profession":"актеры","enProfession":"actor"},{"id":163573,"photo":"https://st.kp.yandex.net/images/actor_iphone/iphone360_163573.jpg","name":"Джеймс Хорнер","enName":"James Horner","profession":"композиторы","enProfession":"composer"},{"id":1997219,"photo":"https://st.kp.yandex.net/images/actor_iphone/iphone360_1997219.jpg","name":"Аллан Камерон","enName":"Allan Cameron","profession":"художники","enProfession":"designer"},{"id":2001719,"photo":"https://st.kp.yandex.net/images/actor_iphone/iphone360_2001719.jpg","name":"Зак Гроблер","enName":"Zack Grobler","profession":"художники","enProfession":"designer"},{"id":1989082,"photo":"https://st.kp.yandex.net/images/actor_iphone/iphone360_1989082.jpg","name":"Кит Пэйн","enName":"Keith Pain","profession":"художники","enProfession":"designer"},{"id":2138669,"photo":"https://st.kp.yandex.net/images/actor_iphone/iphone360_2138669.jpg","name":null,"enName":"Rachid Quiat","profession":"художники","enProfession":"designer"},{"id":1406659,"photo":"https://st.kp.yandex.net/images/actor_iphone/iphone360_1406659.jpg","name":"Рут Майерс","enName":"Ruth Myers","profession":"художники","enProfession":"designer"},{"id":172625,"photo":"https://st.kp.yandex.net/images/actor_iphone/iphone360_172625.jpg","name":"Питер Хоуитт","enName":"Peter Howitt","profession":"художники","enProfession":"designer"},{"id":36147,"photo":"https://st.kp.yandex.net/images/actor_iphone/iphone360_36147.jpg","name":"Шекхар Капур","enName":"Shekhar Kapur","profession":"режиссеры","enProfession":"director"},{"id":1022993,"photo":"https://st.kp.yandex.net/images/actor_iphone/iphone360_1022993.jpg","name":"Стивен Розенблюм","enName":"Steven Rosenblum","profession":"монтажеры","enProfession":"editor"},{"id":74952,"photo":"https://st.kp.yandex.net/images/actor_iphone/iphone360_74952.jpg","name":"Роберт Ричардсон","enName":"Robert Richardson","profession":"операторы","enProfession":"operator"},{"id":36181,"photo":"https://st.kp.yandex.net/images/actor_iphone/iphone360_36181.jpg","name":"Пол Фельдшер","enName":"Paul Feldsher","profession":"продюсеры","enProfession":"producer"},{"id":14197,"photo":"https://st.kp.yandex.net/images/actor_iphone/iphone360_14197.jpg","name":"Стэнли Р. Джаффе","enName":"Stanley R. Jaffe","profession":"продюсеры","enProfession":"producer"},{"id":10657,"photo":"https://st.kp.yandex.net/images/actor_iphone/iphone360_10657.jpg","name":"Марти Кац","enName":"Marty Katz","profession":"продюсеры","enProfession":"producer"},{"id":12074,"photo":"https://st.kp.yandex.net/images/actor_iphone/iphone360_12074.jpg","name":"Лори Борг","enName":"Laurie Borg","profession":"продюсеры","enProfession":"producer"},{"id":1040432,"photo":"https://st.kp.yandex.net/images/actor_iphone/iphone360_1040432.jpg","name":"Денис Беспалый","enName":null,"profession":"актеры дубляжа","enProfession":"voice_actor"},{"id":1649885,"photo":"https://st.kp.yandex.net/images/actor_iphone/iphone360_1649885.jpg","name":"Лариса Некипелова","enName":null,"profession":"актеры дубляжа","enProfession":"voice_actor"},{"id":1079073,"photo":"https://st.kp.yandex.net/images/actor_iphone/iphone360_1079073.jpg","name":"Андрей Бархударов","enName":null,"profession":"актеры дубляжа","enProfession":"voice_actor"},{"id":1159780,"photo":"https://st.kp.yandex.net/images/actor_iphone/iphone360_1159780.jpg","name":"Александр Груздев","enName":null,"profession":"актеры дубляжа","enProfession":"voice_actor"},{"id":1232680,"photo":"https://st.kp.yandex.net/images/actor_iphone/iphone360_1232680.jpg","name":"Илья Бледный","enName":null,"profession":"актеры дубляжа","enProfession":"voice_actor"},{"id":1002297,"photo":"https://st.kp.yandex.net/images/actor_iphone/iphone360_1002297.jpg","name":"Александр Морозов","enName":null,"profession":"актеры дубляжа","enProfession":"voice_actor"},{"id":273560,"photo":"https://st.kp.yandex.net/images/actor_iphone/iphone360_273560.jpg","name":"Вадим Андреев","enName":null,"profession":"актеры дубляжа","enProfession":"voice_actor"},{"id":290228,"photo":"https://st.kp.yandex.net/images/actor_iphone/iphone360_290228.jpg","name":"Вячеслав Баранов","enName":null,"profession":"актеры дубляжа","enProfession":"voice_actor"},{"id":318217,"photo":"https://st.kp.yandex.net/images/actor_iphone/iphone360_318217.jpg","name":"Рогволд Суховерко","enName":null,"profession":"актеры дубляжа","enProfession":"voice_actor"},{"id":261729,"photo":"https://st.kp.yandex.net/images/actor_iphone/iphone360_261729.jpg","name":"Владимир Антоник","enName":null,"profession":"актеры дубляжа","enProfession":"voice_actor"},{"id":128002,"photo":"https://st.kp.yandex.net/images/actor_iphone/iphone360_128002.jpg","name":"Сергей Быстрицкий","enName":null,"profession":"актеры дубляжа","enProfession":"voice_actor"},{"id":280829,"photo":"https://st.kp.yandex.net/images/actor_iphone/iphone360_280829.jpg","name":"Юрий Маляров","enName":null,"profession":"актеры дубляжа","enProfession":"voice_actor"},{"id":320243,"photo":"https://st.kp.yandex.net/images/actor_iphone/iphone360_320243.jpg","name":"Виктор Петров","enName":null,"profession":"актеры дубляжа","enProfession":"voice_actor"},{"id":1604859,"photo":"https://st.kp.yandex.net/images/actor_iphone/iphone360_1604859.jpg","name":"Борис Токарев","enName":null,"profession":"актеры дубляжа","enProfession":"voice_actor"},{"id":1622833,"photo":"https://st.kp.yandex.net/images/actor_iphone/iphone360_1622833.jpg","name":"Павел Сметанкин","enName":null,"profession":"актеры дубляжа","enProfession":"voice_actor"},{"id":30646,"photo":"https://st.kp.yandex.net/images/actor_iphone/iphone360_30646.jpg","name":"Майкл Шиффер","enName":"Michael Schiffer","profession":"редакторы","enProfession":"writer"},{"id":36149,"photo":"https://st.kp.yandex.net/images/actor_iphone/iphone360_36149.jpg","name":"Хуссейн Амини","enName":"Hossein Amini","profession":"редакторы","enProfession":"writer"},{"id":36148,"photo":"https://st.kp.yandex.net/images/actor_iphone/iphone360_36148.jpg","name":"А.Э.В. Мэйсон","enName":"A.E.W. Mason","profession":"редакторы","enProfession":"writer"}],"productionCompanies":[{"name":"Paramount","url":"https://www.themoviedb.org/t/p/original/fycMZt242LVjagMByZOLUGbCvv3.png","previewUrl":"https://www.themoviedb.org/t/p/w500/fycMZt242LVjagMByZOLUGbCvv3.png"},{"name":"Miramax","url":"https://www.themoviedb.org/t/p/original/m6AHu84oZQxvq7n1rsvMNJIAsMu.png","previewUrl":"https://www.themoviedb.org/t/p/w500/m6AHu84oZQxvq7n1rsvMNJIAsMu.png"},{"name":"Jaffilms Inc.","url":null,"previewUrl":null},{"name":"Belhaven Limited","url":null,"previewUrl":null},{"name":"Blinding Edge Pictures","url":"https://www.themoviedb.org/t/p/original/uV6QBPdn3MjQzAFdgEel6od7geg.png","previewUrl":"https://www.themoviedb.org/t/p/w500/uV6QBPdn3MjQzAFdgEel6od7geg.png"},{"name":"Dune Films","url":null,"previewUrl":null},{"name":"Marty Katz Productions","url":null,"previewUrl":null}],"typeNumber":1,"alternativeName":"The Four Feathers","backdrop":{"url":"https://avatars.mds.yandex.net/get-ott/223007/2a00000173dd77cfb7f74fc45418f43a9385/orig","previewUrl":"https://avatars.mds.yandex.net/get-ott/223007/2a00000173dd77cfb7f74fc45418f43a9385/x1000"},"enName":null,"movieLength":125,"names":[{"name":"Четыре пера"},{"name":"The Four Feathers"},{"name":"Le Quattro Piume","language":"IT","type":null},{"name":"Frères du désert","language":"FR","type":null},{"name":"Las cuatro plumas","language":"ES","type":null},{"name":"Čtyři pírka","language":"CZ","type":null},{"name":"Las cuatro plumas","language":"MX","type":null}],"status":null,"ratingMpaa":"pg13","shortDescription":"Британский солдат должен доказать, что он не трус. Хит Леджер в мелодраме с эпичными батальными сценами","sequelsAndPrequels":[],"similarMovies":[{"id":781,"name":"Патриот","enName":null,"alternativeName":"The Patriot","type":"movie","poster":{"url":"https://avatars.mds.yandex.net/get-kinopoisk-image/6201401/43d340ec-ac0a-421b-9881-158cc9d000d8/orig","previewUrl":"https://avatars.mds.yandex.net/get-kinopoisk-image/6201401/43d340ec-ac0a-421b-9881-158cc9d000d8/x1000"}},{"id":18847,"name":"Легионер","enName":null,"alternativeName":"Legionnaire","type":"movie","poster":{"url":"https://avatars.mds.yandex.net/get-kinopoisk-image/4303601/d95e9a1e-28d4-40d6-83b4-748d0416470c/orig","previewUrl":"https://avatars.mds.yandex.net/get-kinopoisk-image/4303601/d95e9a1e-28d4-40d6-83b4-748d0416470c/x1000"}},{"id":8827,"name":"Легенды осени","enName":null,"alternativeName":"Legends of the Fall","type":"movie","poster":{"url":"https://avatars.mds.yandex.net/get-kinopoisk-image/1946459/0ea9b6c3-4db2-40c9-8e5b-9c4d2da24d77/orig","previewUrl":"https://avatars.mds.yandex.net/get-kinopoisk-image/1946459/0ea9b6c3-4db2-40c9-8e5b-9c4d2da24d77/x1000"}},{"id":1957,"name":"Перл-Харбор","enName":null,"alternativeName":"Pearl Harbor","type":"movie","poster":{"url":"https://avatars.mds.yandex.net/get-kinopoisk-image/1599028/5dcbedea-e852-463a-b86f-2e656bbaa1a0/orig","previewUrl":"https://avatars.mds.yandex.net/get-kinopoisk-image/1599028/5dcbedea-e852-463a-b86f-2e656bbaa1a0/x1000"}},{"id":1942,"name":"Холодная гора","enName":null,"alternativeName":"Cold Mountain","type":"movie","poster":{"url":"https://avatars.mds.yandex.net/get-kinopoisk-image/1900788/6e6e97df-487c-4122-91df-2e31399c4c57/orig","previewUrl":"https://avatars.mds.yandex.net/get-kinopoisk-image/1900788/6e6e97df-487c-4122-91df-2e31399c4c57/x1000"}},{"id":34391,"name":"Четыре пера","enName":null,"alternativeName":"The Four Feathers","type":"movie","poster":{"url":"https://avatars.mds.yandex.net/get-kinopoisk-image/1773646/ba014596-fcef-4f61-8051-2cd35fa9a55d/orig","previewUrl":"https://avatars.mds.yandex.net/get-kinopoisk-image/1773646/ba014596-fcef-4f61-8051-2cd35fa9a55d/x1000"}}],"imagesInfo":{"framesCount":26},"ageRating":16,"logo":{"url":"https://avatars.mds.yandex.net/get-ott/2419418/2a00000173dd77d9dc751ab4062cff349806/orig"},"watchability":{"items":[{"name":"Okko","logo":{"url":"https://avatars.mds.yandex.net/get-ott/239697/7713e586-17d1-42d1-ac62-53e9ef1e70c3/orig"},"url":"https://okko.tv/movie/the-four-feathers?utm_medium=referral&utm_source=yandex_search&utm_campaign=new_search_feed"},{"name":"Иви","logo":{"url":"https://avatars.mds.yandex.net/get-ott/2419418/0dfd1724-848f-4725-9160-abc571f41c11/orig"},"url":"https://www.ivi.ru/watch/115456?utm_source=yandex&utm_medium=wizard"},{"name":"PREMIER","logo":{"url":"https://avatars.mds.yandex.net/get-ott/239697/0f86e907-9531-47e9-87bd-5101a08d4e30/orig"},"url":"https://premier.one/show/16922?utm_source=yandex&utm_medium=yandex_feed_search&utm_campaign=yandex_feed"},{"name":"Wink","logo":{"url":"https://avatars.mds.yandex.net/get-ott/1672343/54096cbe-cc3b-41c9-8e44-990ebbca8d61/orig"},"url":"https://wink.ru/media_items/76529216?utm_source=yandex&utm_medium=koldunschick&utm_content=name"},{"name":"viju","logo":{"url":"https://avatars.mds.yandex.net/get-ott/224348/8b10c84b-e1bb-4493-9bc4-6ee56554403a/orig"},"url":"https://viju.ru/filmy/chetyre-pera?utm_campaign=yandex_content_integration&utm_medium=affiliate&utm_source=yandex"},{"name":"НТВ-ПЛЮС Онлайн ТВ","logo":{"url":"https://avatars.mds.yandex.net/get-ott/223007/c6b9b3d8-3258-4394-9cae-c86fdb56a0c6/orig"},"url":"https://ntvplus.tv/watch/22401-chetyre-pera?utm_source=kinopoisk"},{"name":"24ТВ","logo":{"url":"https://avatars.mds.yandex.net/get-ott/2439731/85e83b8d-1159-4781-bad5-ce0a809b3843/orig"},"url":"https://24h.tv/contents/2002-the-four-feathers-552540488452801062"}]},"top10":null,"top250":null}