{"videos":{"trailers":[{"url":"https://widgets.kinopoisk.ru/discovery/trailer/83323?onlyPlayer=1&autoplay=1&cover=1","name":"Трейлер (дублированный)","site":"kinopoisk_widget"},{"url":"https://widgets.kinopoisk.ru/discovery/trailer/7278?onlyPlayer=1&autoplay=1&cover=1","name":"Трейлер","site":"kinopoisk_widget"},{"url":"https://www.youtube.com/embed/uOUzQYqba4Y","name":"Frida (2002) Official Trailer #1 - Salma Hayek Movie HD","site":"youtube","type":"TRAILER"},{"url":"https://www.youtube.com/embed/t5kNsydHBLk","name":"Фрида - Трейлер","site":"youtube","type":"TRAILER"}],"teasers":[]},"fees":{"world":{"value":56298474,"currency":"$"},"usa":{"value":25885000,"currency":"$"}},"id":676,"type":"movie","externalId":{"kpHD":"4042997f31d5813ab234ca78837ce73e","imdb":"tt0120679","tmdb":1360},"name":"Фрида","rating":{"kp":7.919,"imdb":7.3,"filmCritics":6.9,"russianFilmCritics":80,"await":0},"description":"Фриде было 20 лет, когда она вышла замуж за самого знаменитого художника Мексики Диего Риверу, немолодого, богатого и развратного. Пройдёт всего несколько лет, и она завоюет Париж, а о его скандале с Рокфеллером напишут все американские газеты.\n\nИх многочисленные любовные романы не помешают им покорить мир, а вот смогут ли они укротить друг друга?","votes":{"kp":59710,"imdb":91953,"filmCritics":161,"russianFilmCritics":5,"await":0},"premiere":{"country":"Италия","world":"2002-08-29T00:00:00.000Z","russia":"2003-02-03T00:00:00.000Z","cinema":"2003-02-03T00:00:00.000Z","dvd":"2014-03-13T00:00:00.000Z","bluray":"2013-12-25T00:00:00.000Z"},"slogan":"Prepare to be seduced","year":2002,"budget":{"value":12000000,"currency":"$"},"poster":{"url":"https://st.kp.yandex.net/images/film_big/676.jpg","previewUrl":"https://st.kp.yandex.net/images/film_iphone/iphone360_676.jpg"},"facts":[{"value":"Фильм основан на книге <a href=\"/name/36476/\" class=\"all\">Хейден Херреры</a> &#171;Фрида: Биография Фриды Кало&#187;.","type":"FACT","spoiler":false},{"value":"История жизни Фриды уже была экранизирована мексиканским режиссером <a href=\"/name/413567/\" class=\"all\">Полем Ледуком</a> в 1985 году.","type":"FACT","spoiler":false},{"value":"Племянница Фриды Кало была настолько впечатлена фильмом, что подарила <a href=\"/name/9841/\" class=\"all\">Сальме Хайек</a> ожерелье художницы.","type":"FACT","spoiler":false},{"value":"На главную роль претендовала <a href=\"/name/32839/\" class=\"all\">Мадонна</a>, поклонница творчества Фриды, но ей отказали.","type":"FACT","spoiler":false}],"genres":[{"name":"драма"},{"name":"мелодрама"},{"name":"биография"}],"countries":[{"name":"США"},{"name":"Мексика"},{"name":"Канада"}],"seasonsInfo":[],"persons":[{"id":9841,"photo":"https://st.kp.yandex.net/images/actor_iphone/iphone360_9841.jpg","name":"Сальма Хайек","enName":"Salma Hayek","profession":"актеры","enProfession":"actor"},{"id":6225,"photo":"https://st.kp.yandex.net/images/actor_iphone/iphone360_6225.jpg","name":"Альфред Молина","enName":"Alfred Molina","profession":"актеры","enProfession":"actor"},{"id":17051,"photo":"https://st.kp.yandex.net/images/actor_iphone/iphone360_17051.jpg","name":"Валерия Голино","enName":"Valeria Golino","profession":"актеры","enProfession":"actor"},{"id":24866,"photo":"https://st.kp.yandex.net/images/actor_iphone/iphone360_24866.jpg","name":"Эшли Джадд","enName":"Ashley Judd","profession":"актеры","enProfession":"actor"},{"id":24683,"photo":"https://st.kp.yandex.net/images/actor_iphone/iphone360_24683.jpg","name":"Джеффри Раш","enName":"Geoffrey Rush","profession":"актеры","enProfession":"actor"},{"id":25774,"photo":"https://st.kp.yandex.net/images/actor_iphone/iphone360_25774.jpg","name":"Эдвард Нортон","enName":"Edward Norton","profession":"актеры","enProfession":"actor"},{"id":11651,"photo":"https://st.kp.yandex.net/images/actor_iphone/iphone360_11651.jpg","name":"Саффрон Берроуз","enName":"Saffron Burrows","profession":"актеры","enProfession":"actor"},{"id":20956,"photo":"https://st.kp.yandex.net/images/actor_iphone/iphone360_20956.jpg","name":"Антонио Бандерас","enName":"Antonio Banderas","profession":"актеры","enProfession":"actor"},{"id":29746,"photo":"https://st.kp.yandex.net/images/actor_iphone/iphone360_29746.jpg","name":"Диего Луна","enName":"Diego Luna","profession":"актеры","enProfession":"actor"},{"id":36481,"photo":"https://st.kp.yandex.net/images/actor_iphone/iphone360_36481.jpg","name":"Патрисия Рейес Спиндола","enName":"Patricia Reyes Spíndola","profession":"актеры","enProfession":"actor"},{"id":2350,"photo":"https://st.kp.yandex.net/images/actor_iphone/iphone360_2350.jpg","name":"Роджер Рис","enName":"Roger Rees","profession":"актеры","enProfession":"actor"},{"id":11656,"photo":"https://st.kp.yandex.net/images/actor_iphone/iphone360_11656.jpg","name":"Миа Маэстро","enName":"Mía Maestro","profession":"актеры","enProfession":"actor"},{"id":36483,"photo":"https://st.kp.yandex.net/images/actor_iphone/iphone360_36483.jpg","name":"Амелия Сапата","enName":"Amelia Zapata","profession":"актеры","enProfession":"actor"},{"id":36484,"photo":"https://st.kp.yandex.net/images/actor_iphone/iphone360_36484.jpg","name":"Алехандро Усильи","enName":"Alejandro Usigli","profession":"актеры","enProfession":"actor"},{"id":36485,"photo":"https://st.kp.yandex.net/images/actor_iphone/iphone360_36485.jpg","name":"Люсия Браво","enName":"Lucia Bravo","profession":"актеры","enProfession":"actor"},{"id":36487,"photo":"https://st.kp.yandex.net/images/actor_iphone/iphone360_36487.jpg","name":"Лоло Наварро","enName":"Loló Navarro","profession":"актеры","enProfession":"actor"},{"id":36486,"photo":"https://st.kp.yandex.net/images/actor_iphone/iphone360_36486.jpg","name":"Фермин Мартинес","enName":"Fermín Martínez","profession":"актеры","enProfession":"actor"},{"id":36508,"photo":"https://st.kp.yandex.net/images/actor_iphone/iphone360_36508.jpg","name":"Роберто Медина","enName":"Roberto Medina","profession":"актеры","enProfession":"actor"},{"id":36488,"photo":"https://st.kp.yandex.net/images/actor_iphone/iphone360_36488.jpg","name":"Лила Даунс","enName":"Lila Downs","profession":"актеры","enProfession":"actor"},{"id":36489,"photo":"https://st.kp.yandex.net/images/actor_iphone/iphone360_36489.jpg","name":"Марта Клаудия Морено","enName":"Martha Claudia Moreno","profession":"актеры","enProfession":"actor"},{"id":36490,"photo":"https://st.kp.yandex.net/images/actor_iphone/iphone360_36490.jpg","name":"Мария Инес Пинтадо","enName":"Maria Ines Pintado","profession":"актеры","enProfession":"actor"},{"id":36491,"photo":"https://st.kp.yandex.net/images/actor_iphone/iphone360_36491.jpg","name":"Аида Лопес","enName":"Aida López","profession":"актеры","enProfession":"actor"},{"id":36492,"photo":"https://st.kp.yandex.net/images/actor_iphone/iphone360_36492.jpg","name":"Ивана Сейенович","enName":"Ivana Sejenovich","profession":"актеры","enProfession":"actor"},{"id":36493,"photo":"https://st.kp.yandex.net/images/actor_iphone/iphone360_36493.jpg","name":"Диего Эспиноза","enName":"Diego Espinosa","profession":"актеры","enProfession":"actor"},{"id":36494,"photo":"https://st.kp.yandex.net/images/actor_iphone/iphone360_36494.jpg","name":"Эекатль Чавес","enName":"Ehécatl Chávez","profession":"актеры","enProfession":"actor"},{"id":36495,"photo":"https://st.kp.yandex.net/images/actor_iphone/iphone360_36495.jpg","name":"Эллиот Голденталь","enName":"Elliot Goldenthal","profession":"актеры","enProfession":"actor"},{"id":36496,"photo":"https://st.kp.yandex.net/images/actor_iphone/iphone360_36496.jpg","name":"Диди Конн","enName":"Didi Conn","profession":"актеры","enProfession":"actor"},{"id":36497,"photo":"https://st.kp.yandex.net/images/actor_iphone/iphone360_36497.jpg","name":"Джулиан Седжвик","enName":"Julian Sedgwick","profession":"актеры","enProfession":"actor"},{"id":36498,"photo":"https://st.kp.yandex.net/images/actor_iphone/iphone360_36498.jpg","name":"Уильям Рэймонд","enName":"William Raymond","profession":"актеры","enProfession":"actor"},{"id":518345,"photo":"https://st.kp.yandex.net/images/actor_iphone/iphone360_518345.jpg","name":"Хорхе Герреро","enName":"Jorge Guerrero","profession":"актеры","enProfession":"actor"},{"id":36500,"photo":"https://st.kp.yandex.net/images/actor_iphone/iphone360_36500.jpg","name":"Мэри Луз Палачио","enName":"Mary Luz Palacio","profession":"актеры","enProfession":"actor"},{"id":36482,"photo":"https://st.kp.yandex.net/images/actor_iphone/iphone360_36482.jpg","name":"Маргарита Санс","enName":"Margarita Sanz","profession":"актеры","enProfession":"actor"},{"id":36501,"photo":"https://st.kp.yandex.net/images/actor_iphone/iphone360_36501.jpg","name":"Омар Родригес","enName":"Omar Rodríguez","profession":"актеры","enProfession":"actor"},{"id":36502,"photo":"https://st.kp.yandex.net/images/actor_iphone/iphone360_36502.jpg","name":"Антони Альварес","enName":"Anthony Alvarez","profession":"актеры","enProfession":"actor"},{"id":34241,"photo":"https://st.kp.yandex.net/images/actor_iphone/iphone360_34241.jpg","name":"Энок Леаньо","enName":"Enoc Leaño","profession":"актеры","enProfession":"actor"},{"id":36503,"photo":"https://st.kp.yandex.net/images/actor_iphone/iphone360_36503.jpg","name":"Карин Плантадит-Баго","enName":"Karine Plantadit","profession":"актеры","enProfession":"actor"},{"id":36504,"photo":"https://st.kp.yandex.net/images/actor_iphone/iphone360_36504.jpg","name":"Чавела Варгас","enName":"Chavela Vargas","profession":"актеры","enProfession":"actor"},{"id":2928710,"photo":"https://st.kp.yandex.net/images/actor_iphone/iphone360_2928710.jpg","name":"Хорхе Сепеда","enName":"Jorge Zepeda","profession":"актеры","enProfession":"actor"},{"id":476476,"photo":"https://st.kp.yandex.net/images/actor_iphone/iphone360_476476.jpg","name":"Бенджамин Бенитес","enName":"Benjamín Benítez","profession":"актеры","enProfession":"actor"},{"id":4076160,"photo":"https://st.kp.yandex.net/images/actor_iphone/iphone360_4076160.jpg","name":"Томас Эберт","enName":"Thomas Ebert","profession":"актеры","enProfession":"actor"},{"id":36506,"photo":"https://st.kp.yandex.net/images/actor_iphone/iphone360_36506.jpg","name":"Клаудия Фриас","enName":"Claudia Frías","profession":"актеры","enProfession":"actor"},{"id":36507,"photo":"https://st.kp.yandex.net/images/actor_iphone/iphone360_36507.jpg","name":"Фелипе Фулоп","enName":"Felipe Fulop","profession":"актеры","enProfession":"actor"},{"id":36509,"photo":"https://st.kp.yandex.net/images/actor_iphone/iphone360_36509.jpg","name":"Андрес Монтьель","enName":"Andrés Montiel","profession":"актеры","enProfession":"actor"},{"id":36510,"photo":"https://st.kp.yandex.net/images/actor_iphone/iphone360_36510.jpg","name":"Маурицио Осорио","enName":"Mauricio Osorio","profession":"актеры","enProfession":"actor"},{"id":36511,"photo":"https://st.kp.yandex.net/images/actor_iphone/iphone360_36511.jpg","name":"Хорхе Валдес Гарсия","enName":"Jorge Valdés García","profession":"актеры","enProfession":"actor"},{"id":696764,"photo":"https://st.kp.yandex.net/images/actor_iphone/iphone360_696764.jpg","name":"Эстер Закариас","enName":"Eszter Zakariás","profession":"актеры","enProfession":"actor"},{"id":14680,"photo":"https://st.kp.yandex.net/images/actor_iphone/iphone360_14680.jpg","name":"Антонио Савала","enName":"Antonio Zavala","profession":"актеры","enProfession":"actor"},{"id":36495,"photo":"https://st.kp.yandex.net/images/actor_iphone/iphone360_36495.jpg","name":"Эллиот Голденталь","enName":"Elliot Goldenthal","profession":"композиторы","enProfession":"composer"},{"id":475836,"photo":"https://st.kp.yandex.net/images/actor_iphone/iphone360_475836.jpg","name":"Фелипе Фернандес дель Пасо","enName":"Felipe Fernández del Paso","profession":"художники","enProfession":"designer"},{"id":1988159,"photo":"https://st.kp.yandex.net/images/actor_iphone/iphone360_1988159.jpg","name":"Бернардо Трухильо","enName":"Bernardo Trujillo","profession":"художники","enProfession":"designer"},{"id":1531228,"photo":"https://st.kp.yandex.net/images/actor_iphone/iphone360_1531228.jpg","name":"Джули Уайсс","enName":"Julie Weiss","profession":"художники","enProfession":"designer"},{"id":2007004,"photo":"https://st.kp.yandex.net/images/actor_iphone/iphone360_2007004.jpg","name":"Ания Робледо","enName":"Hania Robledo","profession":"художники","enProfession":"designer"},{"id":21169,"photo":"https://st.kp.yandex.net/images/actor_iphone/iphone360_21169.jpg","name":"Джули Тэймор","enName":"Julie Taymor","profession":"режиссеры","enProfession":"director"},{"id":1998124,"photo":"https://st.kp.yandex.net/images/actor_iphone/iphone360_1998124.jpg","name":"Франсуаза Бонно","enName":"Françoise Bonnot","profession":"монтажеры","enProfession":"editor"},{"id":608106,"photo":"https://st.kp.yandex.net/images/actor_iphone/iphone360_608106.jpg","name":"Родриго Прието","enName":"Rodrigo Prieto","profession":"операторы","enProfession":"operator"},{"id":36512,"photo":"https://st.kp.yandex.net/images/actor_iphone/iphone360_36512.jpg","name":"Линдсэй Фликинджер","enName":"Lindsay Flickinger","profession":"продюсеры","enProfession":"producer"},{"id":9546,"photo":"https://st.kp.yandex.net/images/actor_iphone/iphone360_9546.jpg","name":"Сара Грин","enName":"Sarah Green","profession":"продюсеры","enProfession":"producer"},{"id":36514,"photo":"https://st.kp.yandex.net/images/actor_iphone/iphone360_36514.jpg","name":"Нэнси Хардин","enName":"Nancy Hardin","profession":"продюсеры","enProfession":"producer"},{"id":9841,"photo":"https://st.kp.yandex.net/images/actor_iphone/iphone360_9841.jpg","name":"Сальма Хайек","enName":"Salma Hayek","profession":"продюсеры","enProfession":"producer"},{"id":238573,"photo":"https://st.kp.yandex.net/images/actor_iphone/iphone360_238573.jpg","name":"Анна Каменкова","enName":null,"profession":"актеры дубляжа","enProfession":"voice_actor"},{"id":273560,"photo":"https://st.kp.yandex.net/images/actor_iphone/iphone360_273560.jpg","name":"Вадим Андреев","enName":null,"profession":"актеры дубляжа","enProfession":"voice_actor"},{"id":1649885,"photo":"https://st.kp.yandex.net/images/actor_iphone/iphone360_1649885.jpg","name":"Лариса Некипелова","enName":null,"profession":"актеры дубляжа","enProfession":"voice_actor"},{"id":280831,"photo":"https://st.kp.yandex.net/images/actor_iphone/iphone360_280831.jpg","name":"Игорь Тарадайкин","enName":null,"profession":"актеры дубляжа","enProfession":"voice_actor"},{"id":304577,"photo":"https://st.kp.yandex.net/images/actor_iphone/iphone360_304577.jpg","name":"Алексей Иващенко","enName":null,"profession":"актеры дубляжа","enProfession":"voice_actor"},{"id":304568,"photo":"https://st.kp.yandex.net/images/actor_iphone/iphone360_304568.jpg","name":"Нина Тобилевич","enName":null,"profession":"актеры дубляжа","enProfession":"voice_actor"},{"id":261729,"photo":"https://st.kp.yandex.net/images/actor_iphone/iphone360_261729.jpg","name":"Владимир Антоник","enName":null,"profession":"актеры дубляжа","enProfession":"voice_actor"},{"id":330068,"photo":"https://st.kp.yandex.net/images/actor_iphone/iphone360_330068.jpg","name":"Светлана Старикова","enName":null,"profession":"актеры дубляжа","enProfession":"voice_actor"},{"id":320243,"photo":"https://st.kp.yandex.net/images/actor_iphone/iphone360_320243.jpg","name":"Виктор Петров","enName":null,"profession":"актеры дубляжа","enProfession":"voice_actor"},{"id":290512,"photo":"https://st.kp.yandex.net/images/actor_iphone/iphone360_290512.jpg","name":"Ольга Сирина","enName":null,"profession":"актеры дубляжа","enProfession":"voice_actor"},{"id":36477,"photo":"https://st.kp.yandex.net/images/actor_iphone/iphone360_36477.jpg","name":"Клэнси Сигал","enName":"Clancy Sigal","profession":"редакторы","enProfession":"writer"},{"id":36478,"photo":"https://st.kp.yandex.net/images/actor_iphone/iphone360_36478.jpg","name":"Дайан Лэйк","enName":"Diane Lake","profession":"редакторы","enProfession":"writer"},{"id":36479,"photo":"https://st.kp.yandex.net/images/actor_iphone/iphone360_36479.jpg","name":"Грегори Нава","enName":"Gregory Nava","profession":"редакторы","enProfession":"writer"},{"id":36480,"photo":"https://st.kp.yandex.net/images/actor_iphone/iphone360_36480.jpg","name":"Анна Томас","enName":"Anna Thomas","profession":"редакторы","enProfession":"writer"}],"productionCompanies":[{"name":"Miramax","url":"https://www.themoviedb.org/t/p/original/m6AHu84oZQxvq7n1rsvMNJIAsMu.png","previewUrl":"https://www.themoviedb.org/t/p/w500/m6AHu84oZQxvq7n1rsvMNJIAsMu.png"},{"name":"Lions Gate Films","url":"https://www.themoviedb.org/t/p/original/wxrHa3nZ1K4zo65p56991INkGo6.png","previewUrl":"https://www.themoviedb.org/t/p/w500/wxrHa3nZ1K4zo65p56991INkGo6.png"},{"name":"Ventanarosa Productions","url":null,"previewUrl":null},{"name":"Handprint Entertainment","url":null,"previewUrl":null}],"typeNumber":1,"alternativeName":"Frida","backdrop":{"url":"https://avatars.mds.yandex.net/get-ott/224348/2a0000016225180656ab4451dc590a18b9b7/orig","previewUrl":"https://avatars.mds.yandex.net/get-ott/224348/2a0000016225180656ab4451dc590a18b9b7/x1000"},"enName":null,"movieLength":118,"names":[{"name":"Фрида"},{"name":"Frida"},{"name":"笔姬别恋","language":"CN","type":null},{"name":"프리다","language":"KR","type":null}],"status":null,"ageRating":16,"ratingMpaa":"r","imagesInfo":{"framesCount":23},"similarMovies":[{"id":197134,"name":"Жизнь в розовом цвете","enName":null,"alternativeName":"La Môme","type":"movie","poster":{"url":"https://avatars.mds.yandex.net/get-kinopoisk-image/1946459/307e0ceb-aef6-4f26-b724-c80fb13879f2/orig","previewUrl":"https://avatars.mds.yandex.net/get-kinopoisk-image/1946459/307e0ceb-aef6-4f26-b724-c80fb13879f2/x1000"}},{"id":396193,"name":"Отголоски прошлого","enName":null,"alternativeName":"Little Ashes","type":"movie","poster":{"url":"https://avatars.mds.yandex.net/get-kinopoisk-image/1946459/e24fb068-e1e4-4d41-8610-c610d2f16ce1/orig","previewUrl":"https://avatars.mds.yandex.net/get-kinopoisk-image/1946459/e24fb068-e1e4-4d41-8610-c610d2f16ce1/x1000"}},{"id":24198,"name":"Модильяни","enName":null,"alternativeName":"Modigliani","type":"movie","poster":{"url":"https://avatars.mds.yandex.net/get-kinopoisk-image/1600647/9256bab7-99f8-47f4-acaa-afd89b1fc9ac/orig","previewUrl":"https://avatars.mds.yandex.net/get-kinopoisk-image/1600647/9256bab7-99f8-47f4-acaa-afd89b1fc9ac/x1000"}},{"id":220217,"name":"Беспокойная Анна","enName":null,"alternativeName":"Caótica Ana","type":"movie","poster":{"url":"https://avatars.mds.yandex.net/get-kinopoisk-image/1599028/cfeac50a-36e7-4a15-bfc0-4b14f2ef617e/orig","previewUrl":"https://avatars.mds.yandex.net/get-kinopoisk-image/1599028/cfeac50a-36e7-4a15-bfc0-4b14f2ef617e/x1000"}},{"id":9864,"name":"Прожить жизнь с Пикассо","enName":null,"alternativeName":"Surviving Picasso","type":"movie","poster":{"url":"https://avatars.mds.yandex.net/get-kinopoisk-image/1900788/6a71b0df-b477-442e-abe0-0ed9f9505325/orig","previewUrl":"https://avatars.mds.yandex.net/get-kinopoisk-image/1900788/6a71b0df-b477-442e-abe0-0ed9f9505325/x1000"}},{"id":54239,"name":"Фрида, живая натура","enName":null,"alternativeName":"Frida, naturaleza viva","type":"movie","poster":{"url":"https://avatars.mds.yandex.net/get-kinopoisk-image/1777765/76fb194d-581a-49e1-a103-644d8335f3ea/orig","previewUrl":"https://avatars.mds.yandex.net/get-kinopoisk-image/1777765/76fb194d-581a-49e1-a103-644d8335f3ea/x1000"}},{"id":9479,"name":"Винсент и Тео","enName":null,"alternativeName":"Vincent & Theo","type":"movie","poster":{"url":"https://avatars.mds.yandex.net/get-kinopoisk-image/1704946/3184c3d0-afc1-4890-b3c5-96fed9f1f167/orig","previewUrl":"https://avatars.mds.yandex.net/get-kinopoisk-image/1704946/3184c3d0-afc1-4890-b3c5-96fed9f1f167/x1000"}},{"id":20895,"name":"Камилла Клодель","enName":null,"alternativeName":"Camille Claudel","type":"movie","poster":{"url":"https://avatars.mds.yandex.net/get-kinopoisk-image/1898899/c4f7b42d-6ff2-425d-95f0-af77d36ecdf1/orig","previewUrl":"https://avatars.mds.yandex.net/get-kinopoisk-image/1898899/c4f7b42d-6ff2-425d-95f0-af77d36ecdf1/x1000"}},{"id":392236,"name":"Серафина из Санлиса","enName":null,"alternativeName":"Séraphine","type":"movie","poster":{"url":"https://avatars.mds.yandex.net/get-kinopoisk-image/1898899/42bba68c-d35e-4bfd-893d-5a9794f4da3c/orig","previewUrl":"https://avatars.mds.yandex.net/get-kinopoisk-image/1898899/42bba68c-d35e-4bfd-893d-5a9794f4da3c/x1000"}},{"id":437405,"name":"Портрет красивой девушки","enName":null,"alternativeName":"Miindo","type":"movie","poster":{"url":"https://avatars.mds.yandex.net/get-kinopoisk-image/1600647/0eb6d029-dc59-4f78-8deb-374365d37026/orig","previewUrl":"https://avatars.mds.yandex.net/get-kinopoisk-image/1600647/0eb6d029-dc59-4f78-8deb-374365d37026/x1000"}}],"shortDescription":"Страшная авария, сложная личная жизнь и творчество. Сальма Хайек в байопике великой мексиканской художницы","sequelsAndPrequels":[],"logo":{"url":"https://avatars.mds.yandex.net/get-ott/1672343/2a00000176fcd9daeb968b17f1aac3209492/orig"},"watchability":{"items":[{"name":"Okko","logo":{"url":"https://avatars.mds.yandex.net/get-ott/239697/7713e586-17d1-42d1-ac62-53e9ef1e70c3/orig"},"url":"https://okko.tv/movie/frida?utm_medium=referral&utm_source=yandex_search&utm_campaign=new_search_feed"},{"name":"Иви","logo":{"url":"https://avatars.mds.yandex.net/get-ott/2419418/0dfd1724-848f-4725-9160-abc571f41c11/orig"},"url":"https://www.ivi.ru/watch/112148?utm_source=yandex&utm_medium=wizard"}]},"top10":null,"top250":null}