{"fees":{"world":{"value":87754044,"currency":"$"},"usa":{"value":41308615,"currency":"$"}},"status":null,"externalId":{"kpHD":"482a05e926f7162f9487b26faebb9132","imdb":"tt0280707","tmdb":5279},"rating":{"kp":6.827,"imdb":7.2,"filmCritics":7.6,"russianFilmCritics":100,"await":0},"votes":{"kp":17465,"imdb":90189,"filmCritics":162,"russianFilmCritics":4,"await":0},"backdrop":{"url":"https://avatars.mds.yandex.net/get-ott/236744/2a0000017c5cb0aba12ba223e52a730c4fa1/orig","previewUrl":"https://avatars.mds.yandex.net/get-ott/236744/2a0000017c5cb0aba12ba223e52a730c4fa1/x1000"},"movieLength":137,"productionCompanies":[{"name":"USA Films","url":null,"previewUrl":null},{"name":"Sandcastle 5 Productions","url":null,"previewUrl":null},{"name":"Chicagofilms","url":null,"previewUrl":null},{"name":"Capitol Films","url":null,"previewUrl":null},{"name":"Film Council","url":null,"previewUrl":null},{"name":"Medusa Film","url":null,"previewUrl":null}],"id":683,"type":"movie","name":"Госфорд-парк","description":"В пасмурный ноябрьский день 1932 года в имении сэра Уильяма Маккордала, поместье Госфорд Парк, собираются гости: родственники и друзья, аристократы и знаменитости. Посетители сэра Уильяма намереваются провести несколько дней, наслаждаясь роскошью жилища, отдав привычную дань изысканному чревоугодию и великосветским ритуалам.\n\nВсё готово к очередному шикарному и томному празднику беспечных прожигателей жизни. Но внезапно хозяина дома находят мертвым, и, что самое неприятное, кто-то поспособствовал его преждевременной отправке на тот свет.","premiere":{"country":"Великобритания","world":"2001-11-07T00:00:00.000Z","russia":"2002-07-03T00:00:00.000Z","cinema":"2002-07-03T00:00:00.000Z","dvd":"2003-01-14T00:00:00.000Z"},"slogan":"Чай в четыре. Ужин в восемь. Убийство в полночь","year":2001,"budget":{"value":19800000,"currency":"$"},"poster":{"url":"https://st.kp.yandex.net/images/film_big/683.jpg","previewUrl":"https://st.kp.yandex.net/images/film_iphone/iphone360_683.jpg"},"facts":[{"value":"В комментариях на DVD режиссёр <a href=\"/name/23799/\" class=\"all\">Роберт Олтмен</a> заявил, что он умышленно ввёл в сценарий несколько нецензурных  выражений исключительно ради того, чтобы  фильм  получил рейтинг R. Он не хотел, чтобы на сеансы допускались дети, поскольку полагал, что фильм не понравится им, и они просто не поймут его.","type":"FACT","spoiler":false},{"value":"Обои в комнате Констанс Трентэм были ручной работы, привезённые из Франции. Даже для такой маленькой комнаты их стоимость составляла около 18 тысяч долларов, но производители совершенно бесплатно предоставили их для съёмок фильма.","type":"FACT","spoiler":false},{"value":"<a href=\"/name/6922/\" class=\"all\">Райан Филипп</a> получил роль в 11 часов вечера после неожиданного отказа ранее приглашённого актёра.","type":"FACT","spoiler":false},{"value":"Название «Госфорд Парк» ни разу не произносится на протяжении всего фильма. ","type":"FACT","spoiler":false},{"value":"Ни один из актёров, игравших многочисленную прислугу, не носил никакого грима. ","type":"FACT","spoiler":false},{"value":"В каждой из сцен фильма присутствует кто-либо из прислуги. ","type":"FACT","spoiler":false},{"value":"В каждом кадре фильма камера находится в движении. Это было неотъёмлемым требованием режиссёра. ","type":"FACT","spoiler":false},{"value":"Ювелирные украшения, которые носили аристократические леди в фильме, были настоящими и стоили немалых сумм. Каждый день они доставлялись на съёмочную площадку в сопровождении службы охраны.","type":"FACT","spoiler":false},{"value":"Во время съёмок групповых сцен режиссёр <a href=\"/name/23799/\" class=\"all\">Роберт Олтмен</a> постоянно использовал не одну, а две движущиеся в противоположных направлениях камеры. Это было сделано для того, чтобы актёры вели себя более естественно и не сосредотачивали всё своё внимание на снимающей их камере.","type":"FACT","spoiler":false},{"value":"Когда герой <a href=\"/name/24175/\" class=\"all\">Джереми Нортэма</a> играет на пианино, в некоторые моменты играет сам актёр, а в другие —  его брат, который обучался игре на пианино с детства.","type":"FACT","spoiler":false},{"value":"Большая часть фильма была снята в классическом британском поместье Ротэм Парк, графство Херфордшир, главный дом которого был построен в 1754 году. Отдельные сцены в верхних спальнях снимались в поместье Syon House  в Вест-Лондоне,  исконно принадлежащем  семье герцогов Нортумберлендских.","type":"FACT","spoiler":false},{"value":"В фильме звучит ряд песен, написанных в 1910—1930 гг. Айвором Новелло, который является одним из второстепенных персонажей картины. Песни исполнили <a href=\"/name/24175/\" class=\"all\">Джереми Нортэм</a>, сыгравший Новелло в фильме, и его брат Кристофер.","type":"FACT","spoiler":false},{"value":"Сценарист <a href=\"/name/51403/\" class=\"all\">Джулиан Феллоуз</a> решил развить успешную идею равнопланового освещения жизни аристократии и прислуги и воплотил её в телесериале &#171;<a href=\"/film/518192/\" class=\"all\">Аббатство Даунтон</a>&#187;.","type":"FACT","spoiler":false}],"genres":[{"name":"драма"},{"name":"комедия"},{"name":"криминал"},{"name":"детектив"}],"countries":[{"name":"США"},{"name":"Великобритания"},{"name":"Италия"}],"videos":{"trailers":[{"url":"http://a772.g.akamai.net/5/772/51/74d6217697ce12/1a1a1aaa2198c627970773d80669d84574a8d80d3cb12453c02589f25382f668c9329e0375e8178cff608ff665d83ead1f83e252b32590/gosford_park_m240.mov","name":"Трейлер","site":"unknown"},{"url":"https://www.youtube.com/embed/CjXdmXhwIQk","name":"Gosford Park - Trailer","site":"youtube","type":"TRAILER"}],"teasers":[]},"seasonsInfo":[],"persons":[{"id":14033,"photo":"https://st.kp.yandex.net/images/actor_iphone/iphone360_14033.jpg","name":"Келли Макдоналд","enName":"Kelly Macdonald","profession":"актеры","enProfession":"actor"},{"id":12557,"photo":"https://st.kp.yandex.net/images/actor_iphone/iphone360_12557.jpg","name":"Эмили Уотсон","enName":"Emily Watson","profession":"актеры","enProfession":"actor"},{"id":13397,"photo":"https://st.kp.yandex.net/images/actor_iphone/iphone360_13397.jpg","name":"Кристин Скотт Томас","enName":"Kristin Scott Thomas","profession":"актеры","enProfession":"actor"},{"id":21464,"photo":"https://st.kp.yandex.net/images/actor_iphone/iphone360_21464.jpg","name":"Майкл Гэмбон","enName":"Michael Gambon","profession":"актеры","enProfession":"actor"},{"id":2933,"photo":"https://st.kp.yandex.net/images/actor_iphone/iphone360_2933.jpg","name":"Клайв Оуэн","enName":"Clive Owen","profession":"актеры","enProfession":"actor"},{"id":3715,"photo":"https://st.kp.yandex.net/images/actor_iphone/iphone360_3715.jpg","name":"Хелен Миррен","enName":"Helen Mirren","profession":"актеры","enProfession":"actor"},{"id":6922,"photo":"https://st.kp.yandex.net/images/actor_iphone/iphone360_6922.jpg","name":"Райан Филипп","enName":"Ryan Phillippe","profession":"актеры","enProfession":"actor"},{"id":20620,"photo":"https://st.kp.yandex.net/images/actor_iphone/iphone360_20620.jpg","name":"Мэгги Смит","enName":"Maggie Smith","profession":"актеры","enProfession":"actor"},{"id":15446,"photo":"https://st.kp.yandex.net/images/actor_iphone/iphone360_15446.jpg","name":"Ричард Э. Грант","enName":"Richard E. Grant","profession":"актеры","enProfession":"actor"},{"id":34795,"photo":"https://st.kp.yandex.net/images/actor_iphone/iphone360_34795.jpg","name":"Айлин Аткинс","enName":"Eileen Atkins","profession":"актеры","enProfession":"actor"},{"id":24175,"photo":"https://st.kp.yandex.net/images/actor_iphone/iphone360_24175.jpg","name":"Джереми Нортэм","enName":"Jeremy Northam","profession":"актеры","enProfession":"actor"},{"id":16465,"photo":"https://st.kp.yandex.net/images/actor_iphone/iphone360_16465.jpg","name":"Стивен Фрай","enName":"Stephen Fry","profession":"актеры","enProfession":"actor"},{"id":16742,"photo":"https://st.kp.yandex.net/images/actor_iphone/iphone360_16742.jpg","name":"Камилла Разерфорд","enName":"Camilla Rutherford","profession":"актеры","enProfession":"actor"},{"id":32594,"photo":"https://st.kp.yandex.net/images/actor_iphone/iphone360_32594.jpg","name":"Чарльз Дэнс","enName":"Charles Dance","profession":"актеры","enProfession":"actor"},{"id":40828,"photo":"https://st.kp.yandex.net/images/actor_iphone/iphone360_40828.jpg","name":"Джеральдин Сомервилль","enName":"Geraldine Somerville","profession":"актеры","enProfession":"actor"},{"id":6054,"photo":"https://st.kp.yandex.net/images/actor_iphone/iphone360_6054.jpg","name":"Том Холландер","enName":"Tom Hollander","profession":"актеры","enProfession":"actor"},{"id":51404,"photo":"https://st.kp.yandex.net/images/actor_iphone/iphone360_51404.jpg","name":"Наташа Уайтман","enName":"Natasha Wightman","profession":"актеры","enProfession":"actor"},{"id":20092,"photo":"https://st.kp.yandex.net/images/actor_iphone/iphone360_20092.jpg","name":"Боб Балабан","enName":"Bob Balaban","profession":"актеры","enProfession":"actor"},{"id":51405,"photo":"https://st.kp.yandex.net/images/actor_iphone/iphone360_51405.jpg","name":"Джеймс Уилби","enName":"James Wilby","profession":"актеры","enProfession":"actor"},{"id":4869,"photo":"https://st.kp.yandex.net/images/actor_iphone/iphone360_4869.jpg","name":"Клоди Блейкли","enName":"Claudie Blakley","profession":"актеры","enProfession":"actor"},{"id":51406,"photo":"https://st.kp.yandex.net/images/actor_iphone/iphone360_51406.jpg","name":"Лоуренс Фокс","enName":"Laurence Fox","profession":"актеры","enProfession":"actor"},{"id":31748,"photo":"https://st.kp.yandex.net/images/actor_iphone/iphone360_31748.jpg","name":"Трент Форд","enName":"Trent Ford","profession":"актеры","enProfession":"actor"},{"id":17213,"photo":"https://st.kp.yandex.net/images/actor_iphone/iphone360_17213.jpg","name":"Рон Уэбстер","enName":"Ron Webster","profession":"актеры","enProfession":"actor"},{"id":35934,"photo":"https://st.kp.yandex.net/images/actor_iphone/iphone360_35934.jpg","name":"Алан Бейтс","enName":"Alan Bates","profession":"актеры","enProfession":"actor"},{"id":10023,"photo":"https://st.kp.yandex.net/images/actor_iphone/iphone360_10023.jpg","name":"Дерек Джекоби","enName":"Derek Jacobi","profession":"актеры","enProfession":"actor"},{"id":34536,"photo":"https://st.kp.yandex.net/images/actor_iphone/iphone360_34536.jpg","name":"Джереми Свифт","enName":"Jeremy Swift","profession":"актеры","enProfession":"actor"},{"id":16466,"photo":"https://st.kp.yandex.net/images/actor_iphone/iphone360_16466.jpg","name":"Софи Томпсон","enName":"Sophie Thompson","profession":"актеры","enProfession":"actor"},{"id":3728,"photo":"https://st.kp.yandex.net/images/actor_iphone/iphone360_3728.jpg","name":"Мэг Винн Оуэн","enName":"Meg Wynn Owen","profession":"актеры","enProfession":"actor"},{"id":15968,"photo":"https://st.kp.yandex.net/images/actor_iphone/iphone360_15968.jpg","name":"Эдриан Скарборо","enName":"Adrian Scarborough","profession":"актеры","enProfession":"actor"},{"id":51407,"photo":"https://st.kp.yandex.net/images/actor_iphone/iphone360_51407.jpg","name":"Фрэнсис Лоу","enName":"Frances Low","profession":"актеры","enProfession":"actor"},{"id":51408,"photo":"https://st.kp.yandex.net/images/actor_iphone/iphone360_51408.jpg","name":"Джоэнна Мод","enName":"Joanna Maude","profession":"актеры","enProfession":"actor"},{"id":19650,"photo":"https://st.kp.yandex.net/images/actor_iphone/iphone360_19650.jpg","name":"Тереза Чёрчер","enName":"Teresa Churcher","profession":"актеры","enProfession":"actor"},{"id":51409,"photo":"https://st.kp.yandex.net/images/actor_iphone/iphone360_51409.jpg","name":"Сара Флинд","enName":"Sarah Flind","profession":"актеры","enProfession":"actor"},{"id":39754,"photo":"https://st.kp.yandex.net/images/actor_iphone/iphone360_39754.jpg","name":"Финти Уильямс","enName":"Finty Williams","profession":"актеры","enProfession":"actor"},{"id":15559,"photo":"https://st.kp.yandex.net/images/actor_iphone/iphone360_15559.jpg","name":"Эмма Бакли","enName":"Emma Buckley","profession":"актеры","enProfession":"actor"},{"id":51410,"photo":"https://st.kp.yandex.net/images/actor_iphone/iphone360_51410.jpg","name":"Люси Коху","enName":"Lucy Cohu","profession":"актеры","enProfession":"actor"},{"id":51411,"photo":"https://st.kp.yandex.net/images/actor_iphone/iphone360_51411.jpg","name":"Лаура Харлинг","enName":"Laura Harling","profession":"актеры","enProfession":"actor"},{"id":51412,"photo":"https://st.kp.yandex.net/images/actor_iphone/iphone360_51412.jpg","name":"Тилли Джеррард","enName":"Tilly Gerrard","profession":"актеры","enProfession":"actor"},{"id":51413,"photo":"https://st.kp.yandex.net/images/actor_iphone/iphone360_51413.jpg","name":"Уилл Бир","enName":"Will Beer","profession":"актеры","enProfession":"actor"},{"id":40933,"photo":"https://st.kp.yandex.net/images/actor_iphone/iphone360_40933.jpg","name":"Лео Билл","enName":"Leo Bill","profession":"актеры","enProfession":"actor"},{"id":51414,"photo":"https://st.kp.yandex.net/images/actor_iphone/iphone360_51414.jpg","name":"Грегор Хендерсон-Бегг","enName":"Gregor Henderson-Begg","profession":"актеры","enProfession":"actor"},{"id":1959638,"photo":"https://st.kp.yandex.net/images/actor_iphone/iphone360_1959638.jpg","name":"Джон Аттербери","enName":"John Atterbury","profession":"актеры","enProfession":"actor"},{"id":51416,"photo":"https://st.kp.yandex.net/images/actor_iphone/iphone360_51416.jpg","name":"Фрэнк Торнтон","enName":"Frank Thornton","profession":"актеры","enProfession":"actor"},{"id":51417,"photo":"https://st.kp.yandex.net/images/actor_iphone/iphone360_51417.jpg","name":"Рон Патток","enName":"Ron Puttock","profession":"актеры","enProfession":"actor"},{"id":47210,"photo":"https://st.kp.yandex.net/images/actor_iphone/iphone360_47210.jpg","name":"Адриан Притер","enName":"Adrian Preater","profession":"актеры","enProfession":"actor"},{"id":51418,"photo":"https://st.kp.yandex.net/images/actor_iphone/iphone360_51418.jpg","name":"Джон Кокс","enName":"John Cox","profession":"актеры","enProfession":"actor"},{"id":51419,"photo":"https://st.kp.yandex.net/images/actor_iphone/iphone360_51419.jpg","name":"Кен Дейвис","enName":"Ken Davies","profession":"актеры","enProfession":"actor"},{"id":51420,"photo":"https://st.kp.yandex.net/images/actor_iphone/iphone360_51420.jpg","name":"Тони Дейвис","enName":"Tony Davies","profession":"актеры","enProfession":"actor"},{"id":51421,"photo":"https://st.kp.yandex.net/images/actor_iphone/iphone360_51421.jpg","name":"Стив Маркам","enName":"Steve Markham","profession":"актеры","enProfession":"actor"},{"id":51422,"photo":"https://st.kp.yandex.net/images/actor_iphone/iphone360_51422.jpg","name":"Терри Стурми","enName":"Terry Sturmey","profession":"актеры","enProfession":"actor"},{"id":51423,"photo":"https://st.kp.yandex.net/images/actor_iphone/iphone360_51423.jpg","name":"Джулиан Сюш","enName":"Julian Such","profession":"актеры","enProfession":"actor"},{"id":51424,"photo":"https://st.kp.yandex.net/images/actor_iphone/iphone360_51424.jpg","name":"Алан Блэнд","enName":"Alan Bland","profession":"актеры","enProfession":"actor"},{"id":51425,"photo":"https://st.kp.yandex.net/images/actor_iphone/iphone360_51425.jpg","name":"Питер Чемпион","enName":"Peter Champion","profession":"актеры","enProfession":"actor"},{"id":51426,"photo":"https://st.kp.yandex.net/images/actor_iphone/iphone360_51426.jpg","name":"Джофф Дабл","enName":"Geoff Double","profession":"актеры","enProfession":"actor"},{"id":51427,"photo":"https://st.kp.yandex.net/images/actor_iphone/iphone360_51427.jpg","name":"Робин Деверо","enName":"Robin Devereux","profession":"актеры","enProfession":"actor"},{"id":51428,"photo":"https://st.kp.yandex.net/images/actor_iphone/iphone360_51428.jpg","name":"Джон Фаунтин","enName":"John Fountain","profession":"актеры","enProfession":"actor"},{"id":51429,"photo":"https://st.kp.yandex.net/images/actor_iphone/iphone360_51429.jpg","name":"Ричард Гэмбл","enName":"Richard Gamble","profession":"актеры","enProfession":"actor"},{"id":51430,"photo":"https://st.kp.yandex.net/images/actor_iphone/iphone360_51430.jpg","name":"Брайан Рамси","enName":"Brian Rumsey","profession":"актеры","enProfession":"actor"},{"id":51431,"photo":"https://st.kp.yandex.net/images/actor_iphone/iphone360_51431.jpg","name":"Джордж Шерман","enName":"George Sherman","profession":"актеры","enProfession":"actor"},{"id":4002508,"photo":"https://st.kp.yandex.net/images/actor_iphone/iphone360_4002508.jpg","name":null,"enName":"Widget","profession":"актеры","enProfession":"actor"},{"id":1107998,"photo":"https://st.kp.yandex.net/images/actor_iphone/iphone360_1107998.jpg","name":"Натали Данкс-Смит","enName":"Natalie Danks-Smith","profession":"актеры","enProfession":"actor"},{"id":98834,"photo":"https://st.kp.yandex.net/images/actor_iphone/iphone360_98834.jpg","name":"Патрик Дойл","enName":"Patrick Doyle","profession":"композиторы","enProfession":"composer"},{"id":187316,"photo":"https://st.kp.yandex.net/images/actor_iphone/iphone360_187316.jpg","name":"Стефен Олтмэн","enName":"Stephen Altman","profession":"художники","enProfession":"designer"},{"id":1187773,"photo":"https://st.kp.yandex.net/images/actor_iphone/iphone360_1187773.jpg","name":"Джон Франкиш","enName":"John Frankish","profession":"художники","enProfession":"designer"},{"id":1988933,"photo":"https://st.kp.yandex.net/images/actor_iphone/iphone360_1988933.jpg","name":"Сара Холдрен","enName":"Sarah Hauldren","profession":"художники","enProfession":"designer"},{"id":1238304,"photo":"https://st.kp.yandex.net/images/actor_iphone/iphone360_1238304.jpg","name":"Дженни Беван","enName":"Jenny Beavan","profession":"художники","enProfession":"designer"},{"id":1987227,"photo":"https://st.kp.yandex.net/images/actor_iphone/iphone360_1987227.jpg","name":"Анна Пиннок","enName":"Anna Pinnock","profession":"художники","enProfession":"designer"},{"id":23799,"photo":"https://st.kp.yandex.net/images/actor_iphone/iphone360_23799.jpg","name":"Роберт Олтмен","enName":"Robert Altman","profession":"режиссеры","enProfession":"director"},{"id":2354669,"photo":"https://st.kp.yandex.net/images/actor_iphone/iphone360_2354669.jpg","name":"Тим Скуайрес","enName":"Tim Squyres","profession":"монтажеры","enProfession":"editor"},{"id":610498,"photo":"https://st.kp.yandex.net/images/actor_iphone/iphone360_610498.jpg","name":"Эндрю Данн","enName":"Andrew Dunn","profession":"операторы","enProfession":"operator"},{"id":23799,"photo":"https://st.kp.yandex.net/images/actor_iphone/iphone360_23799.jpg","name":"Роберт Олтмен","enName":"Robert Altman","profession":"продюсеры","enProfession":"producer"},{"id":20092,"photo":"https://st.kp.yandex.net/images/actor_iphone/iphone360_20092.jpg","name":"Боб Балабан","enName":"Bob Balaban","profession":"продюсеры","enProfession":"producer"},{"id":23828,"photo":"https://st.kp.yandex.net/images/actor_iphone/iphone360_23828.jpg","name":"Дэвид Леви","enName":"David Levy","profession":"продюсеры","enProfession":"producer"},{"id":51432,"photo":"https://st.kp.yandex.net/images/actor_iphone/iphone360_51432.jpg","name":"Джошуа Астрачан","enName":"Joshua Astrachan","profession":"продюсеры","enProfession":"producer"},{"id":51403,"photo":"https://st.kp.yandex.net/images/actor_iphone/iphone360_51403.jpg","name":"Джулиан Феллоуз","enName":"Julian Fellowes","profession":"редакторы","enProfession":"writer"},{"id":23799,"photo":"https://st.kp.yandex.net/images/actor_iphone/iphone360_23799.jpg","name":"Роберт Олтмен","enName":"Robert Altman","profession":"редакторы","enProfession":"writer"},{"id":20092,"photo":"https://st.kp.yandex.net/images/actor_iphone/iphone360_20092.jpg","name":"Боб Балабан","enName":"Bob Balaban","profession":"редакторы","enProfession":"writer"}],"typeNumber":1,"alternativeName":"Gosford Park","enName":null,"names":[{"name":"Госфорд-парк"},{"name":"Gosford Park"}],"ageRating":16,"ratingMpaa":"r","shortDescription":"Хозяин поместья убит, все — под подозрением. Роберт Олтмен смеется над клише детективного жанра","imagesInfo":{"framesCount":27},"similarMovies":[{"id":518192,"name":"Аббатство Даунтон","enName":null,"alternativeName":"Downton Abbey","type":"tv-series","poster":{"url":"https://avatars.mds.yandex.net/get-kinopoisk-image/1629390/cf350a22-5464-40ed-9530-e06b4f99dd27/orig","previewUrl":"https://avatars.mds.yandex.net/get-kinopoisk-image/1629390/cf350a22-5464-40ed-9530-e06b4f99dd27/x1000"}},{"id":44156,"name":"Десять негритят","enName":null,"alternativeName":null,"type":"movie","poster":{"url":"https://avatars.mds.yandex.net/get-kinopoisk-image/6201401/caa3fe70-e77a-4cb0-8dcd-f382c0267dfe/orig","previewUrl":"https://avatars.mds.yandex.net/get-kinopoisk-image/6201401/caa3fe70-e77a-4cb0-8dcd-f382c0267dfe/x1000"}},{"id":580,"name":"8 женщин","enName":null,"alternativeName":"8 femmes","type":"movie","poster":{"url":"https://avatars.mds.yandex.net/get-kinopoisk-image/1900788/0a04b206-e9f6-481b-bc2a-bf1df4eb70f7/orig","previewUrl":"https://avatars.mds.yandex.net/get-kinopoisk-image/1900788/0a04b206-e9f6-481b-bc2a-bf1df4eb70f7/x1000"}},{"id":258774,"name":"Легкое поведение","enName":null,"alternativeName":"Easy Virtue","type":"movie","poster":{"url":"https://avatars.mds.yandex.net/get-kinopoisk-image/1599028/baf5c85a-9785-4a74-9d65-ec329f0eb050/orig","previewUrl":"https://avatars.mds.yandex.net/get-kinopoisk-image/1599028/baf5c85a-9785-4a74-9d65-ec329f0eb050/x1000"}},{"id":14940,"name":"Улика","enName":null,"alternativeName":"Clue","type":"movie","poster":{"url":"https://avatars.mds.yandex.net/get-kinopoisk-image/1777765/be7790bf-4dff-439b-9c59-e3206a496088/orig","previewUrl":"https://avatars.mds.yandex.net/get-kinopoisk-image/1777765/be7790bf-4dff-439b-9c59-e3206a496088/x1000"}},{"id":6154,"name":"На исходе дня","enName":null,"alternativeName":"The Remains of the Day","type":"movie","poster":{"url":"https://avatars.mds.yandex.net/get-kinopoisk-image/1900788/3340d623-c182-4d48-83ee-fba8f1cca97e/orig","previewUrl":"https://avatars.mds.yandex.net/get-kinopoisk-image/1900788/3340d623-c182-4d48-83ee-fba8f1cca97e/x1000"}},{"id":1188529,"name":"Достать ножи","enName":null,"alternativeName":"Knives Out","type":"movie","poster":{"url":"https://avatars.mds.yandex.net/get-kinopoisk-image/1777765/bb8afbd6-c9cd-4631-99e9-3fecf241dbaf/orig","previewUrl":"https://avatars.mds.yandex.net/get-kinopoisk-image/1777765/bb8afbd6-c9cd-4631-99e9-3fecf241dbaf/x1000"}},{"id":38893,"name":"Правила игры","enName":null,"alternativeName":"La règle du jeu","type":"movie","poster":{"url":"https://avatars.mds.yandex.net/get-kinopoisk-image/1704946/792c540d-6012-41e6-ba5f-1041f0ab1293/orig","previewUrl":"https://avatars.mds.yandex.net/get-kinopoisk-image/1704946/792c540d-6012-41e6-ba5f-1041f0ab1293/x1000"}},{"id":7740,"name":"Говардс-Энд","enName":null,"alternativeName":"Howards End","type":"movie","poster":{"url":"https://avatars.mds.yandex.net/get-kinopoisk-image/1777765/72a2ca36-0c94-4a89-b7f7-7018aa72b73b/orig","previewUrl":"https://avatars.mds.yandex.net/get-kinopoisk-image/1777765/72a2ca36-0c94-4a89-b7f7-7018aa72b73b/x1000"}},{"id":1632,"name":"Ужин с убийством","enName":null,"alternativeName":"Murder by Death","type":"movie","poster":{"url":"https://avatars.mds.yandex.net/get-kinopoisk-image/1704946/735af386-d86c-40b0-a791-7bc4430f7a75/orig","previewUrl":"https://avatars.mds.yandex.net/get-kinopoisk-image/1704946/735af386-d86c-40b0-a791-7bc4430f7a75/x1000"}}],"sequelsAndPrequels":[],"logo":{"url":null},"watchability":{"items":[{"name":"Okko","logo":{"url":"https://avatars.mds.yandex.net/get-ott/239697/7713e586-17d1-42d1-ac62-53e9ef1e70c3/orig"},"url":"https://okko.tv/movie/gosford-park?utm_medium=referral&utm_source=yandex_search&utm_campaign=new_search_feed"},{"name":"Иви","logo":{"url":"https://avatars.mds.yandex.net/get-ott/2419418/0dfd1724-848f-4725-9160-abc571f41c11/orig"},"url":"https://www.ivi.ru/watch/88871?utm_source=yandex&utm_medium=wizard"},{"name":"KION","logo":{"url":"https://avatars.mds.yandex.net/get-ott/239697/daeb142e-3ecc-4bb2-9bff-4827996643ab/orig"},"url":"https://kion.ru/video/movie/356315889?utm_source=yandex&utm_medium=organic&utm_campaign=wizard"},{"name":"PREMIER","logo":{"url":"https://avatars.mds.yandex.net/get-ott/239697/0f86e907-9531-47e9-87bd-5101a08d4e30/orig"},"url":"https://premier.one/show/17312?utm_source=yandex&utm_medium=yandex_feed_search&utm_campaign=yandex_feed"},{"name":"more.tv","logo":{"url":"https://avatars.mds.yandex.net/get-ott/1648503/97e3cbbd-40ee-4298-888d-ed2d0f022a69/orig"},"url":"https://more.tv/gosford-park?utm_source=yandex-snippet&utm_medium=snippet&utm_campaign=gosford-park"},{"name":"Кино1ТВ","logo":{"url":"https://avatars.mds.yandex.net/get-ott/1672343/4e5f7a8e-d5ac-4904-9fc0-208753ccf520/orig"},"url":"https://kino.1tv.ru/serials/gosford-park?utm_source=yandex&utm_medium=wizard"},{"name":"Wink","logo":{"url":"https://avatars.mds.yandex.net/get-ott/1672343/54096cbe-cc3b-41c9-8e44-990ebbca8d61/orig"},"url":"https://wink.ru/media_items/117635534?utm_source=yandex&utm_medium=koldunschick&utm_content=name"}]},"top10":null,"top250":null}