{"status":null,"externalId":{"kpHD":"46831c2fa491a9ecbba2f3d7450cd273","imdb":"tt0212985","tmdb":9740},"rating":{"kp":7.761,"imdb":6.8,"filmCritics":5.1,"russianFilmCritics":0,"await":0},"votes":{"kp":152876,"imdb":281346,"filmCritics":171,"russianFilmCritics":1,"await":0},"backdrop":{"url":"https://avatars.mds.yandex.net/get-ott/200035/2a0000016b07e6d7f48aa857dd4a897eea63/orig","previewUrl":"https://avatars.mds.yandex.net/get-ott/200035/2a0000016b07e6d7f48aa857dd4a897eea63/x1000"},"movieLength":131,"productionCompanies":[{"name":"Dino De Laurentiis Company","url":null,"previewUrl":null},{"name":"Universal Pictures","url":"https://www.themoviedb.org/t/p/original/8lvHyhjr8oUKOOy2dKXoALWKdp0.png","previewUrl":"https://www.themoviedb.org/t/p/w500/8lvHyhjr8oUKOOy2dKXoALWKdp0.png"},{"name":"Scott Free Productions","url":"https://www.themoviedb.org/t/p/original/6Ry6uNBaa0IbbSs1XYIgX5DkA9r.png","previewUrl":"https://www.themoviedb.org/t/p/w500/6Ry6uNBaa0IbbSs1XYIgX5DkA9r.png"},{"name":"Metro-Goldwyn-Mayer","url":"https://www.themoviedb.org/t/p/original/aOWKh4gkNrfFZ3Ep7n0ckPhoGb5.png","previewUrl":"https://www.themoviedb.org/t/p/w500/aOWKh4gkNrfFZ3Ep7n0ckPhoGb5.png"}],"id":686,"type":"movie","name":"Ганнибал","description":"После десяти лет молчания Ганнибал Лектер пишет письмо агенту ФБР Клариссе Старлинг, предлагая ей возобновить их прервавшуюся интеллектуальную дуэль. С помощью миллионера Мейсона Верджера, ставшего очередной жертвой безумного доктора и мечтающего теперь скормить Лектера стае прожорливых кабанов, Кларисса выходит на след неуловимого маньяка и вскоре узнаёт, что за ним уже охотится инспектор флорентийской полиции Ринальдо Пацци.","premiere":{"country":"Италия","world":"2001-02-09T00:00:00.000Z","russia":"2001-04-26T00:00:00.000Z","cinema":"2001-04-26T00:00:00.000Z","dvd":"2009-07-30T00:00:00.000Z"},"slogan":"Молчание будет нарушено","year":2001,"budget":{"value":87000000,"currency":"$"},"poster":{"url":"https://st.kp.yandex.net/images/film_big/686.jpg","previewUrl":"https://st.kp.yandex.net/images/film_iphone/iphone360_686.jpg"},"facts":[{"value":"Фильм снят по мотивам романа <a href=\"/name/39504/\" class=\"all\">Томаса Харриса</a> &laquo;Ганнибал&raquo; (Hannibal, 1999).","type":"FACT","spoiler":false},{"value":"Перед съемками сцены, в которой Ганнибал играет на фортепиано, <a href=\"/name/8968/\" class=\"all\">Энтони Хопкинс</a> начал наигрывать одно из своих собственных сочинений. Режиссеру <a href=\"/name/10015/\" class=\"all\">Ридли Скотту</a> так полюбилась эта мелодия, что именно она вошла в окончательный вариант фильма. Однако Энтони Хопкинс отказался представлять данный материал на официальном саундтреке к фильму.","type":"FACT","spoiler":false},{"value":"<a href=\"/name/10015/\" class=\"all\">Ридли Скотт</a> после съемок в Италии сказал, что <a href=\"/name/2669/\" class=\"all\">Джулианна Мур</a> играет намного более эмоциональную Кларис Старлинг чем та, которую играла <a href=\"/name/26070/\" class=\"all\">Джоди Фостер</a>.","type":"FACT","spoiler":false},{"value":"MGM, отчаянно пытаясь создать суперхит, делала всё возможное и невозможное, чтобы продвинуть «Ганнибала». Студия распространила более чем 500 экземпляров миникассет в СМИ с жутким обращением от <a href=\"/name/8968/\" class=\"all\">Энтони Хопкинса</a> в роли доктора Лектера.","type":"FACT","spoiler":false},{"value":"Первоначально <a href=\"/name/8019/\" class=\"all\">Тед Тэлли</a>, получивший Оскара за фильм «<a href=\"/film/345/\" class=\"all\">Молчание ягнят</a>» (1990), написал сценарий для «Ганнибала».","type":"FACT","spoiler":false},{"value":"<a href=\"/name/26070/\" class=\"all\">Джоди Фостер</a> отказалась от съёмок в сиквеле по ряду причин, продюсер <a href=\"/name/39531/\" class=\"all\">Дино Де Лаурентис</a> заявлял, что все было из-за денег. &#171;Я вызываю агента Джоди Фостер, — вспоминает Де Лаурентис. — Он говорит мне: &#171;Я имею указание. Джоди не будет даже читать сценарий, если Вы не даете ей сумму в $20 миллионов и 15% от кассовых сборов&#187;. И я говорю ему: &#171;При всем уважении к Джоди Фостер, до свидания. Это — безумное предложение&#187;. <a href=\"/name/2669/\" class=\"all\">Джулианна Мур</a> подписала контракт на $3 миллиона и была вынуждена выбыть из фильма &#171;<a href=\"/film/866/\" class=\"all\">Неуязвимый</a>&#187; (2000).","type":"FACT","spoiler":false},{"value":"Упоминаемый Бенджамин Распэйл был в фильме, как и в книгах флейтистом. Однако в &laquo;Молчании ягнят&raquo; (1990) он бывший пациент Лектера и любовник Буффало Билла.","type":"BLOOPER","spoiler":true},{"value":"Убитому на рыбном рынке Джону Бригаму 34 года. В &laquo;Молчании ягнят&raquo; (1990), как и в книгах, он уже пожилой наставник Старлинг.","type":"BLOOPER","spoiler":true},{"value":"На 35-й минуте фильма Клариса Старлинг читает письмо Ганнибала, где он говорит о ее отце погибшем ночном охраннике. В предыдущем фильме серии отец Кларисы представлен нам шерифом полиции, умершим при исполнении.","type":"BLOOPER","spoiler":true}],"genres":[{"name":"триллер"},{"name":"драма"},{"name":"криминал"},{"name":"детектив"}],"countries":[{"name":"США"},{"name":"Великобритания"}],"videos":{"trailers":[{"url":"https://widgets.kinopoisk.ru/discovery/trailer/86074?onlyPlayer=1&autoplay=1&cover=1","name":"Трейлер (русский язык)","site":"kinopoisk_widget"},{"url":"https://widgets.kinopoisk.ru/discovery/trailer/85493?onlyPlayer=1&autoplay=1&cover=1","name":"ТВ-ролик №13 (русские субтитры)","site":"kinopoisk_widget"},{"url":"https://widgets.kinopoisk.ru/discovery/trailer/85494?onlyPlayer=1&autoplay=1&cover=1","name":"ТВ-ролик №14 (русские субтитры)","site":"kinopoisk_widget"},{"url":"https://widgets.kinopoisk.ru/discovery/trailer/85496?onlyPlayer=1&autoplay=1&cover=1","name":"ТВ-ролик №16 (русские субтитры)","site":"kinopoisk_widget"},{"url":"https://widgets.kinopoisk.ru/discovery/trailer/85497?onlyPlayer=1&autoplay=1&cover=1","name":"ТВ-ролик №17 (русские субтитры)","site":"kinopoisk_widget"},{"url":"https://widgets.kinopoisk.ru/discovery/trailer/85499?onlyPlayer=1&autoplay=1&cover=1","name":"ТВ-ролик №19 (русские субтитры)","site":"kinopoisk_widget"},{"url":"https://widgets.kinopoisk.ru/discovery/trailer/85477?onlyPlayer=1&autoplay=1&cover=1","name":"ТВ-ролик №7 (русские субтитры)","site":"kinopoisk_widget"},{"url":"https://widgets.kinopoisk.ru/discovery/trailer/85479?onlyPlayer=1&autoplay=1&cover=1","name":"ТВ-ролик №9 (русские субтитры)","site":"kinopoisk_widget"},{"url":"https://widgets.kinopoisk.ru/discovery/trailer/85469?onlyPlayer=1&autoplay=1&cover=1","name":"Тизер","site":"kinopoisk_widget"},{"url":"https://widgets.kinopoisk.ru/discovery/trailer/85498?onlyPlayer=1&autoplay=1&cover=1","name":"ТВ-ролик №18 (русские субтитры)","site":"kinopoisk_widget"},{"url":"https://widgets.kinopoisk.ru/discovery/trailer/85471?onlyPlayer=1&autoplay=1&cover=1","name":"ТВ-ролик №1","site":"kinopoisk_widget"},{"url":"https://widgets.kinopoisk.ru/discovery/trailer/85473?onlyPlayer=1&autoplay=1&cover=1","name":"ТВ-ролик №3 (русские субтитры)","site":"kinopoisk_widget"},{"url":"https://widgets.kinopoisk.ru/discovery/trailer/85474?onlyPlayer=1&autoplay=1&cover=1","name":"ТВ-ролик №4 (русские субтитры)","site":"kinopoisk_widget"},{"url":"https://widgets.kinopoisk.ru/discovery/trailer/85478?onlyPlayer=1&autoplay=1&cover=1","name":"ТВ-ролик №8 (русские субтитры)","site":"kinopoisk_widget"},{"url":"https://widgets.kinopoisk.ru/discovery/trailer/85481?onlyPlayer=1&autoplay=1&cover=1","name":"ТВ-ролик №11 (русские субтитры)","site":"kinopoisk_widget"},{"url":"https://widgets.kinopoisk.ru/discovery/trailer/85480?onlyPlayer=1&autoplay=1&cover=1","name":"ТВ-ролик №10 (русские субтитры)","site":"kinopoisk_widget"},{"url":"https://widgets.kinopoisk.ru/discovery/trailer/85475?onlyPlayer=1&autoplay=1&cover=1","name":"ТВ-ролик №5 (русские субтитры)","site":"kinopoisk_widget"},{"url":"https://widgets.kinopoisk.ru/discovery/trailer/85472?onlyPlayer=1&autoplay=1&cover=1","name":"ТВ-ролик №2 (р��сские субтитры)","site":"kinopoisk_widget"},{"url":"https://widgets.kinopoisk.ru/discovery/trailer/85495?onlyPlayer=1&autoplay=1&cover=1","name":"ТВ-ролик №15 (русские субтитры)","site":"kinopoisk_widget"},{"url":"https://widgets.kinopoisk.ru/discovery/trailer/85476?onlyPlayer=1&autoplay=1&cover=1","name":"ТВ-ролик №6 (русские субтитры)","site":"kinopoisk_widget"},{"url":"https://widgets.kinopoisk.ru/discovery/trailer/85482?onlyPlayer=1&autoplay=1&cover=1","name":"ТВ-ролик №12 (русские субтитры)","site":"kinopoisk_widget"},{"url":"https://widgets.kinopoisk.ru/discovery/trailer/167?onlyPlayer=1&autoplay=1&cover=1","name":"Трейлер (русские субтитры)","site":"kinopoisk_widget"},{"url":"https://www.youtube.com/embed/J6a3NUI2S2c","name":"Hannibal (2001) ORIGINAL TRAILER [HD 1080p]","site":"youtube","type":"TRAILER"},{"url":"https://www.youtube.com/embed/wFjMe0ro9Rg","name":"Ганнибал (2001) — русский трейлер","site":"youtube","type":"TRAILER"}],"teasers":[]},"seasonsInfo":[],"persons":[{"id":8968,"photo":"https://st.kp.yandex.net/images/actor_iphone/iphone360_8968.jpg","name":"Энтони Хопкинс","enName":"Anthony Hopkins","profession":"актеры","enProfession":"actor"},{"id":2669,"photo":"https://st.kp.yandex.net/images/actor_iphone/iphone360_2669.jpg","name":"Джулианна Мур","enName":"Julianne Moore","profession":"актеры","enProfession":"actor"},{"id":6650,"photo":"https://st.kp.yandex.net/images/actor_iphone/iphone360_6650.jpg","name":"Гари Олдман","enName":"Gary Oldman","profession":"актеры","enProfession":"actor"},{"id":7922,"photo":"https://st.kp.yandex.net/images/actor_iphone/iphone360_7922.jpg","name":"Рэй Лиотта","enName":"Ray Liotta","profession":"актеры","enProfession":"actor"},{"id":2744,"photo":"https://st.kp.yandex.net/images/actor_iphone/iphone360_2744.jpg","name":"Джанкарло Джаннини","enName":"Giancarlo Giannini","profession":"актеры","enProfession":"actor"},{"id":837,"photo":"https://st.kp.yandex.net/images/actor_iphone/iphone360_837.jpg","name":"Фрэнки Фэйзон","enName":"Frankie Faison","profession":"актеры","enProfession":"actor"},{"id":41080,"photo":"https://st.kp.yandex.net/images/actor_iphone/iphone360_41080.jpg","name":"Франческа Нери","enName":"Francesca Neri","profession":"актеры","enProfession":"actor"},{"id":29371,"photo":"https://st.kp.yandex.net/images/actor_iphone/iphone360_29371.jpg","name":"Желько Иванек","enName":"Zeljko Ivanek","profession":"актеры","enProfession":"actor"},{"id":51553,"photo":"https://st.kp.yandex.net/images/actor_iphone/iphone360_51553.jpg","name":"Хазелль Гудман","enName":"Hazelle Goodman","profession":"актеры","enProfession":"actor"},{"id":25777,"photo":"https://st.kp.yandex.net/images/actor_iphone/iphone360_25777.jpg","name":"Дэвид Эндрюс","enName":"David Andrews","profession":"актеры","enProfession":"actor"},{"id":28678,"photo":"https://st.kp.yandex.net/images/actor_iphone/iphone360_28678.jpg","name":"Френсис Гуинан","enName":"Francis Guinan","profession":"актеры","enProfession":"actor"},{"id":51554,"photo":"https://st.kp.yandex.net/images/actor_iphone/iphone360_51554.jpg","name":"Джеймс Офер","enName":"James Opher","profession":"актеры","enProfession":"actor"},{"id":51555,"photo":"https://st.kp.yandex.net/images/actor_iphone/iphone360_51555.jpg","name":"Энрико Ло Версо","enName":"Enrico Lo Verso","profession":"актеры","enProfession":"actor"},{"id":21228,"photo":"https://st.kp.yandex.net/images/actor_iphone/iphone360_21228.jpg","name":"Ивано Марескотти","enName":"Ivano Marescotti","profession":"актеры","enProfession":"actor"},{"id":51556,"photo":"https://st.kp.yandex.net/images/actor_iphone/iphone360_51556.jpg","name":"Фабрицио Джифуни","enName":"Fabrizio Gifuni","profession":"актеры","enProfession":"actor"},{"id":14321,"photo":"https://st.kp.yandex.net/images/actor_iphone/iphone360_14321.jpg","name":"Алекс Коррадо","enName":"Alex Corrado","profession":"актеры","enProfession":"actor"},{"id":51557,"photo":"https://st.kp.yandex.net/images/actor_iphone/iphone360_51557.jpg","name":"Марко Греко","enName":"Marco Greco","profession":"актеры","enProfession":"actor"},{"id":51558,"photo":"https://st.kp.yandex.net/images/actor_iphone/iphone360_51558.jpg","name":"Роберт Ритти","enName":"Robert Rietty","profession":"актеры","enProfession":"actor"},{"id":22552,"photo":"https://st.kp.yandex.net/images/actor_iphone/iphone360_22552.jpg","name":"Терри Серпико","enName":"Terry Serpico","profession":"актеры","enProfession":"actor"},{"id":24644,"photo":"https://st.kp.yandex.net/images/actor_iphone/iphone360_24644.jpg","name":"Бойд Кестнер","enName":"Boyd Kestner","profession":"актеры","enProfession":"actor"},{"id":51559,"photo":"https://st.kp.yandex.net/images/actor_iphone/iphone360_51559.jpg","name":"Питер Шоу","enName":"Peter Shaw","profession":"актеры","enProfession":"actor"},{"id":47431,"photo":"https://st.kp.yandex.net/images/actor_iphone/iphone360_47431.jpg","name":"Кент Линвилл","enName":"Kent Linville","profession":"актеры","enProfession":"actor"},{"id":6277,"photo":"https://st.kp.yandex.net/images/actor_iphone/iphone360_6277.jpg","name":"Дон Макманус","enName":"Don McManus","profession":"актеры","enProfession":"actor"},{"id":51560,"photo":"https://st.kp.yandex.net/images/actor_iphone/iphone360_51560.jpg","name":"Харольд Джинн","enName":"Harold Ginn","profession":"актеры","enProfession":"actor"},{"id":14341,"photo":"https://st.kp.yandex.net/images/actor_iphone/iphone360_14341.jpg","name":"Тед Кох","enName":"Ted Koch","profession":"актеры","enProfession":"actor"},{"id":51561,"photo":"https://st.kp.yandex.net/images/actor_iphone/iphone360_51561.jpg","name":"Уильям Пауэлл-Блэйр","enName":"William Powell-Blair","profession":"актеры","enProfession":"actor"},{"id":51562,"photo":"https://st.kp.yandex.net/images/actor_iphone/iphone360_51562.jpg","name":"Аарон Крэйг","enName":"Aaron Craig","profession":"актеры","enProfession":"actor"},{"id":51563,"photo":"https://st.kp.yandex.net/images/actor_iphone/iphone360_51563.jpg","name":"Андреа Пьедимонте","enName":"Andrea Piedimonte Bodini","profession":"актеры","enProfession":"actor"},{"id":51564,"photo":"https://st.kp.yandex.net/images/actor_iphone/iphone360_51564.jpg","name":"Эннио Колторти","enName":"Ennio Coltorti","profession":"актеры","enProfession":"actor"},{"id":51565,"photo":"https://st.kp.yandex.net/images/actor_iphone/iphone360_51565.jpg","name":"Йен Иватаки","enName":"Ian Iwataki","profession":"актеры","enProfession":"actor"},{"id":5334,"photo":"https://st.kp.yandex.net/images/actor_iphone/iphone360_5334.jpg","name":"Марк Марголис","enName":"Mark Margolis","profession":"актеры","enProfession":"actor"},{"id":3038,"photo":"https://st.kp.yandex.net/images/actor_iphone/iphone360_3038.jpg","name":"Аджай Найду","enName":"Ajay Naidu","profession":"актеры","enProfession":"actor"},{"id":51566,"photo":"https://st.kp.yandex.net/images/actor_iphone/iphone360_51566.jpg","name":"Келли Пайпер","enName":"Kelly Piper","profession":"актеры","enProfession":"actor"},{"id":11865,"photo":"https://st.kp.yandex.net/images/actor_iphone/iphone360_11865.jpg","name":"Брюс МакВитти","enName":"Bruce MacVittie","profession":"актеры","enProfession":"actor"},{"id":10043,"photo":"https://st.kp.yandex.net/images/actor_iphone/iphone360_10043.jpg","name":"Джианнина Фасио","enName":"Giannina Facio","profession":"актеры","enProfession":"actor"},{"id":6668,"photo":"https://st.kp.yandex.net/images/actor_iphone/iphone360_6668.jpg","name":"Эндрю С. Буфбай","enName":"Andrew C. Boothby","profession":"актеры","enProfession":"actor"},{"id":51567,"photo":"https://st.kp.yandex.net/images/actor_iphone/iphone360_51567.jpg","name":"Кеннет В. Смит","enName":"Kenneth W. Smith","profession":"актеры","enProfession":"actor"},{"id":14942,"photo":"https://st.kp.yandex.net/images/actor_iphone/iphone360_14942.jpg","name":"Джуди Аронсон","enName":"Judie Aronson","profession":"актеры","enProfession":"actor"},{"id":51568,"photo":"https://st.kp.yandex.net/images/actor_iphone/iphone360_51568.jpg","name":"Том Триго","enName":"Tom Trigo","profession":"актеры","enProfession":"actor"},{"id":45854,"photo":"https://st.kp.yandex.net/images/actor_iphone/iphone360_45854.jpg","name":"Сэм Уэллс","enName":"Sam Wells","profession":"актеры","enProfession":"actor"},{"id":6692,"photo":"https://st.kp.yandex.net/images/actor_iphone/iphone360_6692.jpg","name":"Рикардо Мигель Янг","enName":"Ricardo Miguel Young","profession":"актеры","enProfession":"actor"},{"id":6712,"photo":"https://st.kp.yandex.net/images/actor_iphone/iphone360_6712.jpg","name":"Джозеф М. Уэст мл.","enName":"Joseph M. West Jr.","profession":"актеры","enProfession":"actor"},{"id":51569,"photo":"https://st.kp.yandex.net/images/actor_iphone/iphone360_51569.jpg","name":"Роберта Армани","enName":"Roberta Armani","profession":"актеры","enProfession":"actor"},{"id":51570,"photo":"https://st.kp.yandex.net/images/actor_iphone/iphone360_51570.jpg","name":"Йоханнес Кибранц","enName":"Johannes Kiebranz","profession":"актеры","enProfession":"actor"},{"id":51571,"photo":"https://st.kp.yandex.net/images/actor_iphone/iphone360_51571.jpg","name":"Бруно Лаззаретти","enName":"Bruno Lazzaretti","profession":"актеры","enProfession":"actor"},{"id":51572,"photo":"https://st.kp.yandex.net/images/actor_iphone/iphone360_51572.jpg","name":"Даниэль де Нис","enName":"Danielle de Niese","profession":"актеры","enProfession":"actor"},{"id":2665880,"photo":"https://st.kp.yandex.net/images/actor_iphone/iphone360_2665880.jpg","name":null,"enName":"Marianella Bargilli","profession":"актеры","enProfession":"actor"},{"id":1540047,"photo":"https://st.kp.yandex.net/images/actor_iphone/iphone360_1540047.jpg","name":"Ливингстоун Бомонт","enName":"Livingstone Beaumont","profession":"актеры","enProfession":"actor"},{"id":1116590,"photo":"https://st.kp.yandex.net/images/actor_iphone/iphone360_1116590.jpg","name":"Рэй Баллок","enName":"Ray Bullock","profession":"актеры","enProfession":"actor"},{"id":16373,"photo":"https://st.kp.yandex.net/images/actor_iphone/iphone360_16373.jpg","name":"Хайди Бюргер","enName":"Heidi Burger","profession":"актеры","enProfession":"actor"},{"id":9644,"photo":"https://st.kp.yandex.net/images/actor_iphone/iphone360_9644.jpg","name":"Роберт Рэндольф Кэтон","enName":"Robert Randolph Caton","profession":"актеры","enProfession":"actor"},{"id":24957,"photo":"https://st.kp.yandex.net/images/actor_iphone/iphone360_24957.jpg","name":"Дуглас Кросби","enName":"Douglas Crosby","profession":"актеры","enProfession":"actor"},{"id":245153,"photo":"https://st.kp.yandex.net/images/actor_iphone/iphone360_245153.jpg","name":"Ренне Гжони","enName":"Renne Gjoni","profession":"актеры","enProfession":"actor"},{"id":1195386,"photo":"https://st.kp.yandex.net/images/actor_iphone/iphone360_1195386.jpg","name":"Далтон Грэй","enName":"Dalton Gray","profession":"актеры","enProfession":"actor"},{"id":11046,"photo":"https://st.kp.yandex.net/images/actor_iphone/iphone360_11046.jpg","name":"Гано Гриллз","enName":"Gano Grills","profession":"актеры","enProfession":"actor"},{"id":18869,"photo":"https://st.kp.yandex.net/images/actor_iphone/iphone360_18869.jpg","name":"Джэми Харольд","enName":"Jamie Harrold","profession":"актеры","enProfession":"actor"},{"id":3156,"photo":"https://st.kp.yandex.net/images/actor_iphone/iphone360_3156.jpg","name":"Чак Джеффрис","enName":"Chuck Jeffreys","profession":"актеры","enProfession":"actor"},{"id":51573,"photo":"https://st.kp.yandex.net/images/actor_iphone/iphone360_51573.jpg","name":"Кэл Джонсон","enName":"Cal Johnson","profession":"актеры","enProfession":"actor"},{"id":1809166,"photo":"https://st.kp.yandex.net/images/actor_iphone/iphone360_1809166.jpg","name":"Рэймонд Х. Джонсон","enName":"Raymond H. Johnson","profession":"актеры","enProfession":"actor"},{"id":1960362,"photo":"https://st.kp.yandex.net/images/actor_iphone/iphone360_1960362.jpg","name":"Рик Кейн","enName":"Rick Kain","profession":"актеры","enProfession":"actor"},{"id":5691436,"photo":"https://st.kp.yandex.net/images/actor_iphone/iphone360_5691436.jpg","name":null,"enName":"Wayne Paul Liles","profession":"актеры","enProfession":"actor"},{"id":24962,"photo":"https://st.kp.yandex.net/images/actor_iphone/iphone360_24962.jpg","name":"Джалил Джей Линч","enName":"Jalil Jay Lynch","profession":"актеры","enProfession":"actor"},{"id":64566,"photo":"https://st.kp.yandex.net/images/actor_iphone/iphone360_64566.jpg","name":"Фил Нилсон","enName":"Phil Neilson","profession":"актеры","enProfession":"actor"},{"id":1050469,"photo":"https://st.kp.yandex.net/images/actor_iphone/iphone360_1050469.jpg","name":"Фрэнк Принсип","enName":"Frank Principe","profession":"актеры","enProfession":"actor"},{"id":1366047,"photo":"https://st.kp.yandex.net/images/actor_iphone/iphone360_1366047.jpg","name":null,"enName":"Leo Rogstad","profession":"актеры","enProfession":"actor"},{"id":279955,"photo":"https://st.kp.yandex.net/images/actor_iphone/iphone360_279955.jpg","name":"Франко Мария Шаламон","enName":"Franco Maria Salamon","profession":"актеры","enProfession":"actor"},{"id":9607,"photo":"https://st.kp.yandex.net/images/actor_iphone/iphone360_9607.jpg","name":"Роберт Шеперд","enName":"Robert Shepherd","profession":"актеры","enProfession":"actor"},{"id":27848,"photo":"https://st.kp.yandex.net/images/actor_iphone/iphone360_27848.jpg","name":"Деррик Симмонс","enName":"Derrick Simmons","profession":"актеры","enProfession":"actor"},{"id":5377592,"photo":"https://st.kp.yandex.net/images/actor_iphone/iphone360_5377592.jpg","name":null,"enName":"Cassandra Smith","profession":"актеры","enProfession":"actor"},{"id":2936,"photo":"https://st.kp.yandex.net/images/actor_iphone/iphone360_2936.jpg","name":"Брайан Смиж","enName":"Brian Smyj","profession":"актеры","enProfession":"actor"},{"id":148418,"photo":"https://st.kp.yandex.net/images/actor_iphone/iphone360_148418.jpg","name":"Себастиано Сомма","enName":"Sebastiano Somma","profession":"актеры","enProfession":"actor"},{"id":3921076,"photo":"https://st.kp.yandex.net/images/actor_iphone/iphone360_3921076.jpg","name":null,"enName":"Peter Theo","profession":"актеры","enProfession":"actor"},{"id":1418362,"photo":"https://st.kp.yandex.net/images/actor_iphone/iphone360_1418362.jpg","name":"Энтони Ванзер","enName":"Anthony Wanzer","profession":"актеры","enProfession":"actor"},{"id":111551,"photo":"https://st.kp.yandex.net/images/actor_iphone/iphone360_111551.jpg","name":"Джерард Дж. Уильямс","enName":"Guss Williams","profession":"актеры","enProfession":"actor"},{"id":50590,"photo":"https://st.kp.yandex.net/images/actor_iphone/iphone360_50590.jpg","name":"Ханс Циммер","enName":"Hans Zimmer","profession":"композиторы","enProfession":"composer"},{"id":2003548,"photo":"https://st.kp.yandex.net/images/actor_iphone/iphone360_2003548.jpg","name":"Норрис Спенсер","enName":"Norris Spencer","profession":"художники","enProfession":"designer"},{"id":1986364,"photo":"https://st.kp.yandex.net/images/actor_iphone/iphone360_1986364.jpg","name":"Дэвид Крэнк","enName":"David Crank","profession":"художники","enProfession":"designer"},{"id":1529357,"photo":"https://st.kp.yandex.net/images/actor_iphone/iphone360_1529357.jpg","name":"Джэнти Йэтс","enName":"Janty Yates","profession":"художники","enProfession":"designer"},{"id":4551208,"photo":"https://st.kp.yandex.net/images/actor_iphone/iphone360_4551208.jpg","name":"Марко Аллегри","enName":"Marco Allegri","profession":"художники","enProfession":"designer"},{"id":1534847,"photo":"https://st.kp.yandex.net/images/actor_iphone/iphone360_1534847.jpg","name":"Криспиан Саллис","enName":"Crispian Sallis","profession":"художники","enProfession":"designer"},{"id":10015,"photo":"https://st.kp.yandex.net/images/actor_iphone/iphone360_10015.jpg","name":"Ридли Скотт","enName":"Ridley Scott","profession":"режиссеры","enProfession":"director"},{"id":34305,"photo":"https://st.kp.yandex.net/images/actor_iphone/iphone360_34305.jpg","name":"Пьетро Скалия","enName":"Pietro Scalia","profession":"монтажеры","enProfession":"editor"},{"id":609470,"photo":"https://st.kp.yandex.net/images/actor_iphone/iphone360_609470.jpg","name":"Джон Мэтисон","enName":"John Mathieson","profession":"операторы","enProfession":"operator"},{"id":39531,"photo":"https://st.kp.yandex.net/images/actor_iphone/iphone360_39531.jpg","name":"Дино Де Лаурентис","enName":"Dino De Laurentiis","profession":"продюсеры","enProfession":"producer"},{"id":39532,"photo":"https://st.kp.yandex.net/images/actor_iphone/iphone360_39532.jpg","name":"Марта Де Лаурентис","enName":"Martha De Laurentiis","profession":"продюсеры","enProfession":"producer"},{"id":10046,"photo":"https://st.kp.yandex.net/images/actor_iphone/iphone360_10046.jpg","name":"Бранко Лустиг","enName":"Branko Lustig","profession":"продюсеры","enProfession":"producer"},{"id":10048,"photo":"https://st.kp.yandex.net/images/actor_iphone/iphone360_10048.jpg","name":"Терри Нихэм","enName":"Terry Needham","profession":"продюсеры","enProfession":"producer"},{"id":93458,"photo":"https://st.kp.yandex.net/images/actor_iphone/iphone360_93458.jpg","name":"Владимир Еремин","enName":null,"profession":"актеры дубляжа","enProfession":"voice_actor"},{"id":257034,"photo":"https://st.kp.yandex.net/images/actor_iphone/iphone360_257034.jpg","name":"Валерий Сторожик","enName":null,"profession":"актеры дубляжа","enProfession":"voice_actor"},{"id":1654400,"photo":"https://st.kp.yandex.net/images/actor_iphone/iphone360_1654400.jpg","name":"Елена Соловьева","enName":null,"profession":"актеры дубляжа","enProfession":"voice_actor"},{"id":1824212,"photo":"https://st.kp.yandex.net/images/actor_iphone/iphone360_1824212.jpg","name":"Наталья Грачёва","enName":null,"profession":"актеры дубляжа","enProfession":"voice_actor"},{"id":590562,"photo":"https://st.kp.yandex.net/images/actor_iphone/iphone360_590562.jpg","name":"Олег Форостенко","enName":null,"profession":"актеры дубляжа","enProfession":"voice_actor"},{"id":273180,"photo":"https://st.kp.yandex.net/images/actor_iphone/iphone360_273180.jpg","name":"Никита Прозоровский","enName":null,"profession":"актеры дубляжа","enProfession":"voice_actor"},{"id":290408,"photo":"https://st.kp.yandex.net/images/actor_iphone/iphone360_290408.jpg","name":"Александр Рахленко","enName":null,"profession":"актеры дубляжа","enProfession":"voice_actor"},{"id":1078858,"photo":"https://st.kp.yandex.net/images/actor_iphone/iphone360_1078858.jpg","name":"Василий Дахненко","enName":null,"profession":"актеры дубляжа","enProfession":"voice_actor"},{"id":284235,"photo":"https://st.kp.yandex.net/images/actor_iphone/iphone360_284235.jpg","name":"Дальвин Щербаков","enName":null,"profession":"актеры дубляжа","enProfession":"voice_actor"},{"id":261729,"photo":"https://st.kp.yandex.net/images/actor_iphone/iphone360_261729.jpg","name":"Владимир Антоник","enName":null,"profession":"актеры дубляжа","enProfession":"voice_actor"},{"id":325814,"photo":"https://st.kp.yandex.net/images/actor_iphone/iphone360_325814.jpg","name":"Рудольф Панков","enName":null,"profession":"актеры дубляжа","enProfession":"voice_actor"},{"id":1539232,"photo":"https://st.kp.yandex.net/images/actor_iphone/iphone360_1539232.jpg","name":"Сергей Чихачёв","enName":null,"profession":"актеры дубляжа","enProfession":"voice_actor"},{"id":1144153,"photo":"https://st.kp.yandex.net/images/actor_iphone/iphone360_1144153.jpg","name":"Ольга Плетнёва","enName":null,"profession":"актеры дубляжа","enProfession":"voice_actor"},{"id":298213,"photo":"https://st.kp.yandex.net/images/actor_iphone/iphone360_298213.jpg","name":"Дмитрий Полонский","enName":null,"profession":"актеры дубляжа","enProfession":"voice_actor"},{"id":1053232,"photo":"https://st.kp.yandex.net/images/actor_iphone/iphone360_1053232.jpg","name":"Алексей Мясников","enName":null,"profession":"актеры дубляжа","enProfession":"voice_actor"},{"id":330068,"photo":"https://st.kp.yandex.net/images/actor_iphone/iphone360_330068.jpg","name":"Светлана Старикова","enName":null,"profession":"актеры дубляжа","enProfession":"voice_actor"},{"id":1660594,"photo":"https://st.kp.yandex.net/images/actor_iphone/iphone360_1660594.jpg","name":"Полина Щербакова","enName":null,"profession":"актеры дубляжа","enProfession":"voice_actor"},{"id":231213,"photo":"https://st.kp.yandex.net/images/actor_iphone/iphone360_231213.jpg","name":"Александр Новиков","enName":null,"profession":"актеры дубляжа","enProfession":"voice_actor"},{"id":1348569,"photo":"https://st.kp.yandex.net/images/actor_iphone/iphone360_1348569.jpg","name":"Александр Хотченков","enName":null,"profession":"актеры дубляжа","enProfession":"voice_actor"},{"id":277027,"photo":"https://st.kp.yandex.net/images/actor_iphone/iphone360_277027.jpg","name":"Андрей Градов","enName":null,"profession":"актеры дубляжа","enProfession":"voice_actor"},{"id":1948766,"photo":"https://st.kp.yandex.net/images/actor_iphone/iphone360_1948766.jpg","name":"Денис Некрасов","enName":null,"profession":"актеры дубляжа","enProfession":"voice_actor"},{"id":310535,"photo":"https://st.kp.yandex.net/images/actor_iphone/iphone360_310535.jpg","name":"Олег Куценко","enName":null,"profession":"актеры дубляжа","enProfession":"voice_actor"},{"id":1655599,"photo":"https://st.kp.yandex.net/images/actor_iphone/iphone360_1655599.jpg","name":"Юрий Брежнев","enName":null,"profession":"актеры дубляжа","enProfession":"voice_actor"},{"id":273498,"photo":"https://st.kp.yandex.net/images/actor_iphone/iphone360_273498.jpg","name":"Михаил Тихонов","enName":null,"profession":"актеры дубляжа","enProfession":"voice_actor"},{"id":1616407,"photo":"https://st.kp.yandex.net/images/actor_iphone/iphone360_1616407.jpg","name":"Всеволод Кузнецов","enName":null,"profession":"актеры дубляжа","enProfession":"voice_actor"},{"id":8365,"photo":"https://st.kp.yandex.net/images/actor_iphone/iphone360_8365.jpg","name":"Дэвид Мэмет","enName":"David Mamet","profession":"редакторы","enProfession":"writer"},{"id":41493,"photo":"https://st.kp.yandex.net/images/actor_iphone/iphone360_41493.jpg","name":"Стивен Зеллиан","enName":"Steven Zaillian","profession":"редакторы","enProfession":"writer"},{"id":39504,"photo":"https://st.kp.yandex.net/images/actor_iphone/iphone360_39504.jpg","name":"Томас Харрис","enName":"Thomas Harris","profession":"редакторы","enProfession":"writer"}],"typeNumber":1,"alternativeName":"Hannibal","enName":null,"names":[{"name":"Ганнибал"},{"name":"Hannibal"},{"name":"The Silence of the Lambs 2","language":"US","type":"working title"},{"name":"한니발","language":"KR","type":null},{"name":"沉默的羔羊2","language":"CN","type":null},{"name":"El silencio de los corderos Hannibal","language":"ES","type":null},{"name":"04 - Hannibal - 2001.mkv","language":"FR","type":null}],"ageRating":18,"ratingMpaa":"r","shortDescription":"Агент Кларисса Старлинг идет по следу доктора Лектера, но не одна. Сиквел триллера с Энтони Хопкинсом","imagesInfo":{"framesCount":37},"fees":{"world":{"value":351692268,"currency":"$"},"usa":{"value":165092268,"currency":"$"}},"similarMovies":[{"id":377,"name":"Семь","enName":null,"alternativeName":"Se7en","type":"movie","poster":{"url":"https://avatars.mds.yandex.net/get-kinopoisk-image/1773646/9ce4716c-dd27-435b-8a3a-f833ad859052/orig","previewUrl":"https://avatars.mds.yandex.net/get-kinopoisk-image/1773646/9ce4716c-dd27-435b-8a3a-f833ad859052/x1000"}},{"id":4266,"name":"Власть страха","enName":null,"alternativeName":"The Bone Collector","type":"movie","poster":{"url":"https://avatars.mds.yandex.net/get-kinopoisk-image/1600647/f1990c62-0058-4f7c-b970-f15c06cb9d5d/orig","previewUrl":"https://avatars.mds.yandex.net/get-kinopoisk-image/1600647/f1990c62-0058-4f7c-b970-f15c06cb9d5d/x1000"}},{"id":23148,"name":"Забирая жизни","enName":null,"alternativeName":"Taking Lives","type":"movie","poster":{"url":"https://avatars.mds.yandex.net/get-kinopoisk-image/4303601/39de00ac-e76c-496f-a6b2-46602b6d985b/orig","previewUrl":"https://avatars.mds.yandex.net/get-kinopoisk-image/4303601/39de00ac-e76c-496f-a6b2-46602b6d985b/x1000"}},{"id":102838,"name":"Зодиак","enName":null,"alternativeName":"Zodiac","type":"movie","poster":{"url":"https://avatars.mds.yandex.net/get-kinopoisk-image/1599028/0d57f736-f872-4494-ae80-f30d23a38aa0/orig","previewUrl":"https://avatars.mds.yandex.net/get-kinopoisk-image/1599028/0d57f736-f872-4494-ae80-f30d23a38aa0/x1000"}},{"id":1719,"name":"Целуя девушек","enName":null,"alternativeName":"Kiss the Girls","type":"movie","poster":{"url":"https://avatars.mds.yandex.net/get-kinopoisk-image/4774061/8402105a-d38a-4b32-9dc8-587ab33bcdeb/orig","previewUrl":"https://avatars.mds.yandex.net/get-kinopoisk-image/4774061/8402105a-d38a-4b32-9dc8-587ab33bcdeb/x1000"}}],"sequelsAndPrequels":[{"id":345,"name":"Молчание ягнят","enName":null,"alternativeName":"The Silence of the Lambs","type":"movie","poster":{"url":"https://avatars.mds.yandex.net/get-kinopoisk-image/6201401/9c655ce1-2b59-4941-97aa-f9e928ed0ff4/orig","previewUrl":"https://avatars.mds.yandex.net/get-kinopoisk-image/6201401/9c655ce1-2b59-4941-97aa-f9e928ed0ff4/x1000"}},{"id":798,"name":"Красный Дракон","enName":null,"alternativeName":"Red Dragon","type":"movie","poster":{"url":"https://avatars.mds.yandex.net/get-kinopoisk-image/1599028/6ecc7e26-6e71-4529-a604-0605bc41283e/orig","previewUrl":"https://avatars.mds.yandex.net/get-kinopoisk-image/1599028/6ecc7e26-6e71-4529-a604-0605bc41283e/x1000"}},{"id":50948,"name":"Ганнибал: Восхождение","enName":null,"alternativeName":"Hannibal Rising","type":"movie","poster":{"url":"https://avatars.mds.yandex.net/get-kinopoisk-image/1777765/1559d9d9-5885-4d6c-a4cd-a1bbb479f7de/orig","previewUrl":"https://avatars.mds.yandex.net/get-kinopoisk-image/1777765/1559d9d9-5885-4d6c-a4cd-a1bbb479f7de/x1000"}},{"id":682468,"name":"Ганнибал","enName":null,"alternativeName":"Hannibal","type":"tv-series","poster":{"url":"https://avatars.mds.yandex.net/get-kinopoisk-image/4774061/b27acae7-865c-4487-9029-660e3f085702/orig","previewUrl":"https://avatars.mds.yandex.net/get-kinopoisk-image/4774061/b27acae7-865c-4487-9029-660e3f085702/x1000"}}],"logo":{"url":"https://avatars.mds.yandex.net/get-ott/2419418/2a00000172c6d687a86347ebe14627452c88/orig"},"watchability":{"items":[{"name":"Иви","logo":{"url":"https://avatars.mds.yandex.net/get-ott/2419418/0dfd1724-848f-4725-9160-abc571f41c11/orig"},"url":"https://www.ivi.ru/watch/90282?utm_source=yandex&utm_medium=wizard"}]},"top10":null,"top250":null}