{"videos":{"trailers":[{"url":"https://www.youtube.com/v/07Eq1XYsuto","name":"Трейлер","site":"youtube"}],"teasers":[]},"fees":{"world":{"value":15472186,"currency":"$"},"usa":{"value":3830441,"currency":"$"}},"status":null,"externalId":{"kpHD":null,"imdb":"tt0216800","tmdb":47943},"rating":{"kp":6.882,"imdb":7.1,"filmCritics":7.5,"russianFilmCritics":100,"await":0},"votes":{"kp":1812,"imdb":11660,"filmCritics":94,"russianFilmCritics":4,"await":0},"backdrop":{"url":null,"previewUrl":null},"movieLength":117,"productionCompanies":[{"name":"La Sofica Sofinergie 5","url":null,"previewUrl":null},{"name":"Diaphana Films","url":"https://www.themoviedb.org/t/p/original/iPQvLZPw7e3T3No0akup0F9o8nV.png","previewUrl":"https://www.themoviedb.org/t/p/w500/iPQvLZPw7e3T3No0akup0F9o8nV.png"},{"name":"MG Films","url":null,"previewUrl":null},{"name":"M6 Films","url":"https://www.themoviedb.org/t/p/original/ntH7T5gsN6wtyrfHGHJDTuneQ7o.png","previewUrl":"https://www.themoviedb.org/t/p/w500/ntH7T5gsN6wtyrfHGHJDTuneQ7o.png"},{"name":"Canal+","url":"https://www.themoviedb.org/t/p/original/9aotxauvc9685tq9pTcRJszuT06.png","previewUrl":"https://www.themoviedb.org/t/p/w500/9aotxauvc9685tq9pTcRJszuT06.png"},{"name":"CNC","url":"https://www.themoviedb.org/t/p/original/4Gp5A4YdjPBfsHT47ngHMaXWmb9.png","previewUrl":"https://www.themoviedb.org/t/p/w500/4Gp5A4YdjPBfsHT47ngHMaXWmb9.png"}],"id":690,"type":"movie","name":"Гарри — друг, который желает Вам добра","description":"У вас есть настоящие, преданные друзья? Если да, задавались ли вы вопросом, на что они смогут пойти ради вас? И как далеко они готовы зайти тогда, когда от них потребуется помощь? Если вы дружите с Гарри, то вам нечего бояться!\n\nГарри — идеальный друг во всех отношениях. Он чрезвычайно обаятелен и чрезвычайно богат. Гарри — человек обстоятельный и надежный. Но самое главное то, что он никогда, ни при каких обстоятельствах не допустит, чтобы вам в жизни что-то мешало. Ваши проблемы-его проблемы.\n\nУ вас плохая машина? Гарри купит вам новую. У вас возникли трудности? Он устранит их с легкостью иллюзиониста! Правда, если вы вдруг недосчитаетесь недоброжелателей, своих назойливых родителей или занудных родственников, то это не страшно, ибо Гарри желает вам лишь добра.\n\nБлагодаря Гарри ваша жизнь станет гораздо лучше.., если вам удастся ее сохранить.","premiere":{"country":"Франция","world":"2000-05-11T00:00:00.000Z","russia":"2000-10-12T00:00:00.000Z","cinema":"2000-10-12T00:00:00.000Z"},"slogan":"Гарри вас любит. Гарри вам поможет. После встречи с Гарри ваша жизнь станет значительно лучше, если вам удастся её сохранить!","year":2000,"poster":{"url":"https://st.kp.yandex.net/images/film_big/690.jpg","previewUrl":"https://st.kp.yandex.net/images/film_iphone/iphone360_690.jpg"},"facts":[],"genres":[{"name":"триллер"},{"name":"драма"},{"name":"комедия"},{"name":"детектив"}],"countries":[{"name":"Франция"}],"seasonsInfo":[],"persons":[{"id":57202,"photo":"https://st.kp.yandex.net/images/actor_iphone/iphone360_57202.jpg","name":"Лоран Люка","enName":"Laurent Lucas","profession":"актеры","enProfession":"actor"},{"id":39839,"photo":"https://st.kp.yandex.net/images/actor_iphone/iphone360_39839.jpg","name":"Серхи Лопес","enName":"Sergi López","profession":"актеры","enProfession":"actor"},{"id":5655,"photo":"https://st.kp.yandex.net/images/actor_iphone/iphone360_5655.jpg","name":"Матильда Сенье","enName":"Mathilde Seigner","profession":"актеры","enProfession":"actor"},{"id":19581,"photo":"https://st.kp.yandex.net/images/actor_iphone/iphone360_19581.jpg","name":"Софи Гиймен","enName":"Sophie Guillemin","profession":"актеры","enProfession":"actor"},{"id":29489,"photo":"https://st.kp.yandex.net/images/actor_iphone/iphone360_29489.jpg","name":"Лилиан Ровер","enName":"Liliane Rovère","profession":"актеры","enProfession":"actor"},{"id":57203,"photo":"https://st.kp.yandex.net/images/actor_iphone/iphone360_57203.jpg","name":"Доминик Розан","enName":"Dominique Rozan","profession":"актеры","enProfession":"actor"},{"id":32598,"photo":"https://st.kp.yandex.net/images/actor_iphone/iphone360_32598.jpg","name":"Мишель Фо","enName":"Michel Fau","profession":"актеры","enProfession":"actor"},{"id":57204,"photo":"https://st.kp.yandex.net/images/actor_iphone/iphone360_57204.jpg","name":"Виктуар де Костер","enName":"Victoire de Koster","profession":"актеры","enProfession":"actor"},{"id":57205,"photo":"https://st.kp.yandex.net/images/actor_iphone/iphone360_57205.jpg","name":"Лори Камината","enName":"Laurie Caminata","profession":"актеры","enProfession":"actor"},{"id":57206,"photo":"https://st.kp.yandex.net/images/actor_iphone/iphone360_57206.jpg","name":"Лорена Камината","enName":"Lorena Caminata","profession":"актеры","enProfession":"actor"},{"id":610792,"photo":"https://st.kp.yandex.net/images/actor_iphone/iphone360_610792.jpg","name":"Дэвид Уайтакер","enName":"David Whitaker","profession":"композиторы","enProfession":"composer"},{"id":1998696,"photo":"https://st.kp.yandex.net/images/actor_iphone/iphone360_1998696.jpg","name":"Мишель Бартелеми","enName":"Michel Barthélémy","profession":"художники","enProfession":"designer"},{"id":97486,"photo":"https://st.kp.yandex.net/images/actor_iphone/iphone360_97486.jpg","name":"Вирджиния Монтель","enName":"Virginie Montel","profession":"художники","enProfession":"designer"},{"id":442197,"photo":"https://st.kp.yandex.net/images/actor_iphone/iphone360_442197.jpg","name":"Борис Пио","enName":"Boris Piot","profession":"художники","enProfession":"designer"},{"id":1987295,"photo":"https://st.kp.yandex.net/images/actor_iphone/iphone360_1987295.jpg","name":"Жером Портье","enName":"Jérôme Portier","profession":"художники","enProfession":"designer"},{"id":57199,"photo":"https://st.kp.yandex.net/images/actor_iphone/iphone360_57199.jpg","name":"Доминик Молль","enName":"Dominik Moll","profession":"режиссеры","enProfession":"director"},{"id":2004182,"photo":"https://st.kp.yandex.net/images/actor_iphone/iphone360_2004182.jpg","name":"Янник Кергоа","enName":"Yannick Kergoat","profession":"монтажеры","enProfession":"editor"},{"id":375371,"photo":"https://st.kp.yandex.net/images/actor_iphone/iphone360_375371.jpg","name":"Маттье Пуаро-Дельпеш","enName":"Matthieu Poirot-Delpech","profession":"операторы","enProfession":"operator"},{"id":57207,"photo":"https://st.kp.yandex.net/images/actor_iphone/iphone360_57207.jpg","name":"Мишель Сен-Жан","enName":"Michel Saint-Jean","profession":"продюсеры","enProfession":"producer"},{"id":71472,"photo":"https://st.kp.yandex.net/images/actor_iphone/iphone360_71472.jpg","name":"Эрик Зауали","enName":"Eric Zaouali","profession":"продюсеры","enProfession":"producer"},{"id":57199,"photo":"https://st.kp.yandex.net/images/actor_iphone/iphone360_57199.jpg","name":"Доминик Молль","enName":"Dominik Moll","profession":"редакторы","enProfession":"writer"},{"id":57200,"photo":"https://st.kp.yandex.net/images/actor_iphone/iphone360_57200.jpg","name":"Жиль Маршан","enName":"Gilles Marchand","profession":"редакторы","enProfession":"writer"},{"id":3937521,"photo":"https://st.kp.yandex.net/images/actor_iphone/iphone360_3937521.jpg","name":"Франсис Вийен","enName":"Francis Villain","profession":"редакторы","enProfession":"writer"}],"typeNumber":1,"alternativeName":"Harry, un ami qui vous veut du bien","enName":null,"names":[{"name":"Гарри — друг, который желает Вам добра"},{"name":"Harry, un ami qui vous veut du bien"},{"name":"Harry un amico vero","language":"IT","type":null},{"name":"Harry, He's Here to Help","language":"US","type":null}],"ageRating":16,"budget":{},"ratingMpaa":"r","imagesInfo":{"framesCount":9},"sequelsAndPrequels":[{"id":695187,"name":"Гарри — друг, который желает Вам добра","enName":"With a Friend Like Harry","alternativeName":"With a Friend Like Harry","type":"remake","poster":{"url":"https://st.kp.yandex.net/images/film_big/695187.jpg","previewUrl":"https://st.kp.yandex.net/images/film_iphone/iphone360_695187.jpg"}}],"shortDescription":null,"similarMovies":[{"id":888304,"name":"Подарок","enName":null,"alternativeName":"The Gift","type":"movie","poster":{"url":"https://avatars.mds.yandex.net/get-kinopoisk-image/1946459/c410e55e-6d49-4dae-aa3b-4fda5e5742b2/orig","previewUrl":"https://avatars.mds.yandex.net/get-kinopoisk-image/1946459/c410e55e-6d49-4dae-aa3b-4fda5e5742b2/x1000"}},{"id":36330,"name":"Слуга","enName":null,"alternativeName":"The Servant","type":"movie","poster":{"url":"https://avatars.mds.yandex.net/get-kinopoisk-image/1773646/c3f34fd2-780d-423f-b75f-fe42cb325452/orig","previewUrl":"https://avatars.mds.yandex.net/get-kinopoisk-image/1773646/c3f34fd2-780d-423f-b75f-fe42cb325452/x1000"}}],"logo":{"url":null},"watchability":{"items":null},"top10":null,"top250":null}