{"videos":{"trailers":[{"url":"https://widgets.kinopoisk.ru/discovery/trailer/5681?onlyPlayer=1&autoplay=1&cover=1","name":"Трейлер","site":"kinopoisk_widget"},{"url":"https://www.youtube.com/embed/tBVLiyAqbJ4","name":"Heaven Movie Trailer","site":"youtube","type":"TRAILER"}],"teasers":[]},"fees":{"world":{"value":4243537,"currency":"$"},"usa":{"value":784399,"currency":"$"}},"id":694,"type":"movie","externalId":{"kpHD":"47c40a5331799cd897e88862fe7de91f","imdb":"tt0246677","tmdb":10575},"name":"Рай","rating":{"kp":7.072,"imdb":7,"filmCritics":6.7,"russianFilmCritics":0,"await":0},"description":"У Филиппы погибает муж, но полиция, похоже, не собирается искать виновных. Женщина решает взять правосудие в свои руки, но в результате погибают невинные люди, а она сама оказывается в тюрьме. Но, как оказалось, это не конец жизни, а начало новых отношений, дальнейшего движения к своей цели.","votes":{"kp":5001,"imdb":26052,"filmCritics":88,"russianFilmCritics":2,"await":0},"premiere":{"country":"Германия","world":"2002-02-06T00:00:00.000Z","russia":"2002-04-17T00:00:00.000Z","cinema":"2002-04-17T00:00:00.000Z","dvd":"2003-02-04T00:00:00.000Z"},"slogan":"When you take justice into your own hands, what are the consequences?","year":2001,"budget":{"value":11000000,"currency":"$"},"poster":{"url":"https://st.kp.yandex.net/images/film_big/694.jpg","previewUrl":"https://st.kp.yandex.net/images/film_iphone/iphone360_694.jpg"},"facts":[{"value":"Фильм снят на двух языках — английском и итальянском. ","type":"FACT","spoiler":false},{"value":"Съемки проходили в Германии и Италии.","type":"FACT","spoiler":false},{"value":"Для участия в съёмках <a href=\"/name/112/\" class=\"all\">Кейт Бланшетт</a> пришлось побриться наголо.","type":"FACT","spoiler":false}],"genres":[{"name":"триллер"},{"name":"драма"},{"name":"мелодрама"},{"name":"криминал"}],"countries":[{"name":"Великобритания"},{"name":"Франция"},{"name":"Италия"},{"name":"Германия"},{"name":"США"}],"seasonsInfo":[],"persons":[{"id":112,"photo":"https://st.kp.yandex.net/images/actor_iphone/iphone360_112.jpg","name":"Кейт Бланшетт","enName":"Cate Blanchett","profession":"актеры","enProfession":"actor"},{"id":9942,"photo":"https://st.kp.yandex.net/images/actor_iphone/iphone360_9942.jpg","name":"Джованни Рибизи","enName":"Giovanni Ribisi","profession":"актеры","enProfession":"actor"},{"id":37572,"photo":"https://st.kp.yandex.net/images/actor_iphone/iphone360_37572.jpg","name":"Ремо Джироне","enName":"Remo Girone","profession":"актеры","enProfession":"actor"},{"id":13417,"photo":"https://st.kp.yandex.net/images/actor_iphone/iphone360_13417.jpg","name":"Стефания Рокка","enName":"Stefania Rocca","profession":"актеры","enProfession":"actor"},{"id":37573,"photo":"https://st.kp.yandex.net/images/actor_iphone/iphone360_37573.jpg","name":"Алессандро Спердути","enName":"Alessandro Sperduti","profession":"актеры","enProfession":"actor"},{"id":29414,"photo":"https://st.kp.yandex.net/images/actor_iphone/iphone360_29414.jpg","name":"Маттиа Сбраджа","enName":"Mattia Sbragia","profession":"актеры","enProfession":"actor"},{"id":37574,"photo":"https://st.kp.yandex.net/images/actor_iphone/iphone360_37574.jpg","name":"Стефано Сантоспаго","enName":"Stefano Santospago","profession":"актеры","enProfession":"actor"},{"id":37575,"photo":"https://st.kp.yandex.net/images/actor_iphone/iphone360_37575.jpg","name":"Альберто Ди Стасио","enName":"Alberto Di Stasio","profession":"актеры","enProfession":"actor"},{"id":37576,"photo":"https://st.kp.yandex.net/images/actor_iphone/iphone360_37576.jpg","name":"Джованни Веттораццо","enName":"Giovanni Vettorazzo","profession":"актеры","enProfession":"actor"},{"id":14604,"photo":"https://st.kp.yandex.net/images/actor_iphone/iphone360_14604.jpg","name":"Джанфранко Барра","enName":"Gianfranco Barra","profession":"актеры","enProfession":"actor"},{"id":34382,"photo":"https://st.kp.yandex.net/images/actor_iphone/iphone360_34382.jpg","name":"Винсент Риотта","enName":"Vincent Riotta","profession":"актеры","enProfession":"actor"},{"id":11345,"photo":"https://st.kp.yandex.net/images/actor_iphone/iphone360_11345.jpg","name":"Мауро Марино","enName":"Mauro Marino","profession":"актеры","enProfession":"actor"},{"id":7607,"photo":"https://st.kp.yandex.net/images/actor_iphone/iphone360_7607.jpg","name":"Стефания Орсола Гарелло","enName":"Stefania Orsola Garello","profession":"актеры","enProfession":"actor"},{"id":29438,"photo":"https://st.kp.yandex.net/images/actor_iphone/iphone360_29438.jpg","name":"Фаусто Ломбарди","enName":"Fausto Lombardi","profession":"актеры","enProfession":"actor"},{"id":37577,"photo":"https://st.kp.yandex.net/images/actor_iphone/iphone360_37577.jpg","name":"Джорджиа Коппа","enName":"Giorgia Coppa","profession":"актеры","enProfession":"actor"},{"id":37578,"photo":"https://st.kp.yandex.net/images/actor_iphone/iphone360_37578.jpg","name":"Жюльенна Либерто","enName":"Julienne Liberto","profession":"актеры","enProfession":"actor"},{"id":37579,"photo":"https://st.kp.yandex.net/images/actor_iphone/iphone360_37579.jpg","name":"Матильда Де Санктис","enName":"Matilde De Sanctis","profession":"актеры","enProfession":"actor"},{"id":37580,"photo":"https://st.kp.yandex.net/images/actor_iphone/iphone360_37580.jpg","name":"Роберто Д’Алессандро","enName":"Roberto D'Alessandro","profession":"актеры","enProfession":"actor"},{"id":37581,"photo":"https://st.kp.yandex.net/images/actor_iphone/iphone360_37581.jpg","name":"Маша Сираго","enName":"Masha Sirago","profession":"актеры","enProfession":"actor"},{"id":37582,"photo":"https://st.kp.yandex.net/images/actor_iphone/iphone360_37582.jpg","name":"Серджио Сивори","enName":"Sergio Sivori","profession":"актеры","enProfession":"actor"},{"id":37583,"photo":"https://st.kp.yandex.net/images/actor_iphone/iphone360_37583.jpg","name":"Шейла Рубин","enName":"Shaila Rubin","profession":"актеры","enProfession":"actor"},{"id":2981,"photo":"https://st.kp.yandex.net/images/actor_iphone/iphone360_2981.jpg","name":"Лучано Бартоли","enName":"Luciano Bartoli","profession":"актеры","enProfession":"actor"},{"id":4918177,"photo":"https://st.kp.yandex.net/images/actor_iphone/iphone360_4918177.jpg","name":null,"enName":"Marco Merlini","profession":"актеры","enProfession":"actor"},{"id":37585,"photo":"https://st.kp.yandex.net/images/actor_iphone/iphone360_37585.jpg","name":"Наталия Магни","enName":"Natalia Magni","profession":"актеры","enProfession":"actor"},{"id":37586,"photo":"https://st.kp.yandex.net/images/actor_iphone/iphone360_37586.jpg","name":"Тереза Пьерджентили","enName":"Teresa Piergentili","profession":"актеры","enProfession":"actor"},{"id":37587,"photo":"https://st.kp.yandex.net/images/actor_iphone/iphone360_37587.jpg","name":"Массимильяно Джусти","enName":"Max Giusti","profession":"актеры","enProfession":"actor"},{"id":37588,"photo":"https://st.kp.yandex.net/images/actor_iphone/iphone360_37588.jpg","name":"Федерико Торре","enName":"Federico Torre","profession":"актеры","enProfession":"actor"},{"id":37589,"photo":"https://st.kp.yandex.net/images/actor_iphone/iphone360_37589.jpg","name":"Андреа Дигироламо","enName":"Andrea DiGirolamo","profession":"актеры","enProfession":"actor"},{"id":488446,"photo":"https://st.kp.yandex.net/images/actor_iphone/iphone360_488446.jpg","name":"Джузеппе Ло Консоле","enName":"Giuseppe Loconsole","profession":"актеры","enProfession":"actor"},{"id":1706470,"photo":"https://st.kp.yandex.net/images/actor_iphone/iphone360_1706470.jpg","name":null,"enName":"Giorgio Cugno","profession":"актеры","enProfession":"actor"},{"id":4244424,"photo":"https://st.kp.yandex.net/images/actor_iphone/iphone360_4244424.jpg","name":null,"enName":"Nicola Vitale Materi","profession":"актеры","enProfession":"actor"},{"id":288584,"photo":"https://st.kp.yandex.net/images/actor_iphone/iphone360_288584.jpg","name":"Ули Ханиш","enName":"Uli Hanisch","profession":"художники","enProfession":"designer"},{"id":2007811,"photo":"https://st.kp.yandex.net/images/actor_iphone/iphone360_2007811.jpg","name":"Роберта Касале","enName":"Roberta Casale","profession":"художники","enProfession":"designer"},{"id":2005171,"photo":"https://st.kp.yandex.net/images/actor_iphone/iphone360_2005171.jpg","name":"Кристоф Штегер","enName":"Christoph Steeger","profession":"художники","enProfession":"designer"},{"id":2007219,"photo":"https://st.kp.yandex.net/images/actor_iphone/iphone360_2007219.jpg","name":"Моника Якобс","enName":"Monika Jacobs","profession":"художники","enProfession":"designer"},{"id":2007812,"photo":"https://st.kp.yandex.net/images/actor_iphone/iphone360_2007812.jpg","name":"Лоредана Ротондо","enName":"Loredana Rotondo","profession":"художники","enProfession":"designer"},{"id":2007813,"photo":"https://st.kp.yandex.net/images/actor_iphone/iphone360_2007813.jpg","name":"Катя Шлёмер","enName":"Katja Schlömer","profession":"художники","enProfession":"designer"},{"id":26439,"photo":"https://st.kp.yandex.net/images/actor_iphone/iphone360_26439.jpg","name":"Том Тыквер","enName":"Tom Tykwer","profession":"режиссеры","enProfession":"director"},{"id":1366473,"photo":"https://st.kp.yandex.net/images/actor_iphone/iphone360_1366473.jpg","name":"Матильда Бонфуа","enName":"Mathilde Bonnefoy","profession":"монтажеры","enProfession":"editor"},{"id":231609,"photo":"https://st.kp.yandex.net/images/actor_iphone/iphone360_231609.jpg","name":"Франк Грибе","enName":"Frank Griebe","profession":"операторы","enProfession":"operator"},{"id":26437,"photo":"https://st.kp.yandex.net/images/actor_iphone/iphone360_26437.jpg","name":"Штефан Арндт","enName":"Stefan Arndt","profession":"продюсеры","enProfession":"producer"},{"id":239,"photo":"https://st.kp.yandex.net/images/actor_iphone/iphone360_239.jpg","name":"Уильям Хорберг","enName":"William Horberg","profession":"продюсеры","enProfession":"producer"},{"id":37596,"photo":"https://st.kp.yandex.net/images/actor_iphone/iphone360_37596.jpg","name":"Мария Копф","enName":"Maria Köpf","profession":"продюсеры","enProfession":"producer"},{"id":9845,"photo":"https://st.kp.yandex.net/images/actor_iphone/iphone360_9845.jpg","name":"Энтони Мингелла","enName":"Anthony Minghella","profession":"продюсеры","enProfession":"producer"},{"id":269650,"photo":"https://st.kp.yandex.net/images/actor_iphone/iphone360_269650.jpg","name":"Любовь Германова","enName":null,"profession":"актеры дубляжа","enProfession":"voice_actor"},{"id":1232680,"photo":"https://st.kp.yandex.net/images/actor_iphone/iphone360_1232680.jpg","name":"Илья Бледный","enName":null,"profession":"актеры дубляжа","enProfession":"voice_actor"},{"id":1078857,"photo":"https://st.kp.yandex.net/images/actor_iphone/iphone360_1078857.jpg","name":"Алексей Колган","enName":null,"profession":"актеры дубляжа","enProfession":"voice_actor"},{"id":310535,"photo":"https://st.kp.yandex.net/images/actor_iphone/iphone360_310535.jpg","name":"Олег Куценко","enName":null,"profession":"актеры дубляжа","enProfession":"voice_actor"},{"id":273560,"photo":"https://st.kp.yandex.net/images/actor_iphone/iphone360_273560.jpg","name":"Вадим Андреев","enName":null,"profession":"актеры дубляжа","enProfession":"voice_actor"},{"id":1159780,"photo":"https://st.kp.yandex.net/images/actor_iphone/iphone360_1159780.jpg","name":"Александр Груздев","enName":null,"profession":"актеры дубляжа","enProfession":"voice_actor"},{"id":290512,"photo":"https://st.kp.yandex.net/images/actor_iphone/iphone360_290512.jpg","name":"Ольга Сирина","enName":null,"profession":"актеры дубляжа","enProfession":"voice_actor"},{"id":37570,"photo":"https://st.kp.yandex.net/images/actor_iphone/iphone360_37570.jpg","name":"Кшиштоф Кесьлёвский","enName":"Krzysztof Kieslowski","profession":"редакторы","enProfession":"writer"},{"id":37571,"photo":"https://st.kp.yandex.net/images/actor_iphone/iphone360_37571.jpg","name":"Кшиштоф Песевич","enName":"Krzysztof Piesiewicz","profession":"редакторы","enProfession":"writer"}],"productionCompanies":[],"typeNumber":1,"alternativeName":"Heaven","enName":null,"names":[{"name":"Рай"},{"name":"Heaven"}],"ageRating":18,"movieLength":97,"ratingMpaa":"r","sequelsAndPrequels":[{"id":86964,"name":"Ад","enName":null,"alternativeName":"L'enfer","type":"movie","poster":{"url":"https://avatars.mds.yandex.net/get-kinopoisk-image/1900788/7c4752c5-3e46-470f-9550-cc9a40a719ce/orig","previewUrl":"https://avatars.mds.yandex.net/get-kinopoisk-image/1900788/7c4752c5-3e46-470f-9550-cc9a40a719ce/x1000"}},{"id":267164,"name":"Надежда","enName":null,"alternativeName":"Nadzieja","type":"movie","poster":{"url":"https://avatars.mds.yandex.net/get-kinopoisk-image/1600647/90ee6bea-c364-41ba-b299-d6540a51cd54/orig","previewUrl":"https://avatars.mds.yandex.net/get-kinopoisk-image/1600647/90ee6bea-c364-41ba-b299-d6540a51cd54/x1000"}}],"similarMovies":[{"id":730,"name":"Принцесса и воин","enName":null,"alternativeName":"Der Krieger und die Kaiserin","type":"movie","poster":{"url":"https://avatars.mds.yandex.net/get-kinopoisk-image/1629390/fbdc9d5b-a500-4e75-ad67-58c498441333/orig","previewUrl":"https://avatars.mds.yandex.net/get-kinopoisk-image/1629390/fbdc9d5b-a500-4e75-ad67-58c498441333/x1000"}},{"id":32898,"name":"Достучаться до небес","enName":null,"alternativeName":"Knockin' on Heaven's Door","type":"movie","poster":{"url":"https://avatars.mds.yandex.net/get-kinopoisk-image/4774061/3fb781cd-2b98-4072-b102-311661121a2e/orig","previewUrl":"https://avatars.mds.yandex.net/get-kinopoisk-image/4774061/3fb781cd-2b98-4072-b102-311661121a2e/x1000"}}],"shortDescription":"Учительница решается отомстить за погибшего мужа. История отчаяния и любви от режиссера «Парфюмера» ","imagesInfo":{"framesCount":31},"backdrop":{"url":"https://avatars.mds.yandex.net/get-ott/224348/2a00000162251a4a5e357b0ad3812cf70f77/orig","previewUrl":"https://avatars.mds.yandex.net/get-ott/224348/2a00000162251a4a5e357b0ad3812cf70f77/x1000"},"logo":{"url":"https://avatars.mds.yandex.net/get-ott/1652588/2a0000017f92024cb2182d1f707a70b0d0b5/orig"},"watchability":{"items":null},"top10":null,"top250":null,"status":null}