{"fees":{"world":{"value":17290970,"currency":"$"},"usa":{"value":8384929,"currency":"$"}},"status":null,"externalId":{"kpHD":"41d230544cb3fa9ea6f0d743414559c2","imdb":"tt0278500","tmdb":9026},"rating":{"kp":7.441,"imdb":6.8,"filmCritics":6,"russianFilmCritics":0,"await":0},"votes":{"kp":11366,"imdb":24022,"filmCritics":115,"russianFilmCritics":0,"await":0},"backdrop":{"url":"https://avatars.mds.yandex.net/get-ott/239697/2a00000173b9615c09b25751e327d0f60a42/orig","previewUrl":"https://avatars.mds.yandex.net/get-ott/239697/2a00000173b9615c09b25751e327d0f60a42/x1000"},"movieLength":97,"productionCompanies":[{"name":"Ealing Studios","url":"https://www.themoviedb.org/t/p/original/sDWe94w5fuyfgfRKc3N27CSJvsD.png","previewUrl":"https://www.themoviedb.org/t/p/w500/sDWe94w5fuyfgfRKc3N27CSJvsD.png"}],"id":710,"type":"movie","name":"Как важно быть серьезным","description":"Что произойдет, если два блистательных британских джентльмена от скуки затеют рискованную и непредсказуемую игру в псевдонимы? Как, например, неотразимый Джек, заботливый опекун юной Сесили, приезжающий в Лондон, чтобы под именем Эрнест сделать предложение аристократке Гвендолин, и неутомимый ловкач Олги, предлагающий руку и сердце провинциалке Сесили также под именем Эрнест.\n\nПодобные забавы не проходят безнаказанно - скоро Гвендолин и Сесили узнают, что к ним сватается один и тот же мужчина! Назревает жуткий скандал, и теперь влюбленным ловеласам придется понять, как всё-таки важно хоть иногда быть серьезным...","premiere":{"country":"США","world":"2002-06-21T00:00:00.000Z","russia":"2002-10-03T00:00:00.000Z","cinema":"2002-10-03T00:00:00.000Z"},"slogan":"Everybody Loves Ernest... But Nobody's Quite Sure Who He Really Is.","year":2002,"budget":{"value":15000000,"currency":"$"},"poster":{"url":"https://st.kp.yandex.net/images/film_big/710.jpg","previewUrl":"https://st.kp.yandex.net/images/film_iphone/iphone360_710.jpg"},"facts":[{"value":"Экранизация одноимённой пьесы <a href=\"/name/24174/\" class=\"all\">Оскара Уайльда</a>.","type":"FACT","spoiler":false},{"value":"Актриса <a href=\"/name/39754/\" class=\"all\">Финти Уильямс</a>, сыгравшая леди Брэкнелл в бытность юной танцовщицей, является дочерью <a href=\"/name/6240/\" class=\"all\">Джуди Денч</a>, сыгравшую пожилую леди Брэкнелл.","type":"FACT","spoiler":false},{"value":"Продюсеры заплатили 50 000 &#163; за использование Уэст-Уайкома как загородного дома Джека.","type":"FACT","spoiler":false},{"value":"Во время финальной сцены фильма — выяснения происхождения Джона Уортинга — в его гостиной на подставке для нот фортепиано лежат ноты произведений Эдварда Грига.","type":"FACT","spoiler":true},{"value":"Сцены, в которых <a href=\"/name/21493/\" class=\"all\">Руперт Эверетт</a> шлёпает <a href=\"/name/16464/\" class=\"all\">Колина Фёрта</a> по ягодицам и целует его в щеку являлись импровизацией. Однако режиссёру <a href=\"/name/24173/\" class=\"all\">Оливеру Паркеру</a> настолько понравились ошеломлённые реакции Фёрта в обоих случаях, что он решил их оставить.","type":"FACT","spoiler":true},{"value":"Сцены с чеком Эрнеста в Савое и кредиторами, которые приехали в деревню к Джеку, взяты из материала, который Уайльд вырезал из пьесы прямо перед её публикацией.","type":"FACT","spoiler":true}],"genres":[{"name":"драма"},{"name":"мелодрама"},{"name":"комедия"}],"countries":[{"name":"Великобритания"},{"name":"США"}],"videos":{"trailers":[{"url":"https://www.youtube.com/v/U42lBo8fST8","name":"Трейлер","site":"youtube"},{"url":"https://www.youtube.com/embed/ssBUir2LG-U","name":"The Importance of Being Earnest (2002) - Trailer","site":"youtube","type":"TRAILER"}],"teasers":[]},"seasonsInfo":[],"persons":[{"id":21493,"photo":"https://st.kp.yandex.net/images/actor_iphone/iphone360_21493.jpg","name":"Руперт Эверетт","enName":"Rupert Everett","profession":"актеры","enProfession":"actor"},{"id":16464,"photo":"https://st.kp.yandex.net/images/actor_iphone/iphone360_16464.jpg","name":"Колин Фёрт","enName":"Colin Firth","profession":"актеры","enProfession":"actor"},{"id":14253,"photo":"https://st.kp.yandex.net/images/actor_iphone/iphone360_14253.jpg","name":"Фрэнсис О’Коннор","enName":"Frances O'Connor","profession":"актеры","enProfession":"actor"},{"id":7635,"photo":"https://st.kp.yandex.net/images/actor_iphone/iphone360_7635.jpg","name":"Риз Уизерспун","enName":"Reese Witherspoon","profession":"актеры","enProfession":"actor"},{"id":6240,"photo":"https://st.kp.yandex.net/images/actor_iphone/iphone360_6240.jpg","name":"Джуди Денч","enName":"Judi Dench","profession":"актеры","enProfession":"actor"},{"id":4545,"photo":"https://st.kp.yandex.net/images/actor_iphone/iphone360_4545.jpg","name":"Том Уилкинсон","enName":"Tom Wilkinson","profession":"актеры","enProfession":"actor"},{"id":38509,"photo":"https://st.kp.yandex.net/images/actor_iphone/iphone360_38509.jpg","name":"Анна Мэсси","enName":"Anna Massey","profession":"актеры","enProfession":"actor"},{"id":38715,"photo":"https://st.kp.yandex.net/images/actor_iphone/iphone360_38715.jpg","name":"Эдвард Фокс","enName":"Edward Fox","profession":"актеры","enProfession":"actor"},{"id":39752,"photo":"https://st.kp.yandex.net/images/actor_iphone/iphone360_39752.jpg","name":"Патрик Годфри","enName":"Patrick Godfrey","profession":"актеры","enProfession":"actor"},{"id":39753,"photo":"https://st.kp.yandex.net/images/actor_iphone/iphone360_39753.jpg","name":"Чарльз Кей","enName":"Charles Kay","profession":"актеры","enProfession":"actor"},{"id":21285,"photo":"https://st.kp.yandex.net/images/actor_iphone/iphone360_21285.jpg","name":"Сирил Шэпс","enName":"Cyril Shaps","profession":"актеры","enProfession":"actor"},{"id":24177,"photo":"https://st.kp.yandex.net/images/actor_iphone/iphone360_24177.jpg","name":"Марша Фитцалан","enName":"Marsha Fitzalan","profession":"актеры","enProfession":"actor"},{"id":39754,"photo":"https://st.kp.yandex.net/images/actor_iphone/iphone360_39754.jpg","name":"Финти Уильямс","enName":"Finty Williams","profession":"актеры","enProfession":"actor"},{"id":39755,"photo":"https://st.kp.yandex.net/images/actor_iphone/iphone360_39755.jpg","name":"Гай Бенсли","enName":"Guy Bensley","profession":"актеры","enProfession":"actor"},{"id":39756,"photo":"https://st.kp.yandex.net/images/actor_iphone/iphone360_39756.jpg","name":"Кристина Роберт","enName":"Christina Robert","profession":"актеры","enProfession":"actor"},{"id":39757,"photo":"https://st.kp.yandex.net/images/actor_iphone/iphone360_39757.jpg","name":"Кира Чаплин","enName":"Kiera Chaplin","profession":"актеры","enProfession":"actor"},{"id":39758,"photo":"https://st.kp.yandex.net/images/actor_iphone/iphone360_39758.jpg","name":"Александра Коби","enName":"Alexandra Kobi","profession":"актеры","enProfession":"actor"},{"id":736960,"photo":"https://st.kp.yandex.net/images/actor_iphone/iphone360_736960.jpg","name":"Сьюзи Бойл","enName":"Suzie Boyle","profession":"актеры","enProfession":"actor"},{"id":39760,"photo":"https://st.kp.yandex.net/images/actor_iphone/iphone360_39760.jpg","name":"Кейт Койн","enName":"Kate Coyne","profession":"актеры","enProfession":"actor"},{"id":39761,"photo":"https://st.kp.yandex.net/images/actor_iphone/iphone360_39761.jpg","name":"Бернадетт Иглич","enName":"Bernadette Iglich","profession":"актеры","enProfession":"actor"},{"id":39762,"photo":"https://st.kp.yandex.net/images/actor_iphone/iphone360_39762.jpg","name":"Полли Редстон","enName":"Polli Redston","profession":"актеры","enProfession":"actor"},{"id":39763,"photo":"https://st.kp.yandex.net/images/actor_iphone/iphone360_39763.jpg","name":"Илэйн Тайлер-Холл","enName":"Elaine Tyler-Hall","profession":"актеры","enProfession":"actor"},{"id":39764,"photo":"https://st.kp.yandex.net/images/actor_iphone/iphone360_39764.jpg","name":"Джиллиан Уинн","enName":"Gillian Winn","profession":"актеры","enProfession":"actor"},{"id":39765,"photo":"https://st.kp.yandex.net/images/actor_iphone/iphone360_39765.jpg","name":"Холли Коллинз","enName":"Holly Collins","profession":"актеры","enProfession":"actor"},{"id":39766,"photo":"https://st.kp.yandex.net/images/actor_iphone/iphone360_39766.jpg","name":"Кит Дикинсон","enName":"Kit Dickinson","profession":"актеры","enProfession":"actor"},{"id":39767,"photo":"https://st.kp.yandex.net/images/actor_iphone/iphone360_39767.jpg","name":"Сюзанн Томас","enName":"Suzanne Thomas","profession":"актеры","enProfession":"actor"},{"id":39768,"photo":"https://st.kp.yandex.net/images/actor_iphone/iphone360_39768.jpg","name":"Чарли Моул","enName":"Charlie Mole","profession":"актеры","enProfession":"actor"},{"id":39769,"photo":"https://st.kp.yandex.net/images/actor_iphone/iphone360_39769.jpg","name":"Даррел Кок","enName":"Darrell Kok","profession":"актеры","enProfession":"actor"},{"id":39770,"photo":"https://st.kp.yandex.net/images/actor_iphone/iphone360_39770.jpg","name":"Джудд Проктер","enName":"Judd Procter","profession":"актеры","enProfession":"actor"},{"id":39771,"photo":"https://st.kp.yandex.net/images/actor_iphone/iphone360_39771.jpg","name":"Мартин Ноулз","enName":"Martin Knowles","profession":"актеры","enProfession":"actor"},{"id":2770911,"photo":"https://st.kp.yandex.net/images/actor_iphone/iphone360_2770911.jpg","name":"Грег Беннетт","enName":"Greg Bennett","profession":"актеры","enProfession":"actor"},{"id":604927,"photo":"https://st.kp.yandex.net/images/actor_iphone/iphone360_604927.jpg","name":"Саша Беннетт","enName":"Sacha Bennett","profession":"актеры","enProfession":"actor"},{"id":581852,"photo":"https://st.kp.yandex.net/images/actor_iphone/iphone360_581852.jpg","name":"Рэй Донн","enName":"Ray Donn","profession":"актеры","enProfession":"actor"},{"id":2890421,"photo":"https://st.kp.yandex.net/images/actor_iphone/iphone360_2890421.jpg","name":null,"enName":"Simon Faulkner","profession":"актеры","enProfession":"actor"},{"id":5141032,"photo":"https://st.kp.yandex.net/images/actor_iphone/iphone360_5141032.jpg","name":null,"enName":"Lucy Lewendon","profession":"актеры","enProfession":"actor"},{"id":1087278,"photo":"https://st.kp.yandex.net/images/actor_iphone/iphone360_1087278.jpg","name":"Соня Моргенстерн","enName":"Sonja Morgenstern","profession":"актеры","enProfession":"actor"},{"id":6400893,"photo":"https://st.kp.yandex.net/images/actor_iphone/iphone360_6400893.jpg","name":null,"enName":"Lutricia Norris","profession":"актеры","enProfession":"actor"},{"id":581536,"photo":"https://st.kp.yandex.net/images/actor_iphone/iphone360_581536.jpg","name":"Луиз Риан Пул","enName":"Louise Rhian Poole","profession":"актеры","enProfession":"actor"},{"id":39768,"photo":"https://st.kp.yandex.net/images/actor_iphone/iphone360_39768.jpg","name":"Чарли Моул","enName":"Charlie Mole","profession":"композиторы","enProfession":"composer"},{"id":1529267,"photo":"https://st.kp.yandex.net/images/actor_iphone/iphone360_1529267.jpg","name":"Лучана Арриги","enName":"Luciana Arrighi","profession":"художники","enProfession":"designer"},{"id":1986971,"photo":"https://st.kp.yandex.net/images/actor_iphone/iphone360_1986971.jpg","name":"Пол Жирардани","enName":"Paul Ghirardani","profession":"художники","enProfession":"designer"},{"id":1998801,"photo":"https://st.kp.yandex.net/images/actor_iphone/iphone360_1998801.jpg","name":"Маурицио Милленотти","enName":"Maurizio Millenotti","profession":"художники","enProfession":"designer"},{"id":1997205,"photo":"https://st.kp.yandex.net/images/actor_iphone/iphone360_1997205.jpg","name":"Йен Уитэйкер","enName":"Ian Whittaker","profession":"художники","enProfession":"designer"},{"id":24173,"photo":"https://st.kp.yandex.net/images/actor_iphone/iphone360_24173.jpg","name":"Оливер Паркер","enName":"Oliver Parker","profession":"режиссеры","enProfession":"director"},{"id":39755,"photo":"https://st.kp.yandex.net/images/actor_iphone/iphone360_39755.jpg","name":"Гай Бенсли","enName":"Guy Bensley","profession":"монтажеры","enProfession":"editor"},{"id":544230,"photo":"https://st.kp.yandex.net/images/actor_iphone/iphone360_544230.jpg","name":"Тони Пирс-Робертс","enName":"Tony Pierce-Roberts","profession":"операторы","enProfession":"operator"},{"id":15015,"photo":"https://st.kp.yandex.net/images/actor_iphone/iphone360_15015.jpg","name":"Барнеби Томпсон","enName":"Barnaby Thompson","profession":"продюсеры","enProfession":"producer"},{"id":235,"photo":"https://st.kp.yandex.net/images/actor_iphone/iphone360_235.jpg","name":"Дэвид Браун","enName":"David Brown","profession":"продюсеры","enProfession":"producer"},{"id":24195,"photo":"https://st.kp.yandex.net/images/actor_iphone/iphone360_24195.jpg","name":"Ури Фручтман","enName":"Uri Fruchtmann","profession":"продюсеры","enProfession":"producer"},{"id":24173,"photo":"https://st.kp.yandex.net/images/actor_iphone/iphone360_24173.jpg","name":"Оливер Паркер","enName":"Oliver Parker","profession":"редакторы","enProfession":"writer"},{"id":24174,"photo":"https://st.kp.yandex.net/images/actor_iphone/iphone360_24174.jpg","name":"Оскар Уайльд","enName":"Oscar Wilde","profession":"редакторы","enProfession":"writer"}],"typeNumber":1,"alternativeName":"The Importance of Being Earnest","enName":null,"names":[{"name":"Как важно быть серьезным"},{"name":"The Importance of Being Earnest"},{"name":"Tärkeintä on olla aito","language":"FI","type":null},{"name":"不可儿戏","language":"CN","type":null},{"name":"Η Σημασία του να Είναι Κανείς Σοβαρός","language":"GR","type":null},{"name":"Mister Ernest","language":"SE","type":null}],"ageRating":12,"ratingMpaa":"pg","similarMovies":[{"id":258774,"name":"Легкое поведение","enName":null,"alternativeName":"Easy Virtue","type":"movie","poster":{"url":"https://avatars.mds.yandex.net/get-kinopoisk-image/1599028/baf5c85a-9785-4a74-9d65-ec329f0eb050/orig","previewUrl":"https://avatars.mds.yandex.net/get-kinopoisk-image/1599028/baf5c85a-9785-4a74-9d65-ec329f0eb050/x1000"}},{"id":49966,"name":"Хорошая женщина","enName":null,"alternativeName":"A Good Woman","type":"movie","poster":{"url":"https://avatars.mds.yandex.net/get-kinopoisk-image/6201401/06052d43-9323-4e34-98ea-82e30bebb5b6/orig","previewUrl":"https://avatars.mds.yandex.net/get-kinopoisk-image/6201401/06052d43-9323-4e34-98ea-82e30bebb5b6/x1000"}},{"id":5559,"name":"Идеальный муж","enName":null,"alternativeName":"An Ideal Husband","type":"movie","poster":{"url":"https://avatars.mds.yandex.net/get-kinopoisk-image/1773646/1373c8e9-b044-4a9e-84d8-44c2109efbd7/orig","previewUrl":"https://avatars.mds.yandex.net/get-kinopoisk-image/1773646/1373c8e9-b044-4a9e-84d8-44c2109efbd7/x1000"}},{"id":89573,"name":"Как важно быть серьезным","enName":null,"alternativeName":"The Importance of Being Earnest","type":"movie","poster":{"url":"https://avatars.mds.yandex.net/get-kinopoisk-image/1704946/30fceb15-9218-4fb2-a09d-b47ed8b44d5f/orig","previewUrl":"https://avatars.mds.yandex.net/get-kinopoisk-image/1704946/30fceb15-9218-4fb2-a09d-b47ed8b44d5f/x1000"}},{"id":22174,"name":"Голубая кровь","enName":null,"alternativeName":"Relative Values","type":"movie","poster":{"url":"https://avatars.mds.yandex.net/get-kinopoisk-image/1704946/275e2509-fa2b-4ec3-a296-9badffc9e93d/orig","previewUrl":"https://avatars.mds.yandex.net/get-kinopoisk-image/1704946/275e2509-fa2b-4ec3-a296-9badffc9e93d/x1000"}},{"id":784288,"name":"Любовь и дружба","enName":null,"alternativeName":"Love & Friendship","type":"movie","poster":{"url":"https://avatars.mds.yandex.net/get-kinopoisk-image/1599028/9989cf8b-7c4c-4df8-95b2-58cf522c4a92/orig","previewUrl":"https://avatars.mds.yandex.net/get-kinopoisk-image/1599028/9989cf8b-7c4c-4df8-95b2-58cf522c4a92/x1000"}}],"imagesInfo":{"framesCount":74},"shortDescription":"Два джентльмена присваивают одну и ту же вымышленную личность. Ромком с Колином Фёртом и Рупертом Эвереттом","sequelsAndPrequels":[],"logo":{"url":"https://avatars.mds.yandex.net/get-ott/239697/2a00000173b9618030d4a57eef21daf9192f/orig"},"watchability":{"items":null},"top10":null,"top250":null}