{"videos":{"trailers":[{"url":"https://www.youtube.com/v/RxRMDE1RToc","name":"Трейлер","site":"youtube"},{"url":"https://www.youtube.com/embed/OfN9vzF_yOU","name":"Intimacy (2001) ORIGINAL TRAILER [HD]","site":"youtube","type":"TRAILER"},{"url":"https://www.youtube.com/embed/RxRMDE1RToc","name":"Intimacy Trailer","site":"youtube","type":"TRAILER"},{"url":"https://www.youtube.com/embed/RxRMDE1RToc","name":"Intimacy Trailer","site":"youtube","type":"TRAILER"}],"teasers":[]},"fees":{"world":{"value":2672527,"currency":"$"},"usa":{"value":405094,"currency":"$"}},"id":713,"type":"movie","externalId":{"kpHD":null,"imdb":"tt0256103","tmdb":11845},"name":"Интим","rating":{"kp":5.94,"imdb":6.1,"filmCritics":6.3,"russianFilmCritics":0,"await":0},"description":"Она приходит к нему каждую неделю по средам только ради секса. Они занимаются этим, почти не разговаривая. Но однажды она не является к нему в условленный час, и он осознаёт, что вообще ничего не знает о своей безмолвной партнёрше. И когда через неделю она всё-таки появляется, он начинает следить за ней.","votes":{"kp":4244,"imdb":12590,"filmCritics":70,"russianFilmCritics":1,"await":0},"premiere":{"country":"США","world":"2001-01-20T00:00:00.000Z","russia":"2001-06-29T00:00:00.000Z","cinema":"2001-06-29T00:00:00.000Z"},"slogan":"Секс как лекарство от одиночества","year":2000,"poster":{"url":"https://st.kp.yandex.net/images/film_big/713.jpg","previewUrl":"https://st.kp.yandex.net/images/film_iphone/iphone360_713.jpg"},"facts":[{"value":"<a href=\"/name/52278/\" class=\"all\">Патрис Шеро</a> предлагал роль главного героя <a href=\"/name/6650/\" class=\"all\">Гари Олдману</a>, но из-за слишком откровенных сцен актёр предложение отклонил. Вместо этого Олдман показал режиссёру места в Лондоне, где, по его мнению, можно было бы снять те или иные сцены.","type":"FACT","spoiler":false}],"genres":[{"name":"драма"},{"name":"мелодрама"}],"countries":[{"name":"Франция"},{"name":"Великобритания"},{"name":"Германия"}],"seasonsInfo":[],"persons":[{"id":52280,"photo":"https://st.kp.yandex.net/images/actor_iphone/iphone360_52280.jpg","name":"Марк Райлэнс","enName":"Mark Rylance","profession":"актеры","enProfession":"actor"},{"id":4809,"photo":"https://st.kp.yandex.net/images/actor_iphone/iphone360_4809.jpg","name":"Керри Фокс","enName":"Kerry Fox","profession":"актеры","enProfession":"actor"},{"id":52281,"photo":"https://st.kp.yandex.net/images/actor_iphone/iphone360_52281.jpg","name":"Сюзанна Харкер","enName":"Susannah Harker","profession":"актеры","enProfession":"actor"},{"id":52282,"photo":"https://st.kp.yandex.net/images/actor_iphone/iphone360_52282.jpg","name":"Аластер Гэлбрейт","enName":"Alastair Galbraith","profession":"актеры","enProfession":"actor"},{"id":52283,"photo":"https://st.kp.yandex.net/images/actor_iphone/iphone360_52283.jpg","name":"Филипп Кальварио","enName":"Philippe Calvario","profession":"актеры","enProfession":"actor"},{"id":13416,"photo":"https://st.kp.yandex.net/images/actor_iphone/iphone360_13416.jpg","name":"Тимоти Сполл","enName":"Timothy Spall","profession":"актеры","enProfession":"actor"},{"id":52284,"photo":"https://st.kp.yandex.net/images/actor_iphone/iphone360_52284.jpg","name":"Марианна Фэйтфулл","enName":"Marianne Faithfull","profession":"актеры","enProfession":"actor"},{"id":52285,"photo":"https://st.kp.yandex.net/images/actor_iphone/iphone360_52285.jpg","name":"Фрайзер Эйрс","enName":"Fraser Ayres","profession":"актеры","enProfession":"actor"},{"id":1960168,"photo":"https://st.kp.yandex.net/images/actor_iphone/iphone360_1960168.jpg","name":"Майкл Фицджералд","enName":"Michael Fitzgerald","profession":"актеры","enProfession":"actor"},{"id":52286,"photo":"https://st.kp.yandex.net/images/actor_iphone/iphone360_52286.jpg","name":"Роберт Эдди","enName":"Robert Addie","profession":"актеры","enProfession":"actor"},{"id":52287,"photo":"https://st.kp.yandex.net/images/actor_iphone/iphone360_52287.jpg","name":"Дебора МакЛарен","enName":"Deborah McLaren","profession":"актеры","enProfession":"actor"},{"id":36683,"photo":"https://st.kp.yandex.net/images/actor_iphone/iphone360_36683.jpg","name":"Ребекка Р. Палмер","enName":"Rebecca R. Palmer","profession":"актеры","enProfession":"actor"},{"id":38707,"photo":"https://st.kp.yandex.net/images/actor_iphone/iphone360_38707.jpg","name":"Грег Шеффилд","enName":"Greg Sheffield","profession":"актеры","enProfession":"actor"},{"id":52288,"photo":"https://st.kp.yandex.net/images/actor_iphone/iphone360_52288.jpg","name":"Винни Хантер","enName":"Vinnie Hunter","profession":"актеры","enProfession":"actor"},{"id":52289,"photo":"https://st.kp.yandex.net/images/actor_iphone/iphone360_52289.jpg","name":"Джо Просперо","enName":"Joe Prospero","profession":"актеры","enProfession":"actor"},{"id":52290,"photo":"https://st.kp.yandex.net/images/actor_iphone/iphone360_52290.jpg","name":"Сиан Ривз","enName":"Sian Reeves","profession":"актеры","enProfession":"actor"},{"id":52291,"photo":"https://st.kp.yandex.net/images/actor_iphone/iphone360_52291.jpg","name":"Паола Дионисотти","enName":"Paola Dionisotti","profession":"актеры","enProfession":"actor"},{"id":52292,"photo":"https://st.kp.yandex.net/images/actor_iphone/iphone360_52292.jpg","name":"Марселло Уолтон","enName":"Marcello Walton","profession":"актеры","enProfession":"actor"},{"id":52293,"photo":"https://st.kp.yandex.net/images/actor_iphone/iphone360_52293.jpg","name":"Кристиан Малкольм","enName":"Christian Malcolm","profession":"актеры","enProfession":"actor"},{"id":52294,"photo":"https://st.kp.yandex.net/images/actor_iphone/iphone360_52294.jpg","name":"Эми Линдсей","enName":"Amy Lindsay","profession":"актеры","enProfession":"actor"},{"id":52295,"photo":"https://st.kp.yandex.net/images/actor_iphone/iphone360_52295.jpg","name":"Родрик Калвер","enName":"Roderic Culver","profession":"актеры","enProfession":"actor"},{"id":52296,"photo":"https://st.kp.yandex.net/images/actor_iphone/iphone360_52296.jpg","name":"Джонатан Эмметт","enName":"Jonny Emmett","profession":"актеры","enProfession":"actor"},{"id":52297,"photo":"https://st.kp.yandex.net/images/actor_iphone/iphone360_52297.jpg","name":"Гидеон Хент","enName":"Gideon Gent","profession":"актеры","enProfession":"actor"},{"id":52298,"photo":"https://st.kp.yandex.net/images/actor_iphone/iphone360_52298.jpg","name":"Элисон Линтотт","enName":"Alison Lintott","profession":"актеры","enProfession":"actor"},{"id":52299,"photo":"https://st.kp.yandex.net/images/actor_iphone/iphone360_52299.jpg","name":"Хавьер Лоира","enName":"Xavier Loira","profession":"актеры","enProfession":"actor"},{"id":52300,"photo":"https://st.kp.yandex.net/images/actor_iphone/iphone360_52300.jpg","name":"Кейт Орр","enName":"Kate Orr","profession":"актеры","enProfession":"actor"},{"id":52301,"photo":"https://st.kp.yandex.net/images/actor_iphone/iphone360_52301.jpg","name":"Клер Уэйлэнд","enName":"Clare Wayland","profession":"актеры","enProfession":"actor"},{"id":1214878,"photo":"https://st.kp.yandex.net/images/actor_iphone/iphone360_1214878.jpg","name":null,"enName":"Sanjiv Hayre","profession":"актеры","enProfession":"actor"},{"id":611078,"photo":"https://st.kp.yandex.net/images/actor_iphone/iphone360_611078.jpg","name":"Эрик Невё","enName":"Eric Neveux","profession":"композиторы","enProfession":"composer"},{"id":2002151,"photo":"https://st.kp.yandex.net/images/actor_iphone/iphone360_2002151.jpg","name":"Хейден Гриффин","enName":"Hayden Griffin","profession":"художники","enProfession":"designer"},{"id":2002152,"photo":"https://st.kp.yandex.net/images/actor_iphone/iphone360_2002152.jpg","name":"Жаклин Абрахамс","enName":"Jacqueline Abrahams","profession":"художники","enProfession":"designer"},{"id":1781308,"photo":"https://st.kp.yandex.net/images/actor_iphone/iphone360_1781308.jpg","name":"Каролин Де Вивэз","enName":"Caroline de Vivaise","profession":"художники","enProfession":"designer"},{"id":234846,"photo":"https://st.kp.yandex.net/images/actor_iphone/iphone360_234846.jpg","name":"Линда Уилсон","enName":"Linda Wilson","profession":"художники","enProfession":"designer"},{"id":52278,"photo":"https://st.kp.yandex.net/images/actor_iphone/iphone360_52278.jpg","name":"Патрис Шеро","enName":"Patrice Chéreau","profession":"режиссеры","enProfession":"director"},{"id":1673171,"photo":"https://st.kp.yandex.net/images/actor_iphone/iphone360_1673171.jpg","name":"Франсуа Гедижье","enName":"François Gédigier","profession":"монтажеры","enProfession":"editor"},{"id":280355,"photo":"https://st.kp.yandex.net/images/actor_iphone/iphone360_280355.jpg","name":"Эрик Готье","enName":"Eric Gautier","profession":"операторы","enProfession":"operator"},{"id":52302,"photo":"https://st.kp.yandex.net/images/actor_iphone/iphone360_52302.jpg","name":"Патрик Кассаветти","enName":"Patrick Cassavetti","profession":"продюсеры","enProfession":"producer"},{"id":52303,"photo":"https://st.kp.yandex.net/images/actor_iphone/iphone360_52303.jpg","name":"Жак Энстен","enName":"Jacques Hinstin","profession":"продюсеры","enProfession":"producer"},{"id":14451,"photo":"https://st.kp.yandex.net/images/actor_iphone/iphone360_14451.jpg","name":"Шарль Гассо","enName":"Charles Gassot","profession":"продюсеры","enProfession":"producer"},{"id":51258,"photo":"https://st.kp.yandex.net/images/actor_iphone/iphone360_51258.jpg","name":"Питер МакАлис","enName":"Peter McAleese","profession":"продюсеры","enProfession":"producer"},{"id":1300853,"photo":"https://st.kp.yandex.net/images/actor_iphone/iphone360_1300853.jpg","name":"Анна-Луиза Тривидик","enName":"Anne-Louise Trividic","profession":"редакторы","enProfession":"writer"},{"id":52278,"photo":"https://st.kp.yandex.net/images/actor_iphone/iphone360_52278.jpg","name":"Патрис Шеро","enName":"Patrice Chéreau","profession":"редакторы","enProfession":"writer"},{"id":27041,"photo":"https://st.kp.yandex.net/images/actor_iphone/iphone360_27041.jpg","name":"Ханиф Курейши","enName":"Hanif Kureishi","profession":"редакторы","enProfession":"writer"}],"productionCompanies":[],"typeNumber":1,"alternativeName":"Intimacy","budget":{},"enName":null,"names":[{"name":"Интим"},{"name":"Intimacy"}],"ageRating":18,"movieLength":119,"ratingMpaa":"r","shortDescription":null,"sequelsAndPrequels":[{"id":77300,"name":"Порнографические связи","enName":null,"alternativeName":"Une liaison pornographique","type":"movie","poster":{"url":"https://avatars.mds.yandex.net/get-kinopoisk-image/1773646/f9ed2cee-f5dd-4847-ad32-ec9669d0d630/orig","previewUrl":"https://avatars.mds.yandex.net/get-kinopoisk-image/1773646/f9ed2cee-f5dd-4847-ad32-ec9669d0d630/x1000"}}],"similarMovies":[{"id":86198,"name":"9 песен","enName":null,"alternativeName":"9 Songs","type":"movie","poster":{"url":"https://avatars.mds.yandex.net/get-kinopoisk-image/1773646/27a88a9e-d0ee-4ad5-92ce-a13124d2a3c0/orig","previewUrl":"https://avatars.mds.yandex.net/get-kinopoisk-image/1773646/27a88a9e-d0ee-4ad5-92ce-a13124d2a3c0/x1000"}},{"id":7147,"name":"Последнее танго в Париже","enName":null,"alternativeName":"Ultimo tango a Parigi","type":"movie","poster":{"url":"https://avatars.mds.yandex.net/get-kinopoisk-image/1599028/2cbdfa5d-8aee-4f9c-921b-6fee4f411531/orig","previewUrl":"https://avatars.mds.yandex.net/get-kinopoisk-image/1599028/2cbdfa5d-8aee-4f9c-921b-6fee4f411531/x1000"}}],"imagesInfo":{"framesCount":15},"backdrop":{"url":null,"previewUrl":null},"logo":{"url":null},"watchability":{"items":null},"top10":null,"top250":null,"status":null}