{"fees":{"world":{"value":33788161,"currency":"$"},"usa":{"value":30085147,"currency":"$"}},"status":null,"externalId":{"kpHD":"44f0242038a993dba985f665979ab870","imdb":"tt0261392","tmdb":2294},"rating":{"kp":7.167,"imdb":6.8,"filmCritics":5.6,"russianFilmCritics":0,"await":0},"votes":{"kp":82423,"imdb":157477,"filmCritics":151,"russianFilmCritics":0,"await":0},"backdrop":{"url":"https://avatars.mds.yandex.net/get-ott/1672343/2a00000173299391ab2ae2bd6589af64c89c/orig","previewUrl":"https://avatars.mds.yandex.net/get-ott/1672343/2a00000173299391ab2ae2bd6589af64c89c/x1000"},"movieLength":104,"productionCompanies":[{"name":"Dimension Films","url":"https://www.themoviedb.org/t/p/original/rfnws0uY8rsNAsrLbx3gEIcYXx3.png","previewUrl":"https://www.themoviedb.org/t/p/w500/rfnws0uY8rsNAsrLbx3gEIcYXx3.png"},{"name":"View Askew Productions","url":"https://www.themoviedb.org/t/p/original/7HEUbdTlFQWf4SKidP8S29yFgoW.png","previewUrl":"https://www.themoviedb.org/t/p/w500/7HEUbdTlFQWf4SKidP8S29yFgoW.png"},{"name":"Miramax","url":"https://www.themoviedb.org/t/p/original/m6AHu84oZQxvq7n1rsvMNJIAsMu.png","previewUrl":"https://www.themoviedb.org/t/p/w500/m6AHu84oZQxvq7n1rsvMNJIAsMu.png"}],"id":719,"type":"movie","name":"Джей и Молчаливый Боб наносят ответный удар","description":"Приятели Джей и Молчаливый Боб целыми днями стоят возле стены магазина в Нью-Джерси, пока однажды не узнают, что о них сделали комикс «Пыхарь и Хроник». Комикс будут экранизировать, но выплачивать друзьям гонорар никто не собирается. Неугомонная парочка отправляется на студию Miramax, чтобы восстановить справедливость.","premiere":{"country":"Канада","world":"2001-08-22T00:00:00.000Z","russia":"2001-11-14T00:00:00.000Z","cinema":"2001-11-14T00:00:00.000Z","dvd":"2014-02-06T00:00:00.000Z"},"slogan":"Голливуд доигрался!","year":2001,"budget":{"value":22000000,"currency":"$"},"poster":{"url":"https://st.kp.yandex.net/images/film_big/719.jpg","previewUrl":"https://st.kp.yandex.net/images/film_iphone/iphone360_719.jpg"},"facts":[{"value":"В&#160;фильмах <a href=\"/name/8469/\" class=\"all\">Кевина Смита</a> часто упоминается число 37.&#160;В&#160;данной картине можно заметить баннер, на&#160;котором написано &#171;Поздравьте нас с&#160;нашим 37&#160;ограблением&#187;. Сцена, на&#160;съёмки которой попадают Джей и&#160;Боб, обозначена как &#171;Сцена 37,&#160;дубль 1&#187;. Тюремный номер Джастис&#160;— 373737.","type":"FACT","spoiler":false},{"value":"<a href=\"/name/41104/\" class=\"all\">Дэвид Духовны</a> должен был сыграть небольшую роль, но,&#160;в&#160;конце концов, отказался от&#160;участия в&#160;фильме.","type":"FACT","spoiler":false},{"value":"Сцена в&#160;каньоне снималась в&#160;том&#160;же самом месте, что и&#160;многие эпизоды сериала &#171;<a href=\"/film/229272/\" class=\"all\">Звездный путь</a>&#187;.","type":"FACT","spoiler":false},{"value":"В&#160;фильме содержится множество ссылок и&#160;намёков на&#160;&#171;<a href=\"/film/333/\" class=\"all\">Звездные войны</a>&#187; (1977) и&#160;последующие продолжения популярной космической саги.","type":"FACT","spoiler":false},{"value":"В&#160;фильме содержится множество ссылок и&#160;намёков на&#160;&#171;<a href=\"/film/396/\" class=\"all\">Челюсти</a>&#187; (1975).","type":"FACT","spoiler":false},{"value":"Изначально <a href=\"/name/291/\" class=\"all\">Шеннон Элизабет</a> должна была сыграть небольшую роль, но&#160;её&#160;пробы так понравились <a href=\"/name/8469/\" class=\"all\">Кевину Смиту</a>, что он&#160;предложил ей&#160;главную женскую роль.","type":"FACT","spoiler":false},{"value":"&#171;Провазик&#187;&#160;— название фармацевтической компании, в&#160;которую вламываются Джей и&#160;Боб. Точно такое&#160;же название было у&#160;&#171;волшебного лекарства&#187; в&#160;&#171;<a href=\"/film/3915/\" class=\"all\">Беглеце</a>&#187; (1993).","type":"FACT","spoiler":false},{"value":"Имя одного из&#160;персонажей, Маршалл Уилленхолли, собрано из&#160;имен трех персонажей: Маршалл, Уилли и&#160;Холли из&#160;сериала &#171;<a href=\"/film/258543/\" class=\"all\">Земля исчезнувших</a>&#187; (1974).","type":"FACT","spoiler":false},{"value":"В&#160;1999&#160;году <a href=\"/name/8469/\" class=\"all\">Кевин Смит</a> на&#160;своем форуме опубликовал крайне негативную рецензию на&#160;&#171;<a href=\"/film/477/\" class=\"all\">Магнолию</a>&#187; (1999), после чего разразилась настоящая война между фанатами <a href=\"/name/23362/\" class=\"all\">Пола Томаса Андерсона</a> и&#160;Кевина Смита. В&#160;фильме &#171;Джей и&#160;Молчаливый Боб наносят ответный удар&#187; содержится намёк на&#160;данную вражду: ник одного из&#160;юзеров на&#160;форуме, который читают Джей и&#160;Молчаливый Боб,&#160;— Magnolia-Fan.","type":"FACT","spoiler":false},{"value":"Имена охранников на студии Miramax — ссылки на известных персонажей различных комиксов. Например, Гордон — Джеймс Гордон, комиссар полиции Готема; Шо — Себастиан и Шиноби Шо; Акинс — другой комиссар полиции Готема.","type":"FACT","spoiler":false},{"value":"Когда Джей и&#160;Молчаливый Боб случайным образом находят Сьюзан на&#160;съёмочной площадке &#171;Крика 4&#187;, главная героиня вымышленного фильма (Шеннон Доэрти) выражает крайнее удивление, что под маской маньяка скрывается обезьяна. На&#160;съёмках трилогии &#171;<a href=\"/film/1807/\" class=\"all\">Крик</a>&#187; <a href=\"/name/8442/\" class=\"all\">Уэс Крэйвен</a> никогда не&#160;говорил актерам, кто является настоящим убийцей.","type":"FACT","spoiler":false},{"value":"Слово «fuck» произносится по ходу действия фильма 248 раз.","type":"FACT","spoiler":false},{"value":"Изначально планировалось, что сюжет картины будет крутиться вокруг Джея и Молчаливого Боба, пытающихся спасти свой любимый магазинчик.","type":"FACT","spoiler":false},{"value":"Когда Джей и&#160;Молчаливый Боб убегают от&#160;охранников на&#160;студии Miramax, они пробегают мимо людей, снимающих фильм &#171;Сорвиголова&#187;. Человек, руководящий съёмками,&#160;— <a href=\"/name/30363/\" class=\"all\">Марк Стивен Джонсон</a>, который впоследствии поставил фильм &#171;<a href=\"/film/648/\" class=\"all\">Сорвиголова</a>&#187; (2003). А <a href=\"/name/8469/\" class=\"all\">Кевин Смит</a> был автором нескольких эпизодов комикса &#171;Сорвиголова&#187;.","type":"FACT","spoiler":false},{"value":"На&#160;одной из&#160;стадий разработки проекта планировалось, что <a href=\"/name/21930/\" class=\"all\">Сет Грин</a> сыграет Джея в&#160;вымышленном фильме, съёмки которого пытаются остановить Джей и&#160;Молчаливый Боб. В&#160;свое время боссы Gramercy Pictures хотели заменить <a href=\"/name/8470/\" class=\"all\">Джейсона Мьюза</a> на&#160;Сета Грина для съёмок &laquo;<a href=\"/film/12136/\" class=\"all\">Тусовщиков из&#160;супермаркета</a>&raquo;.","type":"FACT","spoiler":false},{"value":"Трейлер фильма демонстрировался в&#160;кинотеатрах перед сеансом &#171;<a href=\"/film/5931/\" class=\"all\">Очень страшного кино 2</a>&#187; (2001). Преданные фанаты Кевина Смита покупали билеты на&#160;этот фильм, но&#160;после просмотра ролика покидали кинозал.","type":"FACT","spoiler":false},{"value":"Разносчик пиццы «Joe’s Marvelous Pizza» — Джо Квесада, главный редактор комиксов Marvel.","type":"FACT","spoiler":false},{"value":"<a href=\"/name/51336/\" class=\"all\">Харли Куинн Смит</a>, дочка <a href=\"/name/8469/\" class=\"all\">Кевина Смита</a>, сыграла маленького Молчаливого Боба.","type":"FACT","spoiler":false},{"value":"Фильм заканчивается пародийным стоп-кадром на&#160;&#171;<a href=\"/film/33512/\" class=\"all\">Пурпурный дождь</a>&#187; (1984).","type":"FACT","spoiler":false},{"value":"Когда взрывается микроавтобус, где якобы находится Джастис, на заднем фоне играет песня, в которой содержится следующая фраза: «Джастис мертва… или так думает Джей».","type":"FACT","spoiler":false},{"value":"<a href=\"/name/23716/\" class=\"all\">Марк Хэмилл</a> озвучил Скуби (собака в&#160;сцене &#171;Скуби-Ду&#187;).","type":"FACT","spoiler":false},{"value":"Изначально фильм получил рейтинг NC-17, поэтому многие сцены пришлось перемонтировать, для того чтобы получить рейтинг R.","type":"FACT","spoiler":false},{"value":"<a href=\"/name/51356/\" class=\"all\">Аланис Мориссетт</a> сыграла ту&#160;же самую роль, что и&#160;в&#160;&#171;<a href=\"/film/6437/\" class=\"all\">Догме</a>&#187; (1999). В&#160;фильме её&#160;персонаж появляется в&#160;первый и&#160;последний раз&#8230; после финальных титров.","type":"FACT","spoiler":false},{"value":"<a href=\"/name/297/\" class=\"all\">Шон Уильям Скотт</a>, <a href=\"/name/290/\" class=\"all\">Джейсон Биггз</a>, <a href=\"/name/307/\" class=\"all\">Эли Мариентал</a> и&#160;<a href=\"/name/291/\" class=\"all\">Шеннон Элизабет</a> снимались одновременно в&#160;этом фильме и&#160;в&#160;&#171;<a href=\"/film/587/\" class=\"all\">Американском пироге 2</a>&#187;.","type":"FACT","spoiler":false},{"value":"Так как <a href=\"/name/10620/\" class=\"all\">Бен Аффлек</a> вернулся в&#160;роли Холдена (его&#160;же персонаж в&#160;&#171;<a href=\"/film/11017/\" class=\"all\">В&#160;погоне за&#160;Эми</a>&#187;), то&#160;изначально <a href=\"/name/8469/\" class=\"all\">Кевин Смит</a> хотел пригласить других актеров на&#160;роли Аффлека и&#160;<a href=\"/name/6458/\" class=\"all\">Мэтта Дэймона</a> для пародии на&#160;&#171;<a href=\"/film/539/\" class=\"all\">Умницу Уилл Хантинг</a>&#187; (1997). Среди возможных кандидатов значились <a href=\"/name/7886/\" class=\"all\">Винс Вон</a> и&#160;<a href=\"/name/9559/\" class=\"all\">Джон Фавро</a>, <a href=\"/name/22826/\" class=\"all\">Шон Уайанс</a> и&#160;<a href=\"/name/6967/\" class=\"all\">Марлон Уайанс</a>. В&#160;конце концов, Кевин пригласил на&#160;роли Аффлека и&#160;Дэймона&#8230; Бена Аффлека и&#160;Мэтта Дэймона.","type":"FACT","spoiler":false},{"value":"<a href=\"/name/10620/\" class=\"all\">Бен Аффлек</a> и&#160;<a href=\"/name/6458/\" class=\"all\">Мэтт Дэймон</a> согласились сыграть в&#160;этом фильме, потому что они чувствовали себя обязанными перед <a href=\"/name/8469/\" class=\"all\">Кевином Смитом</a>. Именно Смит принес на&#160;студию Miramax сценарий &#171;<a href=\"/film/539/\" class=\"all\">Умницы Уилла Хантинга</a>&#187; (1997), благодаря которому прославились Аффлек и&#160;Дэймон.","type":"FACT","spoiler":false},{"value":"<a href=\"/name/291/\" class=\"all\">Шеннон Элизабет</a> (Джастис) сама предложила идею того, чтобы её&#160;героиня носила очки, сказав: &#171;Правосудие слепо&#187; (слово &#171;justice&#187; переводится с&#160;английского, как &#171;правосудие&#187;).","type":"FACT","spoiler":false},{"value":"За фильм Молчаливый Боб произносит 102 слова.","type":"FACT","spoiler":false},{"value":"После того, как охранник на&#160;студии Miramax (<a href=\"/name/22597/\" class=\"all\">Дидрих Бадер</a>) поймал Джея и&#160;Молчаливого Боба, он&#160;запрашивает по&#160;рации &#171;Базу Эхо&#187;. &#171;База Эхо&#187;&#160;— кодовое название повстанческого аванпоста на&#160;Хоте в&#160;фильме &#171;<a href=\"/film/338/\" class=\"all\">Звездные войны: эпизод 5 — Империя наносит ответный удар</a>&#187; (1980).","type":"FACT","spoiler":false},{"value":"Когда Джей и&#160;Боб ходят по&#160;студии Miramax, то&#160;в&#160;одной из&#160;сцен на&#160;заднем фоне можно заметить несколько мужчин в&#160;черных костюмах и&#160;одного в&#160;полицейском костюме. Это&#160;— намёк на&#160;&#171;<a href=\"/film/394/\" class=\"all\">Бешеных псов</a>&#187; (1992).","type":"FACT","spoiler":false},{"value":"Для постеров и&#160;обложки DVD, была использована та&#160;же самая фотография Криса Рока, что и&#160;для &#171;<a href=\"/film/6437/\" class=\"all\">Догмы</a>&#187; (1999).","type":"FACT","spoiler":false},{"value":"Несколько сцен в&#160;фильме, например, сюжетная линия о&#160;Сьюзан и&#160;пародия на&#160;&#171;<a href=\"/film/3915/\" class=\"all\">Беглеца</a>&#187; (1993), были позаимствованы из&#160;графической новеллы <a href=\"/name/8469/\" class=\"all\">Кевина Смита</a> &#171;В&#160;поисках догмы&#187;. В&#160;данном комиксе речь шла о&#160;путешествии Джея и&#160;Молчаливого Боба из&#160;Нью-Джерси в&#160;Иллинойс, случившемся в&#160;промежуток между событиями в фильмах&#160;&#171;<a href=\"/film/11017/\" class=\"all\">В погоне за Эми</a>&#187; и&#160;&#171;<a href=\"/film/6437/\" class=\"all\">Догма</a>&#187;.","type":"FACT","spoiler":false},{"value":"Костюмы четырех воровок очень сильно напоминают костюмы Черной вдовы (Black Widow) и Черной кошки (Black Cat), известных персонажей комиксов компании Marvel.","type":"FACT","spoiler":false},{"value":"Название магазина Броуди по&#160;продажам комиксов, &#171;Brodie&#8217;s&#160;Secret Stash&#187;,&#160;— это слегка измененное название реально существующего магазина <a href=\"/name/8469/\" class=\"all\">Кевина Смита</a> по&#160;продажам комиксов&#160;— &#171;Jay and Silent Bob&#8217;s&#160;Secret Stash&#187;, который находится в&#160;Нью-Джерси.","type":"FACT","spoiler":false},{"value":"Несмотря на&#160;то,&#160;что Рэндал и&#160;Данте появляются практически в&#160;самом начале фильма, а&#160;потом в&#160;самой концовке, сцены с&#160;их&#160;участием снимались в&#160;самую последнюю очередь. Дело в&#160;том, что изначально <a href=\"/name/8469/\" class=\"all\">Кевин Смит</a> не&#160;планировал включать этих персонажей в&#160;фильм, но&#160;потом справедливо решил, что в&#160;фильме, который должен был завершить рассказ о&#160;вселенной View Askewniverse, должны присутствовать герои, с&#160;которых всё и&#160;началось. Пять лет спустя Кевин Смит вернется к&#160;своим любимым персонажам и&#160;снимет послесловие&#160;— &#171;<a href=\"/film/83793/\" class=\"all\">Клерки 2</a>&#187; (2006).","type":"FACT","spoiler":false},{"value":"&#171;Джей и&#160;Молчаливый Боб наносят ответный удар&#187; стал пятым фильмом в&#160;так называемой вселенной View Askewniverse. Другие картины&#160;— &#171;<a href=\"/film/543/\" class=\"all\">Клерки</a>&#187; (1994), &#171;<a href=\"/film/12136/\" class=\"all\">Тусовщики из&#160;супермаркета</a>&#187; (1995), &#171;<a href=\"/film/11017/\" class=\"all\">В&#160;погоне за&#160;Эми</a>&#187; (1996), &#171;<a href=\"/film/6437/\" class=\"all\">Догма</a>&#187; (1999), &#171;<a href=\"/film/83793/\" class=\"all\">Клерки 2</a>&#187; (2006).","type":"FACT","spoiler":false},{"value":"Для того чтобы поспособствовать коммерческому успеху картины в&#160;первый уик-энд проката, <a href=\"/name/8469/\" class=\"all\">Кевин Смит</a> организовал необычную акцию: он&#160;самолично подписывал мини-постеры фильма для всех, кто присылал билеты, на&#160;которых было указано, что фильм был просмотрен 24&#160;или 25&#160;августа 2001&#160;года.","type":"FACT","spoiler":false},{"value":"<a href=\"/name/8469/\" class=\"all\">Кевин Смит</a> хотел включить в&#160;фильм сиквел-пародию на&#160;&#171;<a href=\"/film/342/\" class=\"all\">Криминальное чтиво</a>&#187; (1994) и&#160;пригласить <a href=\"/name/7640/\" class=\"all\">Квентина Тарантино</a>, <a href=\"/name/6479/\" class=\"all\">Джона Траволту</a>, <a href=\"/name/7164/\" class=\"all\">Сэмюэля&#160; Л.&#160;Джексона</a> и&#160;<a href=\"/name/29595/\" class=\"all\">Уму Турман</a>. Траволта и&#160;Джексон должны были сыграть персонажей похожих на&#160;Джея и&#160;Молчаливого Боба, Квентин Тарантино должен был исполнить роль злого и&#160;вечно на&#160;всех орущего режиссера, а&#160;Ума Турман&#160;— помешанную на&#160;своей красоте актрису. Абсолютно все актеры согласились, но,&#160;к&#160;сожалению, сцена так и&#160;не&#160;была снята из-за временных и&#160;бюджетных ограничений.","type":"FACT","spoiler":false},{"value":"Жена <a href=\"/name/8469/\" class=\"all\">Кевина Смита</a>, <a href=\"/name/45181/\" class=\"all\">Дженнифер Швалбах Смит</a>, сыграла Мисси.","type":"FACT","spoiler":false},{"value":"В&#160;одной из&#160;сцен Джей спрашивает <a href=\"/name/290/\" class=\"all\">Джейсона Биггза</a> (сыгравшего самого себя)&#160;— перепихнулся&#160;ли он&#160;&#171;с&#160;той русской телкой&#187;. Это&#160;— намёк на&#160;Надю из&#160;&#171;<a href=\"/film/5129/\" class=\"all\">Американского пирога</a>&#187; (1999), которую сыграла <a href=\"/name/291/\" class=\"all\">Шеннон Элизабет</a> (Джастис).","type":"FACT","spoiler":false},{"value":"Карточки Джея и&#160;Пампкина Эскобара подписаны <a href=\"/name/8469/\" class=\"all\">Кевином Смитом</a> в&#160;качестве президента и&#160;<a href=\"/name/8470/\" class=\"all\">Джейсоном Мьюзом</a> в&#160;качестве секретаря &#171;Международного братства распространителей марихуаны, оптовых продавцов крэка и&#160;представителей схожих профессий Соединенных Штатов Америки и&#160;Канады&#187;.","type":"FACT","spoiler":false},{"value":"Изначально <a href=\"/name/10463/\" class=\"all\">Хизер Грэм</a> должна была сыграть Джастис, но&#160;отказалась, так как, по&#160;её&#160;словам, она не&#160;могла понять, почему её&#160;героиня влюбилась в&#160;Джея.","type":"FACT","spoiler":true},{"value":"Когда Крисси (Али Лартер) наставляет нож на&#160;Джея (<a href=\"/name/8470/\" class=\"all\">Джейсон Мьюз</a>), он&#160;говорит: &#171;Зачем тебе нож? Мы&#160;что будем резать торт или что?&#187; Данная фраза изначально была написана для сцены в&#160;поезде в&#160;&#171;<a href=\"/film/6437/\" class=\"all\">Догме</a>&#187; (1999), режиссером которой также был <a href=\"/name/8469/\" class=\"all\">Кевин Смит</a>.","type":"FACT","spoiler":true}],"genres":[{"name":"комедия"}],"countries":[{"name":"США"}],"videos":{"trailers":[{"url":"https://widgets.kinopoisk.ru/discovery/trailer/12903?onlyPlayer=1&autoplay=1&cover=1","name":"Неудачные дубли №2 (русский язык)","site":"kinopoisk_widget"},{"url":"https://widgets.kinopoisk.ru/discovery/trailer/15984?onlyPlayer=1&autoplay=1&cover=1","name":"Трейлер (дублированный)","site":"kinopoisk_widget"},{"url":"http://tr.kinopoisk.ru/719/kinopoisk.ru-Jay-Silent-Bob-Strike-Back-144408.flv","name":"Музыкальный клип","site":"unknown"},{"url":"https://widgets.kinopoisk.ru/discovery/trailer/15152?onlyPlayer=1&autoplay=1&cover=1","name":"Фильм о фильме №2 (русский язык)","site":"kinopoisk_widget"},{"url":"https://widgets.kinopoisk.ru/discovery/trailer/15144?onlyPlayer=1&autoplay=1&cover=1","name":"Фильм о фильме (русский язык)","site":"kinopoisk_widget"},{"url":"https://widgets.kinopoisk.ru/discovery/trailer/12911?onlyPlayer=1&autoplay=1&cover=1","name":"Видео со съёмок №2 (русский язык)","site":"kinopoisk_widget"},{"url":"https://widgets.kinopoisk.ru/discovery/trailer/12907?onlyPlayer=1&autoplay=1&cover=1","name":"Видео со съёмок (русский язык)","site":"kinopoisk_widget"},{"url":"https://widgets.kinopoisk.ru/discovery/trailer/12906?onlyPlayer=1&autoplay=1&cover=1","name":"Неудачные дубли (русский язык)","site":"kinopoisk_widget"},{"url":"https://widgets.kinopoisk.ru/discovery/trailer/12902?onlyPlayer=1&autoplay=1&cover=1","name":"Интервью с создателями (русский язык)","site":"kinopoisk_widget"},{"url":"https://widgets.kinopoisk.ru/discovery/trailer/8556?onlyPlayer=1&autoplay=1&cover=1","name":"Трейлер","site":"kinopoisk_widget"},{"url":"https://www.youtube.com/embed/HjDSFna_LXQ","name":"Jay and Silent Bob Strike Back (2001) Official Trailer # 1 - Kevin Smith HD","site":"youtube","type":"TRAILER"}],"teasers":[]},"seasonsInfo":[],"persons":[{"id":8470,"photo":"https://st.kp.yandex.net/images/actor_iphone/iphone360_8470.jpg","name":"Джейсон Мьюз","enName":"Jason Mewes","profession":"актеры","enProfession":"actor"},{"id":8469,"photo":"https://st.kp.yandex.net/images/actor_iphone/iphone360_8469.jpg","name":"Кевин Смит","enName":"Kevin Smith","profession":"актеры","enProfession":"actor"},{"id":291,"photo":"https://st.kp.yandex.net/images/actor_iphone/iphone360_291.jpg","name":"Шеннон Элизабет","enName":"Shannon Elizabeth","profession":"актеры","enProfession":"actor"},{"id":21324,"photo":"https://st.kp.yandex.net/images/actor_iphone/iphone360_21324.jpg","name":"Уилл Феррелл","enName":"Will Ferrell","profession":"актеры","enProfession":"actor"},{"id":5,"photo":"https://st.kp.yandex.net/images/actor_iphone/iphone360_5.jpg","name":"Элиза Душку","enName":"Eliza Dushku","profession":"актеры","enProfession":"actor"},{"id":10620,"photo":"https://st.kp.yandex.net/images/actor_iphone/iphone360_10620.jpg","name":"Бен Аффлек","enName":"Ben Affleck","profession":"актеры","enProfession":"actor"},{"id":7224,"photo":"https://st.kp.yandex.net/images/actor_iphone/iphone360_7224.jpg","name":"Джейсон Ли","enName":"Jason Lee","profession":"актеры","enProfession":"actor"},{"id":375,"photo":"https://st.kp.yandex.net/images/actor_iphone/iphone360_375.jpg","name":"Эли Лартер","enName":"Ali Larter","profession":"актеры","enProfession":"actor"},{"id":45181,"photo":"https://st.kp.yandex.net/images/actor_iphone/iphone360_45181.jpg","name":"Дженнифер Швалбах Смит","enName":"Jennifer Schwalbach Smith","profession":"актеры","enProfession":"actor"},{"id":1793,"photo":"https://st.kp.yandex.net/images/actor_iphone/iphone360_1793.jpg","name":"Крис Рок","enName":"Chris Rock","profession":"актеры","enProfession":"actor"},{"id":45174,"photo":"https://st.kp.yandex.net/images/actor_iphone/iphone360_45174.jpg","name":"Джефф Андерсон","enName":"Jeff Anderson","profession":"актеры","enProfession":"actor"},{"id":15646,"photo":"https://st.kp.yandex.net/images/actor_iphone/iphone360_15646.jpg","name":"Брайан О’Хэллоран","enName":"Brian O'Halloran","profession":"актеры","enProfession":"actor"},{"id":51332,"photo":"https://st.kp.yandex.net/images/actor_iphone/iphone360_51332.jpg","name":"Джадд Нельсон","enName":"Judd Nelson","profession":"актеры","enProfession":"actor"},{"id":30943,"photo":"https://st.kp.yandex.net/images/actor_iphone/iphone360_30943.jpg","name":"Джордж Карлин","enName":"George Carlin","profession":"актеры","enProfession":"actor"},{"id":8459,"photo":"https://st.kp.yandex.net/images/actor_iphone/iphone360_8459.jpg","name":"Кэрри Фишер","enName":"Carrie Fisher","profession":"актеры","enProfession":"actor"},{"id":297,"photo":"https://st.kp.yandex.net/images/actor_iphone/iphone360_297.jpg","name":"Шонн Уильям Скотт","enName":"Seann William Scott","profession":"актеры","enProfession":"actor"},{"id":10484,"photo":"https://st.kp.yandex.net/images/actor_iphone/iphone360_10484.jpg","name":"Джон Стюарт","enName":"Jon Stewart","profession":"актеры","enProfession":"actor"},{"id":51333,"photo":"https://st.kp.yandex.net/images/actor_iphone/iphone360_51333.jpg","name":"Джулс Эснер","enName":"Jules Asner","profession":"актеры","enProfession":"actor"},{"id":22750,"photo":"https://st.kp.yandex.net/images/actor_iphone/iphone360_22750.jpg","name":"Стив Кметко","enName":"Steve Kmetko","profession":"актеры","enProfession":"actor"},{"id":1631,"photo":"https://st.kp.yandex.net/images/actor_iphone/iphone360_1631.jpg","name":"Трэйси Морган","enName":"Tracy Morgan","profession":"актеры","enProfession":"actor"},{"id":7778,"photo":"https://st.kp.yandex.net/images/actor_iphone/iphone360_7778.jpg","name":"Гас Ван Сент","enName":"Gus Van Sant","profession":"актеры","enProfession":"actor"},{"id":1576,"photo":"https://st.kp.yandex.net/images/actor_iphone/iphone360_1576.jpg","name":"Джейми Кеннеди","enName":"Jamie Kennedy","profession":"актеры","enProfession":"actor"},{"id":8442,"photo":"https://st.kp.yandex.net/images/actor_iphone/iphone360_8442.jpg","name":"Уэс Крэйвен","enName":"Wes Craven","profession":"актеры","enProfession":"actor"},{"id":51334,"photo":"https://st.kp.yandex.net/images/actor_iphone/iphone360_51334.jpg","name":"Шэннен Доэрти","enName":"Shannen Doherty","profession":"актеры","enProfession":"actor"},{"id":23716,"photo":"https://st.kp.yandex.net/images/actor_iphone/iphone360_23716.jpg","name":"Марк Хэмилл","enName":"Mark Hamill","profession":"актеры","enProfession":"actor"},{"id":51335,"photo":"https://st.kp.yandex.net/images/actor_iphone/iphone360_51335.jpg","name":"Эми Ноубл","enName":"Amy Noble","profession":"актеры","enProfession":"actor"},{"id":51336,"photo":"https://st.kp.yandex.net/images/actor_iphone/iphone360_51336.jpg","name":"Харли Куинн Смит","enName":"Harley Quinn Smith","profession":"актеры","enProfession":"actor"},{"id":2791,"photo":"https://st.kp.yandex.net/images/actor_iphone/iphone360_2791.jpg","name":"Эвер Кэрредин","enName":"Ever Carradine","profession":"актеры","enProfession":"actor"},{"id":51337,"photo":"https://st.kp.yandex.net/images/actor_iphone/iphone360_51337.jpg","name":"Брайан Эндрю Сейбл","enName":"Brian Andrew Saible","profession":"актеры","enProfession":"actor"},{"id":51338,"photo":"https://st.kp.yandex.net/images/actor_iphone/iphone360_51338.jpg","name":"Гэвин Брукс","enName":"Gavin Brooks","profession":"актеры","enProfession":"actor"},{"id":51339,"photo":"https://st.kp.yandex.net/images/actor_iphone/iphone360_51339.jpg","name":"Джон Уиллюнг","enName":"John Willyung","profession":"актеры","enProfession":"actor"},{"id":42086,"photo":"https://st.kp.yandex.net/images/actor_iphone/iphone360_42086.jpg","name":"Джэйк Ричардсон","enName":"Jake Richardson","profession":"актеры","enProfession":"actor"},{"id":51340,"photo":"https://st.kp.yandex.net/images/actor_iphone/iphone360_51340.jpg","name":"Ник Феллинджер","enName":"Nick Fellinger","profession":"актеры","enProfession":"actor"},{"id":51341,"photo":"https://st.kp.yandex.net/images/actor_iphone/iphone360_51341.jpg","name":"Винсент Перейра","enName":"Vincent Pereira","profession":"актеры","enProfession":"actor"},{"id":51342,"photo":"https://st.kp.yandex.net/images/actor_iphone/iphone360_51342.jpg","name":"Эрнест О’Доннелл","enName":"Ernest O'Donnell","profession":"актеры","enProfession":"actor"},{"id":1742510,"photo":"https://st.kp.yandex.net/images/actor_iphone/iphone360_1742510.jpg","name":"Танго","enName":"Tango","profession":"актеры","enProfession":"actor"},{"id":34226,"photo":"https://st.kp.yandex.net/images/actor_iphone/iphone360_34226.jpg","name":"Марк Блукас","enName":"Marc Blucas","profession":"актеры","enProfession":"actor"},{"id":51343,"photo":"https://st.kp.yandex.net/images/actor_iphone/iphone360_51343.jpg","name":"Мэттью Джеймс","enName":"Matthew James","profession":"актеры","enProfession":"actor"},{"id":51344,"photo":"https://st.kp.yandex.net/images/actor_iphone/iphone360_51344.jpg","name":"Джейн Сильвия","enName":"Jane Silvia","profession":"актеры","enProfession":"actor"},{"id":22856,"photo":"https://st.kp.yandex.net/images/actor_iphone/iphone360_22856.jpg","name":"Кармен Ллайвелин","enName":"Carmen Llywelyn","profession":"актеры","enProfession":"actor"},{"id":51345,"photo":"https://st.kp.yandex.net/images/actor_iphone/iphone360_51345.jpg","name":"Дэн Этеридж","enName":"Dan Etheridge","profession":"актеры","enProfession":"actor"},{"id":22626,"photo":"https://st.kp.yandex.net/images/actor_iphone/iphone360_22626.jpg","name":"Эрик Уинзенрид","enName":"Eric Winzenried","profession":"актеры","enProfession":"actor"},{"id":58201,"photo":"https://st.kp.yandex.net/images/actor_iphone/iphone360_58201.jpg","name":"Джон Гордон","enName":"Jonathan Gordon","profession":"актеры","enProfession":"actor"},{"id":51346,"photo":"https://st.kp.yandex.net/images/actor_iphone/iphone360_51346.jpg","name":"Джон Мэйнард","enName":"John Maynard","profession":"актеры","enProfession":"actor"},{"id":51347,"photo":"https://st.kp.yandex.net/images/actor_iphone/iphone360_51347.jpg","name":"Роберт Холцман","enName":"Robert Holtzman","profession":"актеры","enProfession":"actor"},{"id":12851,"photo":"https://st.kp.yandex.net/images/actor_iphone/iphone360_12851.jpg","name":"Том Дорфмайстер","enName":"Tom Dorfmeister","profession":"актеры","enProfession":"actor"},{"id":51348,"photo":"https://st.kp.yandex.net/images/actor_iphone/iphone360_51348.jpg","name":"Джо Кесада","enName":"Joe Quesada","profession":"актеры","enProfession":"actor"},{"id":22597,"photo":"https://st.kp.yandex.net/images/actor_iphone/iphone360_22597.jpg","name":"Дидрих Бадер","enName":"Diedrich Bader","profession":"актеры","enProfession":"actor"},{"id":15672,"photo":"https://st.kp.yandex.net/images/actor_iphone/iphone360_15672.jpg","name":"Скотт Мосье","enName":"Scott Mosier","profession":"актеры","enProfession":"actor"},{"id":51351,"photo":"https://st.kp.yandex.net/images/actor_iphone/iphone360_51351.jpg","name":"Джеймс Дж. МакЛохлин","enName":"James J. McLauchlin","profession":"актеры","enProfession":"actor"},{"id":343,"photo":"https://st.kp.yandex.net/images/actor_iphone/iphone360_343.jpg","name":"Джозеф Д. Рейтман","enName":"Joseph D. Reitman","profession":"актеры","enProfession":"actor"},{"id":51353,"photo":"https://st.kp.yandex.net/images/actor_iphone/iphone360_51353.jpg","name":"Пол Дини","enName":"Paul Dini","profession":"актеры","enProfession":"actor"},{"id":8280,"photo":"https://st.kp.yandex.net/images/actor_iphone/iphone360_8280.jpg","name":"Квентин Райт","enName":"Quentin Wright","profession":"актеры","enProfession":"actor"},{"id":51354,"photo":"https://st.kp.yandex.net/images/actor_iphone/iphone360_51354.jpg","name":"Грегори Оуэн","enName":"Gregory Owen","profession":"актеры","enProfession":"actor"},{"id":51355,"photo":"https://st.kp.yandex.net/images/actor_iphone/iphone360_51355.jpg","name":"Ральф Б. Мейер","enName":"Ralph B. Meyer","profession":"актеры","enProfession":"actor"},{"id":15645,"photo":"https://st.kp.yandex.net/images/actor_iphone/iphone360_15645.jpg","name":"Брайан Джонсон","enName":"Bryan Johnson","profession":"актеры","enProfession":"actor"},{"id":15671,"photo":"https://st.kp.yandex.net/images/actor_iphone/iphone360_15671.jpg","name":"Уолтер Флэнаган","enName":"Walter Flanagan","profession":"актеры","enProfession":"actor"},{"id":4989,"photo":"https://st.kp.yandex.net/images/actor_iphone/iphone360_4989.jpg","name":"Рене Хамфри","enName":"Renée Humphrey","profession":"актеры","enProfession":"actor"},{"id":13480,"photo":"https://st.kp.yandex.net/images/actor_iphone/iphone360_13480.jpg","name":"Джои Лорен Эдамс","enName":"Joey Lauren Adams","profession":"актеры","enProfession":"actor"},{"id":17311,"photo":"https://st.kp.yandex.net/images/actor_iphone/iphone360_17311.jpg","name":"Дуайт Юэлл","enName":"Dwight Ewell","profession":"актеры","enProfession":"actor"},{"id":51356,"photo":"https://st.kp.yandex.net/images/actor_iphone/iphone360_51356.jpg","name":"Аланис Мориссетт","enName":"Alanis Morissette","profession":"актеры","enProfession":"actor"},{"id":51357,"photo":"https://st.kp.yandex.net/images/actor_iphone/iphone360_51357.jpg","name":"Моррис Дэй","enName":"Morris Day","profession":"актеры","enProfession":"actor"},{"id":132443,"photo":"https://st.kp.yandex.net/images/actor_iphone/iphone360_132443.jpg","name":"Джером Бентон","enName":"Jerome Benton","profession":"актеры","enProfession":"actor"},{"id":132450,"photo":"https://st.kp.yandex.net/images/actor_iphone/iphone360_132450.jpg","name":"Гарри Джонсон","enName":"Garry Johnson","profession":"актеры","enProfession":"actor"},{"id":132454,"photo":"https://st.kp.yandex.net/images/actor_iphone/iphone360_132454.jpg","name":"Монте Мойр","enName":"Monte Moir","profession":"актеры","enProfession":"actor"},{"id":1742511,"photo":"https://st.kp.yandex.net/images/actor_iphone/iphone360_1742511.jpg","name":"Торрелл Руффин","enName":"Torrell Ruffin","profession":"актеры","enProfession":"actor"},{"id":1742512,"photo":"https://st.kp.yandex.net/images/actor_iphone/iphone360_1742512.jpg","name":"Рики Смит","enName":"Ricky Smith","profession":"актеры","enProfession":"actor"},{"id":21382,"photo":"https://st.kp.yandex.net/images/actor_iphone/iphone360_21382.jpg","name":"Джеймс Ван Дер Бик","enName":"James Van Der Beek","profession":"актеры","enProfession":"actor"},{"id":5008275,"photo":"https://st.kp.yandex.net/images/actor_iphone/iphone360_5008275.jpg","name":"Алекс Алифиренко мл.","enName":"Aleks Alifirenko Jr.","profession":"актеры","enProfession":"actor"},{"id":290,"photo":"https://st.kp.yandex.net/images/actor_iphone/iphone360_290.jpg","name":"Джейсон Биггз","enName":"Jason Biggs","profession":"актеры","enProfession":"actor"},{"id":1895070,"photo":"https://st.kp.yandex.net/images/actor_iphone/iphone360_1895070.jpg","name":"Грег Бронсон","enName":"Greg Bronson","profession":"актеры","enProfession":"actor"},{"id":51358,"photo":"https://st.kp.yandex.net/images/actor_iphone/iphone360_51358.jpg","name":"Томас Бурк","enName":"Thomas Burke","profession":"актеры","enProfession":"actor"},{"id":6458,"photo":"https://st.kp.yandex.net/images/actor_iphone/iphone360_6458.jpg","name":"Мэтт Дэймон","enName":"Matt Damon","profession":"актеры","enProfession":"actor"},{"id":3761,"photo":"https://st.kp.yandex.net/images/actor_iphone/iphone360_3761.jpg","name":"Уильям Б. Дэвис","enName":"William B. Davis","profession":"актеры","enProfession":"actor"},{"id":553725,"photo":"https://st.kp.yandex.net/images/actor_iphone/iphone360_553725.jpg","name":"Элис Диннеан","enName":"Alice Dinnean","profession":"актеры","enProfession":"actor"},{"id":567778,"photo":"https://st.kp.yandex.net/images/actor_iphone/iphone360_567778.jpg","name":"Сьюзэн Энджел","enName":"Susan Engel","profession":"актеры","enProfession":"actor"},{"id":46523,"photo":"https://st.kp.yandex.net/images/actor_iphone/iphone360_46523.jpg","name":"Стефани Логан","enName":"Stephanie Logan","profession":"актеры","enProfession":"actor"},{"id":51359,"photo":"https://st.kp.yandex.net/images/actor_iphone/iphone360_51359.jpg","name":"Касс Франклин","enName":"Cass Franklin","profession":"актеры","enProfession":"actor"},{"id":4790543,"photo":"https://st.kp.yandex.net/images/actor_iphone/iphone360_4790543.jpg","name":null,"enName":"Aytl Jensen","profession":"актеры","enProfession":"actor"},{"id":30363,"photo":"https://st.kp.yandex.net/images/actor_iphone/iphone360_30363.jpg","name":"Марк Стивен Джонсон","enName":"Mark Steven Johnson","profession":"актеры","enProfession":"actor"},{"id":552784,"photo":"https://st.kp.yandex.net/images/actor_iphone/iphone360_552784.jpg","name":"Деметра Каракостас","enName":"Demetra Karakostas","profession":"актеры","enProfession":"actor"},{"id":51360,"photo":"https://st.kp.yandex.net/images/actor_iphone/iphone360_51360.jpg","name":"Зак Натсон","enName":"Zak Knutson","profession":"актеры","enProfession":"actor"},{"id":43388,"photo":"https://st.kp.yandex.net/images/actor_iphone/iphone360_43388.jpg","name":"Кори Скотт Левин","enName":"Corey Scott Levin","profession":"актеры","enProfession":"actor"},{"id":30939,"photo":"https://st.kp.yandex.net/images/actor_iphone/iphone360_30939.jpg","name":"Брайан Линч","enName":"Brian Lynch","profession":"актеры","enProfession":"actor"},{"id":34453,"photo":"https://st.kp.yandex.net/images/actor_iphone/iphone360_34453.jpg","name":"Дэвид Мэндел","enName":"David Mandel","profession":"актеры","enProfession":"actor"},{"id":51361,"photo":"https://st.kp.yandex.net/images/actor_iphone/iphone360_51361.jpg","name":"Крис МакДевитт","enName":"Chris McDevitt","profession":"актеры","enProfession":"actor"},{"id":587697,"photo":"https://st.kp.yandex.net/images/actor_iphone/iphone360_587697.jpg","name":"Брэндон Дж. Мухаммад","enName":"Brandon J. Muhammad","profession":"актеры","enProfession":"actor"},{"id":40188,"photo":"https://st.kp.yandex.net/images/actor_iphone/iphone360_40188.jpg","name":"Арт Огтон","enName":"Art Oughton","profession":"актеры","enProfession":"actor"},{"id":257268,"photo":"https://st.kp.yandex.net/images/actor_iphone/iphone360_257268.jpg","name":"Джон Папп","enName":"John Papp","profession":"актеры","enProfession":"actor"},{"id":51362,"photo":"https://st.kp.yandex.net/images/actor_iphone/iphone360_51362.jpg","name":"Дерек Рэйзер","enName":"Derek Raser","profession":"актеры","enProfession":"actor"},{"id":2431775,"photo":"https://st.kp.yandex.net/images/actor_iphone/iphone360_2431775.jpg","name":"Боб Шрек","enName":"Bob Schreck","profession":"актеры","enProfession":"actor"},{"id":51363,"photo":"https://st.kp.yandex.net/images/actor_iphone/iphone360_51363.jpg","name":"Скотт Шенер","enName":"Scott Sener","profession":"актеры","enProfession":"actor"},{"id":50240,"photo":"https://st.kp.yandex.net/images/actor_iphone/iphone360_50240.jpg","name":"Расти Шеридан","enName":"Rusty Sheridan","profession":"актеры","enProfession":"actor"},{"id":1198574,"photo":"https://st.kp.yandex.net/images/actor_iphone/iphone360_1198574.jpg","name":"Джон Стрэнд","enName":"John Strand","profession":"актеры","enProfession":"actor"},{"id":234604,"photo":"https://st.kp.yandex.net/images/actor_iphone/iphone360_234604.jpg","name":"Николь Вандерхофф","enName":"Nicole Vanderhoff","profession":"актеры","enProfession":"actor"},{"id":51352,"photo":"https://st.kp.yandex.net/images/actor_iphone/iphone360_51352.jpg","name":"Скотт Уильям Уинтерс","enName":"Scott William Winters","profession":"актеры","enProfession":"actor"},{"id":611120,"photo":"https://st.kp.yandex.net/images/actor_iphone/iphone360_611120.jpg","name":"Джеймс Л. Винейбл","enName":"James L. Venable","profession":"композиторы","enProfession":"composer"},{"id":4567021,"photo":"https://st.kp.yandex.net/images/actor_iphone/iphone360_4567021.jpg","name":null,"enName":"Rob Lowe Gonzales-Gomez","profession":"художники","enProfession":"designer"},{"id":51347,"photo":"https://st.kp.yandex.net/images/actor_iphone/iphone360_51347.jpg","name":"Роберт Холцман","enName":"Robert Holtzman","profession":"художники","enProfession":"designer"},{"id":2010186,"photo":"https://st.kp.yandex.net/images/actor_iphone/iphone360_2010186.jpg","name":"Элиз Дж. Виола","enName":"Elise G. Viola","profession":"художники","enProfession":"designer"},{"id":85140,"photo":"https://st.kp.yandex.net/images/actor_iphone/iphone360_85140.jpg","name":"Айзис Массенден","enName":"Isis Mussenden","profession":"художники","enProfession":"designer"},{"id":1989153,"photo":"https://st.kp.yandex.net/images/actor_iphone/iphone360_1989153.jpg","name":"Дуглас А. Моуат","enName":"Douglas A. Mowat","profession":"художники","enProfession":"designer"},{"id":8469,"photo":"https://st.kp.yandex.net/images/actor_iphone/iphone360_8469.jpg","name":"Кевин Смит","enName":"Kevin Smith","profession":"режиссеры","enProfession":"director"},{"id":15672,"photo":"https://st.kp.yandex.net/images/actor_iphone/iphone360_15672.jpg","name":"Скотт Мосье","enName":"Scott Mosier","profession":"монтажеры","enProfession":"editor"},{"id":8469,"photo":"https://st.kp.yandex.net/images/actor_iphone/iphone360_8469.jpg","name":"Кевин Смит","enName":"Kevin Smith","profession":"монтажеры","enProfession":"editor"},{"id":331029,"photo":"https://st.kp.yandex.net/images/actor_iphone/iphone360_331029.jpg","name":"Джейми Андерсон","enName":"Jamie Anderson","profession":"операторы","enProfession":"operator"},{"id":15672,"photo":"https://st.kp.yandex.net/images/actor_iphone/iphone360_15672.jpg","name":"Скотт Мосье","enName":"Scott Mosier","profession":"продюсеры","enProfession":"producer"},{"id":58201,"photo":"https://st.kp.yandex.net/images/actor_iphone/iphone360_58201.jpg","name":"Джон Гордон","enName":"Jonathan Gordon","profession":"продюсеры","enProfession":"producer"},{"id":49728,"photo":"https://st.kp.yandex.net/images/actor_iphone/iphone360_49728.jpg","name":"Лаура Гринли","enName":"Laura Greenlee","profession":"продюсеры","enProfession":"producer"},{"id":2434,"photo":"https://st.kp.yandex.net/images/actor_iphone/iphone360_2434.jpg","name":"Боб Вайнштейн","enName":"Bob Weinstein","profession":"продюсеры","enProfession":"producer"},{"id":1002297,"photo":"https://st.kp.yandex.net/images/actor_iphone/iphone360_1002297.jpg","name":"Александр Морозов","enName":null,"profession":"актеры дубляжа","enProfession":"voice_actor"},{"id":1665200,"photo":"https://st.kp.yandex.net/images/actor_iphone/iphone360_1665200.jpg","name":"Александр Котов","enName":null,"profession":"актеры дубляжа","enProfession":"voice_actor"},{"id":1642594,"photo":"https://st.kp.yandex.net/images/actor_iphone/iphone360_1642594.jpg","name":"Жанна Никонова","enName":null,"profession":"актеры дубляжа","enProfession":"voice_actor"},{"id":310535,"photo":"https://st.kp.yandex.net/images/actor_iphone/iphone360_310535.jpg","name":"Олег Куценко","enName":null,"profession":"актеры дубляжа","enProfession":"voice_actor"},{"id":464137,"photo":"https://st.kp.yandex.net/images/actor_iphone/iphone360_464137.jpg","name":"Мария Овчинникова","enName":null,"profession":"актеры дубляжа","enProfession":"voice_actor"},{"id":261729,"photo":"https://st.kp.yandex.net/images/actor_iphone/iphone360_261729.jpg","name":"Владимир Антоник","enName":null,"profession":"актеры дубляжа","enProfession":"voice_actor"},{"id":1040432,"photo":"https://st.kp.yandex.net/images/actor_iphone/iphone360_1040432.jpg","name":"Денис Беспалый","enName":null,"profession":"актеры дубляжа","enProfession":"voice_actor"},{"id":1649885,"photo":"https://st.kp.yandex.net/images/actor_iphone/iphone360_1649885.jpg","name":"Лариса Некипелова","enName":null,"profession":"актеры дубляжа","enProfession":"voice_actor"},{"id":304568,"photo":"https://st.kp.yandex.net/images/actor_iphone/iphone360_304568.jpg","name":"Нина Тобилевич","enName":null,"profession":"актеры дубляжа","enProfession":"voice_actor"},{"id":290228,"photo":"https://st.kp.yandex.net/images/actor_iphone/iphone360_290228.jpg","name":"Вячеслав Баранов","enName":null,"profession":"актеры дубляжа","enProfession":"voice_actor"},{"id":287613,"photo":"https://st.kp.yandex.net/images/actor_iphone/iphone360_287613.jpg","name":"Сергей Чекан","enName":null,"profession":"актеры дубляжа","enProfession":"voice_actor"},{"id":245767,"photo":"https://st.kp.yandex.net/images/actor_iphone/iphone360_245767.jpg","name":"Всеволод Абдулов","enName":null,"profession":"актеры дубляжа","enProfession":"voice_actor"},{"id":1622833,"photo":"https://st.kp.yandex.net/images/actor_iphone/iphone360_1622833.jpg","name":"Павел Сметанкин","enName":null,"profession":"актеры дубляжа","enProfession":"voice_actor"},{"id":1144153,"photo":"https://st.kp.yandex.net/images/actor_iphone/iphone360_1144153.jpg","name":"Ольга Плетнёва","enName":null,"profession":"актеры дубляжа","enProfession":"voice_actor"},{"id":1079073,"photo":"https://st.kp.yandex.net/images/actor_iphone/iphone360_1079073.jpg","name":"Андрей Бархударов","enName":null,"profession":"актеры дубляжа","enProfession":"voice_actor"},{"id":273180,"photo":"https://st.kp.yandex.net/images/actor_iphone/iphone360_273180.jpg","name":"Никита Прозоровский","enName":null,"profession":"актеры дубляжа","enProfession":"voice_actor"},{"id":1655599,"photo":"https://st.kp.yandex.net/images/actor_iphone/iphone360_1655599.jpg","name":"Юрий Брежнев","enName":null,"profession":"актеры дубляжа","enProfession":"voice_actor"},{"id":1672422,"photo":"https://st.kp.yandex.net/images/actor_iphone/iphone360_1672422.jpg","name":"Татьяна Весёлкина","enName":null,"profession":"актеры дубляжа","enProfession":"voice_actor"},{"id":1653673,"photo":"https://st.kp.yandex.net/images/actor_iphone/iphone360_1653673.jpg","name":"Марина Бакина","enName":null,"profession":"актеры дубляжа","enProfession":"voice_actor"},{"id":1159781,"photo":"https://st.kp.yandex.net/images/actor_iphone/iphone360_1159781.jpg","name":"Борис Репетур","enName":null,"profession":"актеры дубляжа","enProfession":"voice_actor"},{"id":1078858,"photo":"https://st.kp.yandex.net/images/actor_iphone/iphone360_1078858.jpg","name":"Василий Дахненко","enName":null,"profession":"актеры дубляжа","enProfession":"voice_actor"},{"id":290494,"photo":"https://st.kp.yandex.net/images/actor_iphone/iphone360_290494.jpg","name":"Леонид Белозорович","enName":null,"profession":"актеры дубляжа","enProfession":"voice_actor"},{"id":290512,"photo":"https://st.kp.yandex.net/images/actor_iphone/iphone360_290512.jpg","name":"Ольга Сирина","enName":null,"profession":"актеры дубляжа","enProfession":"voice_actor"},{"id":8469,"photo":"https://st.kp.yandex.net/images/actor_iphone/iphone360_8469.jpg","name":"Кевин Смит","enName":"Kevin Smith","profession":"редакторы","enProfession":"writer"}],"typeNumber":1,"alternativeName":"Jay and Silent Bob Strike Back","enName":null,"names":[{"name":"Джей и Молчаливый Боб наносят ответный удар"},{"name":"Jay and Silent Bob Strike Back"}],"ageRating":16,"ratingMpaa":"r","shortDescription":"Друзья узнают, что стали героями комиксов, не получив за это ни цента. Пародийная комедия о безумной парочке","sequelsAndPrequels":[{"id":543,"name":"Клерки","enName":null,"alternativeName":"Clerks","type":"movie","poster":{"url":"https://avatars.mds.yandex.net/get-kinopoisk-image/1777765/cb253cb5-addb-42e9-b311-0294944e7dd4/orig","previewUrl":"https://avatars.mds.yandex.net/get-kinopoisk-image/1777765/cb253cb5-addb-42e9-b311-0294944e7dd4/x1000"}},{"id":12136,"name":"Тусовщики из супермаркета","enName":null,"alternativeName":"Mallrats","type":"movie","poster":{"url":"https://avatars.mds.yandex.net/get-kinopoisk-image/1704946/d54150ad-4cfd-4ed4-9b33-7dbe82c691f7/orig","previewUrl":"https://avatars.mds.yandex.net/get-kinopoisk-image/1704946/d54150ad-4cfd-4ed4-9b33-7dbe82c691f7/x1000"}},{"id":11017,"name":"В погоне за Эми","enName":null,"alternativeName":"Chasing Amy","type":"movie","poster":{"url":"https://avatars.mds.yandex.net/get-kinopoisk-image/1600647/ca844cf4-fa59-44ff-af11-95b21aff4f0e/orig","previewUrl":"https://avatars.mds.yandex.net/get-kinopoisk-image/1600647/ca844cf4-fa59-44ff-af11-95b21aff4f0e/x1000"}},{"id":6437,"name":"Догма","enName":null,"alternativeName":"Dogma","type":"movie","poster":{"url":"https://avatars.mds.yandex.net/get-kinopoisk-image/1704946/281196ba-e303-4174-9b10-8f0062e8e6ff/orig","previewUrl":"https://avatars.mds.yandex.net/get-kinopoisk-image/1704946/281196ba-e303-4174-9b10-8f0062e8e6ff/x1000"}},{"id":229324,"name":"Клерки","enName":null,"alternativeName":"Clerks","type":"animated-series","poster":{"url":"https://avatars.mds.yandex.net/get-kinopoisk-image/1629390/53132821-618d-4e14-96da-63e07c3b3e07/orig","previewUrl":"https://avatars.mds.yandex.net/get-kinopoisk-image/1629390/53132821-618d-4e14-96da-63e07c3b3e07/x1000"}},{"id":258472,"name":"Клерки: Потерянная сцена","enName":null,"alternativeName":"Clerks: The Lost Scene","type":"cartoon","poster":{"url":"https://avatars.mds.yandex.net/get-kinopoisk-image/1898899/83ce636c-8d9a-4f87-9043-9451af2c7527/orig","previewUrl":"https://avatars.mds.yandex.net/get-kinopoisk-image/1898899/83ce636c-8d9a-4f87-9043-9451af2c7527/x1000"}},{"id":83793,"name":"Клерки 2","enName":null,"alternativeName":"Clerks II","type":"movie","poster":{"url":"https://avatars.mds.yandex.net/get-kinopoisk-image/4303601/4a75d152-2e37-4042-9869-7787f1cce918/orig","previewUrl":"https://avatars.mds.yandex.net/get-kinopoisk-image/4303601/4a75d152-2e37-4042-9869-7787f1cce918/x1000"}},{"id":1036153,"name":"Джей и Молчаливый Боб: Перезагрузка","enName":null,"alternativeName":"Jay and Silent Bob Reboot","type":"movie","poster":{"url":"https://avatars.mds.yandex.net/get-kinopoisk-image/1704946/79d29de5-be61-4f15-b2aa-efd23ae67162/orig","previewUrl":"https://avatars.mds.yandex.net/get-kinopoisk-image/1704946/79d29de5-be61-4f15-b2aa-efd23ae67162/x1000"}}],"similarMovies":[{"id":4807,"name":"Не грози южному централу, попивая сок у себя в квартале","enName":null,"alternativeName":"Don't Be a Menace to South Central While Drinking Your Juice in the Hood","type":"movie","poster":{"url":"https://avatars.mds.yandex.net/get-kinopoisk-image/1599028/d46e60ba-b648-422c-a582-fabbbd90f8dc/orig","previewUrl":"https://avatars.mds.yandex.net/get-kinopoisk-image/1599028/d46e60ba-b648-422c-a582-fabbbd90f8dc/x1000"}},{"id":5185,"name":"Тупой и еще тупее","enName":null,"alternativeName":"Dumb and Dumber","type":"movie","poster":{"url":"https://avatars.mds.yandex.net/get-kinopoisk-image/4303601/8e3f7c70-24ca-4e41-9ce4-ac21a3ad8b2d/orig","previewUrl":"https://avatars.mds.yandex.net/get-kinopoisk-image/4303601/8e3f7c70-24ca-4e41-9ce4-ac21a3ad8b2d/x1000"}},{"id":5414,"name":"Где моя тачка, чувак?","enName":null,"alternativeName":"Dude, Where's My Car?","type":"movie","poster":{"url":"https://avatars.mds.yandex.net/get-kinopoisk-image/4774061/ee0fdc7f-f81c-4106-8464-96b9efbaf9c7/orig","previewUrl":"https://avatars.mds.yandex.net/get-kinopoisk-image/4774061/ee0fdc7f-f81c-4106-8464-96b9efbaf9c7/x1000"}},{"id":405602,"name":"Зак и Мири снимают порно","enName":null,"alternativeName":"Zack and Miri Make a Porno","type":"movie","poster":{"url":"https://avatars.mds.yandex.net/get-kinopoisk-image/1599028/bc5b930a-1b38-440e-a331-7e903cfa1daa/orig","previewUrl":"https://avatars.mds.yandex.net/get-kinopoisk-image/1599028/bc5b930a-1b38-440e-a331-7e903cfa1daa/x1000"}},{"id":432725,"name":"Муви 43","enName":null,"alternativeName":"Movie 43","type":"movie","poster":{"url":"https://avatars.mds.yandex.net/get-kinopoisk-image/1900788/edb2955b-5e00-4e55-b9bf-2fff00090f7f/orig","previewUrl":"https://avatars.mds.yandex.net/get-kinopoisk-image/1900788/edb2955b-5e00-4e55-b9bf-2fff00090f7f/x1000"}}],"imagesInfo":{"framesCount":21},"logo":{"url":"https://avatars.mds.yandex.net/get-ott/223007/2a000001732993dd011d58d8c4c3387b248a/orig"},"watchability":{"items":null},"top10":null,"top250":null}