{"fees":{"world":{"value":59945183,"currency":"$"},"usa":{"value":37047880,"currency":"$"}},"status":null,"externalId":{"kpHD":null,"imdb":"tt0171433","tmdb":4967},"rating":{"kp":6.962,"imdb":6.4,"filmCritics":6.2,"russianFilmCritics":0,"await":0},"votes":{"kp":7715,"imdb":52468,"filmCritics":117,"russianFilmCritics":1,"await":0},"backdrop":{"url":null,"previewUrl":null},"movieLength":128,"productionCompanies":[{"name":"Spyglass Entertainment","url":"https://www.themoviedb.org/t/p/original/6SHlNIype9zmyEMRsBtoueUtLsq.png","previewUrl":"https://www.themoviedb.org/t/p/w500/6SHlNIype9zmyEMRsBtoueUtLsq.png"},{"name":"Touchstone Pictures","url":"https://www.themoviedb.org/t/p/original/ou5BUbtulr6tIt699q6xJiEQTR9.png","previewUrl":"https://www.themoviedb.org/t/p/w500/ou5BUbtulr6tIt699q6xJiEQTR9.png"},{"name":"Triple Threat Talent","url":null,"previewUrl":null}],"id":725,"type":"movie","name":"Сохраняя веру","description":"Брайан, Джейкоб и Анна дружили с детства. Брайан стал католическим священником, Джейкоб - раввином, а Анна - деловой женщиной. Джейкобу как раввину необходимо жениться на еврейке. Когда он через несколько лет встретился с Анной, вспыхнула любовь. Брайан тем временем тоже влюбился в Анну. Но Брайан и Джейк служат Богу, и у обоих нет никакой надежды: вероисповедание не позволяет ни одному из них быть вместе с прекрасной Анной. Однако какой бы крепкой ни была вера, ей очень трудно устоять перед искушением...","premiere":{"country":"США","world":"2000-04-14T00:00:00.000Z","dvd":"2013-07-15T00:00:00.000Z"},"slogan":"If you have to believe in something, you might as well believe in love.","year":2000,"budget":{"value":29000000,"currency":"$"},"poster":{"url":"https://st.kp.yandex.net/images/film_big/725.jpg","previewUrl":"https://st.kp.yandex.net/images/film_iphone/iphone360_725.jpg"},"facts":[],"genres":[{"name":"драма"},{"name":"мелодрама"},{"name":"комедия"}],"countries":[{"name":"США"}],"videos":{"trailers":[{"url":"https://www.youtube.com/v/qOxcmwnGjAQ","name":"Трейлер","site":"youtube"},{"url":"https://www.youtube.com/embed/wORkOt7MOHM","name":"Keeping the faith 2000 Trailer.flv","site":"youtube","type":"TRAILER"}],"teasers":[]},"seasonsInfo":[],"persons":[{"id":9208,"photo":"https://st.kp.yandex.net/images/actor_iphone/iphone360_9208.jpg","name":"Бен Стиллер","enName":"Ben Stiller","profession":"актеры","enProfession":"actor"},{"id":25774,"photo":"https://st.kp.yandex.net/images/actor_iphone/iphone360_25774.jpg","name":"Эдвард Нортон","enName":"Edward Norton","profession":"актеры","enProfession":"actor"},{"id":8806,"photo":"https://st.kp.yandex.net/images/actor_iphone/iphone360_8806.jpg","name":"Дженна Элфман","enName":"Jenna Elfman","profession":"актеры","enProfession":"actor"},{"id":14594,"photo":"https://st.kp.yandex.net/images/actor_iphone/iphone360_14594.jpg","name":"Энн Бэнкрофт","enName":"Anne Bancroft","profession":"актеры","enProfession":"actor"},{"id":3134,"photo":"https://st.kp.yandex.net/images/actor_iphone/iphone360_3134.jpg","name":"Илай Уоллак","enName":"Eli Wallach","profession":"актеры","enProfession":"actor"},{"id":36390,"photo":"https://st.kp.yandex.net/images/actor_iphone/iphone360_36390.jpg","name":"Рон Рифкин","enName":"Ron Rifkin","profession":"актеры","enProfession":"actor"},{"id":20418,"photo":"https://st.kp.yandex.net/images/actor_iphone/iphone360_20418.jpg","name":"Милош Форман","enName":"Milos Forman","profession":"актеры","enProfession":"actor"},{"id":11733,"photo":"https://st.kp.yandex.net/images/actor_iphone/iphone360_11733.jpg","name":"Холланд Тейлор","enName":"Holland Taylor","profession":"актеры","enProfession":"actor"},{"id":32126,"photo":"https://st.kp.yandex.net/images/actor_iphone/iphone360_32126.jpg","name":"Лиза Эдельштейн","enName":"Lisa Edelstein","profession":"актеры","enProfession":"actor"},{"id":55158,"photo":"https://st.kp.yandex.net/images/actor_iphone/iphone360_55158.jpg","name":"Рена Софер","enName":"Rena Sofer","profession":"актеры","enProfession":"actor"},{"id":6810,"photo":"https://st.kp.yandex.net/images/actor_iphone/iphone360_6810.jpg","name":"Кен Люн","enName":"Ken Leung","profession":"актеры","enProfession":"actor"},{"id":7898,"photo":"https://st.kp.yandex.net/images/actor_iphone/iphone360_7898.jpg","name":"Брайан Джордж","enName":"Brian George","profession":"актеры","enProfession":"actor"},{"id":10243,"photo":"https://st.kp.yandex.net/images/actor_iphone/iphone360_10243.jpg","name":"Кэтрин Ллойд Барнс","enName":"Catherine Lloyd Burns","profession":"актеры","enProfession":"actor"},{"id":44125,"photo":"https://st.kp.yandex.net/images/actor_iphone/iphone360_44125.jpg","name":"Сьюзи Эссман","enName":"Susie Essman","profession":"актеры","enProfession":"actor"},{"id":25791,"photo":"https://st.kp.yandex.net/images/actor_iphone/iphone360_25791.jpg","name":"Стюарт Блумберг","enName":"Stuart Blumberg","profession":"актеры","enProfession":"actor"},{"id":55327,"photo":"https://st.kp.yandex.net/images/actor_iphone/iphone360_55327.jpg","name":"Сэмюэл Голдберг","enName":"Samuel Goldberg","profession":"актеры","enProfession":"actor"},{"id":1114733,"photo":"https://st.kp.yandex.net/images/actor_iphone/iphone360_1114733.jpg","name":"Майкл Роман","enName":"Michael Roman","profession":"актеры","enProfession":"actor"},{"id":55328,"photo":"https://st.kp.yandex.net/images/actor_iphone/iphone360_55328.jpg","name":"Блайт Оффарт","enName":"Blythe Auffarth","profession":"актеры","enProfession":"actor"},{"id":55330,"photo":"https://st.kp.yandex.net/images/actor_iphone/iphone360_55330.jpg","name":"Джонатан Рэнделл Сильвер","enName":"Jonathan Randell Silver","profession":"актеры","enProfession":"actor"},{"id":3279,"photo":"https://st.kp.yandex.net/images/actor_iphone/iphone360_3279.jpg","name":"Брайан Энтони Уилсон","enName":"Brian Anthony Wilson","profession":"актеры","enProfession":"actor"},{"id":16492,"photo":"https://st.kp.yandex.net/images/actor_iphone/iphone360_16492.jpg","name":"Хуан Пьедраита","enName":"Juan Piedrahita","profession":"актеры","enProfession":"actor"},{"id":55331,"photo":"https://st.kp.yandex.net/images/actor_iphone/iphone360_55331.jpg","name":"Келли Дэдмон","enName":"Kelly Deadmon","profession":"актеры","enProfession":"actor"},{"id":55332,"photo":"https://st.kp.yandex.net/images/actor_iphone/iphone360_55332.jpg","name":"Рафаэль М. Фридер","enName":"Raphael M.A. Frieder","profession":"актеры","enProfession":"actor"},{"id":7296,"photo":"https://st.kp.yandex.net/images/actor_iphone/iphone360_7296.jpg","name":"Бодхи Элфмэн","enName":"Bodhi Elfman","profession":"актеры","enProfession":"actor"},{"id":3399153,"photo":"https://st.kp.yandex.net/images/actor_iphone/iphone360_3399153.jpg","name":"Крис Гарднер","enName":"Chris Gardner","profession":"актеры","enProfession":"actor"},{"id":55334,"photo":"https://st.kp.yandex.net/images/actor_iphone/iphone360_55334.jpg","name":"Санти Формоса","enName":"Santi Formosa","profession":"актеры","enProfession":"actor"},{"id":55335,"photo":"https://st.kp.yandex.net/images/actor_iphone/iphone360_55335.jpg","name":"Франсин Бирс","enName":"Francine Beers","profession":"актеры","enProfession":"actor"},{"id":55336,"photo":"https://st.kp.yandex.net/images/actor_iphone/iphone360_55336.jpg","name":"Рена Блумберг","enName":"Rena Blumberg","profession":"актеры","enProfession":"actor"},{"id":55337,"photo":"https://st.kp.yandex.net/images/actor_iphone/iphone360_55337.jpg","name":"Эллен Хауптман","enName":"Ellen Hauptman","profession":"актеры","enProfession":"actor"},{"id":55338,"photo":"https://st.kp.yandex.net/images/actor_iphone/iphone360_55338.jpg","name":"Лиз Ларсен","enName":"Liz Larsen","profession":"актеры","enProfession":"actor"},{"id":25510,"photo":"https://st.kp.yandex.net/images/actor_iphone/iphone360_25510.jpg","name":"Мэтт Уинстон","enName":"Matt Winston","profession":"актеры","enProfession":"actor"},{"id":55339,"photo":"https://st.kp.yandex.net/images/actor_iphone/iphone360_55339.jpg","name":"Нельсон Авидон","enName":"Nelson Avidon","profession":"актеры","enProfession":"actor"},{"id":11071,"photo":"https://st.kp.yandex.net/images/actor_iphone/iphone360_11071.jpg","name":"Дэвид Уэйн","enName":"David Wain","profession":"актеры","enProfession":"actor"},{"id":21329,"photo":"https://st.kp.yandex.net/images/actor_iphone/iphone360_21329.jpg","name":"Донна Хэновер","enName":"Donna Hanover","profession":"актеры","enProfession":"actor"},{"id":55340,"photo":"https://st.kp.yandex.net/images/actor_iphone/iphone360_55340.jpg","name":"Вай Чин Хо","enName":"Wai Ching Ho","profession":"актеры","enProfession":"actor"},{"id":55341,"photo":"https://st.kp.yandex.net/images/actor_iphone/iphone360_55341.jpg","name":"Ховард Греллер","enName":"Howard Greller","profession":"актеры","enProfession":"actor"},{"id":10698,"photo":"https://st.kp.yandex.net/images/actor_iphone/iphone360_10698.jpg","name":"Бренда Денмарк","enName":"Brenda Denmark","profession":"актеры","enProfession":"actor"},{"id":55342,"photo":"https://st.kp.yandex.net/images/actor_iphone/iphone360_55342.jpg","name":"Мэрлин Купер","enName":"Marilyn Cooper","profession":"актеры","enProfession":"actor"},{"id":41101,"photo":"https://st.kp.yandex.net/images/actor_iphone/iphone360_41101.jpg","name":"Хоук Кох","enName":"Hawk Koch","profession":"актеры","enProfession":"actor"},{"id":1695,"photo":"https://st.kp.yandex.net/images/actor_iphone/iphone360_1695.jpg","name":"Крэйг Кастальдо","enName":"Craig Castaldo","profession":"актеры","enProfession":"actor"},{"id":55343,"photo":"https://st.kp.yandex.net/images/actor_iphone/iphone360_55343.jpg","name":"Кит Перри","enName":"Keith Perry","profession":"актеры","enProfession":"actor"},{"id":55344,"photo":"https://st.kp.yandex.net/images/actor_iphone/iphone360_55344.jpg","name":"Джон Арочо","enName":"John Arocho","profession":"актеры","enProfession":"actor"},{"id":55345,"photo":"https://st.kp.yandex.net/images/actor_iphone/iphone360_55345.jpg","name":"Деррик Изон","enName":"Derrick Eason","profession":"актеры","enProfession":"actor"},{"id":27510,"photo":"https://st.kp.yandex.net/images/actor_iphone/iphone360_27510.jpg","name":"Рэй Карлсон","enName":"Ray Carlson","profession":"актеры","enProfession":"actor"},{"id":14046,"photo":"https://st.kp.yandex.net/images/actor_iphone/iphone360_14046.jpg","name":"Барбара Хаас","enName":"Barbara Haas","profession":"актеры","enProfession":"actor"},{"id":55346,"photo":"https://st.kp.yandex.net/images/actor_iphone/iphone360_55346.jpg","name":"Санни Кейзер","enName":"Sunny Keyser","profession":"актеры","enProfession":"actor"},{"id":55347,"photo":"https://st.kp.yandex.net/images/actor_iphone/iphone360_55347.jpg","name":"Лорна Лэбл","enName":"Lorna Lable","profession":"актеры","enProfession":"actor"},{"id":26135,"photo":"https://st.kp.yandex.net/images/actor_iphone/iphone360_26135.jpg","name":"Паула Рафло","enName":"Paula Raflo","profession":"актеры","enProfession":"actor"},{"id":55348,"photo":"https://st.kp.yandex.net/images/actor_iphone/iphone360_55348.jpg","name":"Хиллари Брук Кантер","enName":"Hillary Brook Canter","profession":"актеры","enProfession":"actor"},{"id":55349,"photo":"https://st.kp.yandex.net/images/actor_iphone/iphone360_55349.jpg","name":"Дэна Любоцки","enName":"Dana Lubotsky","profession":"актеры","enProfession":"actor"},{"id":55350,"photo":"https://st.kp.yandex.net/images/actor_iphone/iphone360_55350.jpg","name":"Александра Релла","enName":"Alexandra Rella","profession":"актеры","enProfession":"actor"},{"id":55351,"photo":"https://st.kp.yandex.net/images/actor_iphone/iphone360_55351.jpg","name":"Юджин С. Кац","enName":"Eugene S. Katz","profession":"актеры","enProfession":"actor"},{"id":2306,"photo":"https://st.kp.yandex.net/images/actor_iphone/iphone360_2306.jpg","name":"Тони Росси","enName":"Tony Rossi","profession":"актеры","enProfession":"actor"},{"id":55352,"photo":"https://st.kp.yandex.net/images/actor_iphone/iphone360_55352.jpg","name":"Джон П. Даффелл","enName":"John P. Duffell","profession":"актеры","enProfession":"actor"},{"id":55353,"photo":"https://st.kp.yandex.net/images/actor_iphone/iphone360_55353.jpg","name":"Кит Уильямс","enName":"Keith Williams","profession":"актеры","enProfession":"actor"},{"id":40423,"photo":"https://st.kp.yandex.net/images/actor_iphone/iphone360_40423.jpg","name":"Дагмара Доминчик","enName":"Dagmara Dominczyk","profession":"актеры","enProfession":"actor"},{"id":518657,"photo":"https://st.kp.yandex.net/images/actor_iphone/iphone360_518657.jpg","name":"Крисс Андерсон","enName":"Kryss Anderson","profession":"актеры","enProfession":"actor"},{"id":782,"photo":"https://st.kp.yandex.net/images/actor_iphone/iphone360_782.jpg","name":"Софи Алексис","enName":"Sophia Alexis","profession":"актеры","enProfession":"actor"},{"id":9288,"photo":"https://st.kp.yandex.net/images/actor_iphone/iphone360_9288.jpg","name":"Тони Девон","enName":"Tony Devon","profession":"актеры","enProfession":"actor"},{"id":1127180,"photo":"https://st.kp.yandex.net/images/actor_iphone/iphone360_1127180.jpg","name":"Джованни Капителло","enName":"Giovanni Capitello","profession":"актеры","enProfession":"actor"},{"id":386047,"photo":"https://st.kp.yandex.net/images/actor_iphone/iphone360_386047.jpg","name":"Бронуэн Карсон","enName":"Bronwen Carson","profession":"актеры","enProfession":"actor"},{"id":37042,"photo":"https://st.kp.yandex.net/images/actor_iphone/iphone360_37042.jpg","name":"Робин Кларк","enName":"Robin Clark","profession":"актеры","enProfession":"actor"},{"id":1182424,"photo":"https://st.kp.yandex.net/images/actor_iphone/iphone360_1182424.jpg","name":"Андре Да Силва","enName":"Andre Da Silva","profession":"актеры","enProfession":"actor"},{"id":1095739,"photo":"https://st.kp.yandex.net/images/actor_iphone/iphone360_1095739.jpg","name":"Дэниэл Гриффин","enName":"Daniel Griffin","profession":"актеры","enProfession":"actor"},{"id":1084274,"photo":"https://st.kp.yandex.net/images/actor_iphone/iphone360_1084274.jpg","name":"Маршалл Дэнсинг Элк Лукас","enName":"Marshall Dancing Elk Lucas","profession":"актеры","enProfession":"actor"},{"id":679046,"photo":"https://st.kp.yandex.net/images/actor_iphone/iphone360_679046.jpg","name":"Джефф Миллштейн","enName":"Jeff Millstein","profession":"актеры","enProfession":"actor"},{"id":4918270,"photo":"https://st.kp.yandex.net/images/actor_iphone/iphone360_4918270.jpg","name":null,"enName":"Tom Modern","profession":"актеры","enProfession":"actor"},{"id":3324459,"photo":"https://st.kp.yandex.net/images/actor_iphone/iphone360_3324459.jpg","name":"Джозеф Оливейра","enName":"Joseph Oliveira","profession":"актеры","enProfession":"actor"},{"id":243669,"photo":"https://st.kp.yandex.net/images/actor_iphone/iphone360_243669.jpg","name":"Виктория Рун","enName":"Victoria Rong","profession":"актеры","enProfession":"actor"},{"id":6386,"photo":"https://st.kp.yandex.net/images/actor_iphone/iphone360_6386.jpg","name":"Лаура Саммер","enName":"Laura Summer","profession":"актеры","enProfession":"actor"},{"id":47579,"photo":"https://st.kp.yandex.net/images/actor_iphone/iphone360_47579.jpg","name":"Эми Уилсон","enName":"Amy Wilson","profession":"актеры","enProfession":"actor"},{"id":55354,"photo":"https://st.kp.yandex.net/images/actor_iphone/iphone360_55354.jpg","name":"Фрэнк Флойд","enName":"Frank Floyd","profession":"актеры","enProfession":"actor"},{"id":289820,"photo":"https://st.kp.yandex.net/images/actor_iphone/iphone360_289820.jpg","name":"Курт Хейуорд","enName":"Curt Hayward","profession":"актеры","enProfession":"actor"},{"id":55356,"photo":"https://st.kp.yandex.net/images/actor_iphone/iphone360_55356.jpg","name":"Пол Хоган","enName":"Paul Hogan","profession":"актеры","enProfession":"actor"},{"id":19530,"photo":"https://st.kp.yandex.net/images/actor_iphone/iphone360_19530.jpg","name":"Мартин Пфефферкорн","enName":"Martin Pfefferkorn","profession":"актеры","enProfession":"actor"},{"id":1153522,"photo":"https://st.kp.yandex.net/images/actor_iphone/iphone360_1153522.jpg","name":"Джессика МакАртур","enName":"Jessica MacArthur","profession":"актеры","enProfession":"actor"},{"id":38030,"photo":"https://st.kp.yandex.net/images/actor_iphone/iphone360_38030.jpg","name":"Шабазз Рэй","enName":"Shabazz Ray","profession":"актеры","enProfession":"actor"},{"id":55357,"photo":"https://st.kp.yandex.net/images/actor_iphone/iphone360_55357.jpg","name":"Роберт Ф. Саундерс","enName":"Robert F. Saunders","profession":"актеры","enProfession":"actor"},{"id":55358,"photo":"https://st.kp.yandex.net/images/actor_iphone/iphone360_55358.jpg","name":"Бернард Дж. Тервер","enName":"Bernard J. Tarver","profession":"актеры","enProfession":"actor"},{"id":109379,"photo":"https://st.kp.yandex.net/images/actor_iphone/iphone360_109379.jpg","name":"Клифф Таунсенд","enName":"Cliff Townsend","profession":"актеры","enProfession":"actor"},{"id":178982,"photo":"https://st.kp.yandex.net/images/actor_iphone/iphone360_178982.jpg","name":"Элмер Бернстайн","enName":"Elmer Bernstein","profession":"композиторы","enProfession":"composer"},{"id":1752924,"photo":"https://st.kp.yandex.net/images/actor_iphone/iphone360_1752924.jpg","name":"Винн Томас","enName":"Wynn Thomas","profession":"художники","enProfession":"designer"},{"id":1986068,"photo":"https://st.kp.yandex.net/images/actor_iphone/iphone360_1986068.jpg","name":"Крис Шрайвер","enName":"Chris Shriver","profession":"художники","enProfession":"designer"},{"id":66409,"photo":"https://st.kp.yandex.net/images/actor_iphone/iphone360_66409.jpg","name":"Майкл Каплан","enName":"Michael Kaplan","profession":"художники","enProfession":"designer"},{"id":1986404,"photo":"https://st.kp.yandex.net/images/actor_iphone/iphone360_1986404.jpg","name":"Лесли Е. Роллинз","enName":"Leslie E. Rollins","profession":"художники","enProfession":"designer"},{"id":25774,"photo":"https://st.kp.yandex.net/images/actor_iphone/iphone360_25774.jpg","name":"Эдвард Нортон","enName":"Edward Norton","profession":"режиссеры","enProfession":"director"},{"id":1988817,"photo":"https://st.kp.yandex.net/images/actor_iphone/iphone360_1988817.jpg","name":"Малкольм Кэмпбелл","enName":"Malcolm Campbell","profession":"монтажеры","enProfession":"editor"},{"id":610523,"photo":"https://st.kp.yandex.net/images/actor_iphone/iphone360_610523.jpg","name":"Анастас Н. Микос","enName":"Anastas N. Michos","profession":"операторы","enProfession":"operator"},{"id":25791,"photo":"https://st.kp.yandex.net/images/actor_iphone/iphone360_25791.jpg","name":"Стюарт Блумберг","enName":"Stuart Blumberg","profession":"продюсеры","enProfession":"producer"},{"id":41101,"photo":"https://st.kp.yandex.net/images/actor_iphone/iphone360_41101.jpg","name":"Хоук Кох","enName":"Hawk Koch","profession":"продюсеры","enProfession":"producer"},{"id":25774,"photo":"https://st.kp.yandex.net/images/actor_iphone/iphone360_25774.jpg","name":"Эдвард Нортон","enName":"Edward Norton","profession":"продюсеры","enProfession":"producer"},{"id":29892,"photo":"https://st.kp.yandex.net/images/actor_iphone/iphone360_29892.jpg","name":"Гари Барбер","enName":"Gary Barber","profession":"продюсеры","enProfession":"producer"},{"id":25791,"photo":"https://st.kp.yandex.net/images/actor_iphone/iphone360_25791.jpg","name":"Стюарт Блумберг","enName":"Stuart Blumberg","profession":"редакторы","enProfession":"writer"}],"typeNumber":1,"alternativeName":"Keeping the Faith","enName":null,"names":[{"name":"Сохраняя веру"},{"name":"Keeping the Faith"},{"name":"Au nom d'Anna","language":"FR","type":null},{"name":"Ég velünk","language":"HU","type":null},{"name":"男人爱美神","language":"CN","type":null},{"name":"Sedutora Tentação","language":"PT","type":null}],"ageRating":16,"ratingMpaa":"pg13","shortDescription":null,"similarMovies":[],"sequelsAndPrequels":[],"logo":{"url":null},"watchability":{"items":null},"top10":null,"top250":null}