{"videos":{"trailers":[{"url":"https://widgets.kinopoisk.ru/discovery/trailer/2363?onlyPlayer=1&autoplay=1&cover=1","name":"Трейлер","site":"kinopoisk_widget"},{"url":"https://www.youtube.com/embed/bJkAsN4assg","name":"L.I.E. (2001) Trailer - Starring Paul Dano, Brian Cox","site":"youtube","type":"TRAILER"}],"teasers":[]},"fees":{"world":{"value":1667192,"currency":"$"},"usa":{"value":1138836,"currency":"$"}},"status":null,"externalId":{"kpHD":null,"imdb":"tt0242587","tmdb":18734},"rating":{"kp":6.558,"imdb":7.1,"filmCritics":7,"russianFilmCritics":0,"await":0},"votes":{"kp":821,"imdb":10213,"filmCritics":86,"russianFilmCritics":0,"await":0},"backdrop":{"url":null,"previewUrl":null},"movieLength":97,"productionCompanies":[{"name":"Alter Ego Entertainment","url":null,"previewUrl":null},{"name":"Belladonna Productions","url":null,"previewUrl":null}],"id":731,"type":"movie","name":"Ложь","description":"Пятнадцатилетний Хоуи в течение недели лишается всего и вся, но находит в себе силы продолжать жить. У него недавно умерла мать. Отец, коррумпированный строительный подрядчик, развлекается с молодой подругой, забыв о собственном сыне, который предоставлен самому себе. \n\nОказавшись в дурной компании, Хоуи начинает грабить владения состоятельных граждан, расположенные вдоль шоссе на Лонг Айленд. Вместе с лучшим другом Гэри они обчистили дом уважаемого в городе пожилого ветерана вьетнамской войны по имени Большой Джон. Опытный вояка вскоре добрался до Хоуи, которому пришлось отвечать за двоих, поскольку его друг, как оказалось, вёл двойную жизнь, и, обманув приятеля, сумел скрыться.\n\nЗнакомство мальчика с Большим Джоном таит много неожиданностей, поскольку вскоре выясняется, что этот человек не тот, за кого его принимают.","premiere":{"country":"США","world":"2001-01-20T00:00:00.000Z"},"slogan":"On the Long Island Expressway there are lanes going east, lanes going west, and lanes going straight to hell.","year":2001,"budget":{"value":700000,"currency":"$"},"poster":{"url":"https://st.kp.yandex.net/images/film_big/731.jpg","previewUrl":"https://st.kp.yandex.net/images/film_iphone/iphone360_731.jpg"},"facts":[{"value":"Пистолеты, похищенные у Большого Джона, являются пистолетами марки ТТ.","type":"FACT","spoiler":false},{"value":"В фильме Джон ездит на автомобиле Oldsmobile 442.","type":"FACT","spoiler":false},{"value":"MPPA изначально выдала фильму рейтинг NC-17, но позже прокатный вариант и полный вариант на DVD получили рейтинг R. Такой рейтинг объяснялся наличием в фильме сцен секса с вовлечением подростков, употребления алкоголя и наркотиков, сквернословия, кратких сцен насилия.","type":"FACT","spoiler":false}],"genres":[{"name":"драма"},{"name":"криминал"}],"countries":[{"name":"США"}],"seasonsInfo":[],"persons":[{"id":43219,"photo":"https://st.kp.yandex.net/images/actor_iphone/iphone360_43219.jpg","name":"Пол Дано","enName":"Paul Dano","profession":"актеры","enProfession":"actor"},{"id":22274,"photo":"https://st.kp.yandex.net/images/actor_iphone/iphone360_22274.jpg","name":"Брюс Олтмен","enName":"Bruce Altman","profession":"актеры","enProfession":"actor"},{"id":33257,"photo":"https://st.kp.yandex.net/images/actor_iphone/iphone360_33257.jpg","name":"Билли Кэй","enName":"Billy Kay","profession":"актеры","enProfession":"actor"},{"id":52307,"photo":"https://st.kp.yandex.net/images/actor_iphone/iphone360_52307.jpg","name":"Джеймс Коста","enName":"James Costa","profession":"актеры","enProfession":"actor"},{"id":20387,"photo":"https://st.kp.yandex.net/images/actor_iphone/iphone360_20387.jpg","name":"Тони Майкл Доннелли","enName":"Tony Michael Donnelly","profession":"актеры","enProfession":"actor"},{"id":52308,"photo":"https://st.kp.yandex.net/images/actor_iphone/iphone360_52308.jpg","name":"Мишель Карано","enName":"Michelle Carano","profession":"актеры","enProfession":"actor"},{"id":52309,"photo":"https://st.kp.yandex.net/images/actor_iphone/iphone360_52309.jpg","name":"Татьяна Бургос","enName":"Tatiana Burgos","profession":"актеры","enProfession":"actor"},{"id":12131,"photo":"https://st.kp.yandex.net/images/actor_iphone/iphone360_12131.jpg","name":"Брайан Кокс","enName":"Brian Cox","profession":"актеры","enProfession":"actor"},{"id":52310,"photo":"https://st.kp.yandex.net/images/actor_iphone/iphone360_52310.jpg","name":"Б. Констанс Бэрри","enName":"B. Constance Barry","profession":"актеры","enProfession":"actor"},{"id":52311,"photo":"https://st.kp.yandex.net/images/actor_iphone/iphone360_52311.jpg","name":"Уолтер Мастерсон","enName":"Walter Masterson","profession":"актеры","enProfession":"actor"},{"id":52312,"photo":"https://st.kp.yandex.net/images/actor_iphone/iphone360_52312.jpg","name":null,"enName":"Brad Silnutzer","profession":"актеры","enProfession":"actor"},{"id":52313,"photo":"https://st.kp.yandex.net/images/actor_iphone/iphone360_52313.jpg","name":"Боб Жерарди","enName":"Bob Gerardi","profession":"актеры","enProfession":"actor"},{"id":10960,"photo":"https://st.kp.yandex.net/images/actor_iphone/iphone360_10960.jpg","name":"Адам ЛеФевр","enName":"Adam LeFevre","profession":"актеры","enProfession":"actor"},{"id":52314,"photo":"https://st.kp.yandex.net/images/actor_iphone/iphone360_52314.jpg","name":"Фрэнк Риверз","enName":"Frank Rivers","profession":"актеры","enProfession":"actor"},{"id":52315,"photo":"https://st.kp.yandex.net/images/actor_iphone/iphone360_52315.jpg","name":"Энтони Ф. Пераджине","enName":"Anthony F. Peragine","profession":"актеры","enProfession":"actor"},{"id":52316,"photo":"https://st.kp.yandex.net/images/actor_iphone/iphone360_52316.jpg","name":null,"enName":"Jude LoBasso","profession":"актеры","enProfession":"actor"},{"id":28263,"photo":"https://st.kp.yandex.net/images/actor_iphone/iphone360_28263.jpg","name":"Марсия ДеБонис","enName":"Marcia DeBonis","profession":"актеры","enProfession":"actor"},{"id":52317,"photo":"https://st.kp.yandex.net/images/actor_iphone/iphone360_52317.jpg","name":"Глэдис Дано","enName":"Gladys Dano","profession":"актеры","enProfession":"actor"},{"id":52318,"photo":"https://st.kp.yandex.net/images/actor_iphone/iphone360_52318.jpg","name":"Эмилио Куэста","enName":"Emilio Cuesta","profession":"актеры","enProfession":"actor"},{"id":52319,"photo":"https://st.kp.yandex.net/images/actor_iphone/iphone360_52319.jpg","name":"Кристин Той","enName":"Christine Toy Johnson","profession":"актеры","enProfession":"actor"},{"id":52320,"photo":"https://st.kp.yandex.net/images/actor_iphone/iphone360_52320.jpg","name":null,"enName":"Francis Leik","profession":"актеры","enProfession":"actor"},{"id":47743,"photo":"https://st.kp.yandex.net/images/actor_iphone/iphone360_47743.jpg","name":"Чак Ардеззон","enName":"Chuck Ardezzone","profession":"актеры","enProfession":"actor"},{"id":52321,"photo":"https://st.kp.yandex.net/images/actor_iphone/iphone360_52321.jpg","name":"Риза Циглер","enName":"Risa Ziegler","profession":"актеры","enProfession":"actor"},{"id":8098,"photo":"https://st.kp.yandex.net/images/actor_iphone/iphone360_8098.jpg","name":"Рэй Гарви","enName":"Ray Garvey","profession":"актеры","enProfession":"actor"},{"id":52322,"photo":"https://st.kp.yandex.net/images/actor_iphone/iphone360_52322.jpg","name":"Анжела Питропинто","enName":"Angela Pietropinto","profession":"актеры","enProfession":"actor"},{"id":42139,"photo":"https://st.kp.yandex.net/images/actor_iphone/iphone360_42139.jpg","name":"Чэнс Келли","enName":"Chance Kelly","profession":"актеры","enProfession":"actor"},{"id":52323,"photo":"https://st.kp.yandex.net/images/actor_iphone/iphone360_52323.jpg","name":"Луис Дж. Морено","enName":"Luis G. Moreno","profession":"актеры","enProfession":"actor"},{"id":611136,"photo":"https://st.kp.yandex.net/images/actor_iphone/iphone360_611136.jpg","name":"Пьер Фёльдеш","enName":"Pierre Földes","profession":"композиторы","enProfession":"composer"},{"id":2020572,"photo":"https://st.kp.yandex.net/images/actor_iphone/iphone360_2020572.jpg","name":"Элиз Беннетт","enName":"Elise Bennett","profession":"художники","enProfession":"designer"},{"id":1681233,"photo":"https://st.kp.yandex.net/images/actor_iphone/iphone360_1681233.jpg","name":"Дэнни Гликер","enName":"Danny Glicker","profession":"художники","enProfession":"designer"},{"id":2032760,"photo":"https://st.kp.yandex.net/images/actor_iphone/iphone360_2032760.jpg","name":"Катрин Мазер","enName":"Cathryn Mazer","profession":"художники","enProfession":"designer"},{"id":52304,"photo":"https://st.kp.yandex.net/images/actor_iphone/iphone360_52304.jpg","name":"Майкл Куэста","enName":"Michael Cuesta","profession":"режиссеры","enProfession":"director"},{"id":2016230,"photo":"https://st.kp.yandex.net/images/actor_iphone/iphone360_2016230.jpg","name":"Эрик Карлсон","enName":"Eric Carlson","profession":"монтажеры","enProfession":"editor"},{"id":2006988,"photo":"https://st.kp.yandex.net/images/actor_iphone/iphone360_2006988.jpg","name":"Кэйн Платт","enName":"Kane Platt","profession":"монтажеры","enProfession":"editor"},{"id":611137,"photo":"https://st.kp.yandex.net/images/actor_iphone/iphone360_611137.jpg","name":"Ромео Тироне","enName":"Romeo Tirone","profession":"операторы","enProfession":"operator"},{"id":2517,"photo":"https://st.kp.yandex.net/images/actor_iphone/iphone360_2517.jpg","name":"Рене Бастиан","enName":"Rene Bastian","profession":"продюсеры","enProfession":"producer"},{"id":52304,"photo":"https://st.kp.yandex.net/images/actor_iphone/iphone360_52304.jpg","name":"Майкл Куэста","enName":"Michael Cuesta","profession":"продюсеры","enProfession":"producer"},{"id":2519,"photo":"https://st.kp.yandex.net/images/actor_iphone/iphone360_2519.jpg","name":"Линда Моран","enName":"Linda Moran","profession":"продюсеры","enProfession":"producer"},{"id":52324,"photo":"https://st.kp.yandex.net/images/actor_iphone/iphone360_52324.jpg","name":"Урс Хиршбигель","enName":"Urs Hirschbiegel","profession":"продюсеры","enProfession":"producer"},{"id":52305,"photo":"https://st.kp.yandex.net/images/actor_iphone/iphone360_52305.jpg","name":"Стефен М. Райдер","enName":"Stephen M. Ryder","profession":"редакторы","enProfession":"writer"},{"id":52304,"photo":"https://st.kp.yandex.net/images/actor_iphone/iphone360_52304.jpg","name":"Майкл Куэста","enName":"Michael Cuesta","profession":"редакторы","enProfession":"writer"},{"id":52306,"photo":"https://st.kp.yandex.net/images/actor_iphone/iphone360_52306.jpg","name":"Джералд Куэста","enName":"Gerald Cuesta","profession":"редакторы","enProfession":"writer"}],"typeNumber":1,"alternativeName":"L.I.E.","enName":null,"names":[{"name":"Ложь"},{"name":"L.I.E."}],"ageRating":18,"ratingMpaa":"r","shortDescription":null,"similarMovies":[],"sequelsAndPrequels":[],"logo":{"url":null},"watchability":{"items":null},"top10":null,"top250":null}