{"fees":{"world":{"value":273144151,"currency":"$"},"usa":{"value":145794338,"currency":"$"}},"status":null,"externalId":{"kpHD":"473ba3aa601b8a6fb1e97127508d1093","imdb":"tt0275847","tmdb":11544},"rating":{"kp":7.837,"imdb":7.3,"filmCritics":7.3,"russianFilmCritics":0,"await":0},"votes":{"kp":123493,"imdb":197460,"filmCritics":151,"russianFilmCritics":0,"await":0},"backdrop":{"url":"https://avatars.mds.yandex.net/get-ott/223007/2a0000016904bcf6610919fb92065dac1d00/orig","previewUrl":"https://avatars.mds.yandex.net/get-ott/223007/2a0000016904bcf6610919fb92065dac1d00/x1000"},"movieLength":85,"productionCompanies":[{"name":"Walt Disney Pictures","url":"https://www.themoviedb.org/t/p/original/wdrCwmRnLFJhEoH8GSfymY85KHT.png","previewUrl":"https://www.themoviedb.org/t/p/w500/wdrCwmRnLFJhEoH8GSfymY85KHT.png"},{"name":"Walt Disney Animation Studios","url":"https://www.themoviedb.org/t/p/original/tVPmo07IHhBs4HuilrcV0yujsZ9.png","previewUrl":"https://www.themoviedb.org/t/p/w500/tVPmo07IHhBs4HuilrcV0yujsZ9.png"}],"id":740,"type":"cartoon","name":"Лило и Стич","description":"Лило — это маленькая девочка, живущая на Гавайах. Она сирота и живет вместе со своей старшей сестрой Нани. Лило любит всех животных, но больше всего она подружилась с собачкой по имени Стич, которая на самом деле совсем не собачка, а замаскированный инопланетянин.\n\nДело было так: некоего преступника по имени Стич переправляли в интергалактическую тюрьму, но ему удалось ускользнуть и приземлиться на Земле, где он и встретил Лило. И тут Стич прикинулся собакой, дабы скрыться от преследования интергалактической полиции. Теперь Стич учится тому, чему не был обучен — заботе о других.","premiere":{"country":"США","world":"2002-06-16T00:00:00.000Z","russia":"2002-12-26T00:00:00.000Z","cinema":"2002-12-26T00:00:00.000Z","dvd":"2010-08-17T00:00:00.000Z","bluray":"2013-06-11T00:00:00.000Z"},"slogan":"He's coming to our galaxy","year":2002,"budget":{"value":80000000,"currency":"$"},"poster":{"url":"https://st.kp.yandex.net/images/film_big/740.jpg","previewUrl":"https://st.kp.yandex.net/images/film_iphone/iphone360_740.jpg"},"facts":[{"value":"Мультфильм имел продолжения, которые не имели успеха по сравнению с оригиналом.","type":"FACT","spoiler":false},{"value":"Как рассказывал автор мультфильма <a href=\"/name/39366/\" class=\"all\">Крис Сандерс</a>, при его создании использовалось огромное количество акварельных набросков-фонов.","type":"FACT","spoiler":false},{"value":"Мультфильм насыщен песнями <a href=\"/name/29799/\" class=\"all\">Элвиса Пресли</a>.","type":"FACT","spoiler":false},{"value":"Среди удалённых сцен был эпизод, где Стич похищает самолёт &laquo;боинг&raquo; (вырезан после событий 11-го сентября) и где он невольно становится причиной гибели рыбки Лило.","type":"FACT","spoiler":false},{"value":"Первоначально номер Стича планировался как 666.","type":"FACT","spoiler":false},{"value":"В качестве рекламных роликов демонстрировались эпизоды из предыдущих фильмов Диснея (\"<a href=\"/film/8147/\" class=\"all\">Русалочка</a>\" (1989), \"<a href=\"/film/540/\" class=\"all\">Красавица и чудовище</a>\" (1991), \"<a href=\"/film/2360/\" class=\"all\">Король Лев</a>\" (1994), \"<a href=\"/film/2361/\" class=\"all\">Аладдин</a>\" (1992)), в которых Стич вмешивался в ход событий фильма.","type":"FACT","spoiler":false},{"value":"Нетрудно догадаться, что над мультфильмом работали создатели мультфильма &laquo;<a href=\"/film/5277/\" class=\"all\">Мулан</a>&raquo; (1998). В спальне Нанни висит постер этого мультфильма, на одном из ресторанов вывеска &laquo;Mulan Wok&raquo;, в собачьем приюте — плакат с собакой, напоминающей Маленького Братца.","type":"FACT","spoiler":false},{"value":"В сцене, где пришельцы рассчитывают траекторию приземления Стича, кодовое название Земли — Зона 51 (Area 51).","type":"FACT","spoiler":false}],"genres":[{"name":"мультфильм"},{"name":"фантастика"},{"name":"фэнтези"},{"name":"драма"},{"name":"комедия"},{"name":"приключения"},{"name":"семейный"}],"countries":[{"name":"США"}],"videos":{"trailers":[{"url":"https://www.youtube.com/v/wAtaSKQ4-T0","name":"Трейлер","site":"youtube"},{"url":"https://widgets.kinopoisk.ru/discovery/trailer/7407?onlyPlayer=1&autoplay=1&cover=1","name":"Тизер","site":"kinopoisk_widget"},{"url":"https://www.youtube.com/v/tCUDS-Q67Mg","name":"Тизер №4","site":"youtube"},{"url":"https://www.youtube.com/v/rs4XgeEqLrw","name":"Тизер №3","site":"youtube"},{"url":"https://www.youtube.com/v/N0gnbkEanKM","name":"Тизер №2","site":"youtube"},{"url":"https://www.youtube.com/embed/5vMEOvZ1ODk","name":"Lilo and Stitch - 2002 Theatrical Trailer (January 29, 2002)","site":"youtube","type":"TRAILER"},{"url":"https://www.youtube.com/embed/wAtaSKQ4-T0","name":"Lilo & Stitch - Trailer","site":"youtube","type":"TRAILER"},{"url":"https://www.youtube.com/embed/QpVvxrq7-nY","name":"Лило и Стич (2002)-ДИСНЕЙ-Дублированный Трейлер HD","site":"youtube","type":"TRAILER"},{"url":"https://www.youtube.com/embed/aJmoFkgtw_E","name":"Лило и Стич - Трейлер","site":"youtube","type":"TRAILER"}],"teasers":[]},"seasonsInfo":[],"persons":[{"id":39367,"photo":"https://st.kp.yandex.net/images/actor_iphone/iphone360_39367.jpg","name":"Дэйви Чейз","enName":"Daveigh Chase","profession":"актеры","enProfession":"actor"},{"id":39366,"photo":"https://st.kp.yandex.net/images/actor_iphone/iphone360_39366.jpg","name":"Крис Сандерс","enName":"Chris Sanders","profession":"актеры","enProfession":"actor"},{"id":22068,"photo":"https://st.kp.yandex.net/images/actor_iphone/iphone360_22068.jpg","name":"Тиа Каррере","enName":"Tia Carrere","profession":"актеры","enProfession":"actor"},{"id":191,"photo":"https://st.kp.yandex.net/images/actor_iphone/iphone360_191.jpg","name":"Дэвид Огден Стайерз","enName":"David Ogden Stiers","profession":"актеры","enProfession":"actor"},{"id":25514,"photo":"https://st.kp.yandex.net/images/actor_iphone/iphone360_25514.jpg","name":"Кевин Макдональд","enName":"Kevin McDonald","profession":"актеры","enProfession":"actor"},{"id":24355,"photo":"https://st.kp.yandex.net/images/actor_iphone/iphone360_24355.jpg","name":"Винг Реймз","enName":"Ving Rhames","profession":"актеры","enProfession":"actor"},{"id":39368,"photo":"https://st.kp.yandex.net/images/actor_iphone/iphone360_39368.jpg","name":"Зои Колдуэлл","enName":"Zoe Caldwell","profession":"актеры","enProfession":"actor"},{"id":34112,"photo":"https://st.kp.yandex.net/images/actor_iphone/iphone360_34112.jpg","name":"Джейсон Скотт Ли","enName":"Jason Scott Lee","profession":"актеры","enProfession":"actor"},{"id":8844,"photo":"https://st.kp.yandex.net/images/actor_iphone/iphone360_8844.jpg","name":"Кевин Майкл Ричардсон","enName":"Kevin Michael Richardson","profession":"актеры","enProfession":"actor"},{"id":39370,"photo":"https://st.kp.yandex.net/images/actor_iphone/iphone360_39370.jpg","name":"Сьюзэн Хегарти","enName":"Susan Hegarty","profession":"актеры","enProfession":"actor"},{"id":5380,"photo":"https://st.kp.yandex.net/images/actor_iphone/iphone360_5380.jpg","name":"Эми Хилл","enName":"Amy Hill","profession":"актеры","enProfession":"actor"},{"id":39371,"photo":"https://st.kp.yandex.net/images/actor_iphone/iphone360_39371.jpg","name":"Стив Альтерман","enName":"Steve Alterman","profession":"актеры","enProfession":"actor"},{"id":39372,"photo":"https://st.kp.yandex.net/images/actor_iphone/iphone360_39372.jpg","name":"Эмили Андерсон","enName":"Emily Anderson","profession":"актеры","enProfession":"actor"},{"id":16040,"photo":"https://st.kp.yandex.net/images/actor_iphone/iphone360_16040.jpg","name":"Джек Эйнджел","enName":"Jack Angel","profession":"актеры","enProfession":"actor"},{"id":39373,"photo":"https://st.kp.yandex.net/images/actor_iphone/iphone360_39373.jpg","name":"Билл Асинг","enName":"Bill Asing","profession":"актеры","enProfession":"actor"},{"id":32475,"photo":"https://st.kp.yandex.net/images/actor_iphone/iphone360_32475.jpg","name":"Эрика Бек","enName":"Erica Beck","profession":"актеры","enProfession":"actor"},{"id":7321,"photo":"https://st.kp.yandex.net/images/actor_iphone/iphone360_7321.jpg","name":"Боб Берген","enName":"Bob Bergen","profession":"актеры","enProfession":"actor"},{"id":5989,"photo":"https://st.kp.yandex.net/images/actor_iphone/iphone360_5989.jpg","name":"Стивен Блум","enName":"Steven Jay Blum","profession":"актеры","enProfession":"actor"},{"id":7327,"photo":"https://st.kp.yandex.net/images/actor_iphone/iphone360_7327.jpg","name":"Роджер Бампасс","enName":"Rodger Bumpass","profession":"актеры","enProfession":"actor"},{"id":9908,"photo":"https://st.kp.yandex.net/images/actor_iphone/iphone360_9908.jpg","name":"Кэти Кавадини","enName":"Cathy Cavadini","profession":"актеры","enProfession":"actor"},{"id":7328,"photo":"https://st.kp.yandex.net/images/actor_iphone/iphone360_7328.jpg","name":"Дженнифер Дарлинг","enName":"Jennifer Darling","profession":"актеры","enProfession":"actor"},{"id":39374,"photo":"https://st.kp.yandex.net/images/actor_iphone/iphone360_39374.jpg","name":"Александра Дири","enName":"Alexandra Deary","profession":"актеры","enProfession":"actor"},{"id":37649,"photo":"https://st.kp.yandex.net/images/actor_iphone/iphone360_37649.jpg","name":"Джон ДеМита","enName":"John DeMita","profession":"актеры","enProfession":"actor"},{"id":39375,"photo":"https://st.kp.yandex.net/images/actor_iphone/iphone360_39375.jpg","name":"Джуди М. Дюран","enName":"Judi M. Durand","profession":"актеры","enProfession":"actor"},{"id":9910,"photo":"https://st.kp.yandex.net/images/actor_iphone/iphone360_9910.jpg","name":"Грег Финли","enName":"Greg Finley","profession":"актеры","enProfession":"actor"},{"id":9911,"photo":"https://st.kp.yandex.net/images/actor_iphone/iphone360_9911.jpg","name":"Джефф Фишер","enName":"Jeff Fischer","profession":"актеры","enProfession":"actor"},{"id":39376,"photo":"https://st.kp.yandex.net/images/actor_iphone/iphone360_39376.jpg","name":"Валери Флюгер","enName":"Valerie Flueger","profession":"актеры","enProfession":"actor"},{"id":7331,"photo":"https://st.kp.yandex.net/images/actor_iphone/iphone360_7331.jpg","name":"Джесс Харнелл","enName":"Jess Harnell","profession":"актеры","enProfession":"actor"},{"id":518342,"photo":"https://st.kp.yandex.net/images/actor_iphone/iphone360_518342.jpg","name":"Азур Хилл","enName":"Aszur Hill","profession":"актеры","enProfession":"actor"},{"id":9912,"photo":"https://st.kp.yandex.net/images/actor_iphone/iphone360_9912.jpg","name":"Барбара Харрис","enName":"Barbara Harris","profession":"актеры","enProfession":"actor"},{"id":39377,"photo":"https://st.kp.yandex.net/images/actor_iphone/iphone360_39377.jpg","name":"Даамен Дж. Кралл","enName":"Daamen J. Krall","profession":"актеры","enProfession":"actor"},{"id":39378,"photo":"https://st.kp.yandex.net/images/actor_iphone/iphone360_39378.jpg","name":"Тодд Куросава","enName":"Todd Kurosawa","profession":"актеры","enProfession":"actor"},{"id":39380,"photo":"https://st.kp.yandex.net/images/actor_iphone/iphone360_39380.jpg","name":"Хлоя Лупер","enName":"Chloe Looper","profession":"актеры","enProfession":"actor"},{"id":7335,"photo":"https://st.kp.yandex.net/images/actor_iphone/iphone360_7335.jpg","name":"Микки Макгоун","enName":"Mickie McGowan","profession":"актеры","enProfession":"actor"},{"id":39369,"photo":"https://st.kp.yandex.net/images/actor_iphone/iphone360_39369.jpg","name":"Кунева Моок","enName":"Kunewa Mook","profession":"актеры","enProfession":"actor"},{"id":39381,"photo":"https://st.kp.yandex.net/images/actor_iphone/iphone360_39381.jpg","name":"Кортни Мун","enName":"Courtney Mun","profession":"актеры","enProfession":"actor"},{"id":21427,"photo":"https://st.kp.yandex.net/images/actor_iphone/iphone360_21427.jpg","name":"Мэри Линда Филлипс","enName":"Mary Linda Phillips","profession":"актеры","enProfession":"actor"},{"id":196,"photo":"https://st.kp.yandex.net/images/actor_iphone/iphone360_196.jpg","name":"Патрик Пинни","enName":"Patrick Pinney","profession":"актеры","enProfession":"actor"},{"id":39383,"photo":"https://st.kp.yandex.net/images/actor_iphone/iphone360_39383.jpg","name":"Пейдж Поллак","enName":"Paige Pollack","profession":"актеры","enProfession":"actor"},{"id":39384,"photo":"https://st.kp.yandex.net/images/actor_iphone/iphone360_39384.jpg","name":"Дэвид Рэндольф","enName":"David Randolph","profession":"актеры","enProfession":"actor"},{"id":9918,"photo":"https://st.kp.yandex.net/images/actor_iphone/iphone360_9918.jpg","name":"Норин Рирдон","enName":"Noreen Reardon","profession":"актеры","enProfession":"actor"},{"id":39385,"photo":"https://st.kp.yandex.net/images/actor_iphone/iphone360_39385.jpg","name":"Дебра Роджерс","enName":"Debra Rogers","profession":"актеры","enProfession":"actor"},{"id":27720,"photo":"https://st.kp.yandex.net/images/actor_iphone/iphone360_27720.jpg","name":"Сьюзен Сило","enName":"Susan Silo","profession":"актеры","enProfession":"actor"},{"id":8831,"photo":"https://st.kp.yandex.net/images/actor_iphone/iphone360_8831.jpg","name":"Кэт Суси","enName":"Kath Soucie","profession":"актеры","enProfession":"actor"},{"id":9922,"photo":"https://st.kp.yandex.net/images/actor_iphone/iphone360_9922.jpg","name":"Мелани Спор","enName":"Melanie Spore","profession":"актеры","enProfession":"actor"},{"id":569870,"photo":"https://st.kp.yandex.net/images/actor_iphone/iphone360_569870.jpg","name":"Даг Стоун","enName":"Doug Stone","profession":"актеры","enProfession":"actor"},{"id":39386,"photo":"https://st.kp.yandex.net/images/actor_iphone/iphone360_39386.jpg","name":"Дрю Леви Томас","enName":"Drew Lexi Thomas","profession":"актеры","enProfession":"actor"},{"id":39387,"photo":"https://st.kp.yandex.net/images/actor_iphone/iphone360_39387.jpg","name":"Миранда Пейдж Уоллс","enName":"Miranda Paige Walls","profession":"актеры","enProfession":"actor"},{"id":249071,"photo":"https://st.kp.yandex.net/images/actor_iphone/iphone360_249071.jpg","name":"Карл Уоррен","enName":"Karle Warren","profession":"актеры","enProfession":"actor"},{"id":231502,"photo":"https://st.kp.yandex.net/images/actor_iphone/iphone360_231502.jpg","name":"Рут Залдуондо","enName":"Ruth Zalduondo","profession":"актеры","enProfession":"actor"},{"id":553348,"photo":"https://st.kp.yandex.net/images/actor_iphone/iphone360_553348.jpg","name":"Алан Сильвестри","enName":"Alan Silvestri","profession":"композиторы","enProfession":"composer"},{"id":2005232,"photo":"https://st.kp.yandex.net/images/actor_iphone/iphone360_2005232.jpg","name":"Пол А. Феликс","enName":"Paul A. Felix","profession":"художники","enProfession":"designer"},{"id":2006891,"photo":"https://st.kp.yandex.net/images/actor_iphone/iphone360_2006891.jpg","name":"Рик Слуйтер","enName":"Ric Sluiter","profession":"художники","enProfession":"designer"},{"id":39365,"photo":"https://st.kp.yandex.net/images/actor_iphone/iphone360_39365.jpg","name":"Дин ДеБлуа","enName":"Dean DeBlois","profession":"режиссеры","enProfession":"director"},{"id":39366,"photo":"https://st.kp.yandex.net/images/actor_iphone/iphone360_39366.jpg","name":"Крис Сандерс","enName":"Chris Sanders","profession":"режиссеры","enProfession":"director"},{"id":1986101,"photo":"https://st.kp.yandex.net/images/actor_iphone/iphone360_1986101.jpg","name":"Даррен Т. Холмс","enName":"Darren T. Holmes","profession":"монтажеры","enProfession":"editor"},{"id":39389,"photo":"https://st.kp.yandex.net/images/actor_iphone/iphone360_39389.jpg","name":"Кларк Спенсер","enName":"Clark Spencer","profession":"продюсеры","enProfession":"producer"},{"id":39388,"photo":"https://st.kp.yandex.net/images/actor_iphone/iphone360_39388.jpg","name":"Лиза М. Пул","enName":"Lisa M. Poole","profession":"продюсеры","enProfession":"producer"},{"id":1893994,"photo":"https://st.kp.yandex.net/images/actor_iphone/iphone360_1893994.jpg","name":"Елизавета Чабан","enName":null,"profession":"актеры дубляжа","enProfession":"voice_actor"},{"id":500107,"photo":"https://st.kp.yandex.net/images/actor_iphone/iphone360_500107.jpg","name":"Николай Колев","enName":null,"profession":"актеры дубляжа","enProfession":"voice_actor"},{"id":1735783,"photo":"https://st.kp.yandex.net/images/actor_iphone/iphone360_1735783.jpg","name":"Александра Кожевникова","enName":null,"profession":"актеры дубляжа","enProfession":"voice_actor"},{"id":1118391,"photo":"https://st.kp.yandex.net/images/actor_iphone/iphone360_1118391.jpg","name":"Валерий Никитенко","enName":null,"profession":"актеры дубляжа","enProfession":"voice_actor"},{"id":273444,"photo":"https://st.kp.yandex.net/images/actor_iphone/iphone360_273444.jpg","name":"Валерий Захарьев","enName":null,"profession":"актеры дубляжа","enProfession":"voice_actor"},{"id":37425,"photo":"https://st.kp.yandex.net/images/actor_iphone/iphone360_37425.jpg","name":"Борис Смолкин","enName":null,"profession":"актеры дубляжа","enProfession":"voice_actor"},{"id":284980,"photo":"https://st.kp.yandex.net/images/actor_iphone/iphone360_284980.jpg","name":"Наталья Боровкова","enName":null,"profession":"актеры дубляжа","enProfession":"voice_actor"},{"id":637300,"photo":"https://st.kp.yandex.net/images/actor_iphone/iphone360_637300.jpg","name":"Родион Приходько","enName":null,"profession":"актеры дубляжа","enProfession":"voice_actor"},{"id":284460,"photo":"https://st.kp.yandex.net/images/actor_iphone/iphone360_284460.jpg","name":"Александр Борисов","enName":null,"profession":"актеры дубляжа","enProfession":"voice_actor"},{"id":37392,"photo":"https://st.kp.yandex.net/images/actor_iphone/iphone360_37392.jpg","name":"Максим Сергеев","enName":null,"profession":"актеры дубляжа","enProfession":"voice_actor"},{"id":280962,"photo":"https://st.kp.yandex.net/images/actor_iphone/iphone360_280962.jpg","name":"Татьяна Иванова","enName":null,"profession":"актеры дубляжа","enProfession":"voice_actor"},{"id":301196,"photo":"https://st.kp.yandex.net/images/actor_iphone/iphone360_301196.jpg","name":"Татьяна Рассказова","enName":null,"profession":"актеры дубляжа","enProfession":"voice_actor"},{"id":477451,"photo":"https://st.kp.yandex.net/images/actor_iphone/iphone360_477451.jpg","name":"Алексей Гурьев","enName":null,"profession":"актеры дубляжа","enProfession":"voice_actor"},{"id":637303,"photo":"https://st.kp.yandex.net/images/actor_iphone/iphone360_637303.jpg","name":"Юлия Рудина","enName":null,"profession":"актеры дубляжа","enProfession":"voice_actor"},{"id":1175949,"photo":"https://st.kp.yandex.net/images/actor_iphone/iphone360_1175949.jpg","name":"Геннадий Смирнов","enName":null,"profession":"актеры дубляжа","enProfession":"voice_actor"},{"id":1824295,"photo":"https://st.kp.yandex.net/images/actor_iphone/iphone360_1824295.jpg","name":"Владимир Захарьев","enName":null,"profession":"актеры дубляжа","enProfession":"voice_actor"},{"id":1824713,"photo":"https://st.kp.yandex.net/images/actor_iphone/iphone360_1824713.jpg","name":"Всеволод Богомольный","enName":null,"profession":"актеры дубляжа","enProfession":"voice_actor"},{"id":39366,"photo":"https://st.kp.yandex.net/images/actor_iphone/iphone360_39366.jpg","name":"Крис Сандерс","enName":"Chris Sanders","profession":"редакторы","enProfession":"writer"},{"id":39365,"photo":"https://st.kp.yandex.net/images/actor_iphone/iphone360_39365.jpg","name":"Дин ДеБлуа","enName":"Dean DeBlois","profession":"редакторы","enProfession":"writer"}],"typeNumber":3,"alternativeName":"Lilo & Stitch","enName":null,"names":[{"name":"Лило и Стич"},{"name":"Lilo & Stitch"},{"name":"Lilo und Stitch","language":"DE","type":null},{"name":"Lilo en Stitch","language":"NL","type":null},{"name":"Lilo a Stitch","language":"CZ","type":null},{"name":"Lilo e Stitch","language":"IT","type":null},{"name":"Lilo and Stitch","language":"US","type":null},{"name":"Lilo och Stitch","language":"SE","type":null},{"name":"Lilo amp Stitch","language":"ES","type":null},{"name":"ლილო & სტიჩი","language":"GE","type":null},{"name":"릴로 & 스티치","language":"KR","type":null},{"name":"릴로 & 스티치 1","language":"KR","type":null},{"name":"릴로와 스티치","language":"KR","type":null},{"name":"릴로와 스티치 1","language":"KR","type":null}],"ageRating":0,"ratingMpaa":"pg","sequelsAndPrequels":[{"id":77260,"name":"Новые приключения Стича","enName":null,"alternativeName":"Stitch! The Movie","type":"cartoon","poster":{"url":"https://avatars.mds.yandex.net/get-kinopoisk-image/4483445/f0c20a24-b507-422d-a170-7207783f1b29/orig","previewUrl":"https://avatars.mds.yandex.net/get-kinopoisk-image/4483445/f0c20a24-b507-422d-a170-7207783f1b29/x1000"}},{"id":230374,"name":"Лило и Стич","enName":null,"alternativeName":"Lilo & Stitch: The Series","type":"animated-series","poster":{"url":"https://avatars.mds.yandex.net/get-kinopoisk-image/6201401/7fa6a60a-41e5-439f-a806-de5b1a5f9197/orig","previewUrl":"https://avatars.mds.yandex.net/get-kinopoisk-image/6201401/7fa6a60a-41e5-439f-a806-de5b1a5f9197/x1000"}},{"id":160921,"name":"Лило и Стич 2: Большая проблема Стича","enName":null,"alternativeName":"Lilo & Stitch 2: Stitch Has a Glitch","type":"cartoon","poster":{"url":"https://avatars.mds.yandex.net/get-kinopoisk-image/4303601/70bd9d1f-3db2-402a-ab27-dd32a5aa976d/orig","previewUrl":"https://avatars.mds.yandex.net/get-kinopoisk-image/4303601/70bd9d1f-3db2-402a-ab27-dd32a5aa976d/x1000"}},{"id":251609,"name":"Лерой и Стич","enName":null,"alternativeName":"Leroy & Stitch","type":"cartoon","poster":{"url":"https://avatars.mds.yandex.net/get-kinopoisk-image/1773646/3815e5ff-a35d-4c30-a108-cf76388c3725/orig","previewUrl":"https://avatars.mds.yandex.net/get-kinopoisk-image/1773646/3815e5ff-a35d-4c30-a108-cf76388c3725/x1000"}}],"imagesInfo":{"framesCount":20},"similarMovies":[{"id":280172,"name":"Как приручить дракона","enName":null,"alternativeName":"How to Train Your Dragon","type":"cartoon","poster":{"url":"https://avatars.mds.yandex.net/get-kinopoisk-image/4774061/1a920451-e765-41e9-81aa-78438e82abbc/orig","previewUrl":"https://avatars.mds.yandex.net/get-kinopoisk-image/4774061/1a920451-e765-41e9-81aa-78438e82abbc/x1000"}},{"id":837530,"name":"Моана","enName":null,"alternativeName":"Moana","type":"cartoon","poster":{"url":"https://avatars.mds.yandex.net/get-kinopoisk-image/1600647/f06aa25d-2f76-4bac-8d12-29436fd589bc/orig","previewUrl":"https://avatars.mds.yandex.net/get-kinopoisk-image/1600647/f06aa25d-2f76-4bac-8d12-29436fd589bc/x1000"}},{"id":688384,"name":"Дом","enName":null,"alternativeName":"Home","type":"cartoon","poster":{"url":"https://avatars.mds.yandex.net/get-kinopoisk-image/1946459/e4cf4a48-ec58-4e27-8634-ed24ec8a9e62/orig","previewUrl":"https://avatars.mds.yandex.net/get-kinopoisk-image/1946459/e4cf4a48-ec58-4e27-8634-ed24ec8a9e62/x1000"}},{"id":337757,"name":"Лило и Стич: Остров приключений","enName":null,"alternativeName":"Lilo & Stitch's Island of Adventures","type":"cartoon","poster":{"url":"https://avatars.mds.yandex.net/get-kinopoisk-image/1704946/de43e89f-c040-4f06-8b9f-87f3753af80a/orig","previewUrl":"https://avatars.mds.yandex.net/get-kinopoisk-image/1704946/de43e89f-c040-4f06-8b9f-87f3753af80a/x1000"}}],"shortDescription":"Одинокая Лило знакомится с монстром, который благодаря девочке становится милым зверем. Номинация на «Оскар»","logo":{"url":"https://avatars.mds.yandex.net/get-ott/1531675/2a0000016ef39adf0329aa90cc663531b28d/orig"},"watchability":{"items":null},"top10":null,"top250":162}