{"videos":{"trailers":[{"url":"https://widgets.kinopoisk.ru/discovery/trailer/83484?onlyPlayer=1&autoplay=1&cover=1","name":"Трейлер №3 (русский язык)","site":"kinopoisk_widget"},{"url":"https://www.youtube.com/v/j4C0szpgokQ","name":"Трейлер №2","site":"youtube"},{"url":"https://widgets.kinopoisk.ru/discovery/trailer/15125?onlyPlayer=1&autoplay=1&cover=1","name":"Фрагмент (дублированный)","site":"kinopoisk_widget"},{"url":"https://widgets.kinopoisk.ru/discovery/trailer/83259?onlyPlayer=1&autoplay=1&cover=1","name":"Трейлер №3","site":"kinopoisk_widget"},{"url":"https://www.youtube.com/v/m1a89ECmUxE","name":"Трейлер","site":"youtube"},{"url":"https://www.youtube.com/embed/SxqUoUvNBXY","name":"Official Trailer","site":"youtube","type":"TRAILER"},{"url":"https://www.youtube.com/embed/0LiilQU4ETQ","name":"Малена - Трейлер","site":"youtube","type":"TRAILER"}],"teasers":[]},"fees":{"world":{"value":14493284,"currency":"$"},"russia":{"value":180000,"currency":"$"},"usa":{"value":3448233,"currency":"$"}},"id":747,"type":"movie","externalId":{"kpHD":"45ef28593a736e4dbc0e14331e2fe9f8","imdb":"tt0213847","tmdb":10867},"name":"Малена","rating":{"kp":7.796,"imdb":7.4,"filmCritics":5.6,"russianFilmCritics":0,"await":0},"description":"Малена - красавица-вдова, наваждение мужчин и предмет зависти женщин. Жены распускают о ней грязные сплетни. Мужья преследуют ее по пятам и грезят о ней.\n\n«Мне было 13, когда я увидел ее впервые. Прошло время, я любил многих женщин, и когда мы были близки, они спрашивали: буду ли я помнить их? И я говорил: да, я буду помнить вас. Но единственная, кого я никогда не забуду - та, которая никогда не спрашивала. Малена».","votes":{"kp":96039,"imdb":105969,"filmCritics":78,"russianFilmCritics":2,"await":0},"premiere":{"country":"Италия","world":"2000-10-26T00:00:00.000Z","russia":"2001-04-05T00:00:00.000Z","cinema":"2001-04-05T00:00:00.000Z","dvd":"2014-04-10T00:00:00.000Z","bluray":"2014-01-22T00:00:00.000Z"},"slogan":"She was too beautiful and he was too young to protect her","year":2000,"poster":{"url":"https://st.kp.yandex.net/images/film_big/747.jpg","previewUrl":"https://st.kp.yandex.net/images/film_iphone/iphone360_747.jpg"},"facts":[{"value":"Фильм снят по одноимённому рассказу <a href=\"/name/56037/\" class=\"all\">Лучиано Винчензони</a>.","type":"FACT","spoiler":false},{"value":"Режиссёрская версия фильма имеет продолжительность 108 минут.","type":"FACT","spoiler":false},{"value":"Версия для Соединенных Штатов была сильно урезана. В основном, урезанные сцены изображали мечты главного героя-подростка, в которых он занимался любовью с Маленой. Из эротичных сцен была оставлена только та, где мальчик посещает бордель, и ложится в кровать с проституткой, внешне похожей на Малену.","type":"FACT","spoiler":true}],"genres":[{"name":"драма"},{"name":"мелодрама"},{"name":"военный"}],"countries":[{"name":"Италия"},{"name":"США"}],"seasonsInfo":[],"persons":[{"id":27169,"photo":"https://st.kp.yandex.net/images/actor_iphone/iphone360_27169.jpg","name":"Моника Беллуччи","enName":"Monica Bellucci","profession":"актеры","enProfession":"actor"},{"id":56038,"photo":"https://st.kp.yandex.net/images/actor_iphone/iphone360_56038.jpg","name":"Джузеппе Сульфаро","enName":"Giuseppe Sulfaro","profession":"актеры","enProfession":"actor"},{"id":56039,"photo":"https://st.kp.yandex.net/images/actor_iphone/iphone360_56039.jpg","name":"Лучиано Федерико","enName":"Luciano Federico","profession":"актеры","enProfession":"actor"},{"id":56040,"photo":"https://st.kp.yandex.net/images/actor_iphone/iphone360_56040.jpg","name":"Матильде Пьяна","enName":"Matilde Piana","profession":"актеры","enProfession":"actor"},{"id":56041,"photo":"https://st.kp.yandex.net/images/actor_iphone/iphone360_56041.jpg","name":"Пьетро Нотарианни","enName":"Pietro Notarianni","profession":"актеры","enProfession":"actor"},{"id":56042,"photo":"https://st.kp.yandex.net/images/actor_iphone/iphone360_56042.jpg","name":"Гаэтано Ароника","enName":"Gaetano Aronica","profession":"актеры","enProfession":"actor"},{"id":56043,"photo":"https://st.kp.yandex.net/images/actor_iphone/iphone360_56043.jpg","name":"Джилберто Идонеа","enName":"Gilberto Idonea","profession":"актеры","enProfession":"actor"},{"id":56044,"photo":"https://st.kp.yandex.net/images/actor_iphone/iphone360_56044.jpg","name":"Анджело Пеллегрино","enName":"Angelo Pellegrino","profession":"актеры","enProfession":"actor"},{"id":56045,"photo":"https://st.kp.yandex.net/images/actor_iphone/iphone360_56045.jpg","name":"Габриэлла Ди Луцио","enName":"Gabriella Di Luzio","profession":"актеры","enProfession":"actor"},{"id":56046,"photo":"https://st.kp.yandex.net/images/actor_iphone/iphone360_56046.jpg","name":"Пиппо Проввиденти","enName":"Pippo Provvidenti","profession":"актеры","enProfession":"actor"},{"id":56047,"photo":"https://st.kp.yandex.net/images/actor_iphone/iphone360_56047.jpg","name":"Мария Терранова","enName":"Maria Terranova","profession":"актеры","enProfession":"actor"},{"id":56048,"photo":"https://st.kp.yandex.net/images/actor_iphone/iphone360_56048.jpg","name":"Марчелло Каталано","enName":"Marcello Catalano","profession":"актеры","enProfession":"actor"},{"id":56049,"photo":"https://st.kp.yandex.net/images/actor_iphone/iphone360_56049.jpg","name":"Элиза Моруччи","enName":"Elisa Morucci","profession":"актеры","enProfession":"actor"},{"id":56050,"photo":"https://st.kp.yandex.net/images/actor_iphone/iphone360_56050.jpg","name":"Доменико Дженнаро","enName":"Domenico Gennaro","profession":"актеры","enProfession":"actor"},{"id":11339,"photo":"https://st.kp.yandex.net/images/actor_iphone/iphone360_11339.jpg","name":"Витальба Андреа","enName":"Vitalba Andrea","profession":"актеры","enProfession":"actor"},{"id":56051,"photo":"https://st.kp.yandex.net/images/actor_iphone/iphone360_56051.jpg","name":"Джузеппе Паттавина","enName":"Giuseppe Pattavina","profession":"актеры","enProfession":"actor"},{"id":56052,"photo":"https://st.kp.yandex.net/images/actor_iphone/iphone360_56052.jpg","name":"Франко Каталано","enName":"Franco Catalano","profession":"актеры","enProfession":"actor"},{"id":56053,"photo":"https://st.kp.yandex.net/images/actor_iphone/iphone360_56053.jpg","name":"Даниэле Арена","enName":"Daniele Arena","profession":"актеры","enProfession":"actor"},{"id":56054,"photo":"https://st.kp.yandex.net/images/actor_iphone/iphone360_56054.jpg","name":"Джованни Литрико","enName":"Giovanni Litrico","profession":"актеры","enProfession":"actor"},{"id":56055,"photo":"https://st.kp.yandex.net/images/actor_iphone/iphone360_56055.jpg","name":"Джанлука Гуаррера","enName":"Gianluca Guarrera","profession":"актеры","enProfession":"actor"},{"id":56056,"photo":"https://st.kp.yandex.net/images/actor_iphone/iphone360_56056.jpg","name":"Мишель Даниэль Браманти","enName":"Michel Daniel Bramanti","profession":"актеры","enProfession":"actor"},{"id":56057,"photo":"https://st.kp.yandex.net/images/actor_iphone/iphone360_56057.jpg","name":"Джузеппе Дзиццо","enName":"Giuseppe Zizzo","profession":"актеры","enProfession":"actor"},{"id":56058,"photo":"https://st.kp.yandex.net/images/actor_iphone/iphone360_56058.jpg","name":"Тото Боргезе","enName":"Totò Borgese","profession":"актеры","enProfession":"actor"},{"id":21543,"photo":"https://st.kp.yandex.net/images/actor_iphone/iphone360_21543.jpg","name":"Эмануэле Гуллотто","enName":"Emanuele Gullotto","profession":"актеры","enProfession":"actor"},{"id":56059,"photo":"https://st.kp.yandex.net/images/actor_iphone/iphone360_56059.jpg","name":"Аврора Кваттрокки","enName":"Aurora Quattrocchi","profession":"актеры","enProfession":"actor"},{"id":56060,"photo":"https://st.kp.yandex.net/images/actor_iphone/iphone360_56060.jpg","name":"Клаудия Муци","enName":"Claudia Muzii","profession":"актеры","enProfession":"actor"},{"id":56061,"photo":"https://st.kp.yandex.net/images/actor_iphone/iphone360_56061.jpg","name":"Орнелла Джусто","enName":"Ornella Giusto","profession":"актеры","enProfession":"actor"},{"id":3378,"photo":"https://st.kp.yandex.net/images/actor_iphone/iphone360_3378.jpg","name":"Кончита Пульизи","enName":"Conchita Puglisi","profession":"актеры","enProfession":"actor"},{"id":56062,"photo":"https://st.kp.yandex.net/images/actor_iphone/iphone360_56062.jpg","name":"Ноэми Джарратана","enName":"Noemi Giarratana","profession":"актеры","enProfession":"actor"},{"id":56063,"photo":"https://st.kp.yandex.net/images/actor_iphone/iphone360_56063.jpg","name":"Паола Паче","enName":"Paola Pace","profession":"актеры","enProfession":"actor"},{"id":56064,"photo":"https://st.kp.yandex.net/images/actor_iphone/iphone360_56064.jpg","name":"Люсия Сардо","enName":"Lucia Sardo","profession":"актеры","enProfession":"actor"},{"id":4650846,"photo":"https://st.kp.yandex.net/images/actor_iphone/iphone360_4650846.jpg","name":null,"enName":"Adelaide Alessi","profession":"актеры","enProfession":"actor"},{"id":56066,"photo":"https://st.kp.yandex.net/images/actor_iphone/iphone360_56066.jpg","name":"Анджело Баттиста","enName":"Angelo Battista","profession":"актеры","enProfession":"actor"},{"id":56067,"photo":"https://st.kp.yandex.net/images/actor_iphone/iphone360_56067.jpg","name":"Ванни Брамати","enName":"Vanni Bramati","profession":"актеры","enProfession":"actor"},{"id":56068,"photo":"https://st.kp.yandex.net/images/actor_iphone/iphone360_56068.jpg","name":"Клаудио Кастроджиованни","enName":"Claudio Castrogiovanni","profession":"актеры","enProfession":"actor"},{"id":56069,"photo":"https://st.kp.yandex.net/images/actor_iphone/iphone360_56069.jpg","name":"Алессандро Кремона","enName":"Alessandro Cremona","profession":"актеры","enProfession":"actor"},{"id":56070,"photo":"https://st.kp.yandex.net/images/actor_iphone/iphone360_56070.jpg","name":"Лаззаро Кроук","enName":"Lazzaro Croce","profession":"актеры","enProfession":"actor"},{"id":56073,"photo":"https://st.kp.yandex.net/images/actor_iphone/iphone360_56073.jpg","name":"Франческо Драго","enName":"Francesco Drago","profession":"актеры","enProfession":"actor"},{"id":56071,"photo":"https://st.kp.yandex.net/images/actor_iphone/iphone360_56071.jpg","name":"Патриция Де Либеро","enName":"Patrizia De Libero","profession":"актеры","enProfession":"actor"},{"id":56072,"photo":"https://st.kp.yandex.net/images/actor_iphone/iphone360_56072.jpg","name":"Мария Тереза Ди","enName":"Maria Teresa Di Clemente","profession":"актеры","enProfession":"actor"},{"id":56074,"photo":"https://st.kp.yandex.net/images/actor_iphone/iphone360_56074.jpg","name":"Джованни Фебраро","enName":"Giovanni Febraro","profession":"актеры","enProfession":"actor"},{"id":56075,"photo":"https://st.kp.yandex.net/images/actor_iphone/iphone360_56075.jpg","name":"Фабрицио Ферракане","enName":"Fabrizio Ferracane","profession":"актеры","enProfession":"actor"},{"id":56076,"photo":"https://st.kp.yandex.net/images/actor_iphone/iphone360_56076.jpg","name":"Себастиана Фичера","enName":"Sebastiana Fichera","profession":"актеры","enProfession":"actor"},{"id":56077,"photo":"https://st.kp.yandex.net/images/actor_iphone/iphone360_56077.jpg","name":"Себастиано Фисичелла","enName":"Sebastiano Fisichella","profession":"актеры","enProfession":"actor"},{"id":56078,"photo":"https://st.kp.yandex.net/images/actor_iphone/iphone360_56078.jpg","name":"Анджело Фортуна","enName":"Angelo Fortuna","profession":"актеры","enProfession":"actor"},{"id":56079,"photo":"https://st.kp.yandex.net/images/actor_iphone/iphone360_56079.jpg","name":"Антонио Фулфаро","enName":"Antonio Fulfaro","profession":"актеры","enProfession":"actor"},{"id":56080,"photo":"https://st.kp.yandex.net/images/actor_iphone/iphone360_56080.jpg","name":"Тури Киллер","enName":"Turi Killer","profession":"актеры","enProfession":"actor"},{"id":56081,"photo":"https://st.kp.yandex.net/images/actor_iphone/iphone360_56081.jpg","name":"Джузеппе Лучиано","enName":"Giuseppe Luciano","profession":"актеры","enProfession":"actor"},{"id":56082,"photo":"https://st.kp.yandex.net/images/actor_iphone/iphone360_56082.jpg","name":"Кьяра Марчезе","enName":"Chiara Marchese","profession":"актеры","enProfession":"actor"},{"id":56083,"photo":"https://st.kp.yandex.net/images/actor_iphone/iphone360_56083.jpg","name":"Сальваторе Мартино","enName":"Salvatore Martino","profession":"актеры","enProfession":"actor"},{"id":56084,"photo":"https://st.kp.yandex.net/images/actor_iphone/iphone360_56084.jpg","name":"Джованни Марторана","enName":"Giovanni Martorana","profession":"актеры","enProfession":"actor"},{"id":56085,"photo":"https://st.kp.yandex.net/images/actor_iphone/iphone360_56085.jpg","name":"Антонио Пеллегрино","enName":"Antonio Pellegrino","profession":"актеры","enProfession":"actor"},{"id":56086,"photo":"https://st.kp.yandex.net/images/actor_iphone/iphone360_56086.jpg","name":"Клаудио Пиано","enName":"Claudio Piano","profession":"актеры","enProfession":"actor"},{"id":56087,"photo":"https://st.kp.yandex.net/images/actor_iphone/iphone360_56087.jpg","name":"Антонелло Пуглиси","enName":"Antonello Puglisi","profession":"актеры","enProfession":"actor"},{"id":56088,"photo":"https://st.kp.yandex.net/images/actor_iphone/iphone360_56088.jpg","name":"Кармела Пулвиренти","enName":"Carmela Pulvirenti","profession":"актеры","enProfession":"actor"},{"id":56089,"photo":"https://st.kp.yandex.net/images/actor_iphone/iphone360_56089.jpg","name":"Адриана Рицца","enName":"Adriana Rizza","profession":"актеры","enProfession":"actor"},{"id":56090,"photo":"https://st.kp.yandex.net/images/actor_iphone/iphone360_56090.jpg","name":"Роберто Рицца","enName":"Roberto Rizza","profession":"актеры","enProfession":"actor"},{"id":56091,"photo":"https://st.kp.yandex.net/images/actor_iphone/iphone360_56091.jpg","name":"Джида Салези","enName":"Giada Salesi","profession":"актеры","enProfession":"actor"},{"id":56094,"photo":"https://st.kp.yandex.net/images/actor_iphone/iphone360_56094.jpg","name":"Серджо Семинара","enName":"Sergio Seminara","profession":"актеры","enProfession":"actor"},{"id":56092,"photo":"https://st.kp.yandex.net/images/actor_iphone/iphone360_56092.jpg","name":"Орио Скадуто","enName":"Orio Scaduto","profession":"актеры","enProfession":"actor"},{"id":56093,"photo":"https://st.kp.yandex.net/images/actor_iphone/iphone360_56093.jpg","name":"Агостино Скудери","enName":"Agostino Scuderi","profession":"актеры","enProfession":"actor"},{"id":56095,"photo":"https://st.kp.yandex.net/images/actor_iphone/iphone360_56095.jpg","name":"Фаусто Сидди","enName":"Fausto Siddi","profession":"актеры","enProfession":"actor"},{"id":56096,"photo":"https://st.kp.yandex.net/images/actor_iphone/iphone360_56096.jpg","name":"Винченцо Терранова","enName":"Vincenzo Terranova","profession":"актеры","enProfession":"actor"},{"id":56097,"photo":"https://st.kp.yandex.net/images/actor_iphone/iphone360_56097.jpg","name":"Агостино Урсуно","enName":"Agostino Ursino","profession":"актеры","enProfession":"actor"},{"id":3429210,"photo":"https://st.kp.yandex.net/images/actor_iphone/iphone360_3429210.jpg","name":"Дрю Бриден","enName":"Drew Breeden","profession":"актеры","enProfession":"actor"},{"id":3195355,"photo":"https://st.kp.yandex.net/images/actor_iphone/iphone360_3195355.jpg","name":"Брэндон Фиббс","enName":"Brandon Fibbs","profession":"актеры","enProfession":"actor"},{"id":227026,"photo":"https://st.kp.yandex.net/images/actor_iphone/iphone360_227026.jpg","name":"Ноам Моргенштерн","enName":"Noam Morgensztern","profession":"актеры","enProfession":"actor"},{"id":154687,"photo":"https://st.kp.yandex.net/images/actor_iphone/iphone360_154687.jpg","name":"Эннио Морриконе","enName":"Ennio Morricone","profession":"композиторы","enProfession":"composer"},{"id":3448774,"photo":"https://st.kp.yandex.net/images/actor_iphone/iphone360_3448774.jpg","name":"Франческо Котон","enName":"Francesco Cotone","profession":"художники","enProfession":"designer"},{"id":1997063,"photo":"https://st.kp.yandex.net/images/actor_iphone/iphone360_1997063.jpg","name":"Франческо Фриджери","enName":"Francesco Frigeri","profession":"художники","enProfession":"designer"},{"id":1998801,"photo":"https://st.kp.yandex.net/images/actor_iphone/iphone360_1998801.jpg","name":"Маурицио Милленотти","enName":"Maurizio Millenotti","profession":"художники","enProfession":"designer"},{"id":1997339,"photo":"https://st.kp.yandex.net/images/actor_iphone/iphone360_1997339.jpg","name":"Бруно Чезари","enName":"Bruno Cesari","profession":"художники","enProfession":"designer"},{"id":56036,"photo":"https://st.kp.yandex.net/images/actor_iphone/iphone360_56036.jpg","name":"Джузеппе Торнаторе","enName":"Giuseppe Tornatore","profession":"режиссеры","enProfession":"director"},{"id":2004555,"photo":"https://st.kp.yandex.net/images/actor_iphone/iphone360_2004555.jpg","name":"Массимо Квалья","enName":"Massimo Quaglia","profession":"монтажеры","enProfession":"editor"},{"id":283426,"photo":"https://st.kp.yandex.net/images/actor_iphone/iphone360_283426.jpg","name":"Лайош Кольтаи","enName":"Lajos Koltai","profession":"операторы","enProfession":"operator"},{"id":56098,"photo":"https://st.kp.yandex.net/images/actor_iphone/iphone360_56098.jpg","name":"Карло Бернаскони","enName":"Carlo Bernasconi","profession":"продюсеры","enProfession":"producer"},{"id":3205,"photo":"https://st.kp.yandex.net/images/actor_iphone/iphone360_3205.jpg","name":"Харви Вайнштейн","enName":"Harvey Weinstein","profession":"продюсеры","enProfession":"producer"},{"id":37592,"photo":"https://st.kp.yandex.net/images/actor_iphone/iphone360_37592.jpg","name":"Марио Котоне","enName":"Mario Cotone","profession":"продюсеры","enProfession":"producer"},{"id":56099,"photo":"https://st.kp.yandex.net/images/actor_iphone/iphone360_56099.jpg","name":"Фабрицио Ломбардо","enName":"Fabrizio Lombardo","profession":"продюсеры","enProfession":"producer"},{"id":1055690,"photo":"https://st.kp.yandex.net/images/actor_iphone/iphone360_1055690.jpg","name":"Марианна Шульц","enName":null,"profession":"актеры дубляжа","enProfession":"voice_actor"},{"id":1646298,"photo":"https://st.kp.yandex.net/images/actor_iphone/iphone360_1646298.jpg","name":"Олег Вирозуб","enName":null,"profession":"актеры дубляжа","enProfession":"voice_actor"},{"id":1078947,"photo":"https://st.kp.yandex.net/images/actor_iphone/iphone360_1078947.jpg","name":"Александр Клюквин","enName":null,"profession":"актеры дубляжа","enProfession":"voice_actor"},{"id":245770,"photo":"https://st.kp.yandex.net/images/actor_iphone/iphone360_245770.jpg","name":"Марина Дюжева","enName":null,"profession":"актеры дубляжа","enProfession":"voice_actor"},{"id":287613,"photo":"https://st.kp.yandex.net/images/actor_iphone/iphone360_287613.jpg","name":"Сергей Чекан","enName":null,"profession":"актеры дубляжа","enProfession":"voice_actor"},{"id":251227,"photo":"https://st.kp.yandex.net/images/actor_iphone/iphone360_251227.jpg","name":"Валентин Смирнитский","enName":null,"profession":"актеры дубляжа","enProfession":"voice_actor"},{"id":294081,"photo":"https://st.kp.yandex.net/images/actor_iphone/iphone360_294081.jpg","name":"Александр Комлев","enName":null,"profession":"актеры дубляжа","enProfession":"voice_actor"},{"id":116876,"photo":"https://st.kp.yandex.net/images/actor_iphone/iphone360_116876.jpg","name":"Юрий Саранцев","enName":null,"profession":"актеры дубляжа","enProfession":"voice_actor"},{"id":231213,"photo":"https://st.kp.yandex.net/images/actor_iphone/iphone360_231213.jpg","name":"Александр Новиков","enName":null,"profession":"актеры дубляжа","enProfession":"voice_actor"},{"id":273180,"photo":"https://st.kp.yandex.net/images/actor_iphone/iphone360_273180.jpg","name":"Никита Прозоровский","enName":null,"profession":"актеры дубляжа","enProfession":"voice_actor"},{"id":280829,"photo":"https://st.kp.yandex.net/images/actor_iphone/iphone360_280829.jpg","name":"Юрий Маляров","enName":null,"profession":"актеры дубляжа","enProfession":"voice_actor"},{"id":284235,"photo":"https://st.kp.yandex.net/images/actor_iphone/iphone360_284235.jpg","name":"Дальвин Щербаков","enName":null,"profession":"актеры дубляжа","enProfession":"voice_actor"},{"id":290512,"photo":"https://st.kp.yandex.net/images/actor_iphone/iphone360_290512.jpg","name":"Ольга Сирина","enName":null,"profession":"актеры дубляжа","enProfession":"voice_actor"},{"id":320243,"photo":"https://st.kp.yandex.net/images/actor_iphone/iphone360_320243.jpg","name":"Виктор Петров","enName":null,"profession":"актеры дубляжа","enProfession":"voice_actor"},{"id":325814,"photo":"https://st.kp.yandex.net/images/actor_iphone/iphone360_325814.jpg","name":"Рудольф Панков","enName":null,"profession":"актеры дубляжа","enProfession":"voice_actor"},{"id":330068,"photo":"https://st.kp.yandex.net/images/actor_iphone/iphone360_330068.jpg","name":"Светлана Старикова","enName":null,"profession":"актеры дубляжа","enProfession":"voice_actor"},{"id":594457,"photo":"https://st.kp.yandex.net/images/actor_iphone/iphone360_594457.jpg","name":"Юрий Меншагин","enName":null,"profession":"актеры дубляжа","enProfession":"voice_actor"},{"id":1159780,"photo":"https://st.kp.yandex.net/images/actor_iphone/iphone360_1159780.jpg","name":"Александр Груздев","enName":null,"profession":"актеры дубляжа","enProfession":"voice_actor"},{"id":1616407,"photo":"https://st.kp.yandex.net/images/actor_iphone/iphone360_1616407.jpg","name":"Всеволод Кузнецов","enName":null,"profession":"актеры дубляжа","enProfession":"voice_actor"},{"id":1642594,"photo":"https://st.kp.yandex.net/images/actor_iphone/iphone360_1642594.jpg","name":"Жанна Никонова","enName":null,"profession":"актеры дубляжа","enProfession":"voice_actor"},{"id":1649885,"photo":"https://st.kp.yandex.net/images/actor_iphone/iphone360_1649885.jpg","name":"Лариса Некипелова","enName":null,"profession":"актеры дубляжа","enProfession":"voice_actor"},{"id":1664122,"photo":"https://st.kp.yandex.net/images/actor_iphone/iphone360_1664122.jpg","name":"Виктор Бохон","enName":null,"profession":"актеры дубляжа","enProfession":"voice_actor"},{"id":1665134,"photo":"https://st.kp.yandex.net/images/actor_iphone/iphone360_1665134.jpg","name":"Марина Тарасова","enName":null,"profession":"актеры дубляжа","enProfession":"voice_actor"},{"id":56036,"photo":"https://st.kp.yandex.net/images/actor_iphone/iphone360_56036.jpg","name":"Джузеппе Торнаторе","enName":"Giuseppe Tornatore","profession":"редакторы","enProfession":"writer"},{"id":56037,"photo":"https://st.kp.yandex.net/images/actor_iphone/iphone360_56037.jpg","name":"Лучиано Винчензони","enName":"Luciano Vincenzoni","profession":"редакторы","enProfession":"writer"}],"productionCompanies":[{"name":"Miramax","url":"https://www.themoviedb.org/t/p/original/m6AHu84oZQxvq7n1rsvMNJIAsMu.png","previewUrl":"https://www.themoviedb.org/t/p/w500/m6AHu84oZQxvq7n1rsvMNJIAsMu.png"},{"name":"Medusa Produzione","url":null,"previewUrl":null}],"typeNumber":1,"alternativeName":"Malèna","backdrop":{"url":"https://avatars.mds.yandex.net/get-ott/224348/2a00000162251f191950fc7afd74e592cc8b/orig","previewUrl":"https://avatars.mds.yandex.net/get-ott/224348/2a00000162251f191950fc7afd74e592cc8b/x1000"},"budget":{},"enName":null,"movieLength":100,"names":[{"name":"Малена"},{"name":"Malèna"}],"status":null,"ageRating":16,"ratingMpaa":"r","sequelsAndPrequels":[{"id":874241,"name":"Красивая девушка","enName":"Azhagaana Ponnuthan","alternativeName":"Azhagaana Ponnuthan","type":"remake","poster":{"url":"https://st.kp.yandex.net/images/film_big/874241.jpg","previewUrl":"https://st.kp.yandex.net/images/film_iphone/iphone360_874241.jpg"}},{"id":904488,"name":null,"enName":"Rouh's Beauty","alternativeName":"Rouh's Beauty","type":"remake","poster":{"url":"https://st.kp.yandex.net/images/film_big/904488.jpg","previewUrl":"https://st.kp.yandex.net/images/film_iphone/iphone360_904488.jpg"}},{"id":902521,"name":"Муссон","enName":"Monsoon","alternativeName":"Monsoon","type":"remake","poster":{"url":"https://st.kp.yandex.net/images/film_big/902521.jpg","previewUrl":"https://st.kp.yandex.net/images/film_iphone/iphone360_902521.jpg"}}],"similarMovies":[{"id":325439,"name":"Чтец","enName":null,"alternativeName":"The Reader","type":"movie","poster":{"url":"https://avatars.mds.yandex.net/get-kinopoisk-image/1600647/ff66ccce-0493-44a4-86c0-6f9ff58a31a5/orig","previewUrl":"https://avatars.mds.yandex.net/get-kinopoisk-image/1600647/ff66ccce-0493-44a4-86c0-6f9ff58a31a5/x1000"}},{"id":7226,"name":"Догвилль","enName":null,"alternativeName":"Dogville","type":"movie","poster":{"url":"https://avatars.mds.yandex.net/get-kinopoisk-image/1704946/ea32e9e1-bce8-4a1f-bf1c-6527851f71aa/orig","previewUrl":"https://avatars.mds.yandex.net/get-kinopoisk-image/1704946/ea32e9e1-bce8-4a1f-bf1c-6527851f71aa/x1000"}},{"id":6176,"name":"Голова в облаках","enName":null,"alternativeName":"Head in the Clouds","type":"movie","poster":{"url":"https://avatars.mds.yandex.net/get-kinopoisk-image/1946459/d4d1ccd9-84b9-4b5c-b688-26c90be57b9f/orig","previewUrl":"https://avatars.mds.yandex.net/get-kinopoisk-image/1946459/d4d1ccd9-84b9-4b5c-b688-26c90be57b9f/x1000"}},{"id":424,"name":"Новый кинотеатр «Парадизо»","enName":null,"alternativeName":"Nuovo Cinema Paradiso","type":"movie","poster":{"url":"https://avatars.mds.yandex.net/get-kinopoisk-image/1898899/c6c61323-479f-48dc-8ac6-74b67242c6a9/orig","previewUrl":"https://avatars.mds.yandex.net/get-kinopoisk-image/1898899/c6c61323-479f-48dc-8ac6-74b67242c6a9/x1000"}},{"id":715,"name":"Необратимость","enName":null,"alternativeName":"Irréversible","type":"movie","poster":{"url":"https://avatars.mds.yandex.net/get-kinopoisk-image/1900788/6858add3-2f7e-433e-9520-6d2bf7268bfe/orig","previewUrl":"https://avatars.mds.yandex.net/get-kinopoisk-image/1900788/6858add3-2f7e-433e-9520-6d2bf7268bfe/x1000"}},{"id":428884,"name":"Баария","enName":null,"alternativeName":"Baarìa","type":"movie","poster":{"url":"https://avatars.mds.yandex.net/get-kinopoisk-image/1600647/49d7b306-2a75-4cf4-933b-3102487fe25c/orig","previewUrl":"https://avatars.mds.yandex.net/get-kinopoisk-image/1600647/49d7b306-2a75-4cf4-933b-3102487fe25c/x1000"}},{"id":77163,"name":"Амаркорд","enName":null,"alternativeName":"Amarcord","type":"movie","poster":{"url":"https://avatars.mds.yandex.net/get-kinopoisk-image/1946459/0f86df1b-8844-4cb8-9fc9-4df1076ed8e6/orig","previewUrl":"https://avatars.mds.yandex.net/get-kinopoisk-image/1946459/0f86df1b-8844-4cb8-9fc9-4df1076ed8e6/x1000"}},{"id":762750,"name":"Месть от кутюр","enName":null,"alternativeName":"The Dressmaker","type":"movie","poster":{"url":"https://avatars.mds.yandex.net/get-kinopoisk-image/1773646/8f91afe9-3eec-4697-8413-52ebff943a98/orig","previewUrl":"https://avatars.mds.yandex.net/get-kinopoisk-image/1773646/8f91afe9-3eec-4697-8413-52ebff943a98/x1000"}},{"id":64775,"name":"Трагедии Нины","enName":null,"alternativeName":"Ha-Asonot Shel Nina","type":"movie","poster":{"url":"https://avatars.mds.yandex.net/get-kinopoisk-image/1599028/ec10765c-97aa-4755-8e2a-6a79490486f8/orig","previewUrl":"https://avatars.mds.yandex.net/get-kinopoisk-image/1599028/ec10765c-97aa-4755-8e2a-6a79490486f8/x1000"}},{"id":12097,"name":"Сокращая класс","enName":null,"alternativeName":"Cutting Class","type":"movie","poster":{"url":"https://avatars.mds.yandex.net/get-kinopoisk-image/1773646/34d9935a-cad5-4c26-bec1-7790c29e3c7c/orig","previewUrl":"https://avatars.mds.yandex.net/get-kinopoisk-image/1773646/34d9935a-cad5-4c26-bec1-7790c29e3c7c/x1000"}}],"shortDescription":"История молодой вдовы, для которой красота становится проклятием. Моника Беллуччи в драме о похоти и зависти","imagesInfo":{"framesCount":53},"logo":{"url":"https://avatars.mds.yandex.net/get-ott/224348/2a0000017f9204422c26d9c6136a089965e5/orig"},"watchability":{"items":null},"top10":null,"top250":null}