{"videos":{"trailers":[{"url":"https://widgets.kinopoisk.ru/discovery/trailer/85044?onlyPlayer=1&autoplay=1&cover=1","name":"Русский трейлер","site":"kinopoisk_widget"},{"url":"https://widgets.kinopoisk.ru/discovery/trailer/6367?onlyPlayer=1&autoplay=1&cover=1","name":"Трейлер","site":"kinopoisk_widget"}],"teasers":[]},"fees":{"world":{"value":368744044,"currency":"$"},"usa":{"value":241438208,"currency":"$"}},"id":762,"type":"movie","externalId":{"kpHD":null,"imdb":null},"name":"Моя большая греческая свадьба","rating":{"kp":6.756,"imdb":6.6,"filmCritics":6.7,"russianFilmCritics":0,"await":0},"description":"Афродита, богиня любви и красоты, не благосклонна к Туле Портокалос. Её регулярный ночной кошмар – уже за 30 и ещё не замужем. В толстых очках и с обвисшими прядями она обслуживает клиентов в семейном ресторане своих многочисленных родственников и спит и видит, куда бы сбежать от всех этих тётушек, дядюшек и бабушек.","votes":{"kp":15159,"imdb":135810,"filmCritics":130,"russianFilmCritics":0,"await":0},"premiere":{"country":"США","world":"2002-02-22T00:00:00.000Z","russia":"2002-09-19T00:00:00.000Z","cinema":"2002-09-19T00:00:00.000Z","dvd":"2002-12-17T00:00:00.000Z"},"slogan":"1 невеста и 99 ее безумных родственников","year":2001,"budget":{"value":5000000,"currency":"$"},"poster":{"url":"https://st.kp.yandex.net/images/film_big/762.jpg","previewUrl":"https://st.kp.yandex.net/images/film_iphone/iphone360_762.jpg"},"facts":[{"value":"Сцена, в которой тётя Вула (её сыграла <a href=\"/name/3837/\" class=\"all\">Андреа Мартин</a>) дергаёт за волосы героя <a href=\"/name/14320/\" class=\"all\">Джона Корбетта</a>, была сымпровизирована. Мартин забыла следующую реплику, маленько потрепала причёску партнёра по съёмочной площадке, вспомнила слова и продолжила. Корбетт, надо отдать ему должное, в этот момент не вышел из образа. Получившееся выглядело так естественно и органично, что эпизод решили не переснимать.","type":"FACT","spoiler":false},{"value":"Приглашённых на свадьбу со стороны невесты сыграли родственники актрисы <a href=\"/name/41406/\" class=\"all\">Нии Вардалос</a>.","type":"FACT","spoiler":false},{"value":"Обеспечивать актёров питанием оказалось проще простого. Узнав о съёмках, владельцы близлежащих ресторанов посылали на съёмочную площадку еду в огромных количествах, не требуя никакой оплаты.","type":"FACT","spoiler":false},{"value":"При исполнении танцев на свадьбе актёры совершали в движениях массу ошибок из-за банальной усталости.","type":"FACT","spoiler":false},{"value":"Сцены возле церкви снимали в Торонто, Канада, у Храма Святой Троицы Русской православной церкви, а внутри — в Храме Николая Чудотворца Украинской католической церкви.","type":"FACT","spoiler":false}],"genres":[{"name":"драма"},{"name":"мелодрама"},{"name":"комедия"}],"countries":[{"name":"Канада"},{"name":"США"}],"seasonsInfo":[],"persons":[{"id":41406,"photo":"https://st.kp.yandex.net/images/actor_iphone/iphone360_41406.jpg","name":"Ниа Вардалос","enName":"Nia Vardalos","profession":"актеры","enProfession":"actor"},{"id":14320,"photo":"https://st.kp.yandex.net/images/actor_iphone/iphone360_14320.jpg","name":"Джон Корбетт","enName":"John Corbett","profession":"актеры","enProfession":"actor"},{"id":8567,"photo":"https://st.kp.yandex.net/images/actor_iphone/iphone360_8567.jpg","name":"Лэйни Казан","enName":"Lainie Kazan","profession":"актеры","enProfession":"actor"},{"id":3837,"photo":"https://st.kp.yandex.net/images/actor_iphone/iphone360_3837.jpg","name":"Андреа Мартин","enName":"Andrea Martin","profession":"актеры","enProfession":"actor"},{"id":41408,"photo":"https://st.kp.yandex.net/images/actor_iphone/iphone360_41408.jpg","name":"Луис Мэндилор","enName":"Louis Mandylor","profession":"актеры","enProfession":"actor"},{"id":41418,"photo":"https://st.kp.yandex.net/images/actor_iphone/iphone360_41418.jpg","name":"Джерри Мендичино","enName":"Gerry Mendicino","profession":"актеры","enProfession":"actor"},{"id":41407,"photo":"https://st.kp.yandex.net/images/actor_iphone/iphone360_41407.jpg","name":"Майкл Константин","enName":"Michael Constantine","profession":"актеры","enProfession":"actor"},{"id":15805,"photo":"https://st.kp.yandex.net/images/actor_iphone/iphone360_15805.jpg","name":"Джиа Каридес","enName":"Gia Carides","profession":"актеры","enProfession":"actor"},{"id":41410,"photo":"https://st.kp.yandex.net/images/actor_iphone/iphone360_41410.jpg","name":"Джои Фатон","enName":"Joey Fatone","profession":"актеры","enProfession":"actor"},{"id":4590,"photo":"https://st.kp.yandex.net/images/actor_iphone/iphone360_4590.jpg","name":"Иэн Гомес","enName":"Ian Gomez","profession":"актеры","enProfession":"actor"},{"id":41409,"photo":"https://st.kp.yandex.net/images/actor_iphone/iphone360_41409.jpg","name":"Фиона Рид","enName":"Fiona Reid","profession":"актеры","enProfession":"actor"},{"id":30340,"photo":"https://st.kp.yandex.net/images/actor_iphone/iphone360_30340.jpg","name":"Брюс Грэй","enName":"Bruce Gray","profession":"актеры","enProfession":"actor"},{"id":41411,"photo":"https://st.kp.yandex.net/images/actor_iphone/iphone360_41411.jpg","name":"Кристина Элесиниотис","enName":"Christina Eleusiniotis","profession":"актеры","enProfession":"actor"},{"id":41412,"photo":"https://st.kp.yandex.net/images/actor_iphone/iphone360_41412.jpg","name":"Кайли Виейра","enName":"Kaylee Vieira","profession":"актеры","enProfession":"actor"},{"id":41413,"photo":"https://st.kp.yandex.net/images/actor_iphone/iphone360_41413.jpg","name":"Джон Калангис","enName":"Johnny Kalangis","profession":"актеры","enProfession":"actor"},{"id":41414,"photo":"https://st.kp.yandex.net/images/actor_iphone/iphone360_41414.jpg","name":"Марита Журавлёфф","enName":"Marita Zouravlioff","profession":"актеры","enProfession":"actor"},{"id":41415,"photo":"https://st.kp.yandex.net/images/actor_iphone/iphone360_41415.jpg","name":"Сара Осман","enName":"Sarah Osman","profession":"актеры","enProfession":"actor"},{"id":41416,"photo":"https://st.kp.yandex.net/images/actor_iphone/iphone360_41416.jpg","name":"Петра Вилдгус","enName":"Petra Wildgoose","profession":"актеры","enProfession":"actor"},{"id":41417,"photo":"https://st.kp.yandex.net/images/actor_iphone/iphone360_41417.jpg","name":"Мелисса Тодд","enName":"Melissa Todd","profession":"актеры","enProfession":"actor"},{"id":32148,"photo":"https://st.kp.yandex.net/images/actor_iphone/iphone360_32148.jpg","name":"Бесс Майслер","enName":"Bess Meisler","profession":"актеры","enProfession":"actor"},{"id":41419,"photo":"https://st.kp.yandex.net/images/actor_iphone/iphone360_41419.jpg","name":"Ставрула Логотеттис","enName":"Stavroula Logothettis","profession":"актеры","enProfession":"actor"},{"id":41420,"photo":"https://st.kp.yandex.net/images/actor_iphone/iphone360_41420.jpg","name":"Константин Цапралис","enName":"Constantine Tsapralis","profession":"актеры","enProfession":"actor"},{"id":703683,"photo":"https://st.kp.yandex.net/images/actor_iphone/iphone360_703683.jpg","name":"Джейн Иствуд","enName":"Jayne Eastwood","profession":"актеры","enProfession":"actor"},{"id":41421,"photo":"https://st.kp.yandex.net/images/actor_iphone/iphone360_41421.jpg","name":"Фрэнк Фальконе","enName":"Frank Falcone","profession":"актеры","enProfession":"actor"},{"id":41422,"photo":"https://st.kp.yandex.net/images/actor_iphone/iphone360_41422.jpg","name":"Юджин Мартел","enName":"Eugene Martel","profession":"актеры","enProfession":"actor"},{"id":41423,"photo":"https://st.kp.yandex.net/images/actor_iphone/iphone360_41423.jpg","name":"Джо Персечини","enName":"Joe Persechini","profession":"актеры","enProfession":"actor"},{"id":41424,"photo":"https://st.kp.yandex.net/images/actor_iphone/iphone360_41424.jpg","name":"Питер Ксиннис","enName":"Peter Xynnis","profession":"актеры","enProfession":"actor"},{"id":41425,"photo":"https://st.kp.yandex.net/images/actor_iphone/iphone360_41425.jpg","name":"Антони Кандиотис","enName":"Anthony Kandiotis","profession":"актеры","enProfession":"actor"},{"id":41426,"photo":"https://st.kp.yandex.net/images/actor_iphone/iphone360_41426.jpg","name":"Ник Куцукос","enName":"Nick Kutsukos","profession":"актеры","enProfession":"actor"},{"id":41427,"photo":"https://st.kp.yandex.net/images/actor_iphone/iphone360_41427.jpg","name":"Питер Тарос","enName":"Peter Tharos","profession":"актеры","enProfession":"actor"},{"id":41428,"photo":"https://st.kp.yandex.net/images/actor_iphone/iphone360_41428.jpg","name":"Крисси Параскевопулос","enName":"Chrissy Paraskevopoulos","profession":"актеры","enProfession":"actor"},{"id":41429,"photo":"https://st.kp.yandex.net/images/actor_iphone/iphone360_41429.jpg","name":"Мария Вакратсис","enName":"Maria Vacratsis","profession":"актеры","enProfession":"actor"},{"id":28042,"photo":"https://st.kp.yandex.net/images/actor_iphone/iphone360_28042.jpg","name":"Кэтрин Хаггис","enName":"Kathryn Haggis","profession":"актеры","enProfession":"actor"},{"id":41430,"photo":"https://st.kp.yandex.net/images/actor_iphone/iphone360_41430.jpg","name":"Гейл Гарнетт","enName":"Gale Garnett","profession":"актеры","enProfession":"actor"},{"id":41431,"photo":"https://st.kp.yandex.net/images/actor_iphone/iphone360_41431.jpg","name":"Шарлин Битзас","enName":"Charlene Bitzas","profession":"актеры","enProfession":"actor"},{"id":41432,"photo":"https://st.kp.yandex.net/images/actor_iphone/iphone360_41432.jpg","name":"Крис Савидес","enName":"Chris Savides","profession":"актеры","enProfession":"actor"},{"id":41433,"photo":"https://st.kp.yandex.net/images/actor_iphone/iphone360_41433.jpg","name":"Константин Вардалос","enName":"Constantine Vardalos","profession":"актеры","enProfession":"actor"},{"id":41434,"photo":"https://st.kp.yandex.net/images/actor_iphone/iphone360_41434.jpg","name":"Скотт Коури","enName":"Scott Khouri","profession":"актеры","enProfession":"actor"},{"id":41435,"photo":"https://st.kp.yandex.net/images/actor_iphone/iphone360_41435.jpg","name":"Джон Цифликлис","enName":"John Tsifliklis","profession":"актеры","enProfession":"actor"},{"id":41436,"photo":"https://st.kp.yandex.net/images/actor_iphone/iphone360_41436.jpg","name":"Питер Чалкиопулос","enName":"Peter Chalkiopoulos","profession":"актеры","enProfession":"actor"},{"id":41437,"photo":"https://st.kp.yandex.net/images/actor_iphone/iphone360_41437.jpg","name":"Питер Гогос","enName":"Peter Gogos","profession":"актеры","enProfession":"actor"},{"id":41438,"photo":"https://st.kp.yandex.net/images/actor_iphone/iphone360_41438.jpg","name":"Спиро Миланку","enName":"Spiro Milankou","profession":"актеры","enProfession":"actor"},{"id":41439,"photo":"https://st.kp.yandex.net/images/actor_iphone/iphone360_41439.jpg","name":"Виктор Политис","enName":"Victor Politis","profession":"актеры","enProfession":"actor"},{"id":41440,"photo":"https://st.kp.yandex.net/images/actor_iphone/iphone360_41440.jpg","name":"Джим Рувас","enName":"Jim Rouvas","profession":"актеры","enProfession":"actor"},{"id":41441,"photo":"https://st.kp.yandex.net/images/actor_iphone/iphone360_41441.jpg","name":"Ариэль Шугарман","enName":"Arielle Sugarman","profession":"актеры","enProfession":"actor"},{"id":680834,"photo":"https://st.kp.yandex.net/images/actor_iphone/iphone360_680834.jpg","name":"Мэттью Галлифорд","enName":"Matthew Galliford","profession":"актеры","enProfession":"actor"},{"id":2894196,"photo":"https://st.kp.yandex.net/images/actor_iphone/iphone360_2894196.jpg","name":"Томас Кэйн","enName":"Thomas Kane","profession":"актеры","enProfession":"actor"},{"id":2199426,"photo":"https://st.kp.yandex.net/images/actor_iphone/iphone360_2199426.jpg","name":"Константин Курелиас","enName":"Konstantine Kurelias","profession":"актеры","enProfession":"actor"},{"id":611273,"photo":"https://st.kp.yandex.net/images/actor_iphone/iphone360_611273.jpg","name":"Александр Янко","enName":"Alexander Janko","profession":"композиторы","enProfession":"composer"},{"id":611274,"photo":"https://st.kp.yandex.net/images/actor_iphone/iphone360_611274.jpg","name":"Крис Уилсон","enName":"Chris Wilson","profession":"композиторы","enProfession":"composer"},{"id":1959231,"photo":"https://st.kp.yandex.net/images/actor_iphone/iphone360_1959231.jpg","name":"Грегори П. Кин","enName":"Gregory P. Keen","profession":"художники","enProfession":"designer"},{"id":418282,"photo":"https://st.kp.yandex.net/images/actor_iphone/iphone360_418282.jpg","name":"Кеи ЭнДжи","enName":"Kei Ng","profession":"художники","enProfession":"designer"},{"id":1566818,"photo":"https://st.kp.yandex.net/images/actor_iphone/iphone360_1566818.jpg","name":"Майкл Клэнси","enName":"Michael Clancy","profession":"художники","enProfession":"designer"},{"id":1998863,"photo":"https://st.kp.yandex.net/images/actor_iphone/iphone360_1998863.jpg","name":"Энрико Кампана","enName":"Enrico Campana","profession":"художники","enProfession":"designer"},{"id":41405,"photo":"https://st.kp.yandex.net/images/actor_iphone/iphone360_41405.jpg","name":"Джоэл Цвик","enName":"Joel Zwick","profession":"режиссеры","enProfession":"director"},{"id":223767,"photo":"https://st.kp.yandex.net/images/actor_iphone/iphone360_223767.jpg","name":"Миа Голдман","enName":"Mia Goldman","profession":"монтажеры","enProfession":"editor"},{"id":323385,"photo":"https://st.kp.yandex.net/images/actor_iphone/iphone360_323385.jpg","name":"Джеф Джёр","enName":"Jeffrey Jur","profession":"операторы","enProfession":"operator"},{"id":41442,"photo":"https://st.kp.yandex.net/images/actor_iphone/iphone360_41442.jpg","name":"Гари Гетцман","enName":"Gary Goetzman","profession":"продюсеры","enProfession":"producer"},{"id":9144,"photo":"https://st.kp.yandex.net/images/actor_iphone/iphone360_9144.jpg","name":"Том Хэнкс","enName":"Tom Hanks","profession":"продюсеры","enProfession":"producer"},{"id":1381,"photo":"https://st.kp.yandex.net/images/actor_iphone/iphone360_1381.jpg","name":"Рита Уилсон","enName":"Rita Wilson","profession":"продюсеры","enProfession":"producer"},{"id":35875,"photo":"https://st.kp.yandex.net/images/actor_iphone/iphone360_35875.jpg","name":"Пол Брукс","enName":"Paul Brooks","profession":"продюсеры","enProfession":"producer"},{"id":1055690,"photo":"https://st.kp.yandex.net/images/actor_iphone/iphone360_1055690.jpg","name":"Марианна Шульц","enName":null,"profession":"актеры дубляжа","enProfession":"voice_actor"},{"id":304577,"photo":"https://st.kp.yandex.net/images/actor_iphone/iphone360_304577.jpg","name":"Алексей Иващенко","enName":null,"profession":"актеры дубляжа","enProfession":"voice_actor"},{"id":281401,"photo":"https://st.kp.yandex.net/images/actor_iphone/iphone360_281401.jpg","name":"Людмила Гнилова","enName":null,"profession":"актеры дубляжа","enProfession":"voice_actor"},{"id":297906,"photo":"https://st.kp.yandex.net/images/actor_iphone/iphone360_297906.jpg","name":"Наталья Гурзо","enName":null,"profession":"актеры дубляжа","enProfession":"voice_actor"},{"id":1040432,"photo":"https://st.kp.yandex.net/images/actor_iphone/iphone360_1040432.jpg","name":"Денис Беспалый","enName":null,"profession":"актеры дубляжа","enProfession":"voice_actor"},{"id":281059,"photo":"https://st.kp.yandex.net/images/actor_iphone/iphone360_281059.jpg","name":"Александр Рыжков","enName":null,"profession":"актеры дубляжа","enProfession":"voice_actor"},{"id":116876,"photo":"https://st.kp.yandex.net/images/actor_iphone/iphone360_116876.jpg","name":"Юрий Саранцев","enName":null,"profession":"актеры дубляжа","enProfession":"voice_actor"},{"id":1642594,"photo":"https://st.kp.yandex.net/images/actor_iphone/iphone360_1642594.jpg","name":"Жанна Никонова","enName":null,"profession":"актеры дубляжа","enProfession":"voice_actor"},{"id":1616407,"photo":"https://st.kp.yandex.net/images/actor_iphone/iphone360_1616407.jpg","name":"Всеволод Кузнецов","enName":null,"profession":"актеры дубляжа","enProfession":"voice_actor"},{"id":1078857,"photo":"https://st.kp.yandex.net/images/actor_iphone/iphone360_1078857.jpg","name":"Алексей Колган","enName":null,"profession":"актеры дубляжа","enProfession":"voice_actor"},{"id":269650,"photo":"https://st.kp.yandex.net/images/actor_iphone/iphone360_269650.jpg","name":"Любовь Германова","enName":null,"profession":"актеры дубляжа","enProfession":"voice_actor"},{"id":313331,"photo":"https://st.kp.yandex.net/images/actor_iphone/iphone360_313331.jpg","name":"Александр Воеводин","enName":null,"profession":"актеры дубляжа","enProfession":"voice_actor"},{"id":41406,"photo":"https://st.kp.yandex.net/images/actor_iphone/iphone360_41406.jpg","name":"Ниа Вардалос","enName":"Nia Vardalos","profession":"редакторы","enProfession":"writer"}],"productionCompanies":[],"typeNumber":1,"alternativeName":"My Big Fat Greek Wedding","enName":null,"names":[{"name":"Моя большая греческая свадьба"},{"name":"My Big Fat Greek Wedding"}],"ageRating":12,"movieLength":95,"ratingMpaa":"pg","imagesInfo":{"framesCount":24},"shortDescription":null,"similarMovies":[{"id":261210,"name":"Мое большое греческое лето","enName":null,"alternativeName":"My Life in Ruins","type":"movie","poster":{"url":"https://avatars.mds.yandex.net/get-kinopoisk-image/1946459/f20339db-ec95-4025-8e68-c5971409117a/orig","previewUrl":"https://avatars.mds.yandex.net/get-kinopoisk-image/1946459/f20339db-ec95-4025-8e68-c5971409117a/x1000"}},{"id":412724,"name":"Я ненавижу день Святого Валентина","enName":null,"alternativeName":"I Hate Valentine's Day","type":"movie","poster":{"url":"https://avatars.mds.yandex.net/get-kinopoisk-image/1704946/d41cbbae-1763-4868-b194-46d2ab817d74/orig","previewUrl":"https://avatars.mds.yandex.net/get-kinopoisk-image/1704946/d41cbbae-1763-4868-b194-46d2ab817d74/x1000"}},{"id":748663,"name":"Безумная свадьба","enName":null,"alternativeName":"Qu'est-ce qu'on a fait au bon Dieu?","type":"movie","poster":{"url":"https://avatars.mds.yandex.net/get-kinopoisk-image/1600647/c3f2e00d-d53b-4123-a66c-838bbe9e4b92/orig","previewUrl":"https://avatars.mds.yandex.net/get-kinopoisk-image/1600647/c3f2e00d-d53b-4123-a66c-838bbe9e4b92/x1000"}},{"id":94183,"name":"Моя большая армянская свадьба","enName":null,"alternativeName":null,"type":"tv-series","poster":{"url":"https://avatars.mds.yandex.net/get-kinopoisk-image/1898899/c9438ea7-9bd0-4cbc-ac6a-abd13241cec8/orig","previewUrl":"https://avatars.mds.yandex.net/get-kinopoisk-image/1898899/c9438ea7-9bd0-4cbc-ac6a-abd13241cec8/x1000"}}],"sequelsAndPrequels":[{"id":907295,"name":"Моя большая греческая свадьба 2","enName":null,"alternativeName":"My Big Fat Greek Wedding 2","type":"movie","poster":{"url":"https://avatars.mds.yandex.net/get-kinopoisk-image/1946459/80c4b947-7c6d-4965-9bc8-25722fb18f72/orig","previewUrl":"https://avatars.mds.yandex.net/get-kinopoisk-image/1946459/80c4b947-7c6d-4965-9bc8-25722fb18f72/x1000"}}],"backdrop":{"url":null,"previewUrl":null},"logo":{"url":null},"watchability":{"items":[{"name":"KION","logo":{"url":"https://avatars.mds.yandex.net/get-ott/239697/daeb142e-3ecc-4bb2-9bff-4827996643ab/orig"},"url":"https://kion.ru/video/movie/508517129?utm_source=yandex&utm_medium=organic&utm_campaign=wizard"},{"name":"PREMIER","logo":{"url":"https://avatars.mds.yandex.net/get-ott/239697/0f86e907-9531-47e9-87bd-5101a08d4e30/orig"},"url":"https://premier.one/show/8814?utm_source=yandex&utm_medium=yandex_feed_search&utm_campaign=yandex_feed"},{"name":"Триколор Кино и ТВ","logo":{"url":"https://avatars.mds.yandex.net/get-ott/239697/947e777c-2f73-4cbc-b09d-6bfa3966ba13/orig"},"url":"https://kino.tricolor.tv/watch/moya-bolshaya-grecheskaya-svadba-2-2016/?utm_source=yandex&utm_medium=feed"},{"name":"Wink","logo":{"url":"https://avatars.mds.yandex.net/get-ott/1672343/54096cbe-cc3b-41c9-8e44-990ebbca8d61/orig"},"url":"https://wink.ru/media_items/102280124?utm_source=yandex&utm_medium=koldunschick&utm_content=name"}]},"top10":null,"top250":null,"status":null}