{"fees":{"world":{"value":19210835,"currency":"$"},"usa":{"value":16025437,"currency":"$"}},"status":null,"externalId":{"kpHD":"4a24c403ab5e587a9dea459e753d5d6c","imdb":"tt0184791","tmdb":11065},"rating":{"kp":6.875,"imdb":6.1,"filmCritics":6.1,"russianFilmCritics":0,"await":0},"votes":{"kp":4652,"imdb":21547,"filmCritics":125,"russianFilmCritics":0,"await":0},"backdrop":{"url":"https://avatars.mds.yandex.net/get-ott/239697/2a00000173dd79ccf4b9826f8cb2a91af319/orig","previewUrl":"https://avatars.mds.yandex.net/get-ott/239697/2a00000173dd79ccf4b9826f8cb2a91af319/x1000"},"movieLength":95,"productionCompanies":[{"name":"Dimension Films","url":"https://www.themoviedb.org/t/p/original/rfnws0uY8rsNAsrLbx3gEIcYXx3.png","previewUrl":"https://www.themoviedb.org/t/p/w500/rfnws0uY8rsNAsrLbx3gEIcYXx3.png"},{"name":"FilmEngine","url":null,"previewUrl":null},{"name":"Chickie The Cop Production","url":null,"previewUrl":null},{"name":"Daniel Fried Productions","url":null,"previewUrl":null},{"name":"Rhulen Entertainment","url":null,"previewUrl":null}],"id":769,"type":"movie","name":"О","description":"Джеймс Один, лучший игрок баскетбольной команды, пользуется заслуженной популярностью в колледже. Он встречается с дочерью декана Дези Брэбл и у него есть все шансы на успешное будущее. Но находится человек, которому чужое благополучие не дает покоя — это Хьюго Гоулдинг, партнер Одина по команде. Больное самолюбие толкает Хьюго на реализацию зловещих замыслов, способных погубить не только любовь, но и всю жизнь соперника…","premiere":{"country":"США","world":"2001-05-26T00:00:00.000Z","russia":"2002-02-19T00:00:00.000Z"},"slogan":"Nothing comes between two people's love, like one person's jealously","year":2001,"budget":{"value":5000000,"currency":"$"},"poster":{"url":"https://st.kp.yandex.net/images/film_big/769.jpg","previewUrl":"https://st.kp.yandex.net/images/film_iphone/iphone360_769.jpg"},"facts":[{"value":"На роль Дэзи рассмаривалась кандидатура Наташи Лионне и Мены Сувари. В итоге же она досталась Джулии Стайлз.","type":"FACT","spoiler":false},{"value":"В озвучивании картины принимали участие учащиеся одной из школ города Сан-Ансельмо. Они создавали шум в сценах баскетбольного матча, драки на вечеринке и перестрелки в женском общежитии.","type":"FACT","spoiler":false},{"value":"Режиссер фильма Тим Блэйк Нельсон монтировал картину по ночам, а днем снимался у братьев Коэн в ленте &laquo;О, где же ты брат!&raquo;.","type":"FACT","spoiler":false},{"value":"Занятые в этом фильме Джулия Стайлз и Эндрю Кигэн снимались до этого в другой современной интерпретации шекспировской пьесы &laquo;10 причин моей ненависти&raquo;.","type":"FACT","spoiler":false},{"value":"Производство картины завершилось в 1999 году. Однако, из-за того, что первоначальная дата выпуска фильма совпала с трагическими событиями в школе Колумбины, она была передвинута на более поздний срок.","type":"FACT","spoiler":false}],"genres":[{"name":"триллер"},{"name":"драма"},{"name":"мелодрама"}],"countries":[{"name":"США"}],"videos":{"trailers":[{"url":"https://www.youtube.com/watch?v=Bz1NIOjkJi0","name":"O (2001)","site":"YouTube","size":720,"type":"TRAILER"},{"url":"https://www.youtube.com/v/Dl6gw5nS29k","name":"Трейлер","site":"YOUTUBE","size":null,"type":"TRAILER"},{"url":"https://www.youtube.com/embed/Bz1NIOjkJi0","name":"O (2001)","site":"youtube","type":"TRAILER"}],"teasers":[]},"seasonsInfo":[],"persons":[{"id":206,"photo":"https://st.kp.yandex.net/images/actor_iphone/iphone360_206.jpg","name":"Джош Хартнетт","enName":"Josh Hartnett","profession":"актеры","enProfession":"actor"},{"id":37765,"photo":"https://st.kp.yandex.net/images/actor_iphone/iphone360_37765.jpg","name":"Мекхай Файфер","enName":"Mekhi Phifer","profession":"актеры","enProfession":"actor"},{"id":10080,"photo":"https://st.kp.yandex.net/images/actor_iphone/iphone360_10080.jpg","name":"Джулия Стайлз","enName":"Julia Stiles","profession":"актеры","enProfession":"actor"},{"id":20262,"photo":"https://st.kp.yandex.net/images/actor_iphone/iphone360_20262.jpg","name":"Мартин Шин","enName":"Martin Sheen","profession":"актеры","enProfession":"actor"},{"id":8743,"photo":"https://st.kp.yandex.net/images/actor_iphone/iphone360_8743.jpg","name":"Эндрю Кигэн","enName":"Andrew Keegan","profession":"актеры","enProfession":"actor"},{"id":18243,"photo":"https://st.kp.yandex.net/images/actor_iphone/iphone360_18243.jpg","name":"Рэйн Феникс","enName":"Rain Phoenix","profession":"актеры","enProfession":"actor"},{"id":49476,"photo":"https://st.kp.yandex.net/images/actor_iphone/iphone360_49476.jpg","name":"Крис Фрейхофер","enName":"Chris Freihofer","profession":"актеры","enProfession":"actor"},{"id":9176,"photo":"https://st.kp.yandex.net/images/actor_iphone/iphone360_9176.jpg","name":"Элден Хенсон","enName":"Elden Henson","profession":"актеры","enProfession":"actor"},{"id":9277,"photo":"https://st.kp.yandex.net/images/actor_iphone/iphone360_9277.jpg","name":"Джон Хёрд","enName":"John Heard","profession":"актеры","enProfession":"actor"},{"id":24925,"photo":"https://st.kp.yandex.net/images/actor_iphone/iphone360_24925.jpg","name":"Энтони Джонсон","enName":"Anthony Johnson","profession":"актеры","enProfession":"actor"},{"id":49473,"photo":"https://st.kp.yandex.net/images/actor_iphone/iphone360_49473.jpg","name":"Крис Донг","enName":"Chris Dong","profession":"актеры","enProfession":"actor"},{"id":49474,"photo":"https://st.kp.yandex.net/images/actor_iphone/iphone360_49474.jpg","name":"Рэйчел Шумейт","enName":"Rachel Shumate","profession":"актеры","enProfession":"actor"},{"id":49475,"photo":"https://st.kp.yandex.net/images/actor_iphone/iphone360_49475.jpg","name":"Маршалл Гиттер","enName":"Marshall Gitter","profession":"актеры","enProfession":"actor"},{"id":48401,"photo":"https://st.kp.yandex.net/images/actor_iphone/iphone360_48401.jpg","name":"Лиза Бенавидес","enName":"Lisa Benavides-Nelson","profession":"актеры","enProfession":"actor"},{"id":49477,"photo":"https://st.kp.yandex.net/images/actor_iphone/iphone360_49477.jpg","name":"Кен Френч","enName":"Ken French","profession":"актеры","enProfession":"actor"},{"id":49478,"photo":"https://st.kp.yandex.net/images/actor_iphone/iphone360_49478.jpg","name":"Дэна Рэтлифф","enName":"Dana Ratliff","profession":"актеры","enProfession":"actor"},{"id":49479,"photo":"https://st.kp.yandex.net/images/actor_iphone/iphone360_49479.jpg","name":"Кристофер Джонс","enName":"Christopher Jones","profession":"актеры","enProfession":"actor"},{"id":49480,"photo":"https://st.kp.yandex.net/images/actor_iphone/iphone360_49480.jpg","name":"Рональда Стоувер","enName":"Ronalda Stover","profession":"актеры","enProfession":"actor"},{"id":49481,"photo":"https://st.kp.yandex.net/images/actor_iphone/iphone360_49481.jpg","name":"Келвин О’Брайант","enName":"Kelvin O'Bryant","profession":"актеры","enProfession":"actor"},{"id":69653,"photo":"https://st.kp.yandex.net/images/actor_iphone/iphone360_69653.jpg","name":"Джек Мунн","enName":"Jack Munn","profession":"актеры","enProfession":"actor"},{"id":49483,"photo":"https://st.kp.yandex.net/images/actor_iphone/iphone360_49483.jpg","name":"Майкл Флиппо","enName":"Michael Flippo","profession":"актеры","enProfession":"actor"},{"id":49484,"photo":"https://st.kp.yandex.net/images/actor_iphone/iphone360_49484.jpg","name":"Джеймс Миддлтон","enName":"James Middleton","profession":"актеры","enProfession":"actor"},{"id":49485,"photo":"https://st.kp.yandex.net/images/actor_iphone/iphone360_49485.jpg","name":"Джули Фишелл","enName":"Julie Fishell","profession":"актеры","enProfession":"actor"},{"id":38972,"photo":"https://st.kp.yandex.net/images/actor_iphone/iphone360_38972.jpg","name":"Уолли Уэлш","enName":"Wally Welch","profession":"актеры","enProfession":"actor"},{"id":49486,"photo":"https://st.kp.yandex.net/images/actor_iphone/iphone360_49486.jpg","name":"Зак Дэвид","enName":"Zac David","profession":"актеры","enProfession":"actor"},{"id":49487,"photo":"https://st.kp.yandex.net/images/actor_iphone/iphone360_49487.jpg","name":"Джеймс Гэлловэй","enName":"James Galloway","profession":"актеры","enProfession":"actor"},{"id":49488,"photo":"https://st.kp.yandex.net/images/actor_iphone/iphone360_49488.jpg","name":"Майкл Гивенс","enName":"Michael Givens","profession":"актеры","enProfession":"actor"},{"id":49489,"photo":"https://st.kp.yandex.net/images/actor_iphone/iphone360_49489.jpg","name":"Чейз Пейдж","enName":"Chase Page","profession":"актеры","enProfession":"actor"},{"id":49490,"photo":"https://st.kp.yandex.net/images/actor_iphone/iphone360_49490.jpg","name":"Рик Стритер","enName":"Rick Streeter","profession":"актеры","enProfession":"actor"},{"id":49491,"photo":"https://st.kp.yandex.net/images/actor_iphone/iphone360_49491.jpg","name":"Даг Айерс","enName":"Doug Ayers","profession":"актеры","enProfession":"actor"},{"id":49492,"photo":"https://st.kp.yandex.net/images/actor_iphone/iphone360_49492.jpg","name":"Даль Коннер","enName":"Dal Conner","profession":"актеры","enProfession":"actor"},{"id":49493,"photo":"https://st.kp.yandex.net/images/actor_iphone/iphone360_49493.jpg","name":"Дэвид Дули","enName":"David Dooley","profession":"актеры","enProfession":"actor"},{"id":49494,"photo":"https://st.kp.yandex.net/images/actor_iphone/iphone360_49494.jpg","name":"Джастин Ферира","enName":"Justin Ferira","profession":"актеры","enProfession":"actor"},{"id":49495,"photo":"https://st.kp.yandex.net/images/actor_iphone/iphone360_49495.jpg","name":"Джейм Ингрэм","enName":"Jaime Ingram","profession":"актеры","enProfession":"actor"},{"id":49496,"photo":"https://st.kp.yandex.net/images/actor_iphone/iphone360_49496.jpg","name":"Янтц Бэйкер","enName":"Jantz Baker","profession":"актеры","enProfession":"actor"},{"id":49497,"photo":"https://st.kp.yandex.net/images/actor_iphone/iphone360_49497.jpg","name":"Джерред Кларк","enName":"Jerred Clarke","profession":"актеры","enProfession":"actor"},{"id":49498,"photo":"https://st.kp.yandex.net/images/actor_iphone/iphone360_49498.jpg","name":"Кристофер Грумс","enName":"Christopher Grooms","profession":"актеры","enProfession":"actor"},{"id":49499,"photo":"https://st.kp.yandex.net/images/actor_iphone/iphone360_49499.jpg","name":"Шоун Хилл","enName":"Shawn Hill","profession":"актеры","enProfession":"actor"},{"id":49500,"photo":"https://st.kp.yandex.net/images/actor_iphone/iphone360_49500.jpg","name":"Паркер Кирби","enName":"Parker Kirby","profession":"актеры","enProfession":"actor"},{"id":49501,"photo":"https://st.kp.yandex.net/images/actor_iphone/iphone360_49501.jpg","name":"Шон Мерфи","enName":"Sean Murphy","profession":"актеры","enProfession":"actor"},{"id":49502,"photo":"https://st.kp.yandex.net/images/actor_iphone/iphone360_49502.jpg","name":"Джон Розенблюм","enName":"Jonathan Rosenbloom","profession":"актеры","enProfession":"actor"},{"id":49503,"photo":"https://st.kp.yandex.net/images/actor_iphone/iphone360_49503.jpg","name":"Дерек Зимински","enName":"Derek Zieminski","profession":"актеры","enProfession":"actor"},{"id":49504,"photo":"https://st.kp.yandex.net/images/actor_iphone/iphone360_49504.jpg","name":"Ричард Грэндисон","enName":"Richard Grandison","profession":"актеры","enProfession":"actor"},{"id":49505,"photo":"https://st.kp.yandex.net/images/actor_iphone/iphone360_49505.jpg","name":"Ивэн Джонс","enName":"Evan Jones","profession":"актеры","enProfession":"actor"},{"id":49506,"photo":"https://st.kp.yandex.net/images/actor_iphone/iphone360_49506.jpg","name":"Эррол МакФерсон","enName":"Errol McPherson","profession":"актеры","enProfession":"actor"},{"id":49507,"photo":"https://st.kp.yandex.net/images/actor_iphone/iphone360_49507.jpg","name":"Нэйтан Монро","enName":"Nathan Monroe","profession":"актеры","enProfession":"actor"},{"id":49508,"photo":"https://st.kp.yandex.net/images/actor_iphone/iphone360_49508.jpg","name":"Тони Мур","enName":"Tony Moore","profession":"актеры","enProfession":"actor"},{"id":49509,"photo":"https://st.kp.yandex.net/images/actor_iphone/iphone360_49509.jpg","name":"Бернард Смоллз","enName":"Bernard Smalls","profession":"актеры","enProfession":"actor"},{"id":49510,"photo":"https://st.kp.yandex.net/images/actor_iphone/iphone360_49510.jpg","name":"Кинтрал Вашингтон","enName":"Quintral Washington","profession":"актеры","enProfession":"actor"},{"id":1131160,"photo":"https://st.kp.yandex.net/images/actor_iphone/iphone360_1131160.jpg","name":"Дэниэл М. Фокс","enName":"Daniel M. Fox","profession":"актеры","enProfession":"actor"},{"id":7068379,"photo":"https://st.kp.yandex.net/images/actor_iphone/iphone360_7068379.jpg","name":null,"enName":"Todd Adamson","profession":"актеры","enProfession":"actor"},{"id":1482795,"photo":"https://st.kp.yandex.net/images/actor_iphone/iphone360_1482795.jpg","name":"Люк Бенко","enName":"Luke Benko","profession":"актеры","enProfession":"actor"},{"id":1692211,"photo":"https://st.kp.yandex.net/images/actor_iphone/iphone360_1692211.jpg","name":"Джош Буннель","enName":"Josh Bunnelle","profession":"актеры","enProfession":"actor"},{"id":252372,"photo":"https://st.kp.yandex.net/images/actor_iphone/iphone360_252372.jpg","name":"Линдсэй Хафф","enName":"Lindsay Canton","profession":"актеры","enProfession":"actor"},{"id":962721,"photo":"https://st.kp.yandex.net/images/actor_iphone/iphone360_962721.jpg","name":"Шеннон ДеСальво","enName":"Shannon DeSalvo","profession":"актеры","enProfession":"actor"},{"id":3923835,"photo":"https://st.kp.yandex.net/images/actor_iphone/iphone360_3923835.jpg","name":"Лонни Найт","enName":"Lonnie Knight","profession":"актеры","enProfession":"actor"},{"id":569872,"photo":"https://st.kp.yandex.net/images/actor_iphone/iphone360_569872.jpg","name":"Марк Миллер","enName":"Mark Miller","profession":"актеры","enProfession":"actor"},{"id":3706276,"photo":"https://st.kp.yandex.net/images/actor_iphone/iphone360_3706276.jpg","name":"Дебора Мосс","enName":"Deborah Moss","profession":"актеры","enProfession":"actor"},{"id":611311,"photo":"https://st.kp.yandex.net/images/actor_iphone/iphone360_611311.jpg","name":"Джефф Дэнна","enName":"Jeff Danna","profession":"композиторы","enProfession":"composer"},{"id":1997096,"photo":"https://st.kp.yandex.net/images/actor_iphone/iphone360_1997096.jpg","name":"Дина Голдман","enName":"Dina Goldman","profession":"художники","enProfession":"designer"},{"id":1999466,"photo":"https://st.kp.yandex.net/images/actor_iphone/iphone360_1999466.jpg","name":"Джек Бэлланс","enName":"Jack Ballance","profession":"художники","enProfession":"designer"},{"id":1999859,"photo":"https://st.kp.yandex.net/images/actor_iphone/iphone360_1999859.jpg","name":"Джилл М. Оханнесон","enName":"Jill M. Ohanneson","profession":"художники","enProfession":"designer"},{"id":1994873,"photo":"https://st.kp.yandex.net/images/actor_iphone/iphone360_1994873.jpg","name":"Дэвид Шлезингер","enName":"David Schlesinger","profession":"художники","enProfession":"designer"},{"id":10087,"photo":"https://st.kp.yandex.net/images/actor_iphone/iphone360_10087.jpg","name":"Тим Блейк Нельсон","enName":"Tim Blake Nelson","profession":"режиссеры","enProfession":"director"},{"id":1997787,"photo":"https://st.kp.yandex.net/images/actor_iphone/iphone360_1997787.jpg","name":"Кейт Санфорд","enName":"Kate Sanford","profession":"монтажеры","enProfession":"editor"},{"id":611312,"photo":"https://st.kp.yandex.net/images/actor_iphone/iphone360_611312.jpg","name":"Рассел Ли Файн","enName":"Russell Lee Fine","profession":"операторы","enProfession":"operator"},{"id":49514,"photo":"https://st.kp.yandex.net/images/actor_iphone/iphone360_49514.jpg","name":"Эрик Гиттер","enName":"Eric Gitter","profession":"продюсеры","enProfession":"producer"},{"id":33976,"photo":"https://st.kp.yandex.net/images/actor_iphone/iphone360_33976.jpg","name":"Энтони Рулен","enName":"Anthony Rhulen","profession":"продюсеры","enProfession":"producer"},{"id":42289,"photo":"https://st.kp.yandex.net/images/actor_iphone/iphone360_42289.jpg","name":"Бетси Дэнбьюри","enName":"Betsy Danbury","profession":"продюсеры","enProfession":"producer"},{"id":28803,"photo":"https://st.kp.yandex.net/images/actor_iphone/iphone360_28803.jpg","name":"Зак Эстрин","enName":"Zack Estrin","profession":"продюсеры","enProfession":"producer"},{"id":49472,"photo":"https://st.kp.yandex.net/images/actor_iphone/iphone360_49472.jpg","name":"Брэд Каайя","enName":"Brad Kaaya","profession":"редакторы","enProfession":"writer"},{"id":10076,"photo":"https://st.kp.yandex.net/images/actor_iphone/iphone360_10076.jpg","name":"Уильям Шекспир","enName":"William Shakespeare","profession":"редакторы","enProfession":"writer"}],"typeNumber":1,"alternativeName":"O","enName":null,"names":[{"name":"О"},{"name":"O"}],"ageRating":18,"ratingMpaa":"r","shortDescription":"Баскетболист заставляет партнера по команде сомневаться в верности возлюбленной. Подростковая версия «Отелло»","similarMovies":[{"id":12192,"name":"Жестокие игры","enName":null,"alternativeName":"Cruel Intentions","type":"movie","poster":{"url":"https://avatars.mds.yandex.net/get-kinopoisk-image/1704946/0973db05-9d85-4233-8b5c-858bcf1cf763/orig","previewUrl":"https://avatars.mds.yandex.net/get-kinopoisk-image/1704946/0973db05-9d85-4233-8b5c-858bcf1cf763/x1000"}},{"id":2831,"name":"Сплетня","enName":null,"alternativeName":"Gossip","type":"movie","poster":{"url":"https://avatars.mds.yandex.net/get-kinopoisk-image/1900788/dd5b5dfc-08aa-4536-9d14-5d158abe0974/orig","previewUrl":"https://avatars.mds.yandex.net/get-kinopoisk-image/1900788/dd5b5dfc-08aa-4536-9d14-5d158abe0974/x1000"}},{"id":11130,"name":"10 причин моей ненависти","enName":null,"alternativeName":"10 Things I Hate About You","type":"movie","poster":{"url":"https://avatars.mds.yandex.net/get-kinopoisk-image/6201401/72433e22-1b93-49dd-9d9f-836e3b548799/orig","previewUrl":"https://avatars.mds.yandex.net/get-kinopoisk-image/6201401/72433e22-1b93-49dd-9d9f-836e3b548799/x1000"}}],"sequelsAndPrequels":[],"logo":{"url":null},"watchability":{"items":null},"top10":null,"top250":null}