{"fees":{"world":{"value":6749315,"currency":"$"},"russia":{"value":10529,"currency":"$"},"usa":{"value":1012069,"currency":"$"}},"status":null,"externalId":{"kpHD":"40d75b2a7ef1b33e8b3c7a98956724be","imdb":"tt0254686","tmdb":1791},"rating":{"kp":7.214,"imdb":7.5,"filmCritics":7,"russianFilmCritics":100,"await":0},"votes":{"kp":32865,"imdb":67153,"filmCritics":89,"russianFilmCritics":3,"await":0},"backdrop":{"url":"https://avatars.mds.yandex.net/get-ott/224348/2a0000016235c66b81b09755389e8edde77f/orig","previewUrl":"https://avatars.mds.yandex.net/get-ott/224348/2a0000016235c66b81b09755389e8edde77f/x1000"},"movieLength":131,"productionCompanies":[{"name":"ARTE","url":"https://www.themoviedb.org/t/p/original/6UIpEURdjnmcJPwgTDRzVRuwADr.png","previewUrl":"https://www.themoviedb.org/t/p/w500/6UIpEURdjnmcJPwgTDRzVRuwADr.png"},{"name":"Bavaria Film International","url":null,"previewUrl":null},{"name":"CNC","url":"https://www.themoviedb.org/t/p/original/4Gp5A4YdjPBfsHT47ngHMaXWmb9.png","previewUrl":"https://www.themoviedb.org/t/p/w500/4Gp5A4YdjPBfsHT47ngHMaXWmb9.png"},{"name":"Canal+","url":"https://www.themoviedb.org/t/p/original/9aotxauvc9685tq9pTcRJszuT06.png","previewUrl":"https://www.themoviedb.org/t/p/w500/9aotxauvc9685tq9pTcRJszuT06.png"},{"name":"ARTE France Cinéma","url":"https://www.themoviedb.org/t/p/original/huC7HqorvUThGIrENrbcHmQVUA0.png","previewUrl":"https://www.themoviedb.org/t/p/w500/huC7HqorvUThGIrENrbcHmQVUA0.png"},{"name":"Bayerischer Rundfunk","url":"https://www.themoviedb.org/t/p/original/pIK5tsFVxjoXTJGcd0nYhiL1kn1.png","previewUrl":"https://www.themoviedb.org/t/p/w500/pIK5tsFVxjoXTJGcd0nYhiL1kn1.png"}],"id":784,"type":"movie","name":"Пианистка","description":"Эрика - профессор Венской консерватории. Но сама она далека от гармонии небесных сфер. Женщина всё ещё спит в одной кровати со старой матерью, тайно посещает порномагазины и под кроватью держит набор садомазохистских инструментов. Когда же в неё влюбляется один из учеников, она шокирует его своей реакцией и поведением.","premiere":{"country":"Франция","world":"2001-05-14T00:00:00.000Z","russia":"2001-10-03T00:00:00.000Z","cinema":"2018-01-18T00:00:00.000Z","dvd":"2013-08-29T00:00:00.000Z"},"slogan":"Perversion at its wicked best!","year":2001,"budget":{"value":70000000,"currency":"ATS"},"poster":{"url":"https://st.kp.yandex.net/images/film_big/784.jpg","previewUrl":"https://st.kp.yandex.net/images/film_iphone/iphone360_784.jpg"},"facts":[{"value":"Роль матери Эрики изначально предлагалась <a href=\"/name/2483/\" class=\"all\">Жанне Моро</a>.","type":"FACT","spoiler":false},{"value":"В фильме исполнительница главной роли <a href=\"/name/19884/\" class=\"all\">Изабель Юппер</a> играет на пианино сама. В прошлом актриса в течение 12 лет обучалась игре на пианино.","type":"FACT","spoiler":false},{"value":"В последней сцене фильма, когда Эрика хочет поговорить с Уолтером в фойе консерватории, он показан с <a href=\"/name/225974/\" class=\"all\">Евой Грин</a>, которая на тот момент ещё не стала известной.","type":"FACT","spoiler":false},{"value":"Мать главной героини списана с матери автора сценария <a href=\"/name/49018/\" class=\"all\">Эльфриды Елинек</a>.","type":"FACT","spoiler":false},{"value":"Первый фильм <a href=\"/name/15359/\" class=\"all\">Михаэля Ханеке</a>, в котором за основу сценария был взят роман; все остальные фильмы Ханекена сняты по оригинальному сценарию.","type":"FACT","spoiler":false},{"value":"По словам <a href=\"/name/19884/\" class=\"all\">Изабель Юппер</a>, съёмки последней сцены фильма, в которой она наносит самой себе удар ножом, потребовали 52 дублей.","type":"FACT","spoiler":true}],"genres":[{"name":"драма"},{"name":"музыка"}],"countries":[{"name":"Франция"},{"name":"Австрия"},{"name":"Германия"}],"videos":{"trailers":[{"url":"http://trailers.s3.mds.yandex.net/video_original/145245-5580c30ea29910d14486c33785c9a29a","name":"Трейлер ре-релиза (русские субтитры)","site":"unknown"},{"url":"https://www.youtube.com/v/XNCBd2DaSpc","name":"Трейлер","site":"youtube"},{"url":"https://www.youtube.com/embed/XNCBd2DaSpc","name":"La pianiste (The  Piano Teacher) trailer","site":"youtube","type":"TRAILER"},{"url":"https://www.youtube.com/embed/ZqVb7AJuFYY","name":"Пианистка - Trailer","site":"youtube","type":"TRAILER"}],"teasers":[]},"seasonsInfo":[],"persons":[{"id":19884,"photo":"https://st.kp.yandex.net/images/actor_iphone/iphone360_19884.jpg","name":"Изабель Юппер","enName":"Isabelle Huppert","profession":"актеры","enProfession":"actor"},{"id":49019,"photo":"https://st.kp.yandex.net/images/actor_iphone/iphone360_49019.jpg","name":"Анни Жирардо","enName":"Annie Girardot","profession":"актеры","enProfession":"actor"},{"id":17510,"photo":"https://st.kp.yandex.net/images/actor_iphone/iphone360_17510.jpg","name":"Бенуа Мажимель","enName":"Benoît Magimel","profession":"актеры","enProfession":"actor"},{"id":17972,"photo":"https://st.kp.yandex.net/images/actor_iphone/iphone360_17972.jpg","name":"Сюзанна Лотар","enName":"Susanne Lothar","profession":"актеры","enProfession":"actor"},{"id":49020,"photo":"https://st.kp.yandex.net/images/actor_iphone/iphone360_49020.jpg","name":"Удо Замель","enName":"Udo Samel","profession":"актеры","enProfession":"actor"},{"id":49021,"photo":"https://st.kp.yandex.net/images/actor_iphone/iphone360_49021.jpg","name":"Анна Сигалевич","enName":"Anna Sigalevitch","profession":"актеры","enProfession":"actor"},{"id":49022,"photo":"https://st.kp.yandex.net/images/actor_iphone/iphone360_49022.jpg","name":"Корнелия Конгден","enName":"Cornelia Köndgen","profession":"актеры","enProfession":"actor"},{"id":49023,"photo":"https://st.kp.yandex.net/images/actor_iphone/iphone360_49023.jpg","name":"Томас Вайнхаппель","enName":"Thomas Weinhappel","profession":"актеры","enProfession":"actor"},{"id":49024,"photo":"https://st.kp.yandex.net/images/actor_iphone/iphone360_49024.jpg","name":"Георг Фридрих","enName":"Georg Friedrich","profession":"актеры","enProfession":"actor"},{"id":49025,"photo":"https://st.kp.yandex.net/images/actor_iphone/iphone360_49025.jpg","name":"Филипп Хайсс","enName":"Philipp Heiss","profession":"актеры","enProfession":"actor"},{"id":49026,"photo":"https://st.kp.yandex.net/images/actor_iphone/iphone360_49026.jpg","name":"Уильям Манг","enName":"William Mang","profession":"актеры","enProfession":"actor"},{"id":49027,"photo":"https://st.kp.yandex.net/images/actor_iphone/iphone360_49027.jpg","name":"Рудольф Мелихар","enName":"Rudolf Melichar","profession":"актеры","enProfession":"actor"},{"id":49028,"photo":"https://st.kp.yandex.net/images/actor_iphone/iphone360_49028.jpg","name":"Михаэль Шоттенберг","enName":"Michael Schottenberg","profession":"актеры","enProfession":"actor"},{"id":49029,"photo":"https://st.kp.yandex.net/images/actor_iphone/iphone360_49029.jpg","name":"Габриэль Шухтер","enName":"Gabriele Schuchter","profession":"актеры","enProfession":"actor"},{"id":49030,"photo":"https://st.kp.yandex.net/images/actor_iphone/iphone360_49030.jpg","name":"Дитер Бернер","enName":"Dieter Berner","profession":"актеры","enProfession":"actor"},{"id":49031,"photo":"https://st.kp.yandex.net/images/actor_iphone/iphone360_49031.jpg","name":"Фолькер Валдегг","enName":"Volker Waldegg","profession":"актеры","enProfession":"actor"},{"id":49032,"photo":"https://st.kp.yandex.net/images/actor_iphone/iphone360_49032.jpg","name":"Мартина Ресетариц","enName":"Martina Resetarits","profession":"актеры","enProfession":"actor"},{"id":49033,"photo":"https://st.kp.yandex.net/images/actor_iphone/iphone360_49033.jpg","name":"Аннемари Шляйнцер","enName":"Annemarie Schleinzer","profession":"актеры","enProfession":"actor"},{"id":49034,"photo":"https://st.kp.yandex.net/images/actor_iphone/iphone360_49034.jpg","name":"Каролина Цайслер","enName":"Karoline Zeisler","profession":"актеры","enProfession":"actor"},{"id":433604,"photo":"https://st.kp.yandex.net/images/actor_iphone/iphone360_433604.jpg","name":null,"enName":"Liliana Nelska","profession":"актеры","enProfession":"actor"},{"id":909092,"photo":"https://st.kp.yandex.net/images/actor_iphone/iphone360_909092.jpg","name":"Луц Лесковиц","enName":"Luz Leskowitz","profession":"актеры","enProfession":"actor"},{"id":49037,"photo":"https://st.kp.yandex.net/images/actor_iphone/iphone360_49037.jpg","name":"Виктор Тюфлмайр","enName":"Viktor Teuflmayr","profession":"актеры","enProfession":"actor"},{"id":49038,"photo":"https://st.kp.yandex.net/images/actor_iphone/iphone360_49038.jpg","name":"Вивиана Барч","enName":"Viviane Bartsch","profession":"актеры","enProfession":"actor"},{"id":49039,"photo":"https://st.kp.yandex.net/images/actor_iphone/iphone360_49039.jpg","name":"Флориан Кобан","enName":"Florian Koban","profession":"актеры","enProfession":"actor"},{"id":49040,"photo":"https://st.kp.yandex.net/images/actor_iphone/iphone360_49040.jpg","name":"Томас Ойнер","enName":"Thomas Auner","profession":"актеры","enProfession":"actor"},{"id":3122246,"photo":"https://st.kp.yandex.net/images/actor_iphone/iphone360_3122246.jpg","name":"Андреас Дона","enName":"Andreas Donat","profession":"актеры","enProfession":"actor"},{"id":244782,"photo":"https://st.kp.yandex.net/images/actor_iphone/iphone360_244782.jpg","name":"Герти Драссль","enName":"Gerti Drassl","profession":"актеры","enProfession":"actor"},{"id":2182,"photo":"https://st.kp.yandex.net/images/actor_iphone/iphone360_2182.jpg","name":"Клаус Хендл","enName":"Klaus Händl","profession":"актеры","enProfession":"actor"},{"id":1239742,"photo":"https://st.kp.yandex.net/images/actor_iphone/iphone360_1239742.jpg","name":"Эрика Колльман-Тилль","enName":"Erika Kollmann-Till","profession":"актеры","enProfession":"actor"},{"id":3122247,"photo":"https://st.kp.yandex.net/images/actor_iphone/iphone360_3122247.jpg","name":"Нина Крипас","enName":"Nina Kripas","profession":"актеры","enProfession":"actor"},{"id":1616152,"photo":"https://st.kp.yandex.net/images/actor_iphone/iphone360_1616152.jpg","name":"Эстер Пилс","enName":"Esther Pils","profession":"актеры","enProfession":"actor"},{"id":3122248,"photo":"https://st.kp.yandex.net/images/actor_iphone/iphone360_3122248.jpg","name":"Петра Райхель","enName":"Petra Reichel","profession":"актеры","enProfession":"actor"},{"id":3122250,"photo":"https://st.kp.yandex.net/images/actor_iphone/iphone360_3122250.jpg","name":"Арбеси Суфи","enName":"Arbesi Sufi","profession":"актеры","enProfession":"actor"},{"id":3122249,"photo":"https://st.kp.yandex.net/images/actor_iphone/iphone360_3122249.jpg","name":"Маркус Цюнер","enName":"Marcus Zeuner","profession":"актеры","enProfession":"actor"},{"id":26485,"photo":"https://st.kp.yandex.net/images/actor_iphone/iphone360_26485.jpg","name":"Стефани Д’Абруццо","enName":"Stephanie D'Abruzzo","profession":"актеры","enProfession":"actor"},{"id":225974,"photo":"https://st.kp.yandex.net/images/actor_iphone/iphone360_225974.jpg","name":"Ева Грин","enName":"Eva Green","profession":"актеры","enProfession":"actor"},{"id":3650320,"photo":"https://st.kp.yandex.net/images/actor_iphone/iphone360_3650320.jpg","name":null,"enName":"Hans-Christian Haas","profession":"актеры","enProfession":"actor"},{"id":227026,"photo":"https://st.kp.yandex.net/images/actor_iphone/iphone360_227026.jpg","name":"Ноам Моргенштерн","enName":"Noam Morgensztern","profession":"актеры","enProfession":"actor"},{"id":2008616,"photo":"https://st.kp.yandex.net/images/actor_iphone/iphone360_2008616.jpg","name":"Лиза Олах","enName":"Lisa Olah","profession":"актеры","enProfession":"actor"},{"id":76923,"photo":"https://st.kp.yandex.net/images/actor_iphone/iphone360_76923.jpg","name":"Ник Стеллейт","enName":"Nick Stellate","profession":"актеры","enProfession":"actor"},{"id":244783,"photo":"https://st.kp.yandex.net/images/actor_iphone/iphone360_244783.jpg","name":"Витус Визер","enName":"Vitus Wieser","profession":"актеры","enProfession":"actor"},{"id":1988860,"photo":"https://st.kp.yandex.net/images/actor_iphone/iphone360_1988860.jpg","name":"Кристоф Кантер","enName":"Christoph Kanter","profession":"художники","enProfession":"designer"},{"id":2008618,"photo":"https://st.kp.yandex.net/images/actor_iphone/iphone360_2008618.jpg","name":"Аннетт Бьюфэйс","enName":"Annette Beaufays","profession":"художники","enProfession":"designer"},{"id":2008617,"photo":"https://st.kp.yandex.net/images/actor_iphone/iphone360_2008617.jpg","name":"Ханс Вагнер","enName":"Hans Wagner","profession":"художники","enProfession":"designer"},{"id":15359,"photo":"https://st.kp.yandex.net/images/actor_iphone/iphone360_15359.jpg","name":"Михаэль Ханеке","enName":"Michael Haneke","profession":"режиссеры","enProfession":"director"},{"id":2000058,"photo":"https://st.kp.yandex.net/images/actor_iphone/iphone360_2000058.jpg","name":"Надин Мьюз","enName":"Nadine Muse","profession":"монтажеры","enProfession":"editor"},{"id":1987414,"photo":"https://st.kp.yandex.net/images/actor_iphone/iphone360_1987414.jpg","name":"Моника Вилли","enName":"Monika Willi","profession":"монтажеры","enProfession":"editor"},{"id":412261,"photo":"https://st.kp.yandex.net/images/actor_iphone/iphone360_412261.jpg","name":"Кристиан Бергер","enName":"Christian Berger","profession":"операторы","enProfession":"operator"},{"id":49041,"photo":"https://st.kp.yandex.net/images/actor_iphone/iphone360_49041.jpg","name":"Файт Хайдушка","enName":"Veit Heiduschka","profession":"продюсеры","enProfession":"producer"},{"id":15411,"photo":"https://st.kp.yandex.net/images/actor_iphone/iphone360_15411.jpg","name":"Ивонн Кренн","enName":"Yvon Crenn","profession":"продюсеры","enProfession":"producer"},{"id":2403,"photo":"https://st.kp.yandex.net/images/actor_iphone/iphone360_2403.jpg","name":"Кристин Гозлан","enName":"Christine Gozlan","profession":"продюсеры","enProfession":"producer"},{"id":403378,"photo":"https://st.kp.yandex.net/images/actor_iphone/iphone360_403378.jpg","name":"Михаэль Кац","enName":"Michael Katz","profession":"продюсеры","enProfession":"producer"},{"id":15359,"photo":"https://st.kp.yandex.net/images/actor_iphone/iphone360_15359.jpg","name":"Михаэль Ханеке","enName":"Michael Haneke","profession":"редакторы","enProfession":"writer"},{"id":49018,"photo":"https://st.kp.yandex.net/images/actor_iphone/iphone360_49018.jpg","name":"Эльфрида Елинек","enName":"Elfriede Jelinek","profession":"редакторы","enProfession":"writer"}],"typeNumber":1,"alternativeName":"La Pianiste","enName":null,"names":[{"name":"Пианистка"},{"name":"La Pianiste"}],"ageRating":18,"ratingMpaa":"r","similarMovies":[{"id":278273,"name":"Чёрный лебедь","enName":null,"alternativeName":"Black Swan","type":"movie","poster":{"url":"https://avatars.mds.yandex.net/get-kinopoisk-image/1946459/5f3bb16f-8e72-4674-a712-24f9f9e04270/orig","previewUrl":"https://avatars.mds.yandex.net/get-kinopoisk-image/1946459/5f3bb16f-8e72-4674-a712-24f9f9e04270/x1000"}},{"id":820,"name":"Секретарша","enName":null,"alternativeName":"Secretary","type":"movie","poster":{"url":"https://avatars.mds.yandex.net/get-kinopoisk-image/1704946/dd94cf95-a555-4d34-bee1-9c183442a756/orig","previewUrl":"https://avatars.mds.yandex.net/get-kinopoisk-image/1704946/dd94cf95-a555-4d34-bee1-9c183442a756/x1000"}},{"id":569153,"name":"Стыд","enName":null,"alternativeName":"Shame","type":"movie","poster":{"url":"https://avatars.mds.yandex.net/get-kinopoisk-image/4774061/f878ff2f-c298-4b92-833b-2a2f0ddb3c8d/orig","previewUrl":"https://avatars.mds.yandex.net/get-kinopoisk-image/4774061/f878ff2f-c298-4b92-833b-2a2f0ddb3c8d/x1000"}},{"id":3663,"name":"Пианино","enName":null,"alternativeName":"The Piano","type":"movie","poster":{"url":"https://avatars.mds.yandex.net/get-kinopoisk-image/6201401/9ad43212-8821-4316-a654-b00f2f211ce5/orig","previewUrl":"https://avatars.mds.yandex.net/get-kinopoisk-image/6201401/9ad43212-8821-4316-a654-b00f2f211ce5/x1000"}},{"id":5264,"name":"Рассекая волны","enName":null,"alternativeName":"Breaking the Waves","type":"movie","poster":{"url":"https://avatars.mds.yandex.net/get-kinopoisk-image/1704946/b789c513-c12c-47f6-8060-6bae4cb76d4e/orig","previewUrl":"https://avatars.mds.yandex.net/get-kinopoisk-image/1704946/b789c513-c12c-47f6-8060-6bae4cb76d4e/x1000"}},{"id":842857,"name":"Она","enName":null,"alternativeName":"Elle","type":"movie","poster":{"url":"https://avatars.mds.yandex.net/get-kinopoisk-image/1900788/abf26faa-b06c-4a20-af27-6c6d6beefeb5/orig","previewUrl":"https://avatars.mds.yandex.net/get-kinopoisk-image/1900788/abf26faa-b06c-4a20-af27-6c6d6beefeb5/x1000"}},{"id":408909,"name":"Антихрист","enName":null,"alternativeName":"Antichrist","type":"movie","poster":{"url":"https://avatars.mds.yandex.net/get-kinopoisk-image/1599028/889b21f2-3de0-4d2c-b1b7-a9cfe7635e02/orig","previewUrl":"https://avatars.mds.yandex.net/get-kinopoisk-image/1599028/889b21f2-3de0-4d2c-b1b7-a9cfe7635e02/x1000"}},{"id":7147,"name":"Последнее танго в Париже","enName":null,"alternativeName":"Ultimo tango a Parigi","type":"movie","poster":{"url":"https://avatars.mds.yandex.net/get-kinopoisk-image/1599028/2cbdfa5d-8aee-4f9c-921b-6fee4f411531/orig","previewUrl":"https://avatars.mds.yandex.net/get-kinopoisk-image/1599028/2cbdfa5d-8aee-4f9c-921b-6fee4f411531/x1000"}},{"id":409113,"name":"Бубен, барабан","enName":null,"alternativeName":null,"type":"movie","poster":{"url":"https://avatars.mds.yandex.net/get-kinopoisk-image/1704946/fe915d8b-bb80-4720-ac06-731a99f2fbf8/orig","previewUrl":"https://avatars.mds.yandex.net/get-kinopoisk-image/1704946/fe915d8b-bb80-4720-ac06-731a99f2fbf8/x1000"}},{"id":669260,"name":"Нимфоманка: Часть 1","enName":null,"alternativeName":"Nymphomaniac: Vol. I","type":"movie","poster":{"url":"https://avatars.mds.yandex.net/get-kinopoisk-image/4486362/9cba43b5-3d25-4475-9395-4c94446163e9/orig","previewUrl":"https://avatars.mds.yandex.net/get-kinopoisk-image/4486362/9cba43b5-3d25-4475-9395-4c94446163e9/x1000"}}],"shortDescription":"Студенту узнает шокирующую правду о своей преподавательнице. Невероятная Изабель Юппер в драме Михаэля Ханеке","imagesInfo":{"framesCount":16},"sequelsAndPrequels":[],"logo":{"url":"https://avatars.mds.yandex.net/get-ott/2439731/2a00000175bbe5f2daab0d278c650afa0a33/orig"},"watchability":{"items":[{"name":"KION","logo":{"url":"https://avatars.mds.yandex.net/get-ott/239697/daeb142e-3ecc-4bb2-9bff-4827996643ab/orig"},"url":"https://kion.ru/video/movie/427765874?utm_source=yandex&utm_medium=organic&utm_campaign=wizard"}]},"top10":null,"top250":null}