{"videos":{"trailers":[{"url":"https://widgets.kinopoisk.ru/discovery/trailer/197?onlyPlayer=1&autoplay=1&cover=1","name":"Трейлер","site":"kinopoisk_widget"},{"url":"https://www.youtube.com/v/eGnp7MsYreY","name":"Трейлер (русский язык)","site":"youtube"},{"url":"https://www.youtube.com/v/Y4zHkIOsu0g","name":"Фрагмент","site":"youtube"}],"teasers":[]},"fees":{"world":{"value":29419291,"currency":"$"},"usa":{"value":19733089,"currency":"$"}},"id":787,"type":"movie","externalId":{"kpHD":null,"imdb":null},"name":"Обещание","rating":{"kp":6.917,"imdb":6.8,"filmCritics":6.9,"russianFilmCritics":0,"await":0},"description":"Детектив отдела по расследованию убийств Джерри Блэк выходит на пенсию. Последний рабочий день Джерри заканчивается прощальной вечеринкой, где коллеги вручают виновнику торжества билет на самолет в Мексику, где Блэк давно мечтал порыбачить.\n\nВ это же самое время в горах находят изуродованный труп восьмилетней девочки. Выход на пенсию откладывается, как, впрочем, и поездка в Мексику: Джерри выезжает на место преступления. И именно старый детектив берет на себя тяжелое бремя сообщить родителям о том, что их ребенка безжалостно убили.\n\nМать девочки требует от Блэка обещание, что он обязательно найдет убийцу. И Джерри дает это обещание, еще не представляя, что оно навсегда изменит его жизнь...","votes":{"kp":12368,"imdb":62220,"filmCritics":125,"russianFilmCritics":1,"await":0},"premiere":{"country":"США","world":"2001-01-09T00:00:00.000Z","russia":"2002-03-14T00:00:00.000Z","cinema":"2002-03-14T00:00:00.000Z","dvd":"2009-08-27T00:00:00.000Z"},"slogan":"Detective Jerry Black has made a promise he can't break, to catch a killer he can't find","year":2000,"budget":{"value":35000000,"currency":"$"},"poster":{"url":"https://st.kp.yandex.net/images/film_big/787.jpg","previewUrl":"https://st.kp.yandex.net/images/film_iphone/iphone360_787.jpg"},"facts":[{"value":"Секретаршу героя <a href=\"/name/30056/\" class=\"all\">Джека Николсона</a> сыграла мать <a href=\"/name/1293/\" class=\"all\">Шона Пенна</a> — актриса <a href=\"/name/23403/\" class=\"all\">Айлин Райан</a>.","type":"FACT","spoiler":false},{"value":"Лодка, в которой герой <a href=\"/name/30056/\" class=\"all\">Николсона</a> отправляется на рыбалку, называется &#171;Милая Лорейн&#187;. Так зовут сестру и дочь Николсона.","type":"FACT","spoiler":false},{"value":"Фильм посвящён памяти художника-постановщика <a href=\"/name/1999664/\" class=\"all\">Майкла Д. Хэллера</a> и композитора <a href=\"/name/150429/\" class=\"all\">Джека Ницше</a>.","type":"FACT","spoiler":false},{"value":"Съёмки проходили преимущественно в провинции Британская Колумбия в Канаде. За исключением нескольких начальных сцен, снятых в Рено, Невада, все остальные сняты в Керемеосе, Принстоне, Хэдли, Меррите и Литтоне (все — в Британской Колумбии).","type":"FACT","spoiler":false},{"value":"В фильме использованы апельсины и апельсиновый сок с той же смысловой окраской, что и в фильме &#171;<a href=\"/film/325/\" class=\"all\">Крёстный отец</a>&#187;.","type":"FACT","spoiler":true}],"genres":[{"name":"триллер"},{"name":"драма"},{"name":"криминал"},{"name":"детектив"}],"countries":[{"name":"США"},{"name":"Канада"}],"seasonsInfo":[],"persons":[{"id":30056,"photo":"https://st.kp.yandex.net/images/actor_iphone/iphone360_30056.jpg","name":"Джек Николсон","enName":"Jack Nicholson","profession":"актеры","enProfession":"actor"},{"id":3420,"photo":"https://st.kp.yandex.net/images/actor_iphone/iphone360_3420.jpg","name":"Патриша Кларксон","enName":"Patricia Clarkson","profession":"актеры","enProfession":"actor"},{"id":7089,"photo":"https://st.kp.yandex.net/images/actor_iphone/iphone360_7089.jpg","name":"Бенисио Дель Торо","enName":"Benicio Del Toro","profession":"актеры","enProfession":"actor"},{"id":6752,"photo":"https://st.kp.yandex.net/images/actor_iphone/iphone360_6752.jpg","name":"Аарон Экхарт","enName":"Aaron Eckhart","profession":"актеры","enProfession":"actor"},{"id":3715,"photo":"https://st.kp.yandex.net/images/actor_iphone/iphone360_3715.jpg","name":"Хелен Миррен","enName":"Helen Mirren","profession":"актеры","enProfession":"actor"},{"id":12648,"photo":"https://st.kp.yandex.net/images/actor_iphone/iphone360_12648.jpg","name":"Том Нунэн","enName":"Tom Noonan","profession":"актеры","enProfession":"actor"},{"id":8887,"photo":"https://st.kp.yandex.net/images/actor_iphone/iphone360_8887.jpg","name":"Робин Райт","enName":"Robin Wright","profession":"актеры","enProfession":"actor"},{"id":7921,"photo":"https://st.kp.yandex.net/images/actor_iphone/iphone360_7921.jpg","name":"Ванесса Редгрейв","enName":"Vanessa Redgrave","profession":"актеры","enProfession":"actor"},{"id":9276,"photo":"https://st.kp.yandex.net/images/actor_iphone/iphone360_9276.jpg","name":"Микки Рурк","enName":"Mickey Rourke","profession":"актеры","enProfession":"actor"},{"id":10077,"photo":"https://st.kp.yandex.net/images/actor_iphone/iphone360_10077.jpg","name":"Сэм Шепард","enName":"Sam Shepard","profession":"актеры","enProfession":"actor"},{"id":22209,"photo":"https://st.kp.yandex.net/images/actor_iphone/iphone360_22209.jpg","name":"Гарри Дин Стэнтон","enName":"Harry Dean Stanton","profession":"актеры","enProfession":"actor"},{"id":48955,"photo":"https://st.kp.yandex.net/images/actor_iphone/iphone360_48955.jpg","name":"Бо Дэниелс","enName":"Beau Daniels","profession":"актеры","enProfession":"actor"},{"id":48956,"photo":"https://st.kp.yandex.net/images/actor_iphone/iphone360_48956.jpg","name":"Дейл Дикки","enName":"Dale Dickey","profession":"актеры","enProfession":"actor"},{"id":42933,"photo":"https://st.kp.yandex.net/images/actor_iphone/iphone360_42933.jpg","name":"Венди Дональдсон","enName":"Wendy Donaldson","profession":"актеры","enProfession":"actor"},{"id":45471,"photo":"https://st.kp.yandex.net/images/actor_iphone/iphone360_45471.jpg","name":"Эдриан Дорваль","enName":"Adrien Dorval","profession":"актеры","enProfession":"actor"},{"id":48957,"photo":"https://st.kp.yandex.net/images/actor_iphone/iphone360_48957.jpg","name":"Шон Хентер","enName":"Shawn Henter","profession":"актеры","enProfession":"actor"},{"id":48958,"photo":"https://st.kp.yandex.net/images/actor_iphone/iphone360_48958.jpg","name":"Кэти Дженсен","enName":"Kathy Jensen","profession":"актеры","enProfession":"actor"},{"id":48959,"photo":"https://st.kp.yandex.net/images/actor_iphone/iphone360_48959.jpg","name":"Тэрин Ноулз","enName":"Taryn Knowles","profession":"актеры","enProfession":"actor"},{"id":4501,"photo":"https://st.kp.yandex.net/images/actor_iphone/iphone360_4501.jpg","name":"Нельс Леннарсон","enName":"Nels Lennarson","profession":"актеры","enProfession":"actor"},{"id":14407,"photo":"https://st.kp.yandex.net/images/actor_iphone/iphone360_14407.jpg","name":"Костас Мэндилор","enName":"Costas Mandylor","profession":"актеры","enProfession":"actor"},{"id":48960,"photo":"https://st.kp.yandex.net/images/actor_iphone/iphone360_48960.jpg","name":"Дж.Дж. Макколл","enName":"J.J. McColl","profession":"актеры","enProfession":"actor"},{"id":48961,"photo":"https://st.kp.yandex.net/images/actor_iphone/iphone360_48961.jpg","name":"Гордон Мэй","enName":"Gordon May","profession":"актеры","enProfession":"actor"},{"id":48962,"photo":"https://st.kp.yandex.net/images/actor_iphone/iphone360_48962.jpg","name":"Гардинер Миллар","enName":"Gardiner Millar","profession":"актеры","enProfession":"actor"},{"id":30244,"photo":"https://st.kp.yandex.net/images/actor_iphone/iphone360_30244.jpg","name":"Адам Нельсон","enName":"Adam Nelson","profession":"актеры","enProfession":"actor"},{"id":10217,"photo":"https://st.kp.yandex.net/images/actor_iphone/iphone360_10217.jpg","name":"Майкл О’Киф","enName":"Michael O'Keefe","profession":"актеры","enProfession":"actor"},{"id":48016,"photo":"https://st.kp.yandex.net/images/actor_iphone/iphone360_48016.jpg","name":"Тони Парсонс","enName":"Tony Parsons","profession":"актеры","enProfession":"actor"},{"id":48963,"photo":"https://st.kp.yandex.net/images/actor_iphone/iphone360_48963.jpg","name":"Роберт Попофф","enName":"Robert Popoff","profession":"актеры","enProfession":"actor"},{"id":26662,"photo":"https://st.kp.yandex.net/images/actor_iphone/iphone360_26662.jpg","name":"Николь Роберт","enName":"Nicole Robert","profession":"актеры","enProfession":"actor"},{"id":48964,"photo":"https://st.kp.yandex.net/images/actor_iphone/iphone360_48964.jpg","name":"Полин Робертс","enName":"Pauline Roberts","profession":"актеры","enProfession":"actor"},{"id":23403,"photo":"https://st.kp.yandex.net/images/actor_iphone/iphone360_23403.jpg","name":"Айлин Райан","enName":"Eileen Ryan","profession":"актеры","enProfession":"actor"},{"id":48965,"photo":"https://st.kp.yandex.net/images/actor_iphone/iphone360_48965.jpg","name":"Люси Шмидт","enName":"Lucy Schmidt","profession":"актеры","enProfession":"actor"},{"id":34882,"photo":"https://st.kp.yandex.net/images/actor_iphone/iphone360_34882.jpg","name":"Лоис Смит","enName":"Lois Smith","profession":"актеры","enProfession":"actor"},{"id":30666,"photo":"https://st.kp.yandex.net/images/actor_iphone/iphone360_30666.jpg","name":"Джон Р. Тейлор","enName":"John R. Taylor","profession":"актеры","enProfession":"actor"},{"id":1478063,"photo":"https://st.kp.yandex.net/images/actor_iphone/iphone360_1478063.jpg","name":"Теодор Томас","enName":"Theodore Thomas","profession":"актеры","enProfession":"actor"},{"id":48967,"photo":"https://st.kp.yandex.net/images/actor_iphone/iphone360_48967.jpg","name":"Бриттани Типлэди","enName":"Brittany Tiplady","profession":"актеры","enProfession":"actor"},{"id":48968,"photo":"https://st.kp.yandex.net/images/actor_iphone/iphone360_48968.jpg","name":"Мавурнин Варко-Райан","enName":"Mavourneen Varcoe-Ryan","profession":"актеры","enProfession":"actor"},{"id":4502,"photo":"https://st.kp.yandex.net/images/actor_iphone/iphone360_4502.jpg","name":"Франсуаза Йип","enName":"Françoise Yip","profession":"актеры","enProfession":"actor"},{"id":1117365,"photo":"https://st.kp.yandex.net/images/actor_iphone/iphone360_1117365.jpg","name":"Эндрю Хедж","enName":"Andrew Hedge","profession":"актеры","enProfession":"actor"},{"id":45476,"photo":"https://st.kp.yandex.net/images/actor_iphone/iphone360_45476.jpg","name":"Брок Джонсон","enName":"Brock Johnson","profession":"актеры","enProfession":"actor"},{"id":31985,"photo":"https://st.kp.yandex.net/images/actor_iphone/iphone360_31985.jpg","name":"Тони Лима","enName":"Tony Lima","profession":"актеры","enProfession":"actor"},{"id":48969,"photo":"https://st.kp.yandex.net/images/actor_iphone/iphone360_48969.jpg","name":"Питер Мэдсен","enName":"Peter Madsen","profession":"актеры","enProfession":"actor"},{"id":4507,"photo":"https://st.kp.yandex.net/images/actor_iphone/iphone360_4507.jpg","name":"Камерон К. Смит","enName":"Cameron K. Smith","profession":"актеры","enProfession":"actor"},{"id":608586,"photo":"https://st.kp.yandex.net/images/actor_iphone/iphone360_608586.jpg","name":"Клаус Бадельт","enName":"Klaus Badelt","profession":"композиторы","enProfession":"composer"},{"id":50590,"photo":"https://st.kp.yandex.net/images/actor_iphone/iphone360_50590.jpg","name":"Ханс Циммер","enName":"Hans Zimmer","profession":"композиторы","enProfession":"composer"},{"id":1986386,"photo":"https://st.kp.yandex.net/images/actor_iphone/iphone360_1986386.jpg","name":"Билл Грум","enName":"Bill Groom","profession":"художники","enProfession":"designer"},{"id":1325543,"photo":"https://st.kp.yandex.net/images/actor_iphone/iphone360_1325543.jpg","name":"Хелен Джарвис","enName":"Helen Jarvis","profession":"художники","enProfession":"designer"},{"id":1999859,"photo":"https://st.kp.yandex.net/images/actor_iphone/iphone360_1999859.jpg","name":"Джилл М. Оханнесон","enName":"Jill M. Ohanneson","profession":"художники","enProfession":"designer"},{"id":1997517,"photo":"https://st.kp.yandex.net/images/actor_iphone/iphone360_1997517.jpg","name":"Лесли Бил","enName":"Lesley Beale","profession":"художники","enProfession":"designer"},{"id":1293,"photo":"https://st.kp.yandex.net/images/actor_iphone/iphone360_1293.jpg","name":"Шон Пенн","enName":"Sean Penn","profession":"режиссеры","enProfession":"director"},{"id":131347,"photo":"https://st.kp.yandex.net/images/actor_iphone/iphone360_131347.jpg","name":"Джей Кэссиди","enName":"Jay Cassidy","profession":"монтажеры","enProfession":"editor"},{"id":60020,"photo":"https://st.kp.yandex.net/images/actor_iphone/iphone360_60020.jpg","name":"Крис Менгис","enName":"Chris Menges","profession":"операторы","enProfession":"operator"},{"id":48970,"photo":"https://st.kp.yandex.net/images/actor_iphone/iphone360_48970.jpg","name":"Майкл Фицджералд","enName":"Michael Fitzgerald","profession":"продюсеры","enProfession":"producer"},{"id":1293,"photo":"https://st.kp.yandex.net/images/actor_iphone/iphone360_1293.jpg","name":"Шон Пенн","enName":"Sean Penn","profession":"продюсеры","enProfession":"producer"},{"id":1364,"photo":"https://st.kp.yandex.net/images/actor_iphone/iphone360_1364.jpg","name":"Эли Самаха","enName":"Elie Samaha","profession":"продюсеры","enProfession":"producer"},{"id":7400,"photo":"https://st.kp.yandex.net/images/actor_iphone/iphone360_7400.jpg","name":"Дон Кармоди","enName":"Don Carmody","profession":"продюсеры","enProfession":"producer"},{"id":36411,"photo":"https://st.kp.yandex.net/images/actor_iphone/iphone360_36411.jpg","name":"Александр Белявский","enName":null,"profession":"актеры дубляжа","enProfession":"voice_actor"},{"id":297868,"photo":"https://st.kp.yandex.net/images/actor_iphone/iphone360_297868.jpg","name":"Ирина Савина","enName":null,"profession":"актеры дубляжа","enProfession":"voice_actor"},{"id":290228,"photo":"https://st.kp.yandex.net/images/actor_iphone/iphone360_290228.jpg","name":"Вячеслав Баранов","enName":null,"profession":"актеры дубляжа","enProfession":"voice_actor"},{"id":277027,"photo":"https://st.kp.yandex.net/images/actor_iphone/iphone360_277027.jpg","name":"Андрей Градов","enName":null,"profession":"актеры дубляжа","enProfession":"voice_actor"},{"id":1508318,"photo":"https://st.kp.yandex.net/images/actor_iphone/iphone360_1508318.jpg","name":"Нина Лунева","enName":null,"profession":"актеры дубляжа","enProfession":"voice_actor"},{"id":231213,"photo":"https://st.kp.yandex.net/images/actor_iphone/iphone360_231213.jpg","name":"Александр Новиков","enName":null,"profession":"актеры дубляжа","enProfession":"voice_actor"},{"id":269650,"photo":"https://st.kp.yandex.net/images/actor_iphone/iphone360_269650.jpg","name":"Любовь Германова","enName":null,"profession":"актеры дубляжа","enProfession":"voice_actor"},{"id":290301,"photo":"https://st.kp.yandex.net/images/actor_iphone/iphone360_290301.jpg","name":"Александра Назарова","enName":null,"profession":"актеры дубляжа","enProfession":"voice_actor"},{"id":284235,"photo":"https://st.kp.yandex.net/images/actor_iphone/iphone360_284235.jpg","name":"Дальвин Щербаков","enName":null,"profession":"актеры дубляжа","enProfession":"voice_actor"},{"id":261638,"photo":"https://st.kp.yandex.net/images/actor_iphone/iphone360_261638.jpg","name":"Алексей Борзунов","enName":null,"profession":"актеры дубляжа","enProfession":"voice_actor"},{"id":1159780,"photo":"https://st.kp.yandex.net/images/actor_iphone/iphone360_1159780.jpg","name":"Александр Груздев","enName":null,"profession":"актеры дубляжа","enProfession":"voice_actor"},{"id":330068,"photo":"https://st.kp.yandex.net/images/actor_iphone/iphone360_330068.jpg","name":"Светлана Старикова","enName":null,"profession":"актеры дубляжа","enProfession":"voice_actor"},{"id":281401,"photo":"https://st.kp.yandex.net/images/actor_iphone/iphone360_281401.jpg","name":"Людмила Гнилова","enName":null,"profession":"актеры дубляжа","enProfession":"voice_actor"},{"id":1040432,"photo":"https://st.kp.yandex.net/images/actor_iphone/iphone360_1040432.jpg","name":"Денис Беспалый","enName":null,"profession":"актеры дубля��а","enProfession":"voice_actor"},{"id":261640,"photo":"https://st.kp.yandex.net/images/actor_iphone/iphone360_261640.jpg","name":"Артем Карапетян","enName":null,"profession":"актеры дубляжа","enProfession":"voice_actor"},{"id":1663499,"photo":"https://st.kp.yandex.net/images/actor_iphone/iphone360_1663499.jpg","name":"Мария Иващенко","enName":null,"profession":"актеры дубляжа","enProfession":"voice_actor"},{"id":2233333,"photo":"https://st.kp.yandex.net/images/actor_iphone/iphone360_2233333.jpg","name":"Галина Исхакова","enName":null,"profession":"актеры дубляжа","enProfession":"voice_actor"},{"id":109508,"photo":"https://st.kp.yandex.net/images/actor_iphone/iphone360_109508.jpg","name":"Вадим Захарченко","enName":null,"profession":"актеры дубляжа","enProfession":"voice_actor"},{"id":273361,"photo":"https://st.kp.yandex.net/images/actor_iphone/iphone360_273361.jpg","name":"Владимир Ферапонтов","enName":null,"profession":"актеры дубляжа","enProfession":"voice_actor"},{"id":281059,"photo":"https://st.kp.yandex.net/images/actor_iphone/iphone360_281059.jpg","name":"Александр Рыжков","enName":null,"profession":"актеры дубляжа","enProfession":"voice_actor"},{"id":310535,"photo":"https://st.kp.yandex.net/images/actor_iphone/iphone360_310535.jpg","name":"Олег Куценко","enName":null,"profession":"актеры дубляжа","enProfession":"voice_actor"},{"id":594457,"photo":"https://st.kp.yandex.net/images/actor_iphone/iphone360_594457.jpg","name":"Юрий Меншагин","enName":null,"profession":"актеры дубляжа","enProfession":"voice_actor"},{"id":1144153,"photo":"https://st.kp.yandex.net/images/actor_iphone/iphone360_1144153.jpg","name":"Ольга Плетнёва","enName":null,"profession":"актеры дубляжа","enProfession":"voice_actor"},{"id":1655599,"photo":"https://st.kp.yandex.net/images/actor_iphone/iphone360_1655599.jpg","name":"Юрий Брежнев","enName":null,"profession":"актеры дубляжа","enProfession":"voice_actor"},{"id":48953,"photo":"https://st.kp.yandex.net/images/actor_iphone/iphone360_48953.jpg","name":"Ежи Кромоловски","enName":"Jerzy Kromolowski","profession":"редакторы","enProfession":"writer"},{"id":48954,"photo":"https://st.kp.yandex.net/images/actor_iphone/iphone360_48954.jpg","name":"Мэри Олсон-Кромоловски","enName":"Mary Olson-Kromolowski","profession":"редакторы","enProfession":"writer"},{"id":48952,"photo":"https://st.kp.yandex.net/images/actor_iphone/iphone360_48952.jpg","name":"Фридрих Дюрренматт","enName":"Friedrich Dürrenmatt","profession":"редакторы","enProfession":"writer"}],"productionCompanies":[],"typeNumber":1,"alternativeName":"The Pledge","enName":null,"names":[{"name":"Обещание"},{"name":"The Pledge"}],"ageRating":16,"movieLength":124,"ratingMpaa":"r","similarMovies":[{"id":455194,"name":"Пленницы","enName":null,"alternativeName":"Prisoners","type":"movie","poster":{"url":"https://avatars.mds.yandex.net/get-kinopoisk-image/1900788/c7debfa6-6264-4352-a996-3676906cce58/orig","previewUrl":"https://avatars.mds.yandex.net/get-kinopoisk-image/1900788/c7debfa6-6264-4352-a996-3676906cce58/x1000"}},{"id":104926,"name":"Прощай, детка, прощай","enName":null,"alternativeName":"Gone Baby Gone","type":"movie","poster":{"url":"https://avatars.mds.yandex.net/get-kinopoisk-image/1599028/29b0d93b-ea2b-47c0-be93-9a4f650aa055/orig","previewUrl":"https://avatars.mds.yandex.net/get-kinopoisk-image/1599028/29b0d93b-ea2b-47c0-be93-9a4f650aa055/x1000"}},{"id":3730,"name":"Таинственная река","enName":null,"alternativeName":"Mystic River","type":"movie","poster":{"url":"https://avatars.mds.yandex.net/get-kinopoisk-image/1704946/24ba1b3e-65bf-4299-949a-8eaf8db1aa28/orig","previewUrl":"https://avatars.mds.yandex.net/get-kinopoisk-image/1704946/24ba1b3e-65bf-4299-949a-8eaf8db1aa28/x1000"}},{"id":712,"name":"Бессонница","enName":null,"alternativeName":"Insomnia","type":"movie","poster":{"url":"https://avatars.mds.yandex.net/get-kinopoisk-image/1704946/fee0c93b-5015-4a3e-8a05-12741637db2f/orig","previewUrl":"https://avatars.mds.yandex.net/get-kinopoisk-image/1704946/fee0c93b-5015-4a3e-8a05-12741637db2f/x1000"}},{"id":102838,"name":"Зодиак","enName":null,"alternativeName":"Zodiac","type":"movie","poster":{"url":"https://avatars.mds.yandex.net/get-kinopoisk-image/1599028/0d57f736-f872-4494-ae80-f30d23a38aa0/orig","previewUrl":"https://avatars.mds.yandex.net/get-kinopoisk-image/1599028/0d57f736-f872-4494-ae80-f30d23a38aa0/x1000"}},{"id":72828,"name":"Это случилось при свете дня","enName":null,"alternativeName":"Es geschah am hellichten Tag","type":"movie","poster":{"url":"https://avatars.mds.yandex.net/get-kinopoisk-image/1704946/b20483df-dfe9-4666-b951-a54382fdc74f/orig","previewUrl":"https://avatars.mds.yandex.net/get-kinopoisk-image/1704946/b20483df-dfe9-4666-b951-a54382fdc74f/x1000"}},{"id":33470,"name":"Холодный свет дня","enName":null,"alternativeName":"The Cold Light of Day","type":"movie","poster":{"url":"https://avatars.mds.yandex.net/get-kinopoisk-image/1777765/feeefdb3-b5b8-4336-98b7-20224f446289/orig","previewUrl":"https://avatars.mds.yandex.net/get-kinopoisk-image/1777765/feeefdb3-b5b8-4336-98b7-20224f446289/x1000"}},{"id":65770,"name":"Воспоминания об убийстве","enName":null,"alternativeName":"Salinui chueok","type":"movie","poster":{"url":"https://avatars.mds.yandex.net/get-kinopoisk-image/1704946/2d3d8f08-cdfb-4a15-8a5c-67660af436be/orig","previewUrl":"https://avatars.mds.yandex.net/get-kinopoisk-image/1704946/2d3d8f08-cdfb-4a15-8a5c-67660af436be/x1000"}},{"id":1290490,"name":"Дьявол в деталях","enName":null,"alternativeName":"The Little Things","type":"movie","poster":{"url":"https://avatars.mds.yandex.net/get-kinopoisk-image/1629390/b3523148-1b6a-41b1-a2df-c668e2a4deb8/orig","previewUrl":"https://avatars.mds.yandex.net/get-kinopoisk-image/1629390/b3523148-1b6a-41b1-a2df-c668e2a4deb8/x1000"}},{"id":441808,"name":"Тишина","enName":null,"alternativeName":"Das letzte Schweigen","type":"movie","poster":{"url":"https://avatars.mds.yandex.net/get-kinopoisk-image/1900788/7c9b959f-69fc-4f69-8a15-019035682c7f/orig","previewUrl":"https://avatars.mds.yandex.net/get-kinopoisk-image/1900788/7c9b959f-69fc-4f69-8a15-019035682c7f/x1000"}}],"imagesInfo":{"framesCount":7},"shortDescription":null,"sequelsAndPrequels":[],"backdrop":{"url":null,"previewUrl":null},"logo":{"url":null},"watchability":{"items":null},"top10":null,"top250":null,"status":null}