{"fees":{"world":{"value":11805917,"currency":"$"},"usa":{"value":6532619,"currency":"$"}},"status":null,"externalId":{"kpHD":"439559bb68fd337c9d04a4a8196c2a97","imdb":"tt0292644","tmdb":1809},"rating":{"kp":6.625,"imdb":6.6,"filmCritics":5.4,"russianFilmCritics":0,"await":0},"votes":{"kp":12820,"imdb":52274,"filmCritics":142,"russianFilmCritics":1,"await":0},"backdrop":{"url":"https://avatars.mds.yandex.net/get-ott/224348/2a0000016249b830919109ee7be1e507839a/orig","previewUrl":"https://avatars.mds.yandex.net/get-ott/224348/2a0000016249b830919109ee7be1e507839a/x1000"},"movieLength":110,"productionCompanies":[{"name":"Kingsgate Films","url":null,"previewUrl":null},{"name":"Roger Avary Filmproduktion GmbH","url":null,"previewUrl":null},{"name":"Lionsgate","url":"https://www.themoviedb.org/t/p/original/cisLn1YAUuptXVBa0xjq7ST9cH0.png","previewUrl":"https://www.themoviedb.org/t/p/w500/cisLn1YAUuptXVBa0xjq7ST9cH0.png"}],"id":810,"type":"movie","name":"Правила секса","description":"Шон Бэйтман позволяет себе только мимолётные связи, полагая, что любит только одну девушку. Пол Дантен - интеллигентный и циничный молодой распутник, думает, что влюблён в Шона. Лорен Хинд - последняя девственница в институте, мечтает о Викторе. Молодые студенты легко переступают через правила, но у их историй не самый счастливый конец.","premiere":{"country":"США","world":"2002-10-11T00:00:00.000Z","russia":"2002-12-26T00:00:00.000Z","cinema":"2002-12-26T00:00:00.000Z","dvd":"2009-11-19T00:00:00.000Z"},"slogan":"Следуй инстинктам","year":2002,"budget":{"value":4000000,"currency":"$"},"poster":{"url":"https://st.kp.yandex.net/images/film_big/810.jpg","previewUrl":"https://st.kp.yandex.net/images/film_iphone/iphone360_810.jpg"},"facts":[{"value":"Фильм снят по мотивам романа Брета Истона Эллиса &laquo;Правила секса&raquo; (The Rules of Attraction, 1987).","type":"FACT","spoiler":false},{"value":"Шон Бейтман (Джеймс Ван Дер Бик)&nbsp;&#151; это младший брат Патрика Бейтмана, главного героя &laquo;Американского психопата&raquo; (2000), фильма, в&nbsp;основу которого также положен роман Брэта Истона Эллиса.","type":"FACT","spoiler":false},{"value":"После того как Кристиан Бэйл отказался вновь сыграть Патрика Бейтмана, Роджер Эвери предложил данную роль автору книги, Брэту Истону Эллису, но&nbsp;последний также отказался. В&nbsp;конце концов, Каспер Ван Дин был утвержден на&nbsp;роль Патрика Бейтмана, но&nbsp;сцены с&nbsp;его участием были вырезаны из&nbsp;фильма.","type":"FACT","spoiler":false},{"value":"Кристина Риччи могла сыграть Лорен.","type":"FACT","spoiler":false},{"value":"По&nbsp;стилю, трейлер фильма очень похож на&nbsp;рекламный ролик картины Стэнли Кубрика &laquo;Заводной апельсин&raquo; (1971). В&nbsp;обоих роликах сцены из&nbsp;фильма перемешаны с&nbsp;прилагательными, описывающими картину (крупные белые слова на&nbsp;темном фоне), в&nbsp;то&nbsp;время как на&nbsp;заднем фоне играет классическая музыка.","type":"FACT","spoiler":false},{"value":"Фильм, о&nbsp;котором говорит один из&nbsp;студентов в&nbsp;самом начале картины,&nbsp;&#151; &laquo;Убить Зои&raquo; (1994), режиссером которого также был Роджер Эвери. Эрик Штольц, сыгравший в&nbsp;&laquo;Правилах секса&raquo; мистера Лоусона, исполнил главную роль в&nbsp;&laquo;Убить Зои&raquo;.","type":"FACT","spoiler":false},{"value":"Для того чтобы уменьшить расходы на&nbsp;пост-продакшн, монтаж фильма осуществлялся на&nbsp;относительно дешевом программном обеспечении &laquo;Final Cut Pro&raquo; на&nbsp;компьютерах Macintosh.","type":"FACT","spoiler":false},{"value":"Радиостанция, которую слушает Шон, называется &laquo;WTNA&raquo;. Композиторы фильма&nbsp;&#151; Tom Hajdu и&nbsp;Andy Milburn. Имена радио-диджейев&nbsp;&#151; Том и&nbsp;Энди.","type":"FACT","spoiler":false},{"value":"На&nbsp;вечеринке &laquo;Конец света&raquo;, Кэндейс одет в&nbsp;футболку &laquo;Tomandandy&raquo;. Имена композиторов фильма&nbsp;&#151; Том и&nbsp;Энди (Tom and Andy).","type":"FACT","spoiler":false},{"value":"В&nbsp;больнице, по&nbsp;громкой связи вызывают доктора Шапиро. Грег Шапиро&nbsp;&#151; один из&nbsp;продюсеров фильма.","type":"FACT","spoiler":false},{"value":"Тусовка &laquo;Конец света&raquo; снималась 11&nbsp;сентября 2001&nbsp;года.","type":"FACT","spoiler":false},{"value":"Финальные титры идут в&nbsp;обратном порядке.","type":"FACT","spoiler":false},{"value":"Когда Лорен идет к&nbsp;Виктору, то&nbsp;на&nbsp;доске для записок на&nbsp;его двери можно заметить надпись: &laquo;Виктор, по&nbsp;тесту получен положительный результат. Будь осторожен&raquo;.","type":"FACT","spoiler":true}],"genres":[{"name":"драма"},{"name":"мелодрама"},{"name":"комедия"}],"countries":[{"name":"США"},{"name":"Германия"}],"videos":{"trailers":[{"url":"https://www.youtube.com/v/5tyy54mWDiA","name":"Трейлер","site":"youtube"},{"url":"https://widgets.kinopoisk.ru/discovery/trailer/91767?onlyPlayer=1&autoplay=1&cover=1","name":"Тизер","site":"kinopoisk_widget"},{"url":"https://www.youtube.com/embed/Pl3lL4RDscY","name":"The Rules of Attraction - Trailer","site":"youtube","type":"TRAILER"},{"url":"https://www.youtube.com/embed/FuxeVHvYPaU","name":"Правила секса (2002) (с субтитрами) - Трейлер","site":"youtube","type":"TRAILER"}],"teasers":[]},"seasonsInfo":[],"persons":[{"id":21382,"photo":"https://st.kp.yandex.net/images/actor_iphone/iphone360_21382.jpg","name":"Джеймс Ван Дер Бик","enName":"James Van Der Beek","profession":"актеры","enProfession":"actor"},{"id":30776,"photo":"https://st.kp.yandex.net/images/actor_iphone/iphone360_30776.jpg","name":"Шаннин Соссамон","enName":"Shannyn Sossamon","profession":"актеры","enProfession":"actor"},{"id":34484,"photo":"https://st.kp.yandex.net/images/actor_iphone/iphone360_34484.jpg","name":"Джессика Бил","enName":"Jessica Biel","profession":"актеры","enProfession":"actor"},{"id":10139,"photo":"https://st.kp.yandex.net/images/actor_iphone/iphone360_10139.jpg","name":"Кип Парду","enName":"Kip Pardue","profession":"актеры","enProfession":"actor"},{"id":10141,"photo":"https://st.kp.yandex.net/images/actor_iphone/iphone360_10141.jpg","name":"Кейт Босворт","enName":"Kate Bosworth","profession":"актеры","enProfession":"actor"},{"id":42367,"photo":"https://st.kp.yandex.net/images/actor_iphone/iphone360_42367.jpg","name":"Иэн Сомерхолдер","enName":"Ian Somerhalder","profession":"актеры","enProfession":"actor"},{"id":33240,"photo":"https://st.kp.yandex.net/images/actor_iphone/iphone360_33240.jpg","name":"Джоэль Майкли","enName":"Joel Michaely","profession":"актеры","enProfession":"actor"},{"id":7247,"photo":"https://st.kp.yandex.net/images/actor_iphone/iphone360_7247.jpg","name":"Джей Барушель","enName":"Jay Baruchel","profession":"актеры","enProfession":"actor"},{"id":294,"photo":"https://st.kp.yandex.net/images/actor_iphone/iphone360_294.jpg","name":"Томас Иэн Николас","enName":"Thomas Ian Nicholas","profession":"актеры","enProfession":"actor"},{"id":9681,"photo":"https://st.kp.yandex.net/images/actor_iphone/iphone360_9681.jpg","name":"Клифтон Коллинз мл.","enName":"Clifton Collins Jr.","profession":"актеры","enProfession":"actor"},{"id":11160,"photo":"https://st.kp.yandex.net/images/actor_iphone/iphone360_11160.jpg","name":"Клэр Крамер","enName":"Clare Kramer","profession":"актеры","enProfession":"actor"},{"id":3025,"photo":"https://st.kp.yandex.net/images/actor_iphone/iphone360_3025.jpg","name":"Фэй Данауэй","enName":"Faye Dunaway","profession":"актеры","enProfession":"actor"},{"id":24424,"photo":"https://st.kp.yandex.net/images/actor_iphone/iphone360_24424.jpg","name":"Свузи Кёрц","enName":"Swoosie Kurtz","profession":"актеры","enProfession":"actor"},{"id":33241,"photo":"https://st.kp.yandex.net/images/actor_iphone/iphone360_33241.jpg","name":"Расселл Сэмс","enName":"Russell Sams","profession":"актеры","enProfession":"actor"},{"id":42368,"photo":"https://st.kp.yandex.net/images/actor_iphone/iphone360_42368.jpg","name":"Колин Бэйн","enName":"Colin Bain","profession":"актеры","enProfession":"actor"},{"id":7350,"photo":"https://st.kp.yandex.net/images/actor_iphone/iphone360_7350.jpg","name":"Эрик Столц","enName":"Eric Stoltz","profession":"актеры","enProfession":"actor"},{"id":37833,"photo":"https://st.kp.yandex.net/images/actor_iphone/iphone360_37833.jpg","name":"Фред Сэвэдж","enName":"Fred Savage","profession":"актеры","enProfession":"actor"},{"id":10868,"photo":"https://st.kp.yandex.net/images/actor_iphone/iphone360_10868.jpg","name":"Эрик Шманда","enName":"Eric Szmanda","profession":"актеры","enProfession":"actor"},{"id":42370,"photo":"https://st.kp.yandex.net/images/actor_iphone/iphone360_42370.jpg","name":"Каван Рис","enName":"Kavan Reece","profession":"актеры","enProfession":"actor"},{"id":42369,"photo":"https://st.kp.yandex.net/images/actor_iphone/iphone360_42369.jpg","name":"Тереза Уайман","enName":"Theresa Wayman","profession":"актеры","enProfession":"actor"},{"id":42372,"photo":"https://st.kp.yandex.net/images/actor_iphone/iphone360_42372.jpg","name":"Пол Уильямс","enName":"Paul Williams","profession":"актеры","enProfession":"actor"},{"id":33581,"photo":"https://st.kp.yandex.net/images/actor_iphone/iphone360_33581.jpg","name":"Скайлер Стоун","enName":"Skyler Stone","profession":"актеры","enProfession":"actor"},{"id":42374,"photo":"https://st.kp.yandex.net/images/actor_iphone/iphone360_42374.jpg","name":"Куинси Эванс","enName":"Quincy Evans","profession":"актеры","enProfession":"actor"},{"id":35960,"photo":"https://st.kp.yandex.net/images/actor_iphone/iphone360_35960.jpg","name":"Люсиль М. Оливер","enName":"Lucille M. Oliver","profession":"актеры","enProfession":"actor"},{"id":31263,"photo":"https://st.kp.yandex.net/images/actor_iphone/iphone360_31263.jpg","name":"Андерсон Гонсалвес","enName":"Anderson Goncalves","profession":"актеры","enProfession":"actor"},{"id":9468,"photo":"https://st.kp.yandex.net/images/actor_iphone/iphone360_9468.jpg","name":"Дрю Вуд","enName":"Drew Wood","profession":"актеры","enProfession":"actor"},{"id":42375,"photo":"https://st.kp.yandex.net/images/actor_iphone/iphone360_42375.jpg","name":"Кертис Андерсен","enName":"Curtis Andersen","profession":"актеры","enProfession":"actor"},{"id":42378,"photo":"https://st.kp.yandex.net/images/actor_iphone/iphone360_42378.jpg","name":"Чейз Хэмптон","enName":"Chasen Hampton","profession":"актеры","enProfession":"actor"},{"id":42373,"photo":"https://st.kp.yandex.net/images/actor_iphone/iphone360_42373.jpg","name":"Малкольм Галт","enName":"Malcolm Galt","profession":"актеры","enProfession":"actor"},{"id":735,"photo":"https://st.kp.yandex.net/images/actor_iphone/iphone360_735.jpg","name":"Ноэль Эванс","enName":"Noelle Evans","profession":"актеры","enProfession":"actor"},{"id":7134,"photo":"https://st.kp.yandex.net/images/actor_iphone/iphone360_7134.jpg","name":"Майкл Ральф","enName":"Michael Ralph","profession":"актеры","enProfession":"actor"},{"id":42371,"photo":"https://st.kp.yandex.net/images/actor_iphone/iphone360_42371.jpg","name":"Чейен Вилбур","enName":"Cheyenne Wilbur","profession":"актеры","enProfession":"actor"},{"id":10600,"photo":"https://st.kp.yandex.net/images/actor_iphone/iphone360_10600.jpg","name":"Рон Джереми","enName":"Ron Jeremy","profession":"актеры","enProfession":"actor"},{"id":255826,"photo":"https://st.kp.yandex.net/images/actor_iphone/iphone360_255826.jpg","name":"Холли Халливуд","enName":"Holly Hollywood","profession":"актеры","enProfession":"actor"},{"id":42376,"photo":"https://st.kp.yandex.net/images/actor_iphone/iphone360_42376.jpg","name":"Эмбер Смит","enName":"Amber Smith","profession":"актеры","enProfession":"actor"},{"id":42377,"photo":"https://st.kp.yandex.net/images/actor_iphone/iphone360_42377.jpg","name":"Алайна","enName":"Alaina","profession":"актеры","enProfession":"actor"},{"id":42380,"photo":"https://st.kp.yandex.net/images/actor_iphone/iphone360_42380.jpg","name":"Триша Аптон","enName":"Trisha Upton","profession":"актеры","enProfession":"actor"},{"id":33942,"photo":"https://st.kp.yandex.net/images/actor_iphone/iphone360_33942.jpg","name":"Хейли Кинэн","enName":"Hayley Keenan","profession":"актеры","enProfession":"actor"},{"id":2234027,"photo":"https://st.kp.yandex.net/images/actor_iphone/iphone360_2234027.jpg","name":"Нинни Перлман","enName":"Ninni Fires","profession":"актеры","enProfession":"actor"},{"id":2234028,"photo":"https://st.kp.yandex.net/images/actor_iphone/iphone360_2234028.jpg","name":"Эмили Кеннеди","enName":"Emily Kennedy","profession":"актеры","enProfession":"actor"},{"id":2234029,"photo":"https://st.kp.yandex.net/images/actor_iphone/iphone360_2234029.jpg","name":"Жанна Либерг","enName":"Zanna Lyberg","profession":"актеры","enProfession":"actor"},{"id":2234030,"photo":"https://st.kp.yandex.net/images/actor_iphone/iphone360_2234030.jpg","name":"Мелвин","enName":"Melvyn","profession":"актеры","enProfession":"actor"},{"id":2234031,"photo":"https://st.kp.yandex.net/images/actor_iphone/iphone360_2234031.jpg","name":"Майя Альбина Морелла","enName":"Maya Albina Morella","profession":"актеры","enProfession":"actor"},{"id":2234032,"photo":"https://st.kp.yandex.net/images/actor_iphone/iphone360_2234032.jpg","name":"Ширелл Орслер","enName":"Shirell Orsler","profession":"актеры","enProfession":"actor"},{"id":2234033,"photo":"https://st.kp.yandex.net/images/actor_iphone/iphone360_2234033.jpg","name":"Кейт Верити Уилсон","enName":"Kate Verity Wilson","profession":"актеры","enProfession":"actor"},{"id":2234034,"photo":"https://st.kp.yandex.net/images/actor_iphone/iphone360_2234034.jpg","name":"Ангхарад Вуд","enName":"Angharad Wood","profession":"актеры","enProfession":"actor"},{"id":2234035,"photo":"https://st.kp.yandex.net/images/actor_iphone/iphone360_2234035.jpg","name":"Джасмин Андрона","enName":"Jasmyn Androna","profession":"актеры","enProfession":"actor"},{"id":2234036,"photo":"https://st.kp.yandex.net/images/actor_iphone/iphone360_2234036.jpg","name":"Дж. Бале","enName":"J. Bahle","profession":"актеры","enProfession":"actor"},{"id":2234037,"photo":"https://st.kp.yandex.net/images/actor_iphone/iphone360_2234037.jpg","name":"Жан Карлос Бил","enName":"Jan Carlos Byl","profession":"актеры","enProfession":"actor"},{"id":4715184,"photo":"https://st.kp.yandex.net/images/actor_iphone/iphone360_4715184.jpg","name":"Джефф Эспанол","enName":"Jeff Espanol","profession":"актеры","enProfession":"actor"},{"id":2234038,"photo":"https://st.kp.yandex.net/images/actor_iphone/iphone360_2234038.jpg","name":"Эмили Милдерс","enName":"Emilie Milders","profession":"актеры","enProfession":"actor"},{"id":2234039,"photo":"https://st.kp.yandex.net/images/actor_iphone/iphone360_2234039.jpg","name":"Джули Милдерс","enName":"Julie Milders","profession":"актеры","enProfession":"actor"},{"id":42381,"photo":"https://st.kp.yandex.net/images/actor_iphone/iphone360_42381.jpg","name":"Катя Шурман","enName":"Katja Schuurman","profession":"актеры","enProfession":"actor"},{"id":2030407,"photo":"https://st.kp.yandex.net/images/actor_iphone/iphone360_2030407.jpg","name":"Брайони Шакелл","enName":"Briony Shackell","profession":"актеры","enProfession":"actor"},{"id":2234040,"photo":"https://st.kp.yandex.net/images/actor_iphone/iphone360_2234040.jpg","name":"Маша Де Вайер","enName":"Mascha De Wajer","profession":"актеры","enProfession":"actor"},{"id":2234041,"photo":"https://st.kp.yandex.net/images/actor_iphone/iphone360_2234041.jpg","name":"Джим Залм","enName":"Jim Zalm","profession":"актеры","enProfession":"actor"},{"id":2234042,"photo":"https://st.kp.yandex.net/images/actor_iphone/iphone360_2234042.jpg","name":"Ева Альтер","enName":"Eva Alter","profession":"актеры","enProfession":"actor"},{"id":93369,"photo":"https://st.kp.yandex.net/images/actor_iphone/iphone360_93369.jpg","name":"Кристина Камлин","enName":"Kristina Kumlin","profession":"актеры","enProfession":"actor"},{"id":589466,"photo":"https://st.kp.yandex.net/images/actor_iphone/iphone360_589466.jpg","name":"Корина Маринеску","enName":"Corina Marinescu","profession":"актеры","enProfession":"actor"},{"id":2234043,"photo":"https://st.kp.yandex.net/images/actor_iphone/iphone360_2234043.jpg","name":"Хонор Фицджералд","enName":"Honor Fitzgerald","profession":"актеры","enProfession":"actor"},{"id":2234044,"photo":"https://st.kp.yandex.net/images/actor_iphone/iphone360_2234044.jpg","name":"Мелани Хор","enName":"Melanie Hoar","profession":"актеры","enProfession":"actor"},{"id":2234045,"photo":"https://st.kp.yandex.net/images/actor_iphone/iphone360_2234045.jpg","name":"Паппи Ллойд","enName":"Pappy Lloyd","profession":"актеры","enProfession":"actor"},{"id":2234046,"photo":"https://st.kp.yandex.net/images/actor_iphone/iphone360_2234046.jpg","name":"Пхё Пхё Сингх","enName":"Cha Cha Singh","profession":"актеры","enProfession":"actor"},{"id":2234047,"photo":"https://st.kp.yandex.net/images/actor_iphone/iphone360_2234047.jpg","name":"Дженнифер Мейтленд","enName":"Jennifer Maitland","profession":"актеры","enProfession":"actor"},{"id":2234048,"photo":"https://st.kp.yandex.net/images/actor_iphone/iphone360_2234048.jpg","name":"Чарли Сесснер","enName":"Charly Sessner","profession":"актеры","enProfession":"actor"},{"id":2234049,"photo":"https://st.kp.yandex.net/images/actor_iphone/iphone360_2234049.jpg","name":"Дженнифер Ши","enName":"Jennifer Shea","profession":"актеры","enProfession":"actor"},{"id":2234050,"photo":"https://st.kp.yandex.net/images/actor_iphone/iphone360_2234050.jpg","name":"Одри Поул","enName":"Audrey Pawl","profession":"актеры","enProfession":"actor"},{"id":2234051,"photo":"https://st.kp.yandex.net/images/actor_iphone/iphone360_2234051.jpg","name":"Уэйн Перри","enName":"Wayne Perry","profession":"актеры","enProfession":"actor"},{"id":2234052,"photo":"https://st.kp.yandex.net/images/actor_iphone/iphone360_2234052.jpg","name":"Анджела Антонини","enName":"Angela Antonini","profession":"актеры","enProfession":"actor"},{"id":2234053,"photo":"https://st.kp.yandex.net/images/actor_iphone/iphone360_2234053.jpg","name":"Пьеро Антонини","enName":"Piero Antonini","profession":"актеры","enProfession":"actor"},{"id":2234054,"photo":"https://st.kp.yandex.net/images/actor_iphone/iphone360_2234054.jpg","name":"Сара Шмидт","enName":"Sarah Schmidt","profession":"актеры","enProfession":"actor"},{"id":2234055,"photo":"https://st.kp.yandex.net/images/actor_iphone/iphone360_2234055.jpg","name":"Валентина Анастасио","enName":"Valentina Anastasio","profession":"актеры","enProfession":"actor"},{"id":2234056,"photo":"https://st.kp.yandex.net/images/actor_iphone/iphone360_2234056.jpg","name":"Франческа Когодоа","enName":"Francesca Cogodoa","profession":"актеры","enProfession":"actor"},{"id":2234057,"photo":"https://st.kp.yandex.net/images/actor_iphone/iphone360_2234057.jpg","name":"Джеймс Пачи","enName":"James Paci","profession":"актеры","enProfession":"actor"},{"id":42382,"photo":"https://st.kp.yandex.net/images/actor_iphone/iphone360_42382.jpg","name":"Чарли Бабкок","enName":"Charlie Babcock","profession":"актеры","enProfession":"actor"},{"id":1218687,"photo":"https://st.kp.yandex.net/images/actor_iphone/iphone360_1218687.jpg","name":"Кэндис Брайант","enName":"Candice Bryant","profession":"актеры","enProfession":"actor"},{"id":1127180,"photo":"https://st.kp.yandex.net/images/actor_iphone/iphone360_1127180.jpg","name":"Джованни Капителло","enName":"Giovanni Capitello","profession":"актеры","enProfession":"actor"},{"id":750952,"photo":"https://st.kp.yandex.net/images/actor_iphone/iphone360_750952.jpg","name":"С. Роберт Каргилл","enName":"C. Robert Cargill","profession":"актеры","enProfession":"actor"},{"id":478700,"photo":"https://st.kp.yandex.net/images/actor_iphone/iphone360_478700.jpg","name":"Кори Эльгин","enName":"Cory Elgin","profession":"актеры","enProfession":"actor"},{"id":42383,"photo":"https://st.kp.yandex.net/images/actor_iphone/iphone360_42383.jpg","name":"Крис Гуртман","enName":"Cris Gurtman","profession":"актеры","enProfession":"actor"},{"id":326,"photo":"https://st.kp.yandex.net/images/actor_iphone/iphone360_326.jpg","name":"Джесси Хейман","enName":"Jesse Heiman","profession":"актеры","enProfession":"actor"},{"id":1798974,"photo":"https://st.kp.yandex.net/images/actor_iphone/iphone360_1798974.jpg","name":"Тара Клейнпетер","enName":"Tara Kleinpeter","profession":"актеры","enProfession":"actor"},{"id":739777,"photo":"https://st.kp.yandex.net/images/actor_iphone/iphone360_739777.jpg","name":"Алексис Краузе","enName":"Alexis Krause","profession":"актеры","enProfession":"actor"},{"id":38944,"photo":"https://st.kp.yandex.net/images/actor_iphone/iphone360_38944.jpg","name":"Мэттью Лэнг","enName":"Matthew Lang","profession":"актеры","enProfession":"actor"},{"id":518340,"photo":"https://st.kp.yandex.net/images/actor_iphone/iphone360_518340.jpg","name":"Пол Оукенфолд","enName":"Paul Oakenfold","profession":"актеры","enProfession":"actor"},{"id":30154,"photo":"https://st.kp.yandex.net/images/actor_iphone/iphone360_30154.jpg","name":"Стево Полы","enName":"Stevo Polyi","profession":"актеры","enProfession":"actor"},{"id":1119988,"photo":"https://st.kp.yandex.net/images/actor_iphone/iphone360_1119988.jpg","name":"Томми Риттер","enName":"Tommy Ritter","profession":"актеры","enProfession":"actor"},{"id":8245,"photo":"https://st.kp.yandex.net/images/actor_iphone/iphone360_8245.jpg","name":"Адам Робител","enName":"Adam Robitel","profession":"актеры","enProfession":"actor"},{"id":563052,"photo":"https://st.kp.yandex.net/images/actor_iphone/iphone360_563052.jpg","name":"Саския Слааф","enName":"Saskia Slaaf","profession":"актеры","enProfession":"actor"},{"id":664531,"photo":"https://st.kp.yandex.net/images/actor_iphone/iphone360_664531.jpg","name":"Аврора Сноу","enName":"Aurora Snow","profession":"актеры","enProfession":"actor"},{"id":1569526,"photo":"https://st.kp.yandex.net/images/actor_iphone/iphone360_1569526.jpg","name":"Брайан Вьюс","enName":"Brian Views","profession":"актеры","enProfession":"actor"},{"id":42384,"photo":"https://st.kp.yandex.net/images/actor_iphone/iphone360_42384.jpg","name":"Роулэнд Уоффорд","enName":"Rowland Wafford","profession":"актеры","enProfession":"actor"},{"id":1142432,"photo":"https://st.kp.yandex.net/images/actor_iphone/iphone360_1142432.jpg","name":"Керен Вудворд","enName":"Keren Woodward","profession":"актеры","enProfession":"actor"},{"id":611260,"photo":"https://st.kp.yandex.net/images/actor_iphone/iphone360_611260.jpg","name":"Томэндэнди","enName":"tomandandy","profession":"композиторы","enProfession":"composer"},{"id":1986427,"photo":"https://st.kp.yandex.net/images/actor_iphone/iphone360_1986427.jpg","name":"Шэрон Сеймур","enName":"Sharon Seymour","profession":"художники","enProfession":"designer"},{"id":539585,"photo":"https://st.kp.yandex.net/images/actor_iphone/iphone360_539585.jpg","name":"Кристофер Тандон","enName":"Christopher Tandon","profession":"художники","enProfession":"designer"},{"id":1986402,"photo":"https://st.kp.yandex.net/images/actor_iphone/iphone360_1986402.jpg","name":"Луиз Фрогли","enName":"Louise Frogley","profession":"художники","enProfession":"designer"},{"id":1999303,"photo":"https://st.kp.yandex.net/images/actor_iphone/iphone360_1999303.jpg","name":"Тереза Визинаре","enName":"Teresa Visinare","profession":"художники","enProfession":"designer"},{"id":17501,"photo":"https://st.kp.yandex.net/images/actor_iphone/iphone360_17501.jpg","name":"Роджер Эвери","enName":"Roger Avary","profession":"режиссеры","enProfession":"director"},{"id":1166242,"photo":"https://st.kp.yandex.net/images/actor_iphone/iphone360_1166242.jpg","name":"Шэрон Раттер","enName":"Sharon Rutter","profession":"монтажеры","enProfession":"editor"},{"id":88636,"photo":"https://st.kp.yandex.net/images/actor_iphone/iphone360_88636.jpg","name":"Роберт Бринкманн","enName":"Robert Brinkmann","profession":"операторы","enProfession":"operator"},{"id":21599,"photo":"https://st.kp.yandex.net/images/actor_iphone/iphone360_21599.jpg","name":"Грег Шапиро","enName":"Greg Shapiro","profession":"продюсеры","enProfession":"producer"},{"id":17501,"photo":"https://st.kp.yandex.net/images/actor_iphone/iphone360_17501.jpg","name":"Роджер Эвери","enName":"Roger Avary","profession":"продюсеры","enProfession":"producer"},{"id":27748,"photo":"https://st.kp.yandex.net/images/actor_iphone/iphone360_27748.jpg","name":"Марк Бутан","enName":"Marc Butan","profession":"продюсеры","enProfession":"producer"},{"id":42385,"photo":"https://st.kp.yandex.net/images/actor_iphone/iphone360_42385.jpg","name":"Джеймс Дойч","enName":"James Deutch","profession":"продюсеры","enProfession":"producer"},{"id":290408,"photo":"https://st.kp.yandex.net/images/actor_iphone/iphone360_290408.jpg","name":"Александр Рахленко","enName":null,"profession":"актеры дубляжа","enProfession":"voice_actor"},{"id":1649301,"photo":"https://st.kp.yandex.net/images/actor_iphone/iphone360_1649301.jpg","name":"Ольга Голованова","enName":null,"profession":"актеры дубляжа","enProfession":"voice_actor"},{"id":1649885,"photo":"https://st.kp.yandex.net/images/actor_iphone/iphone360_1649885.jpg","name":"Лариса Некипелова","enName":null,"profession":"актеры дубляжа","enProfession":"voice_actor"},{"id":1079073,"photo":"https://st.kp.yandex.net/images/actor_iphone/iphone360_1079073.jpg","name":"Андрей Бархударов","enName":null,"profession":"актеры дубляжа","enProfession":"voice_actor"},{"id":304568,"photo":"https://st.kp.yandex.net/images/actor_iphone/iphone360_304568.jpg","name":"Нина Тобилевич","enName":null,"profession":"актеры дубляжа","enProfession":"voice_actor"},{"id":1646298,"photo":"https://st.kp.yandex.net/images/actor_iphone/iphone360_1646298.jpg","name":"Олег Вирозуб","enName":null,"profession":"актеры дубляжа","enProfession":"voice_actor"},{"id":294081,"photo":"https://st.kp.yandex.net/images/actor_iphone/iphone360_294081.jpg","name":"Александр Комлев","enName":null,"profession":"актеры дубляжа","enProfession":"voice_actor"},{"id":1040432,"photo":"https://st.kp.yandex.net/images/actor_iphone/iphone360_1040432.jpg","name":"Денис Беспалый","enName":null,"profession":"актеры дубляжа","enProfession":"voice_actor"},{"id":1419143,"photo":"https://st.kp.yandex.net/images/actor_iphone/iphone360_1419143.jpg","name":"Дмитрий Филимонов","enName":null,"profession":"актеры дубляжа","enProfession":"voice_actor"},{"id":281329,"photo":"https://st.kp.yandex.net/images/actor_iphone/iphone360_281329.jpg","name":"Ольга Кузнецова","enName":null,"profession":"актеры дубляжа","enProfession":"voice_actor"},{"id":287613,"photo":"https://st.kp.yandex.net/images/actor_iphone/iphone360_287613.jpg","name":"Сергей Чекан","enName":null,"profession":"актеры дубляжа","enProfession":"voice_actor"},{"id":281353,"photo":"https://st.kp.yandex.net/images/actor_iphone/iphone360_281353.jpg","name":"Алексей Золотницкий","enName":null,"profession":"актеры дубляжа","enProfession":"voice_actor"},{"id":310535,"photo":"https://st.kp.yandex.net/images/actor_iphone/iphone360_310535.jpg","name":"Олег Куценко","enName":null,"profession":"актеры дубляжа","enProfession":"voice_actor"},{"id":17501,"photo":"https://st.kp.yandex.net/images/actor_iphone/iphone360_17501.jpg","name":"Роджер Эвери","enName":"Roger Avary","profession":"редакторы","enProfession":"writer"},{"id":12577,"photo":"https://st.kp.yandex.net/images/actor_iphone/iphone360_12577.jpg","name":"Брет Истон Эллис","enName":"Bret Easton Ellis","profession":"редакторы","enProfession":"writer"}],"typeNumber":1,"alternativeName":"The Rules of Attraction","enName":null,"names":[{"name":"Правила секса"},{"name":"The Rules of Attraction"}],"ageRating":18,"ratingMpaa":"r","imagesInfo":{"framesCount":20},"shortDescription":"Студенты элитного колледжа познают секс и отношения. Синефильская драмеди от сценариста «Криминального чтива»","similarMovies":[{"id":12192,"name":"Жестокие игры","enName":null,"alternativeName":"Cruel Intentions","type":"movie","poster":{"url":"https://avatars.mds.yandex.net/get-kinopoisk-image/1704946/0973db05-9d85-4233-8b5c-858bcf1cf763/orig","previewUrl":"https://avatars.mds.yandex.net/get-kinopoisk-image/1704946/0973db05-9d85-4233-8b5c-858bcf1cf763/x1000"}},{"id":7031,"name":"Правила секса 2: Хэппиэнд","enName":null,"alternativeName":"Happy Endings","type":"movie","poster":{"url":"https://avatars.mds.yandex.net/get-kinopoisk-image/1600647/c06b4598-a790-4153-820e-b2a4f2a08e90/orig","previewUrl":"https://avatars.mds.yandex.net/get-kinopoisk-image/1600647/c06b4598-a790-4153-820e-b2a4f2a08e90/x1000"}},{"id":160933,"name":"Любители истории","enName":null,"alternativeName":"The History Boys","type":"movie","poster":{"url":"https://avatars.mds.yandex.net/get-kinopoisk-image/1900788/1d8db431-3a00-4d14-a1ae-9026b5d5e5d6/orig","previewUrl":"https://avatars.mds.yandex.net/get-kinopoisk-image/1900788/1d8db431-3a00-4d14-a1ae-9026b5d5e5d6/x1000"}},{"id":256419,"name":"Факультет","enName":null,"alternativeName":"Undressed","type":"tv-series","poster":{"url":"https://avatars.mds.yandex.net/get-kinopoisk-image/1599028/bbbd7de7-ee1a-40a0-84f9-d752708261f9/orig","previewUrl":"https://avatars.mds.yandex.net/get-kinopoisk-image/1599028/bbbd7de7-ee1a-40a0-84f9-d752708261f9/x1000"}}],"sequelsAndPrequels":[{"id":636114,"name":"Гламорама","enName":null,"alternativeName":"Glamorama","type":"movie","poster":{"url":null,"previewUrl":null}}],"logo":{"url":null},"watchability":{"items":[{"name":"Wink","logo":{"url":"https://avatars.mds.yandex.net/get-ott/1672343/54096cbe-cc3b-41c9-8e44-990ebbca8d61/orig"},"url":"https://wink.ru/media_items/38370007?utm_source=yandex&utm_medium=koldunschick&utm_content=name"}]},"top10":null,"top250":null}