{"fees":{"world":{"value":19576023,"currency":"$"},"usa":{"value":9688676,"currency":"$"}},"status":null,"externalId":{"kpHD":null,"imdb":"tt0258153","tmdb":9296},"rating":{"kp":7.094,"imdb":6.1,"filmCritics":5.8,"russianFilmCritics":66.6667,"await":0},"votes":{"kp":22831,"imdb":61362,"filmCritics":160,"russianFilmCritics":3,"await":0},"backdrop":{"url":null,"previewUrl":null},"movieLength":117,"productionCompanies":[{"name":"Niccol Films","url":null,"previewUrl":null},{"name":"New Line Cinema","url":"https://www.themoviedb.org/t/p/original/iaYpEp3LQmb8AfAtmTvpqd4149c.png","previewUrl":"https://www.themoviedb.org/t/p/w500/iaYpEp3LQmb8AfAtmTvpqd4149c.png"}],"id":813,"type":"movie","name":"Симона","description":"Съемки фильма поставлены под угрозу срыва, когда актриса, предполагавшаяся на главную роль, отказывается сниматься. Режиссер решает заменить ее цифровой актрисой Симоной, созданной с помощью компьютера.\n\nОднако все принимают искусственную девушку за настоящую. На волне внезапного успеха Симоны режиссер не осмеливается раскрыть свой обман ни окружающим... ни самому себе.","premiere":{"country":"США","world":"2002-08-23T00:00:00.000Z","russia":"2003-01-09T00:00:00.000Z","cinema":"2003-01-09T00:00:00.000Z","dvd":"2012-03-15T00:00:00.000Z"},"slogan":"Как сделать звезду...","year":2002,"poster":{"url":"https://st.kp.yandex.net/images/film_big/813.jpg","previewUrl":"https://st.kp.yandex.net/images/film_iphone/iphone360_813.jpg"},"facts":[{"value":"В одном эпизоде можно увидеть, что дочь Виктора, Лэйни, читает легенду о Пигмалионе на своем ноутбуке. Пигмалион — в греческой мифологии скульптор, создавший прекрасную статую из слоновой кости и влюбившийся в своё творение, обратился к богине с мольбой вдохнуть в холодное изваяние жизнь.","type":"FACT","spoiler":false},{"value":"Имя одного из персонажей Хэнк Алино – анаграмма слова «Alone».","type":"FACT","spoiler":false},{"value":"Песню, которую Симона поёт на своем концерте — You Make Me Feel (Like A Natural Woman), исполняет <a href=\"/name/4897/\" class=\"all\">Мэри Джей Блайдж</a>. По сюжету же Виктор синтезирует голос актрисы из голосов других исполнительниц — <a href=\"/name/51221/\" class=\"all\">Уитни Хьюстон</a> и <a href=\"/name/32839/\" class=\"all\">Мадонны</a>.","type":"FACT","spoiler":false},{"value":"Чтобы сохранить в тайне своё участие в фильме, <a href=\"/name/37192/\" class=\"all\">Рэйчел Робертс</a> взяла себе псевдоним Анна Грин. Кадры с Робертс подвергли компьютерной обработке, чтобы получить образ искусственной Симоны.","type":"FACT","spoiler":false},{"value":"Посмотрев мультфильм «<a href=\"/film/670/\" class=\"all\">Последняя фантазия</a>» (2001) и увидев, насколько реалистично там показаны созданные компьютером герои, продюсеры начали склоняться к мысли, чтобы сделать и Симону полностью созданной компьютером. Однако от этой идеи отказались из-за возражений гильдии киноактёров США, что таким образом скоро актёров заменят компьютерными изображениями вообще во всех фильмах.","type":"FACT","spoiler":false}],"genres":[{"name":"фантастика"},{"name":"драма"},{"name":"комедия"}],"countries":[{"name":"США"}],"videos":{"trailers":[{"url":"https://widgets.kinopoisk.ru/discovery/trailer/8817?onlyPlayer=1&autoplay=1&cover=1","name":"Трейлер №1","site":"kinopoisk_widget"},{"url":"https://widgets.kinopoisk.ru/discovery/trailer/8818?onlyPlayer=1&autoplay=1&cover=1","name":"Трейлер №2","site":"kinopoisk_widget"},{"url":"https://www.youtube.com/embed/HuAjeuKXX7c","name":"Simone (2002) Official Trailer - Al Pacino, Winona Ryder Sci-Fi Movie HD","site":"youtube","type":"TRAILER"}],"teasers":[]},"seasonsInfo":[],"persons":[{"id":26240,"photo":"https://st.kp.yandex.net/images/actor_iphone/iphone360_26240.jpg","name":"Аль Пачино","enName":"Al Pacino","profession":"актеры","enProfession":"actor"},{"id":37192,"photo":"https://st.kp.yandex.net/images/actor_iphone/iphone360_37192.jpg","name":"Рэйчел Робертс","enName":"Rachel Roberts","profession":"актеры","enProfession":"actor"},{"id":21569,"photo":"https://st.kp.yandex.net/images/actor_iphone/iphone360_21569.jpg","name":"Кэтрин Кинер","enName":"Catherine Keener","profession":"актеры","enProfession":"actor"},{"id":30191,"photo":"https://st.kp.yandex.net/images/actor_iphone/iphone360_30191.jpg","name":"Эван Рэйчел Вуд","enName":"Evan Rachel Wood","profession":"актеры","enProfession":"actor"},{"id":11382,"photo":"https://st.kp.yandex.net/images/actor_iphone/iphone360_11382.jpg","name":"Джей Мор","enName":"Jay Mohr","profession":"актеры","enProfession":"actor"},{"id":9329,"photo":"https://st.kp.yandex.net/images/actor_iphone/iphone360_9329.jpg","name":"Вайнона Райдер","enName":"Winona Ryder","profession":"актеры","enProfession":"actor"},{"id":6753,"photo":"https://st.kp.yandex.net/images/actor_iphone/iphone360_6753.jpg","name":"Прюитт Тэйлор Винс","enName":"Pruitt Taylor Vince","profession":"актеры","enProfession":"actor"},{"id":36037,"photo":"https://st.kp.yandex.net/images/actor_iphone/iphone360_36037.jpg","name":"Джейсон Шварцман","enName":"Jason Schwartzman","profession":"актеры","enProfession":"actor"},{"id":2263,"photo":"https://st.kp.yandex.net/images/actor_iphone/iphone360_2263.jpg","name":"Дэниэл фон Барген","enName":"Daniel von Bargen","profession":"актеры","enProfession":"actor"},{"id":9332,"photo":"https://st.kp.yandex.net/images/actor_iphone/iphone360_9332.jpg","name":"Элиас Котеас","enName":"Elias Koteas","profession":"актеры","enProfession":"actor"},{"id":7043,"photo":"https://st.kp.yandex.net/images/actor_iphone/iphone360_7043.jpg","name":"Стенли Андерсон","enName":"Stanley Anderson","profession":"актеры","enProfession":"actor"},{"id":37188,"photo":"https://st.kp.yandex.net/images/actor_iphone/iphone360_37188.jpg","name":"Бенжамин Салисбери","enName":"Benjamin Salisbury","profession":"актеры","enProfession":"actor"},{"id":37189,"photo":"https://st.kp.yandex.net/images/actor_iphone/iphone360_37189.jpg","name":"Дарнелл Уильямс","enName":"Darnell Williams","profession":"актеры","enProfession":"actor"},{"id":36039,"photo":"https://st.kp.yandex.net/images/actor_iphone/iphone360_36039.jpg","name":"Джим Рэш","enName":"Jim Rash","profession":"актеры","enProfession":"actor"},{"id":10636,"photo":"https://st.kp.yandex.net/images/actor_iphone/iphone360_10636.jpg","name":"Рон Перкинс","enName":"Ron Perkins","profession":"актеры","enProfession":"actor"},{"id":37190,"photo":"https://st.kp.yandex.net/images/actor_iphone/iphone360_37190.jpg","name":"Джеффри Пирс","enName":"Jeffrey Pierce","profession":"актеры","enProfession":"actor"},{"id":569878,"photo":"https://st.kp.yandex.net/images/actor_iphone/iphone360_569878.jpg","name":"Джефф Уильямс","enName":"Jeff Williams","profession":"актеры","enProfession":"actor"},{"id":37193,"photo":"https://st.kp.yandex.net/images/actor_iphone/iphone360_37193.jpg","name":"Митци Мартин","enName":"Mitzi Martin","profession":"актеры","enProfession":"actor"},{"id":6499,"photo":"https://st.kp.yandex.net/images/actor_iphone/iphone360_6499.jpg","name":"Кэрол Андроски","enName":"Carole Androsky","profession":"актеры","enProfession":"actor"},{"id":37194,"photo":"https://st.kp.yandex.net/images/actor_iphone/iphone360_37194.jpg","name":"Кристофер Нейман","enName":"Christopher Neiman","profession":"актеры","enProfession":"actor"},{"id":37195,"photo":"https://st.kp.yandex.net/images/actor_iphone/iphone360_37195.jpg","name":"Джоли Дженкинс","enName":"Jolie Jenkins","profession":"актеры","enProfession":"actor"},{"id":37196,"photo":"https://st.kp.yandex.net/images/actor_iphone/iphone360_37196.jpg","name":"Деррек Брэйди","enName":"Derrex Brady","profession":"актеры","enProfession":"actor"},{"id":37197,"photo":"https://st.kp.yandex.net/images/actor_iphone/iphone360_37197.jpg","name":"Лиза Серасоли","enName":"Lisa Cerasoli","profession":"актеры","enProfession":"actor"},{"id":37198,"photo":"https://st.kp.yandex.net/images/actor_iphone/iphone360_37198.jpg","name":"Дэрин Химс","enName":"Darin Heames","profession":"актеры","enProfession":"actor"},{"id":37199,"photo":"https://st.kp.yandex.net/images/actor_iphone/iphone360_37199.jpg","name":"Патрик Дж. Дэнси","enName":"Patrick J. Dancy","profession":"актеры","enProfession":"actor"},{"id":4044,"photo":"https://st.kp.yandex.net/images/actor_iphone/iphone360_4044.jpg","name":"Адриан Р’Манте","enName":"Adrian R'Mante","profession":"актеры","enProfession":"actor"},{"id":22842,"photo":"https://st.kp.yandex.net/images/actor_iphone/iphone360_22842.jpg","name":"Дэвид Доути","enName":"David Doty","profession":"актеры","enProfession":"actor"},{"id":20442,"photo":"https://st.kp.yandex.net/images/actor_iphone/iphone360_20442.jpg","name":"Морин Мюллер","enName":"Maureen Mueller","profession":"актеры","enProfession":"actor"},{"id":37200,"photo":"https://st.kp.yandex.net/images/actor_iphone/iphone360_37200.jpg","name":"Бэрри Папик","enName":"Barry Papick","profession":"актеры","enProfession":"actor"},{"id":37201,"photo":"https://st.kp.yandex.net/images/actor_iphone/iphone360_37201.jpg","name":"Джеймс Глисон","enName":"James Gleason","profession":"актеры","enProfession":"actor"},{"id":25802,"photo":"https://st.kp.yandex.net/images/actor_iphone/iphone360_25802.jpg","name":"Энди Карник","enName":"Andi Carnick","profession":"актеры","enProfession":"actor"},{"id":37202,"photo":"https://st.kp.yandex.net/images/actor_iphone/iphone360_37202.jpg","name":"Ричард Сэкстон","enName":"Richard Saxton","profession":"актеры","enProfession":"actor"},{"id":37203,"photo":"https://st.kp.yandex.net/images/actor_iphone/iphone360_37203.jpg","name":"Винсент Болинг","enName":"Vincent Boling","profession":"актеры","enProfession":"actor"},{"id":696342,"photo":"https://st.kp.yandex.net/images/actor_iphone/iphone360_696342.jpg","name":"Марк Томпсон","enName":"Mark Thompson","profession":"актеры","enProfession":"actor"},{"id":13460,"photo":"https://st.kp.yandex.net/images/actor_iphone/iphone360_13460.jpg","name":"Кит МакКекни","enName":"Keith MacKechnie","profession":"актеры","enProfession":"actor"},{"id":37204,"photo":"https://st.kp.yandex.net/images/actor_iphone/iphone360_37204.jpg","name":"Алан Лоайза","enName":"Alan Loayza","profession":"актеры","enProfession":"actor"},{"id":34403,"photo":"https://st.kp.yandex.net/images/actor_iphone/iphone360_34403.jpg","name":"Крис Коппола","enName":"Chris Coppola","profession":"актеры","enProfession":"actor"},{"id":20214,"photo":"https://st.kp.yandex.net/images/actor_iphone/iphone360_20214.jpg","name":"Ломбардо Бойяр","enName":"Lombardo Boyar","profession":"актеры","enProfession":"actor"},{"id":37205,"photo":"https://st.kp.yandex.net/images/actor_iphone/iphone360_37205.jpg","name":"Дженни Блонг","enName":"Jenni Blong","profession":"актеры","enProfession":"actor"},{"id":37206,"photo":"https://st.kp.yandex.net/images/actor_iphone/iphone360_37206.jpg","name":"Сьюзэн Чуэнг","enName":"Susan Chuang","profession":"актеры","enProfession":"actor"},{"id":37207,"photo":"https://st.kp.yandex.net/images/actor_iphone/iphone360_37207.jpg","name":"Роберт Мусгрейв","enName":"Robert Musgrave","profession":"актеры","enProfession":"actor"},{"id":37208,"photo":"https://st.kp.yandex.net/images/actor_iphone/iphone360_37208.jpg","name":"Дебора Роулингс","enName":"Deborah Rawlings","profession":"актеры","enProfession":"actor"},{"id":37209,"photo":"https://st.kp.yandex.net/images/actor_iphone/iphone360_37209.jpg","name":"Кристина Райделл","enName":"Christina Rydell","profession":"актеры","enProfession":"actor"},{"id":37210,"photo":"https://st.kp.yandex.net/images/actor_iphone/iphone360_37210.jpg","name":"Род Симмонс","enName":"Rod Simmons","profession":"актеры","enProfession":"actor"},{"id":37211,"photo":"https://st.kp.yandex.net/images/actor_iphone/iphone360_37211.jpg","name":"Хэл Озсэн","enName":"Hal Ozsan","profession":"актеры","enProfession":"actor"},{"id":37212,"photo":"https://st.kp.yandex.net/images/actor_iphone/iphone360_37212.jpg","name":"Джаэн Мёбиус","enName":"Jaehne Moebius","profession":"актеры","enProfession":"actor"},{"id":22749,"photo":"https://st.kp.yandex.net/images/actor_iphone/iphone360_22749.jpg","name":"Клаудия Джордан","enName":"Claudia Jordan","profession":"актеры","enProfession":"actor"},{"id":37213,"photo":"https://st.kp.yandex.net/images/actor_iphone/iphone360_37213.jpg","name":"Генри Д. Сапата","enName":"Henry D. Zapata","profession":"актеры","enProfession":"actor"},{"id":37214,"photo":"https://st.kp.yandex.net/images/actor_iphone/iphone360_37214.jpg","name":"Кристофер Комс","enName":"Christopher Comes","profession":"актеры","enProfession":"actor"},{"id":37215,"photo":"https://st.kp.yandex.net/images/actor_iphone/iphone360_37215.jpg","name":"Брэд «Чип» Поуп","enName":"Brad «Chip» Pope","profession":"актеры","enProfession":"actor"},{"id":37216,"photo":"https://st.kp.yandex.net/images/actor_iphone/iphone360_37216.jpg","name":"Гордон Симмонс","enName":"Gordon Simmons","profession":"актеры","enProfession":"actor"},{"id":37217,"photo":"https://st.kp.yandex.net/images/actor_iphone/iphone360_37217.jpg","name":"Тереза Паренте","enName":"Teresa Parente","profession":"актеры","enProfession":"actor"},{"id":37218,"photo":"https://st.kp.yandex.net/images/actor_iphone/iphone360_37218.jpg","name":"Билл А. Джонс","enName":"Bill A. Jones","profession":"актеры","enProfession":"actor"},{"id":37219,"photo":"https://st.kp.yandex.net/images/actor_iphone/iphone360_37219.jpg","name":"Дэниэл До","enName":"Daniel Do","profession":"актеры","enProfession":"actor"},{"id":37220,"photo":"https://st.kp.yandex.net/images/actor_iphone/iphone360_37220.jpg","name":"Клайд Тулл","enName":"Clyde Tull","profession":"актеры","enProfession":"actor"},{"id":37221,"photo":"https://st.kp.yandex.net/images/actor_iphone/iphone360_37221.jpg","name":"Мосс Моссберг","enName":"Moss Mossberg","profession":"актеры","enProfession":"actor"},{"id":37222,"photo":"https://st.kp.yandex.net/images/actor_iphone/iphone360_37222.jpg","name":"Ронни В. Эллиот ст.","enName":"Ronnie W. Elliot Sr.","profession":"актеры","enProfession":"actor"},{"id":30307,"photo":"https://st.kp.yandex.net/images/actor_iphone/iphone360_30307.jpg","name":"Чарльз Ноуленд","enName":"Charles Noland","profession":"актеры","enProfession":"actor"},{"id":37223,"photo":"https://st.kp.yandex.net/images/actor_iphone/iphone360_37223.jpg","name":"Крис Марли","enName":"Chris Marley","profession":"актеры","enProfession":"actor"},{"id":37224,"photo":"https://st.kp.yandex.net/images/actor_iphone/iphone360_37224.jpg","name":"Шон Каллен","enName":"Sean Cullen","profession":"актеры","enProfession":"actor"},{"id":23853,"photo":"https://st.kp.yandex.net/images/actor_iphone/iphone360_23853.jpg","name":"Алек Мёрдок","enName":"Alec Murdock","profession":"актеры","enProfession":"actor"},{"id":37225,"photo":"https://st.kp.yandex.net/images/actor_iphone/iphone360_37225.jpg","name":"Алекс Болинг","enName":"Alex Boling","profession":"актеры","enProfession":"actor"},{"id":572306,"photo":"https://st.kp.yandex.net/images/actor_iphone/iphone360_572306.jpg","name":"Джим Брокхон","enName":"Jim Brockhohn","profession":"актеры","enProfession":"actor"},{"id":1020452,"photo":"https://st.kp.yandex.net/images/actor_iphone/iphone360_1020452.jpg","name":null,"enName":"Annie Coffey","profession":"актеры","enProfession":"actor"},{"id":4510868,"photo":"https://st.kp.yandex.net/images/actor_iphone/iphone360_4510868.jpg","name":null,"enName":"Al Collado","profession":"актеры","enProfession":"actor"},{"id":37226,"photo":"https://st.kp.yandex.net/images/actor_iphone/iphone360_37226.jpg","name":"Тони Крэйн","enName":"Tony Crane","profession":"актеры","enProfession":"actor"},{"id":37227,"photo":"https://st.kp.yandex.net/images/actor_iphone/iphone360_37227.jpg","name":"Лили Каннингэм","enName":"Lily Gareth","profession":"актеры","enProfession":"actor"},{"id":640,"photo":"https://st.kp.yandex.net/images/actor_iphone/iphone360_640.jpg","name":"Эдвард С. Джиллоу","enName":"Edward C. Gillow","profession":"актеры","enProfession":"actor"},{"id":356,"photo":"https://st.kp.yandex.net/images/actor_iphone/iphone360_356.jpg","name":"Фил Хоун","enName":"Phil Hawn","profession":"актеры","enProfession":"actor"},{"id":10518,"photo":"https://st.kp.yandex.net/images/actor_iphone/iphone360_10518.jpg","name":"Дайан Хадок","enName":"Diane Hudock","profession":"актеры","enProfession":"actor"},{"id":4461528,"photo":"https://st.kp.yandex.net/images/actor_iphone/iphone360_4461528.jpg","name":null,"enName":"Michael Andrew Colin Keller","profession":"актеры","enProfession":"actor"},{"id":2373853,"photo":"https://st.kp.yandex.net/images/actor_iphone/iphone360_2373853.jpg","name":"Джонни Лакетт","enName":"Johnny Luckett","profession":"актеры","enProfession":"actor"},{"id":8219,"photo":"https://st.kp.yandex.net/images/actor_iphone/iphone360_8219.jpg","name":"Ребекка Ромейн","enName":"Rebecca Romijn","profession":"актеры","enProfession":"actor"},{"id":37229,"photo":"https://st.kp.yandex.net/images/actor_iphone/iphone360_37229.jpg","name":"Камилль Вейнрайт","enName":"Camille Wainwright","profession":"актеры","enProfession":"actor"},{"id":86420,"photo":"https://st.kp.yandex.net/images/actor_iphone/iphone360_86420.jpg","name":"Картер Бёруэлл","enName":"Carter Burwell","profession":"композиторы","enProfession":"composer"},{"id":244334,"photo":"https://st.kp.yandex.net/images/actor_iphone/iphone360_244334.jpg","name":"Ян Рулфс","enName":"Jan Roelfs","profession":"художники","enProfession":"designer"},{"id":1996100,"photo":"https://st.kp.yandex.net/images/actor_iphone/iphone360_1996100.jpg","name":"Сара Ноулз","enName":"Sarah Knowles","profession":"художники","enProfession":"designer"},{"id":2002893,"photo":"https://st.kp.yandex.net/images/actor_iphone/iphone360_2002893.jpg","name":"Элизабетта Беральдо","enName":"Elisabetta Beraldo","profession":"художники","enProfession":"designer"},{"id":1995996,"photo":"https://st.kp.yandex.net/images/actor_iphone/iphone360_1995996.jpg","name":"Лесли А. Поуп","enName":"Leslie Pope","profession":"художники","enProfession":"designer"},{"id":37187,"photo":"https://st.kp.yandex.net/images/actor_iphone/iphone360_37187.jpg","name":"Эндрю Никкол","enName":"Andrew Niccol","profession":"режиссеры","enProfession":"director"},{"id":1196510,"photo":"https://st.kp.yandex.net/images/actor_iphone/iphone360_1196510.jpg","name":"Пол Рубелл","enName":"Paul Rubell","profession":"монтажеры","enProfession":"editor"},{"id":39042,"photo":"https://st.kp.yandex.net/images/actor_iphone/iphone360_39042.jpg","name":"Эдвард Лахман","enName":"Edward Lachman","profession":"операторы","enProfession":"operator"},{"id":37187,"photo":"https://st.kp.yandex.net/images/actor_iphone/iphone360_37187.jpg","name":"Эндрю Никкол","enName":"Andrew Niccol","profession":"продюсеры","enProfession":"producer"},{"id":37230,"photo":"https://st.kp.yandex.net/images/actor_iphone/iphone360_37230.jpg","name":"Брэдли Крамп","enName":"Bradley Cramp","profession":"продюсеры","enProfession":"producer"},{"id":7718,"photo":"https://st.kp.yandex.net/images/actor_iphone/iphone360_7718.jpg","name":"Майкл Де Лука","enName":"Michael De Luca","profession":"продюсеры","enProfession":"producer"},{"id":22772,"photo":"https://st.kp.yandex.net/images/actor_iphone/iphone360_22772.jpg","name":"Линн Харрис","enName":"Lynn Harris","profession":"продюсеры","enProfession":"producer"},{"id":93458,"photo":"https://st.kp.yandex.net/images/actor_iphone/iphone360_93458.jpg","name":"Владимир Еремин","enName":null,"profession":"актеры дубляжа","enProfession":"voice_actor"},{"id":1650300,"photo":"https://st.kp.yandex.net/images/actor_iphone/iphone360_1650300.jpg","name":"Людмила Шувалова","enName":null,"profession":"актеры дубляжа","enProfession":"voice_actor"},{"id":1144153,"photo":"https://st.kp.yandex.net/images/actor_iphone/iphone360_1144153.jpg","name":"Ольга Плетнёва","enName":null,"profession":"актеры дубляжа","enProfession":"voice_actor"},{"id":1663499,"photo":"https://st.kp.yandex.net/images/actor_iphone/iphone360_1663499.jpg","name":"Мария Иващенко","enName":null,"profession":"актеры дубляжа","enProfession":"voice_actor"},{"id":1040432,"photo":"https://st.kp.yandex.net/images/actor_iphone/iphone360_1040432.jpg","name":"Денис Беспалый","enName":null,"profession":"актеры дубляжа","enProfession":"voice_actor"},{"id":1649885,"photo":"https://st.kp.yandex.net/images/actor_iphone/iphone360_1649885.jpg","name":"Лариса Некипелова","enName":null,"profession":"актеры дубляжа","enProfession":"voice_actor"},{"id":1078947,"photo":"https://st.kp.yandex.net/images/actor_iphone/iphone360_1078947.jpg","name":"Александр Клюквин","enName":null,"profession":"актеры дубляжа","enProfession":"voice_actor"},{"id":273498,"photo":"https://st.kp.yandex.net/images/actor_iphone/iphone360_273498.jpg","name":"Михаил Тихонов","enName":null,"profession":"актеры дубляжа","enProfession":"voice_actor"},{"id":231213,"photo":"https://st.kp.yandex.net/images/actor_iphone/iphone360_231213.jpg","name":"Александр Новиков","enName":null,"profession":"актеры дубляжа","enProfession":"voice_actor"},{"id":590562,"photo":"https://st.kp.yandex.net/images/actor_iphone/iphone360_590562.jpg","name":"Олег Форостенко","enName":null,"profession":"актеры дубляжа","enProfession":"voice_actor"},{"id":273180,"photo":"https://st.kp.yandex.net/images/actor_iphone/iphone360_273180.jpg","name":"Никита Прозоровский","enName":null,"profession":"актеры дубляжа","enProfession":"voice_actor"},{"id":290228,"photo":"https://st.kp.yandex.net/images/actor_iphone/iphone360_290228.jpg","name":"Вячеслав Баранов","enName":null,"profession":"актеры дубляжа","enProfession":"voice_actor"},{"id":122801,"photo":"https://st.kp.yandex.net/images/actor_iphone/iphone360_122801.jpg","name":"Елена Борзунова","enName":null,"profession":"актеры дубляжа","enProfession":"voice_actor"},{"id":280829,"photo":"https://st.kp.yandex.net/images/actor_iphone/iphone360_280829.jpg","name":"Юрий Маляров","enName":null,"profession":"актеры дубляжа","enProfession":"voice_actor"},{"id":294081,"photo":"https://st.kp.yandex.net/images/actor_iphone/iphone360_294081.jpg","name":"Александр Комлев","enName":null,"profession":"актеры дубляжа","enProfession":"voice_actor"},{"id":700806,"photo":"https://st.kp.yandex.net/images/actor_iphone/iphone360_700806.jpg","name":"Юрий Деркач","enName":null,"profession":"актеры дубляжа","enProfession":"voice_actor"},{"id":1665134,"photo":"https://st.kp.yandex.net/images/actor_iphone/iphone360_1665134.jpg","name":"Марина Тарасова","enName":null,"profession":"актеры дубляжа","enProfession":"voice_actor"},{"id":37187,"photo":"https://st.kp.yandex.net/images/actor_iphone/iphone360_37187.jpg","name":"Эндрю Никкол","enName":"Andrew Niccol","profession":"редакторы","enProfession":"writer"}],"typeNumber":1,"alternativeName":"S1m0ne","enName":null,"names":[{"name":"Симона"},{"name":"S1m0ne"},{"name":"Simone","language":"BR","type":null},{"name":"Simone","language":"JP","type":null},{"name":"Simone","language":"LT","type":null},{"name":"Sim One","language":"US","type":null},{"name":"Simone","language":"ES","type":null},{"name":"Simone","language":"AR","type":null},{"name":"S1mØne - Nasce Uma Super Estrela","language":"BR","type":null},{"name":"Simone","language":"RS","type":null},{"name":"Simone","language":"FI","type":null},{"name":"Simone","language":"US","type":null},{"name":"Simone","language":"FR","type":null},{"name":"Simone","language":"PT","type":null},{"name":"Simone - Sztárcsináló 1.0","language":"HU","type":null},{"name":"Simone","language":"PE","type":null},{"name":"Simone","language":"DE","type":null},{"name":"Simone","language":"TR","type":null},{"name":"Сімона","language":"UA","type":null}],"ageRating":16,"budget":{},"ratingMpaa":"pg13","shortDescription":null,"sequelsAndPrequels":[],"imagesInfo":{"framesCount":37},"similarMovies":[{"id":577488,"name":"Она","enName":null,"alternativeName":"Her","type":"movie","poster":{"url":"https://avatars.mds.yandex.net/get-kinopoisk-image/1599028/4a5f6a06-1415-4b3b-bc93-36163da7307d/orig","previewUrl":"https://avatars.mds.yandex.net/get-kinopoisk-image/1599028/4a5f6a06-1415-4b3b-bc93-36163da7307d/x1000"}},{"id":197532,"name":"Из машины","enName":null,"alternativeName":"Ex Machina","type":"movie","poster":{"url":"https://avatars.mds.yandex.net/get-kinopoisk-image/4774061/c8dc010e-9c7b-4ca6-91eb-f82ca6657e8f/orig","previewUrl":"https://avatars.mds.yandex.net/get-kinopoisk-image/4774061/c8dc010e-9c7b-4ca6-91eb-f82ca6657e8f/x1000"}},{"id":687670,"name":"Превосходство","enName":null,"alternativeName":"Transcendence","type":"movie","poster":{"url":"https://avatars.mds.yandex.net/get-kinopoisk-image/4303601/bb040be7-b083-4d2a-a141-99216a5226dc/orig","previewUrl":"https://avatars.mds.yandex.net/get-kinopoisk-image/4303601/bb040be7-b083-4d2a-a141-99216a5226dc/x1000"}},{"id":582390,"name":"Руби Спаркс","enName":null,"alternativeName":"Ruby Sparks","type":"movie","poster":{"url":"https://avatars.mds.yandex.net/get-kinopoisk-image/1777765/826aaf4e-c91e-46f0-af6c-b357b7be7fad/orig","previewUrl":"https://avatars.mds.yandex.net/get-kinopoisk-image/1777765/826aaf4e-c91e-46f0-af6c-b357b7be7fad/x1000"}},{"id":4541,"name":"Шоу Трумана","enName":null,"alternativeName":"The Truman Show","type":"movie","poster":{"url":"https://avatars.mds.yandex.net/get-kinopoisk-image/4483445/ceb4574e-4b3b-43bf-a217-770d95c8afea/orig","previewUrl":"https://avatars.mds.yandex.net/get-kinopoisk-image/4483445/ceb4574e-4b3b-43bf-a217-770d95c8afea/x1000"}},{"id":2989,"name":"Плутовство","enName":null,"alternativeName":"Wag the Dog","type":"movie","poster":{"url":"https://avatars.mds.yandex.net/get-kinopoisk-image/1773646/3028f1c2-8ddd-479d-8b18-b20f4a74d295/orig","previewUrl":"https://avatars.mds.yandex.net/get-kinopoisk-image/1773646/3028f1c2-8ddd-479d-8b18-b20f4a74d295/x1000"}},{"id":493452,"name":"Ева: Искусственный разум","enName":null,"alternativeName":"Eva","type":"movie","poster":{"url":"https://avatars.mds.yandex.net/get-kinopoisk-image/1946459/1138b3b5-72ea-4263-bc49-875e8decd06b/orig","previewUrl":"https://avatars.mds.yandex.net/get-kinopoisk-image/1946459/1138b3b5-72ea-4263-bc49-875e8decd06b/x1000"}},{"id":581906,"name":"Конгресс","enName":null,"alternativeName":"The Congress","type":"cartoon","poster":{"url":"https://avatars.mds.yandex.net/get-kinopoisk-image/1600647/67082182-8ccd-4044-9cfb-8bfc9d8517e9/orig","previewUrl":"https://avatars.mds.yandex.net/get-kinopoisk-image/1600647/67082182-8ccd-4044-9cfb-8bfc9d8517e9/x1000"}}],"logo":{"url":null},"watchability":{"items":null},"top10":null,"top250":null}