{"fees":{"world":{"value":64300000,"currency":"$"},"russia":{"value":230000,"currency":"$"}},"status":null,"externalId":{"kpHD":null,"imdb":"tt0248408","tmdb":8366},"rating":{"kp":6.771,"imdb":6.6,"filmCritics":0,"russianFilmCritics":0,"await":0},"votes":{"kp":3545,"imdb":19447,"filmCritics":0,"russianFilmCritics":0,"await":0},"backdrop":{"url":null,"previewUrl":null},"movieLength":87,"productionCompanies":[{"name":"Seven Pictures","url":null,"previewUrl":null},{"name":"herbX Film","url":null,"previewUrl":null}],"id":818,"type":"movie","name":"Мокасины Маниту","description":"Подлинная и леденящая душу история про кровных братьев Абахачи и Рейнджера, про славные племена апачей и шошонов, про очень-очень плохого белого парня Санта Марию, про голубого краснокожего Виннетуха, про великого вождя Хитрого Слизняка и его безвременно погибшего сына Трусливого Кролика, про несметные сокровища, завещанные Абахачи его дедушкой по имени Бешеная Корова, про то, как старый хрен учил любимого внука делиться и Абахачи честно разделил карту с указанием клада на четыре части, но был настолько пьян, что никак не может вспомнить, куда девал остальные три...","premiere":{"country":"Германия","world":"2001-07-13T00:00:00.000Z","russia":"2002-07-18T00:00:00.000Z","cinema":"2002-07-18T00:00:00.000Z","dvd":"2010-01-14T00:00:00.000Z"},"slogan":"Die neue Komödie von Bully","year":2001,"budget":{"value":7000000,"currency":"DEM"},"poster":{"url":"https://st.kp.yandex.net/images/film_big/818.jpg","previewUrl":"https://st.kp.yandex.net/images/film_iphone/iphone360_818.jpg"},"facts":[{"value":"Самый успешный немецкий фильм в национальном кинопрокате. Кассовые сборы в немецком прокате составили 64 885 485 евро (11 719 160 проданных билетов).","type":"FACT","spoiler":false},{"value":"Телевизионная премьера картины, прошедшая на немецком телеканале PRO 7 получила наибольший рейтинг в истории телеканала. Фильм посмотрело 12,2 миллиона зрителей или 32% от всей аудитории канала.     ","type":"FACT","spoiler":false},{"value":"Сам фильм по существу это пародия на романы немецкого писателя Карла Мая, посвящённые вождю апачей Виннету и поставленные по ним фильмы, которые очень популярны в Германии. Персонаж Карл М., которого герои встречают в баре, это дополнительная отсылка к известному писателю.  ","type":"FACT","spoiler":false},{"value":"Вся сцена в пещере была впоследствии озвучена заново из-за просачивавшихся уличных шумов. ","type":"FACT","spoiler":false},{"value":"Кобыла Абахачи по имени Жаклин на самом деле жеребец. ","type":"FACT","spoiler":false},{"value":"Когда вождь шошонов Хитрый Слизняк просит откопать томагавк войны, один из его помощников говорит ему на вымышленном «диалекте» апачей, что томагавк сломался из-за того, что они купили по дешёвке низкого  качества.  Последнее слово, которое он говорит на этом «диалекте» это «Чибо».  В реальности «Чибо» это популярная в Германии сеть магазинов, которая известна продажами повседневных товаров по доступным ценам. ","type":"FACT","spoiler":false},{"value":"Когда Абахачи показывает Рейнджеру фотографии из своего прошлого, он обращает внимание на одну и говорит, что это его отец.  На самом деле он показывает фотографию французского актёра Пьера Брайса, сыгравшего главную роль  Виннету в серии немецких фильмов, вышедших в 60-х годах. При этом Абахачи говорит Рейнджеру, что его отец мог говорить по-французски, и никто не знал откуда. ","type":"FACT","spoiler":false},{"value":"В одной из сцен Абахачи играет популярную мелодию из фильма «Третий человек» (1949). Пауль Хёрбигер, дедушка Кристиана Трамица, который сыграл Рейнджера в «Мокасинах Маниту», исполнил одну из ролей в «Третьем человеке».  ","type":"FACT","spoiler":false},{"value":"До выхода «Мокасин Маниту» в популярном пародийном немецком сериале «Bullyparade» (1997-2002) Михаэля Хербига  два ведущих персонажа в скетчах носили имена Виннету и Олд Шеттерхэнд, как в романах Карла Мая. После появления фильма на экранах они внезапно вернули себе свои «настоящие» имена Абахачи и Рейнджер и в телесериале.","type":"FACT","spoiler":false},{"value":"Специальная версия фильма имеет хронометраж 100 минут.","type":"FACT","spoiler":false}],"genres":[{"name":"комедия"},{"name":"вестерн"}],"countries":[{"name":"Германия"},{"name":"Испания"}],"videos":{"trailers":[{"url":"https://www.youtube.com/v/JJ1DjN6ohjE","name":"Трейлер","site":"youtube"},{"url":"https://www.youtube.com/embed/cwvFpqyy_1s","name":"Der Schuh des Manitu - Trailer","site":"youtube","type":"TRAILER"}],"teasers":[]},"seasonsInfo":[],"persons":[{"id":223895,"photo":"https://st.kp.yandex.net/images/actor_iphone/iphone360_223895.jpg","name":"Михаэль Хербиг","enName":"Michael Herbig","profession":"актеры","enProfession":"actor"},{"id":223903,"photo":"https://st.kp.yandex.net/images/actor_iphone/iphone360_223903.jpg","name":"Кристиан Трамиц","enName":"Christian Tramitz","profession":"актеры","enProfession":"actor"},{"id":20309,"photo":"https://st.kp.yandex.net/images/actor_iphone/iphone360_20309.jpg","name":"Скай Дюмон","enName":"Sky Dumont","profession":"актеры","enProfession":"actor"},{"id":235398,"photo":"https://st.kp.yandex.net/images/actor_iphone/iphone360_235398.jpg","name":"Мари Баумер","enName":"Marie Bäumer","profession":"актеры","enProfession":"actor"},{"id":28136,"photo":"https://st.kp.yandex.net/images/actor_iphone/iphone360_28136.jpg","name":"Хильми Сёзер","enName":"Hilmi Sözer","profession":"актеры","enProfession":"actor"},{"id":223897,"photo":"https://st.kp.yandex.net/images/actor_iphone/iphone360_223897.jpg","name":"Рик Каваниан","enName":"Rick Kavanian","profession":"актеры","enProfession":"actor"},{"id":238723,"photo":"https://st.kp.yandex.net/images/actor_iphone/iphone360_238723.jpg","name":"Тим Вильде","enName":"Tim Wilde","profession":"актеры","enProfession":"actor"},{"id":238724,"photo":"https://st.kp.yandex.net/images/actor_iphone/iphone360_238724.jpg","name":"Зиги Терпоортен","enName":"Sigi Terpoorten","profession":"актеры","enProfession":"actor"},{"id":44418,"photo":"https://st.kp.yandex.net/images/actor_iphone/iphone360_44418.jpg","name":"Робинсон Райхель","enName":"Robinson Reichel","profession":"актеры","enProfession":"actor"},{"id":10998,"photo":"https://st.kp.yandex.net/images/actor_iphone/iphone360_10998.jpg","name":"Оливер Внук","enName":"Oliver Wnuk","profession":"актеры","enProfession":"actor"},{"id":229307,"photo":"https://st.kp.yandex.net/images/actor_iphone/iphone360_229307.jpg","name":"Иршад Панджатан","enName":"Irshad Panjatan","profession":"актеры","enProfession":"actor"},{"id":238725,"photo":"https://st.kp.yandex.net/images/actor_iphone/iphone360_238725.jpg","name":"Тим Зикьен","enName":"Tim Sikyen","profession":"актеры","enProfession":"actor"},{"id":238726,"photo":"https://st.kp.yandex.net/images/actor_iphone/iphone360_238726.jpg","name":"Роберт Алан Пэкард","enName":"Robert Alan Packard","profession":"актеры","enProfession":"actor"},{"id":83113,"photo":"https://st.kp.yandex.net/images/actor_iphone/iphone360_83113.jpg","name":"Сальваторе Паскаль","enName":"Salvatore Pascale","profession":"актеры","enProfession":"actor"},{"id":238727,"photo":"https://st.kp.yandex.net/images/actor_iphone/iphone360_238727.jpg","name":"Антонио Рамирес","enName":"Antonio Ramirez","profession":"актеры","enProfession":"actor"},{"id":83536,"photo":"https://st.kp.yandex.net/images/actor_iphone/iphone360_83536.jpg","name":"Йозеф Ханнесшлегер","enName":"Joseph Hannesschläger","profession":"актеры","enProfession":"actor"},{"id":113497,"photo":"https://st.kp.yandex.net/images/actor_iphone/iphone360_113497.jpg","name":"Герд Ломайер","enName":"Gerd Lohmeyer","profession":"актеры","enProfession":"actor"},{"id":11014,"photo":"https://st.kp.yandex.net/images/actor_iphone/iphone360_11014.jpg","name":"Александер Хельд","enName":"Alexander Held","profession":"актеры","enProfession":"actor"},{"id":223899,"photo":"https://st.kp.yandex.net/images/actor_iphone/iphone360_223899.jpg","name":"Диана Херольд","enName":"Diana Herold","profession":"актеры","enProfession":"actor"},{"id":238728,"photo":"https://st.kp.yandex.net/images/actor_iphone/iphone360_238728.jpg","name":"Пол Хэйес","enName":"Paul Hayes","profession":"актеры","enProfession":"actor"},{"id":238729,"photo":"https://st.kp.yandex.net/images/actor_iphone/iphone360_238729.jpg","name":"Анке Энгельке","enName":"Anke Engelke","profession":"актеры","enProfession":"actor"},{"id":238730,"photo":"https://st.kp.yandex.net/images/actor_iphone/iphone360_238730.jpg","name":"Херберт Фойерштайн","enName":"Herbert Feuerstein","profession":"актеры","enProfession":"actor"},{"id":238731,"photo":"https://st.kp.yandex.net/images/actor_iphone/iphone360_238731.jpg","name":"Наталия Авелон","enName":"Natalia Avelon","profession":"актеры","enProfession":"actor"},{"id":238732,"photo":"https://st.kp.yandex.net/images/actor_iphone/iphone360_238732.jpg","name":"Синан Паланчи","enName":"Sinan Palanci","profession":"актеры","enProfession":"actor"},{"id":238733,"photo":"https://st.kp.yandex.net/images/actor_iphone/iphone360_238733.jpg","name":"Кенан Паланчи","enName":"Kenan Palanci","profession":"актеры","enProfession":"actor"},{"id":238734,"photo":"https://st.kp.yandex.net/images/actor_iphone/iphone360_238734.jpg","name":"Филипп Краузе","enName":"Philipp Krause","profession":"актеры","enProfession":"actor"},{"id":238735,"photo":"https://st.kp.yandex.net/images/actor_iphone/iphone360_238735.jpg","name":"Роланд Кюнцель","enName":"Roland Künzel","profession":"актеры","enProfession":"actor"},{"id":238736,"photo":"https://st.kp.yandex.net/images/actor_iphone/iphone360_238736.jpg","name":"Реджин Эль Гохи","enName":"Regine El Gokhy","profession":"актеры","enProfession":"actor"},{"id":238737,"photo":"https://st.kp.yandex.net/images/actor_iphone/iphone360_238737.jpg","name":"Ханина Банага","enName":"Hanina Banaga","profession":"актеры","enProfession":"actor"},{"id":238738,"photo":"https://st.kp.yandex.net/images/actor_iphone/iphone360_238738.jpg","name":"Патриция Дик","enName":"Patricia Dick","profession":"актеры","enProfession":"actor"},{"id":238739,"photo":"https://st.kp.yandex.net/images/actor_iphone/iphone360_238739.jpg","name":"Алун Фетной","enName":"Aloun Phetnoi","profession":"актеры","enProfession":"actor"},{"id":238740,"photo":"https://st.kp.yandex.net/images/actor_iphone/iphone360_238740.jpg","name":"Марьячи Акапулько","enName":"Mariachi Acapulco","profession":"актеры","enProfession":"actor"},{"id":238741,"photo":"https://st.kp.yandex.net/images/actor_iphone/iphone360_238741.jpg","name":"Лия Софи Диттнер","enName":"Lia Sophie Dittner","profession":"актеры","enProfession":"actor"},{"id":189447,"photo":"https://st.kp.yandex.net/images/actor_iphone/iphone360_189447.jpg","name":"Фридрих Шёнфельдер","enName":"Friedrich Schoenfelder","profession":"актеры","enProfession":"actor"},{"id":403789,"photo":"https://st.kp.yandex.net/images/actor_iphone/iphone360_403789.jpg","name":"Ральф Венгенмайр","enName":"Ralf Wengenmayr","profession":"композиторы","enProfession":"composer"},{"id":1999926,"photo":"https://st.kp.yandex.net/images/actor_iphone/iphone360_1999926.jpg","name":"Клаус Коттманн","enName":"Claus Kottmann","profession":"художники","enProfession":"designer"},{"id":1496382,"photo":"https://st.kp.yandex.net/images/actor_iphone/iphone360_1496382.jpg","name":"Сабина Дайгелер","enName":"Sabine Daigeler","profession":"художники","enProfession":"designer"},{"id":1999928,"photo":"https://st.kp.yandex.net/images/actor_iphone/iphone360_1999928.jpg","name":"Коринна Дрейер-Вицци","enName":"Corinna Dreyer-Vizzi","profession":"художники","enProfession":"designer"},{"id":1999927,"photo":"https://st.kp.yandex.net/images/actor_iphone/iphone360_1999927.jpg","name":"Ивонн Хеллингс","enName":"Yvonne Hellings","profession":"художники","enProfession":"designer"},{"id":223895,"photo":"https://st.kp.yandex.net/images/actor_iphone/iphone360_223895.jpg","name":"Михаэль Хербиг","enName":"Michael Herbig","profession":"режиссеры","enProfession":"director"},{"id":1376707,"photo":"https://st.kp.yandex.net/images/actor_iphone/iphone360_1376707.jpg","name":"Александр Диттнер","enName":"Alexander Dittner","profession":"монтажеры","enProfession":"editor"},{"id":611528,"photo":"https://st.kp.yandex.net/images/actor_iphone/iphone360_611528.jpg","name":"Эдди Шнайдермайер","enName":"Eddie Schneidermeier","profession":"операторы","enProfession":"operator"},{"id":535535,"photo":"https://st.kp.yandex.net/images/actor_iphone/iphone360_535535.jpg","name":"Штефан Шух","enName":"Stephan Schuh","profession":"операторы","enProfession":"operator"},{"id":6133,"photo":"https://st.kp.yandex.net/images/actor_iphone/iphone360_6133.jpg","name":"Бернд Айхингер","enName":"Bernd Eichinger","profession":"продюсеры","enProfession":"producer"},{"id":238743,"photo":"https://st.kp.yandex.net/images/actor_iphone/iphone360_238743.jpg","name":"Михаэль Вольф","enName":"Michael Wolf","profession":"продюсеры","enProfession":"producer"},{"id":238744,"photo":"https://st.kp.yandex.net/images/actor_iphone/iphone360_238744.jpg","name":"Штефан Гёртнер","enName":"Stefan Gärtner","profession":"продюсеры","enProfession":"producer"},{"id":223895,"photo":"https://st.kp.yandex.net/images/actor_iphone/iphone360_223895.jpg","name":"Михаэль Хербиг","enName":"Michael Herbig","profession":"продюсеры","enProfession":"producer"},{"id":261729,"photo":"https://st.kp.yandex.net/images/actor_iphone/iphone360_261729.jpg","name":"Владимир Антоник","enName":null,"profession":"актеры дубляжа","enProfession":"voice_actor"},{"id":310535,"photo":"https://st.kp.yandex.net/images/actor_iphone/iphone360_310535.jpg","name":"Олег Куценко","enName":null,"profession":"актеры дубляжа","enProfession":"voice_actor"},{"id":1649885,"photo":"https://st.kp.yandex.net/images/actor_iphone/iphone360_1649885.jpg","name":"Лариса Некипелова","enName":null,"profession":"актеры дубляжа","enProfession":"voice_actor"},{"id":1604859,"photo":"https://st.kp.yandex.net/images/actor_iphone/iphone360_1604859.jpg","name":"Борис Токарев","enName":null,"profession":"актеры дубляжа","enProfession":"voice_actor"},{"id":1040432,"photo":"https://st.kp.yandex.net/images/actor_iphone/iphone360_1040432.jpg","name":"Денис Беспалый","enName":null,"profession":"актеры дубляжа","enProfession":"voice_actor"},{"id":320243,"photo":"https://st.kp.yandex.net/images/actor_iphone/iphone360_320243.jpg","name":"Виктор Петров","enName":null,"profession":"актеры дубляжа","enProfession":"voice_actor"},{"id":231569,"photo":"https://st.kp.yandex.net/images/actor_iphone/iphone360_231569.jpg","name":"Валентин Голубенко","enName":null,"profession":"актеры дубляжа","enProfession":"voice_actor"},{"id":280829,"photo":"https://st.kp.yandex.net/images/actor_iphone/iphone360_280829.jpg","name":"Юрий Маляров","enName":null,"profession":"актеры дубляжа","enProfession":"voice_actor"},{"id":1232680,"photo":"https://st.kp.yandex.net/images/actor_iphone/iphone360_1232680.jpg","name":"Илья Бледный","enName":null,"profession":"актеры дубляжа","enProfession":"voice_actor"},{"id":284235,"photo":"https://st.kp.yandex.net/images/actor_iphone/iphone360_284235.jpg","name":"Дальвин Щербаков","enName":null,"profession":"актеры дубляжа","enProfession":"voice_actor"},{"id":290228,"photo":"https://st.kp.yandex.net/images/actor_iphone/iphone360_290228.jpg","name":"Вячеслав Баранов","enName":null,"profession":"актеры дубляжа","enProfession":"voice_actor"},{"id":1079073,"photo":"https://st.kp.yandex.net/images/actor_iphone/iphone360_1079073.jpg","name":"Андрей Бархударов","enName":null,"profession":"актеры дубляжа","enProfession":"voice_actor"},{"id":223895,"photo":"https://st.kp.yandex.net/images/actor_iphone/iphone360_223895.jpg","name":"Михаэль Хербиг","enName":"Michael Herbig","profession":"редакторы","enProfession":"writer"},{"id":223896,"photo":"https://st.kp.yandex.net/images/actor_iphone/iphone360_223896.jpg","name":"Альфонс Бидерманн","enName":"Alfons Biedermann","profession":"редакторы","enProfession":"writer"},{"id":223897,"photo":"https://st.kp.yandex.net/images/actor_iphone/iphone360_223897.jpg","name":"Рик Каваниан","enName":"Rick Kavanian","profession":"редакторы","enProfession":"writer"},{"id":238721,"photo":"https://st.kp.yandex.net/images/actor_iphone/iphone360_238721.jpg","name":"Мурмель Клаузен","enName":"Murmel Clausen","profession":"редакторы","enProfession":"writer"}],"typeNumber":1,"alternativeName":"Der Schuh des Manitu","enName":null,"names":[{"name":"Мокасины Маниту"},{"name":"Der Schuh des Manitu"},{"name":"Manituova bota","language":"CZ","type":null},{"name":"Der Schuh des Manitu – Extra Large","language":"DE","type":null}],"imagesInfo":{"framesCount":38},"similarMovies":[{"id":32894,"name":"Космический дозор. Эпизод 1","enName":null,"alternativeName":"(T)Raumschiff Surprise - Periode 1","type":"movie","poster":{"url":"https://avatars.mds.yandex.net/get-kinopoisk-image/1704946/b181c0ec-4ab0-4218-9e2f-a0c5123d0440/orig","previewUrl":"https://avatars.mds.yandex.net/get-kinopoisk-image/1704946/b181c0ec-4ab0-4218-9e2f-a0c5123d0440/x1000"}},{"id":722886,"name":"Миллион способов потерять голову","enName":null,"alternativeName":"A Million Ways to Die in the West","type":"movie","poster":{"url":"https://avatars.mds.yandex.net/get-kinopoisk-image/1946459/0dac410a-b690-4fe1-8e2b-f49f8f2a237e/orig","previewUrl":"https://avatars.mds.yandex.net/get-kinopoisk-image/1946459/0dac410a-b690-4fe1-8e2b-f49f8f2a237e/x1000"}},{"id":8456,"name":"Сверкающие седла","enName":null,"alternativeName":"Blazing Saddles","type":"movie","poster":{"url":"https://avatars.mds.yandex.net/get-kinopoisk-image/1704946/2f641a9a-114e-4fd4-be47-14d284b53d47/orig","previewUrl":"https://avatars.mds.yandex.net/get-kinopoisk-image/1704946/2f641a9a-114e-4fd4-be47-14d284b53d47/x1000"}}],"ratingMpaa":null,"shortDescription":null,"sequelsAndPrequels":[],"ageRating":12,"logo":{"url":null},"watchability":{"items":null},"top10":null,"top250":null}