{"fees":{"world":{"value":113579918,"currency":"$"},"usa":{"value":71107711,"currency":"$"}},"status":null,"externalId":{"kpHD":"41d5d467b5089ee8b4cd1bb1068bb4d5","imdb":"tt0227445","tmdb":11371},"rating":{"kp":7.214,"imdb":6.8,"filmCritics":6.5,"russianFilmCritics":0,"await":0},"votes":{"kp":43190,"imdb":130392,"filmCritics":127,"russianFilmCritics":0,"await":0},"backdrop":{"url":"https://avatars.mds.yandex.net/get-ott/1531675/2a0000017d9545704483fcedd37b3d6253ac/orig","previewUrl":"https://avatars.mds.yandex.net/get-ott/1531675/2a0000017d9545704483fcedd37b3d6253ac/x1000"},"movieLength":124,"productionCompanies":[{"name":"Horseshoe Bay Productions","url":null,"previewUrl":null},{"name":"Paramount","url":"https://www.themoviedb.org/t/p/original/fycMZt242LVjagMByZOLUGbCvv3.png","previewUrl":"https://www.themoviedb.org/t/p/w500/fycMZt242LVjagMByZOLUGbCvv3.png"},{"name":"Mandalay Pictures","url":"https://www.themoviedb.org/t/p/original/jSlzEZZ4Z1g7B2UExjZEIKsUvD9.png","previewUrl":"https://www.themoviedb.org/t/p/w500/jSlzEZZ4Z1g7B2UExjZEIKsUvD9.png"}],"id":819,"type":"movie","name":"Медвежатник","description":"Ник Уэллс – профессиональный взломщик сейфов. Он хочет порвать с криминальным прошлым, но его старый партнёр по нелегальному бизнесу Макс вынуждает его приступить к подготовке нового преступления. На этот раз целью злоумышленников становится скипетр французской королевской династии Бурбонов.","premiere":{"country":"США","world":"2001-07-09T00:00:00.000Z","russia":"2001-12-12T00:00:00.000Z","cinema":"2001-12-12T00:00:00.000Z"},"slogan":"There are no partners in crime","year":2001,"budget":{"value":68000000,"currency":"$"},"poster":{"url":"https://st.kp.yandex.net/images/film_big/819.jpg","previewUrl":"https://st.kp.yandex.net/images/film_iphone/iphone360_819.jpg"},"facts":[{"value":"На съемках <a href=\"/name/33037/\" class=\"all\">Брандо</a> не раз подшучивал над своим партнером <a href=\"/name/718/\" class=\"all\">Робертом Де Ниро</a> и часто разыгрывал его.","type":"FACT","spoiler":false},{"value":"Роль Джека была сначала предложена <a href=\"/name/10620/\" class=\"all\">Бену Аффлеку</a>, но он от нее отказался. В итоге она досталась <a href=\"/name/25774/\" class=\"all\">Эдварду Нортону</a>.","type":"FACT","spoiler":false},{"value":"Первоначально главная роль предназначалась <a href=\"/name/10094/\" class=\"all\">Майклу Дугласу</a>. Затем, когда в проект пришел <a href=\"/name/718/\" class=\"all\">Де Ниро</a>, ему в партнеры прочили <a href=\"/name/25584/\" class=\"all\">Брэда Питта</a>.","type":"FACT","spoiler":false},{"value":"По словам одного из сценаристов, <a href=\"/name/49960/\" class=\"all\">Карио Салема</a>, роль Макса создавалась специально для <a href=\"/name/33037/\" class=\"all\">Марлона Брандо</a>.","type":"FACT","spoiler":false},{"value":"Съемки проходили в Монреале с конца мая по октябрь 2000 года и продолжались около 82 дней.","type":"FACT","spoiler":false},{"value":"Поскольку во время съемок стояла очень жаркая погода, <a href=\"/name/33037/\" class=\"all\">Брандо</a> в перерывах раздевался донага.","type":"FACT","spoiler":false}],"genres":[{"name":"боевик"},{"name":"триллер"},{"name":"драма"},{"name":"криминал"}],"countries":[{"name":"США"},{"name":"Германия"}],"videos":{"trailers":[{"url":"http://www.youtube.com/v/FKoh5Fncwi0","name":"Русский ТВ-ролик","site":"youtube"},{"url":"https://widgets.kinopoisk.ru/discovery/trailer/158?onlyPlayer=1&autoplay=1&cover=1","name":"Трейлер","site":"kinopoisk_widget"},{"url":"https://www.youtube.com/embed/-h5UgLvoaok","name":"The Score - Trailer","site":"youtube","type":"TRAILER"},{"url":"https://www.youtube.com/embed/J5PgZd7XuOU","name":"Медвежатник - Trailer","site":"youtube","type":"TRAILER"}],"teasers":[]},"seasonsInfo":[],"persons":[{"id":718,"photo":"https://st.kp.yandex.net/images/actor_iphone/iphone360_718.jpg","name":"Роберт Де Ниро","enName":"Robert De Niro","profession":"актеры","enProfession":"actor"},{"id":25774,"photo":"https://st.kp.yandex.net/images/actor_iphone/iphone360_25774.jpg","name":"Эдвард Нортон","enName":"Edward Norton","profession":"актеры","enProfession":"actor"},{"id":33037,"photo":"https://st.kp.yandex.net/images/actor_iphone/iphone360_33037.jpg","name":"Марлон Брандо","enName":"Marlon Brando","profession":"актеры","enProfession":"actor"},{"id":12668,"photo":"https://st.kp.yandex.net/images/actor_iphone/iphone360_12668.jpg","name":"Анджела Бассетт","enName":"Angela Bassett","profession":"актеры","enProfession":"actor"},{"id":22434,"photo":"https://st.kp.yandex.net/images/actor_iphone/iphone360_22434.jpg","name":"Гэри Фармер","enName":"Gary Farmer","profession":"актеры","enProfession":"actor"},{"id":49961,"photo":"https://st.kp.yandex.net/images/actor_iphone/iphone360_49961.jpg","name":"Пол Соулз","enName":"Paul Soles","profession":"актеры","enProfession":"actor"},{"id":18869,"photo":"https://st.kp.yandex.net/images/actor_iphone/iphone360_18869.jpg","name":"Джэми Харольд","enName":"Jamie Harrold","profession":"актеры","enProfession":"actor"},{"id":4772,"photo":"https://st.kp.yandex.net/images/actor_iphone/iphone360_4772.jpg","name":"Серж Уд","enName":"Serge Houde","profession":"актеры","enProfession":"actor"},{"id":49962,"photo":"https://st.kp.yandex.net/images/actor_iphone/iphone360_49962.jpg","name":"Жан-Рене Уэлле","enName":"Jean-René Ouellet","profession":"актеры","enProfession":"actor"},{"id":49963,"photo":"https://st.kp.yandex.net/images/actor_iphone/iphone360_49963.jpg","name":"Мартин Дрэнвиль","enName":"Martin Drainville","profession":"актеры","enProfession":"actor"},{"id":49964,"photo":"https://st.kp.yandex.net/images/actor_iphone/iphone360_49964.jpg","name":"Клод Деспен","enName":"Claude Despins","profession":"актеры","enProfession":"actor"},{"id":30512,"photo":"https://st.kp.yandex.net/images/actor_iphone/iphone360_30512.jpg","name":"Ричард Во","enName":"Richard Waugh","profession":"актеры","enProfession":"actor"},{"id":32964,"photo":"https://st.kp.yandex.net/images/actor_iphone/iphone360_32964.jpg","name":"Марк Камачо","enName":"Mark Camacho","profession":"актеры","enProfession":"actor"},{"id":4799,"photo":"https://st.kp.yandex.net/images/actor_iphone/iphone360_4799.jpg","name":"Мари-Жозе Колберн","enName":"Marie-Josée Colburn","profession":"актеры","enProfession":"actor"},{"id":49965,"photo":"https://st.kp.yandex.net/images/actor_iphone/iphone360_49965.jpg","name":"Гэвин Свенссон","enName":"Gavin Svensson","profession":"актеры","enProfession":"actor"},{"id":49966,"photo":"https://st.kp.yandex.net/images/actor_iphone/iphone360_49966.jpg","name":"Тин Труонг Нгуйен","enName":"Thinh Truong Nguyen","profession":"актеры","enProfession":"actor"},{"id":49967,"photo":"https://st.kp.yandex.net/images/actor_iphone/iphone360_49967.jpg","name":"Карло Эссаджиан","enName":"Carlo Essagian","profession":"актеры","enProfession":"actor"},{"id":7375,"photo":"https://st.kp.yandex.net/images/actor_iphone/iphone360_7375.jpg","name":"Кристиан Тессьер","enName":"Christian Tessier","profession":"актеры","enProfession":"actor"},{"id":34968,"photo":"https://st.kp.yandex.net/images/actor_iphone/iphone360_34968.jpg","name":"Лени Скоффи","enName":"Lenie Scoffié","profession":"актеры","enProfession":"actor"},{"id":49968,"photo":"https://st.kp.yandex.net/images/actor_iphone/iphone360_49968.jpg","name":"Бобби Браун","enName":"Bobby Brown","profession":"актеры","enProfession":"actor"},{"id":49969,"photo":"https://st.kp.yandex.net/images/actor_iphone/iphone360_49969.jpg","name":"Морис Демерс","enName":"Maurice Demers","profession":"актеры","enProfession":"actor"},{"id":49970,"photo":"https://st.kp.yandex.net/images/actor_iphone/iphone360_49970.jpg","name":"Кристиан Жак","enName":"Christian Jacques","profession":"актеры","enProfession":"actor"},{"id":49971,"photo":"https://st.kp.yandex.net/images/actor_iphone/iphone360_49971.jpg","name":"Генри Фармер","enName":"Henry Farmer","profession":"актеры","enProfession":"actor"},{"id":49972,"photo":"https://st.kp.yandex.net/images/actor_iphone/iphone360_49972.jpg","name":"Даки Термидор","enName":"Dacky Thermidor","profession":"актеры","enProfession":"actor"},{"id":49973,"photo":"https://st.kp.yandex.net/images/actor_iphone/iphone360_49973.jpg","name":"Герард Блоуин","enName":"Gerard Blouin","profession":"актеры","enProfession":"actor"},{"id":49974,"photo":"https://st.kp.yandex.net/images/actor_iphone/iphone360_49974.jpg","name":"Чарльз В. Дусе","enName":"Charles V. Doucet","profession":"актеры","enProfession":"actor"},{"id":49975,"photo":"https://st.kp.yandex.net/images/actor_iphone/iphone360_49975.jpg","name":"Пьер Дролет","enName":"Pierre Drolet","profession":"актеры","enProfession":"actor"},{"id":239585,"photo":"https://st.kp.yandex.net/images/actor_iphone/iphone360_239585.jpg","name":"Норман Микил Беркета","enName":"Norman Mikeal Berketa","profession":"актеры","enProfession":"actor"},{"id":11875,"photo":"https://st.kp.yandex.net/images/actor_iphone/iphone360_11875.jpg","name":"Эрик Хозиел","enName":"Eric Hoziel","profession":"актеры","enProfession":"actor"},{"id":2220130,"photo":"https://st.kp.yandex.net/images/actor_iphone/iphone360_2220130.jpg","name":"Джон Талбот","enName":"John Talbot","profession":"актеры","enProfession":"actor"},{"id":281719,"photo":"https://st.kp.yandex.net/images/actor_iphone/iphone360_281719.jpg","name":"Ричард Земан","enName":"Richard Zeman","profession":"актеры","enProfession":"actor"},{"id":49977,"photo":"https://st.kp.yandex.net/images/actor_iphone/iphone360_49977.jpg","name":"Ник Карасулис","enName":"Nick Carasoulis","profession":"актеры","enProfession":"actor"},{"id":49978,"photo":"https://st.kp.yandex.net/images/actor_iphone/iphone360_49978.jpg","name":"Кассандра Уилсон","enName":"Cassandra Wilson","profession":"актеры","enProfession":"actor"},{"id":49979,"photo":"https://st.kp.yandex.net/images/actor_iphone/iphone360_49979.jpg","name":"Моз Эллисон","enName":"Mose Allison","profession":"актеры","enProfession":"actor"},{"id":57874,"photo":"https://st.kp.yandex.net/images/actor_iphone/iphone360_57874.jpg","name":"Лиза Мари Блэр","enName":"Lisa Marie Blair","profession":"актеры","enProfession":"actor"},{"id":49980,"photo":"https://st.kp.yandex.net/images/actor_iphone/iphone360_49980.jpg","name":"Билл Хогланд","enName":"Bill Haughland","profession":"актеры","enProfession":"actor"},{"id":29284,"photo":"https://st.kp.yandex.net/images/actor_iphone/iphone360_29284.jpg","name":"Дэвид Л. МакКаллум","enName":"David L. McCallum","profession":"актеры","enProfession":"actor"},{"id":4321465,"photo":"https://st.kp.yandex.net/images/actor_iphone/iphone360_4321465.jpg","name":"Арнольд Монти","enName":"Arnold Montey","profession":"актеры","enProfession":"actor"},{"id":102846,"photo":"https://st.kp.yandex.net/images/actor_iphone/iphone360_102846.jpg","name":"Лонни Плаксико","enName":"Lonnie Plaxico","profession":"актеры","enProfession":"actor"},{"id":1914742,"photo":"https://st.kp.yandex.net/images/actor_iphone/iphone360_1914742.jpg","name":"Кристин Соломон","enName":"Christine Solomon","profession":"актеры","enProfession":"actor"},{"id":30544,"photo":"https://st.kp.yandex.net/images/actor_iphone/iphone360_30544.jpg","name":"Анджело Царучас","enName":"Angelo Tsarouchas","profession":"актеры","enProfession":"actor"},{"id":49981,"photo":"https://st.kp.yandex.net/images/actor_iphone/iphone360_49981.jpg","name":"Эндрю У. Уокер","enName":"Andrew W. Walker","profession":"актеры","enProfession":"actor"},{"id":142716,"photo":"https://st.kp.yandex.net/images/actor_iphone/iphone360_142716.jpg","name":"Говард Шор","enName":"Howard Shore","profession":"композиторы","enProfession":"composer"},{"id":1997469,"photo":"https://st.kp.yandex.net/images/actor_iphone/iphone360_1997469.jpg","name":"Джексон Де Говиа","enName":"Jackson De Govia","profession":"художники","enProfession":"designer"},{"id":451122,"photo":"https://st.kp.yandex.net/images/actor_iphone/iphone360_451122.jpg","name":"Клод Паре","enName":"Claude Paré","profession":"художники","enProfession":"designer"},{"id":2003244,"photo":"https://st.kp.yandex.net/images/actor_iphone/iphone360_2003244.jpg","name":"Том Рита","enName":"Tom Reta","profession":"художники","enProfession":"designer"},{"id":2000281,"photo":"https://st.kp.yandex.net/images/actor_iphone/iphone360_2000281.jpg","name":"Од Бронсон-Хауард","enName":"Aude Bronson-Howard","profession":"художники","enProfession":"designer"},{"id":1985568,"photo":"https://st.kp.yandex.net/images/actor_iphone/iphone360_1985568.jpg","name":"К.С. Фокс","enName":"K.C. Fox","profession":"художники","enProfession":"designer"},{"id":2004849,"photo":"https://st.kp.yandex.net/images/actor_iphone/iphone360_2004849.jpg","name":"Чарльз-Дэвид Десченс","enName":"Charles-David Deschenes","profession":"художники","enProfession":"designer"},{"id":24287,"photo":"https://st.kp.yandex.net/images/actor_iphone/iphone360_24287.jpg","name":"Фрэнк Оз","enName":"Frank Oz","profession":"режиссеры","enProfession":"director"},{"id":1994281,"photo":"https://st.kp.yandex.net/images/actor_iphone/iphone360_1994281.jpg","name":"Ричард Пирсон","enName":"Richard Pearson","profession":"монтажеры","enProfession":"editor"},{"id":611531,"photo":"https://st.kp.yandex.net/images/actor_iphone/iphone360_611531.jpg","name":"Роб Хан","enName":"Rob Hahn","profession":"операторы","enProfession":"operator"},{"id":25103,"photo":"https://st.kp.yandex.net/images/actor_iphone/iphone360_25103.jpg","name":"Гари Фостер","enName":"Gary Foster","profession":"продюсеры","enProfession":"producer"},{"id":25104,"photo":"https://st.kp.yandex.net/images/actor_iphone/iphone360_25104.jpg","name":"Ли Рич","enName":"Lee Rich","profession":"продюсеры","enProfession":"producer"},{"id":41648,"photo":"https://st.kp.yandex.net/images/actor_iphone/iphone360_41648.jpg","name":"Дитер Майер","enName":"Dieter Meyer","profession":"продюсеры","enProfession":"producer"},{"id":41649,"photo":"https://st.kp.yandex.net/images/actor_iphone/iphone360_41649.jpg","name":"Роланд Пеллегрино","enName":"Roland Pellegrino","profession":"продюсеры","enProfession":"producer"},{"id":245676,"photo":"https://st.kp.yandex.net/images/actor_iphone/iphone360_245676.jpg","name":"Сергей Варчук","enName":null,"profession":"актеры дубляжа","enProfession":"voice_actor"},{"id":1649884,"photo":"https://st.kp.yandex.net/images/actor_iphone/iphone360_1649884.jpg","name":"Андрей Казанцев","enName":null,"profession":"актеры дубляжа","enProfession":"voice_actor"},{"id":261728,"photo":"https://st.kp.yandex.net/images/actor_iphone/iphone360_261728.jpg","name":"Андрей Мартынов","enName":null,"profession":"актеры дубляжа","enProfession":"voice_actor"},{"id":1144153,"photo":"https://st.kp.yandex.net/images/actor_iphone/iphone360_1144153.jpg","name":"Ольга Плетнёва","enName":null,"profession":"актеры дубляжа","enProfession":"voice_actor"},{"id":310535,"photo":"https://st.kp.yandex.net/images/actor_iphone/iphone360_310535.jpg","name":"Олег Куценко","enName":null,"profession":"актеры дубляжа","enProfession":"voice_actor"},{"id":261640,"photo":"https://st.kp.yandex.net/images/actor_iphone/iphone360_261640.jpg","name":"Артем Карапетян","enName":null,"profession":"актеры дубляжа","enProfession":"voice_actor"},{"id":1079073,"photo":"https://st.kp.yandex.net/images/actor_iphone/iphone360_1079073.jpg","name":"Андрей Бархударов","enName":null,"profession":"актеры дубляжа","enProfession":"voice_actor"},{"id":231213,"photo":"https://st.kp.yandex.net/images/actor_iphone/iphone360_231213.jpg","name":"Александр Новиков","enName":null,"profession":"актеры дубляжа","enProfession":"voice_actor"},{"id":1616407,"photo":"https://st.kp.yandex.net/images/actor_iphone/iphone360_1616407.jpg","name":"Всеволод Кузнецов","enName":null,"profession":"актеры дубляжа","enProfession":"voice_actor"},{"id":281059,"photo":"https://st.kp.yandex.net/images/actor_iphone/iphone360_281059.jpg","name":"Александр Рыжков","enName":null,"profession":"актеры дубляжа","enProfession":"voice_actor"},{"id":294081,"photo":"https://st.kp.yandex.net/images/actor_iphone/iphone360_294081.jpg","name":"Александр Комлев","enName":null,"profession":"актеры дубляжа","enProfession":"voice_actor"},{"id":27408,"photo":"https://st.kp.yandex.net/images/actor_iphone/iphone360_27408.jpg","name":"Лем Доббс","enName":"Lem Dobbs","profession":"редакторы","enProfession":"writer"},{"id":8147,"photo":"https://st.kp.yandex.net/images/actor_iphone/iphone360_8147.jpg","name":"Скотт Маршалл Смит","enName":"Scott Marshall Smith","profession":"редакторы","enProfession":"writer"},{"id":49959,"photo":"https://st.kp.yandex.net/images/actor_iphone/iphone360_49959.jpg","name":"Дэниэл Э. Тейлор","enName":"Daniel E. Taylor","profession":"редакторы","enProfession":"writer"},{"id":49960,"photo":"https://st.kp.yandex.net/images/actor_iphone/iphone360_49960.jpg","name":"Карио Салем","enName":"Kario Salem","profession":"редакторы","enProfession":"writer"}],"typeNumber":1,"alternativeName":"The Score","enName":null,"names":[{"name":"Медвежатник"},{"name":"The Score"}],"imagesInfo":{"framesCount":20},"sequelsAndPrequels":[],"ratingMpaa":"r","shortDescription":"Бывший подельник предлагает опытному шниферу стоящее дельце. Триллер Фрэнка Оза, последняя роль Марлона Брандо","similarMovies":[{"id":318,"name":"Ограбление по-итальянски","enName":null,"alternativeName":"The Italian Job","type":"movie","poster":{"url":"https://avatars.mds.yandex.net/get-kinopoisk-image/1599028/7673fc11-be11-45f7-a997-f757a04b0cd9/orig","previewUrl":"https://avatars.mds.yandex.net/get-kinopoisk-image/1599028/7673fc11-be11-45f7-a997-f757a04b0cd9/x1000"}},{"id":770,"name":"Одиннадцать друзей Оушена","enName":null,"alternativeName":"Ocean's Eleven","type":"movie","poster":{"url":"https://avatars.mds.yandex.net/get-kinopoisk-image/1704946/3a8875d0-caa7-4f3b-aa54-721e0868c4ad/orig","previewUrl":"https://avatars.mds.yandex.net/get-kinopoisk-image/1704946/3a8875d0-caa7-4f3b-aa54-721e0868c4ad/x1000"}},{"id":103785,"name":"Не пойман — не вор","enName":null,"alternativeName":"Inside Man","type":"movie","poster":{"url":"https://avatars.mds.yandex.net/get-kinopoisk-image/1898899/a586f65d-8046-4ffe-bce3-31d50b7301dd/orig","previewUrl":"https://avatars.mds.yandex.net/get-kinopoisk-image/1898899/a586f65d-8046-4ffe-bce3-31d50b7301dd/x1000"}},{"id":18294,"name":"Двенадцать друзей Оушена","enName":null,"alternativeName":"Ocean's Twelve","type":"movie","poster":{"url":"https://avatars.mds.yandex.net/get-kinopoisk-image/4303601/f11116f7-571e-41e4-9531-60e5ec0a3e80/orig","previewUrl":"https://avatars.mds.yandex.net/get-kinopoisk-image/4303601/f11116f7-571e-41e4-9531-60e5ec0a3e80/x1000"}},{"id":8172,"name":"Западня","enName":null,"alternativeName":"Entrapment","type":"movie","poster":{"url":"https://avatars.mds.yandex.net/get-kinopoisk-image/1600647/7b648e92-f978-48b5-933e-c19cc910ac53/orig","previewUrl":"https://avatars.mds.yandex.net/get-kinopoisk-image/1600647/7b648e92-f978-48b5-933e-c19cc910ac53/x1000"}},{"id":77649,"name":"Ограбление на Бейкер-Стрит","enName":null,"alternativeName":"The Bank Job","type":"movie","poster":{"url":"https://avatars.mds.yandex.net/get-kinopoisk-image/1600647/c58e120b-9a5f-4428-80ec-3bff92b7eabe/orig","previewUrl":"https://avatars.mds.yandex.net/get-kinopoisk-image/1600647/c58e120b-9a5f-4428-80ec-3bff92b7eabe/x1000"}},{"id":395713,"name":"Кодекс вора","enName":null,"alternativeName":"The Code","type":"movie","poster":{"url":"https://avatars.mds.yandex.net/get-kinopoisk-image/4774061/8421947a-a4d8-4271-9fd1-74918f891175/orig","previewUrl":"https://avatars.mds.yandex.net/get-kinopoisk-image/4774061/8421947a-a4d8-4271-9fd1-74918f891175/x1000"}},{"id":21018,"name":"Защита от дурака","enName":null,"alternativeName":"Foolproof","type":"movie","poster":{"url":"https://avatars.mds.yandex.net/get-kinopoisk-image/1773646/856bb529-cde9-41bd-819c-90d39ff63d9a/orig","previewUrl":"https://avatars.mds.yandex.net/get-kinopoisk-image/1773646/856bb529-cde9-41bd-819c-90d39ff63d9a/x1000"}},{"id":696,"name":"Грабеж","enName":null,"alternativeName":"Heist","type":"movie","poster":{"url":"https://avatars.mds.yandex.net/get-kinopoisk-image/1900788/ab740e3e-af08-43b5-864c-be8e9cfe4e8e/orig","previewUrl":"https://avatars.mds.yandex.net/get-kinopoisk-image/1900788/ab740e3e-af08-43b5-864c-be8e9cfe4e8e/x1000"}}],"ageRating":16,"logo":{"url":null},"watchability":{"items":[{"name":"Okko","logo":{"url":"https://avatars.mds.yandex.net/get-ott/239697/7713e586-17d1-42d1-ac62-53e9ef1e70c3/orig"},"url":"https://okko.tv/movie/the-score?utm_medium=referral&utm_source=yandex_search&utm_campaign=new_search_feed"},{"name":"Иви","logo":{"url":"https://avatars.mds.yandex.net/get-ott/2419418/0dfd1724-848f-4725-9160-abc571f41c11/orig"},"url":"https://www.ivi.ru/watch/115030?utm_source=yandex&utm_medium=wizard"},{"name":"PREMIER","logo":{"url":"https://avatars.mds.yandex.net/get-ott/239697/0f86e907-9531-47e9-87bd-5101a08d4e30/orig"},"url":"https://premier.one/show/17286?utm_source=yandex&utm_medium=yandex_feed_search&utm_campaign=yandex_feed"},{"name":"Wink","logo":{"url":"https://avatars.mds.yandex.net/get-ott/1672343/54096cbe-cc3b-41c9-8e44-990ebbca8d61/orig"},"url":"https://wink.ru/media_items/27740725?utm_source=yandex&utm_medium=koldunschick&utm_content=name"},{"name":"viju","logo":{"url":"https://avatars.mds.yandex.net/get-ott/224348/8b10c84b-e1bb-4493-9bc4-6ee56554403a/orig"},"url":"https://viju.ru/filmy/medvezhatnik?utm_campaign=yandex_content_integration&utm_medium=affiliate&utm_source=yandex"},{"name":"24ТВ","logo":{"url":"https://avatars.mds.yandex.net/get-ott/2439731/85e83b8d-1159-4781-bad5-ce0a809b3843/orig"},"url":"https://24h.tv/contents/2001-the-score-546320319795692222"}]},"top10":null,"top250":null}