{"fees":{"world":{"value":24690441,"currency":"$"},"usa":{"value":11434216,"currency":"$"}},"status":null,"externalId":{"kpHD":"416ee611d1ac1425a0a4a69ddb24e1aa","imdb":"tt0120824","tmdb":6440},"rating":{"kp":7.041,"imdb":6.7,"filmCritics":5.8,"russianFilmCritics":0,"await":0},"votes":{"kp":6851,"imdb":33391,"filmCritics":131,"russianFilmCritics":0,"await":0},"backdrop":{"url":"https://avatars.mds.yandex.net/get-ott/2385704/2a00000173dd7b683119f3fab3018f9df8ba/orig","previewUrl":"https://avatars.mds.yandex.net/get-ott/2385704/2a00000173dd7b683119f3fab3018f9df8ba/x1000"},"movieLength":111,"productionCompanies":[{"name":"Miramax","url":"https://www.themoviedb.org/t/p/original/m6AHu84oZQxvq7n1rsvMNJIAsMu.png","previewUrl":"https://www.themoviedb.org/t/p/w500/m6AHu84oZQxvq7n1rsvMNJIAsMu.png"}],"id":830,"type":"movie","name":"Корабельные новости","description":"Неудачнику Койлу в очередной раз не везёт. Его новая девушка Петел устраивает в его жизни полный бедлам. Чтобы начать всё с нуля, Койл покидает Нью-Йорк. Но, к своему удивлению, оказывается на пороге тайн загадочного прошлого.","premiere":{"country":"Канада","world":"2001-12-18T00:00:00.000Z","russia":"2002-02-28T00:00:00.000Z","cinema":"2002-02-28T00:00:00.000Z","dvd":"2008-02-17T00:00:00.000Z"},"slogan":"You'll never guess what you'll find inside...","year":2001,"budget":{"value":38000000,"currency":"$"},"poster":{"url":"https://st.kp.yandex.net/images/film_big/830.jpg","previewUrl":"https://st.kp.yandex.net/images/film_iphone/iphone360_830.jpg"},"facts":[{"value":"Фильм снят по одноименному роману <a href=\"/name/50608/\" class=\"all\">Энни Пру</a> «Корабельные новости» который в 1994 получил Пулитцеровскую премию.","type":"FACT","spoiler":false},{"value":"Автор романа <a href=\"/name/50608/\" class=\"all\">Энни Пру</a> согласилась на экранизацию книги при условии, что фильм будет снят в Ньюфаундленде.","type":"FACT","spoiler":false},{"value":"В одно время на роль Койла рассматривались <a href=\"/name/6479/\" class=\"all\">Джон Траволта</a> и <a href=\"/name/111/\" class=\"all\">Билли Боб Торнтон</a>.","type":"FACT","spoiler":false},{"value":"<a href=\"/name/11380/\" class=\"all\">Кевин Спейси</a> для роли Койла набрал 8 килограмм веса.","type":"FACT","spoiler":false}],"genres":[{"name":"драма"}],"countries":[{"name":"Канада"},{"name":"США"}],"videos":{"trailers":[{"url":"https://widgets.kinopoisk.ru/discovery/trailer/83322?onlyPlayer=1&autoplay=1&cover=1","name":"Трейлер (дублированный)","site":"kinopoisk_widget"},{"url":"https://www.youtube.com/v/8x1z8IK-L0U","name":"Трейлер","site":"youtube"},{"url":"https://www.youtube.com/v/3sixJGmQXNc","name":"Фрагмент (дублированный)","site":"youtube"},{"url":"https://www.youtube.com/embed/8x1z8IK-L0U","name":"The Shipping News - Trailer","site":"youtube","type":"TRAILER"},{"url":"https://www.youtube.com/embed/_WBIWzmVLH0","name":"КОРАБЕЛЬНЫЕ НОВОСТИ - Трейлер","site":"youtube","type":"TRAILER"}],"teasers":[]},"seasonsInfo":[],"persons":[{"id":11380,"photo":"https://st.kp.yandex.net/images/actor_iphone/iphone360_11380.jpg","name":"Кевин Спейси","enName":"Kevin Spacey","profession":"актеры","enProfession":"actor"},{"id":2669,"photo":"https://st.kp.yandex.net/images/actor_iphone/iphone360_2669.jpg","name":"Джулианна Мур","enName":"Julianne Moore","profession":"актеры","enProfession":"actor"},{"id":6240,"photo":"https://st.kp.yandex.net/images/actor_iphone/iphone360_6240.jpg","name":"Джуди Денч","enName":"Judi Dench","profession":"актеры","enProfession":"actor"},{"id":112,"photo":"https://st.kp.yandex.net/images/actor_iphone/iphone360_112.jpg","name":"Кейт Бланшетт","enName":"Cate Blanchett","profession":"актеры","enProfession":"actor"},{"id":8634,"photo":"https://st.kp.yandex.net/images/actor_iphone/iphone360_8634.jpg","name":"Пит Постлетуэйт","enName":"Pete Postlethwaite","profession":"актеры","enProfession":"actor"},{"id":10307,"photo":"https://st.kp.yandex.net/images/actor_iphone/iphone360_10307.jpg","name":"Скотт Гленн","enName":"Scott Glenn","profession":"актеры","enProfession":"actor"},{"id":7629,"photo":"https://st.kp.yandex.net/images/actor_iphone/iphone360_7629.jpg","name":"Рис Иванс","enName":"Rhys Ifans","profession":"актеры","enProfession":"actor"},{"id":50609,"photo":"https://st.kp.yandex.net/images/actor_iphone/iphone360_50609.jpg","name":"Гордон Пинсент","enName":"Gordon Pinsent","profession":"актеры","enProfession":"actor"},{"id":28871,"photo":"https://st.kp.yandex.net/images/actor_iphone/iphone360_28871.jpg","name":"Джейсон Бер","enName":"Jason Behr","profession":"актеры","enProfession":"actor"},{"id":8109,"photo":"https://st.kp.yandex.net/images/actor_iphone/iphone360_8109.jpg","name":"Ларри Пайн","enName":"Larry Pine","profession":"актеры","enProfession":"actor"},{"id":7893,"photo":"https://st.kp.yandex.net/images/actor_iphone/iphone360_7893.jpg","name":"Жанетта Арнетт","enName":"Jeanetta Arnette","profession":"актеры","enProfession":"actor"},{"id":1407,"photo":"https://st.kp.yandex.net/images/actor_iphone/iphone360_1407.jpg","name":"Роберт Джой","enName":"Robert Joy","profession":"актеры","enProfession":"actor"},{"id":9167,"photo":"https://st.kp.yandex.net/images/actor_iphone/iphone360_9167.jpg","name":"Алисса Гейнер","enName":"Alyssa Gainer","profession":"актеры","enProfession":"actor"},{"id":9168,"photo":"https://st.kp.yandex.net/images/actor_iphone/iphone360_9168.jpg","name":"Кейтлин Гейнер","enName":"Kaitlyn Gainer","profession":"актеры","enProfession":"actor"},{"id":9169,"photo":"https://st.kp.yandex.net/images/actor_iphone/iphone360_9169.jpg","name":"Лорен Гейнер","enName":"Lauren Gainer","profession":"актеры","enProfession":"actor"},{"id":44323,"photo":"https://st.kp.yandex.net/images/actor_iphone/iphone360_44323.jpg","name":"Джон Дансуорт","enName":"John Dunsworth","profession":"актеры","enProfession":"actor"},{"id":50610,"photo":"https://st.kp.yandex.net/images/actor_iphone/iphone360_50610.jpg","name":"Энтони Киприано","enName":"Anthony Cipriano","profession":"актеры","enProfession":"actor"},{"id":11487,"photo":"https://st.kp.yandex.net/images/actor_iphone/iphone360_11487.jpg","name":"Кайл Тимоти Смит","enName":"Kyle Timothy Smith","profession":"актеры","enProfession":"actor"},{"id":21124,"photo":"https://st.kp.yandex.net/images/actor_iphone/iphone360_21124.jpg","name":"Кен Джеймс","enName":"Ken James","profession":"актеры","enProfession":"actor"},{"id":6599,"photo":"https://st.kp.yandex.net/images/actor_iphone/iphone360_6599.jpg","name":"Роман Подхора","enName":"Roman Podhora","profession":"актеры","enProfession":"actor"},{"id":50611,"photo":"https://st.kp.yandex.net/images/actor_iphone/iphone360_50611.jpg","name":"Люк Фишер","enName":"Luke Fisher","profession":"актеры","enProfession":"actor"},{"id":50612,"photo":"https://st.kp.yandex.net/images/actor_iphone/iphone360_50612.jpg","name":"Терри Дэйли","enName":"Terry Daly","profession":"актеры","enProfession":"actor"},{"id":44325,"photo":"https://st.kp.yandex.net/images/actor_iphone/iphone360_44325.jpg","name":"Гари Леверт","enName":"Gary Levert","profession":"актеры","enProfession":"actor"},{"id":15843,"photo":"https://st.kp.yandex.net/images/actor_iphone/iphone360_15843.jpg","name":"Стефен Морган","enName":"Stephen Morgan","profession":"актеры","enProfession":"actor"},{"id":2527,"photo":"https://st.kp.yandex.net/images/actor_iphone/iphone360_2527.jpg","name":"Кэтрин Менниг","enName":"Kate Moennig","profession":"актеры","enProfession":"actor"},{"id":1741,"photo":"https://st.kp.yandex.net/images/actor_iphone/iphone360_1741.jpg","name":"Дэниэл Кэш","enName":"Daniel Kash","profession":"актеры","enProfession":"actor"},{"id":1127186,"photo":"https://st.kp.yandex.net/images/actor_iphone/iphone360_1127186.jpg","name":"Уилл МакАллистер","enName":"Will McAllister","profession":"актеры","enProfession":"actor"},{"id":23669,"photo":"https://st.kp.yandex.net/images/actor_iphone/iphone360_23669.jpg","name":"Марк Лоуренс","enName":"Marc Lawrence","profession":"актеры","enProfession":"actor"},{"id":50614,"photo":"https://st.kp.yandex.net/images/actor_iphone/iphone360_50614.jpg","name":"Кэтрин Фрайзер","enName":"Kathryn Fraser","profession":"актеры","enProfession":"actor"},{"id":1959618,"photo":"https://st.kp.yandex.net/images/actor_iphone/iphone360_1959618.jpg","name":"Нэнси Битти","enName":"Nancy Beatty","profession":"актеры","enProfession":"actor"},{"id":50616,"photo":"https://st.kp.yandex.net/images/actor_iphone/iphone360_50616.jpg","name":"Р.Д. Рейд","enName":"R.D. Reid","profession":"актеры","enProfession":"actor"},{"id":26632,"photo":"https://st.kp.yandex.net/images/actor_iphone/iphone360_26632.jpg","name":"Дебора Гровер","enName":"Deborah Grover","profession":"актеры","enProfession":"actor"},{"id":50617,"photo":"https://st.kp.yandex.net/images/actor_iphone/iphone360_50617.jpg","name":"Джон Уэйлен","enName":"Jon Whalen","profession":"актеры","enProfession":"actor"},{"id":50618,"photo":"https://st.kp.yandex.net/images/actor_iphone/iphone360_50618.jpg","name":"Николь Андерхэй","enName":"Nicole Underhay","profession":"актеры","enProfession":"actor"},{"id":50619,"photo":"https://st.kp.yandex.net/images/actor_iphone/iphone360_50619.jpg","name":"Эмма Тейлор-Айшервуд","enName":"Emma Taylor-Isherwood","profession":"актеры","enProfession":"actor"},{"id":50620,"photo":"https://st.kp.yandex.net/images/actor_iphone/iphone360_50620.jpg","name":"Эндрю Фаулер","enName":"Andrew Fowler","profession":"актеры","enProfession":"actor"},{"id":50621,"photo":"https://st.kp.yandex.net/images/actor_iphone/iphone360_50621.jpg","name":"Джон МакИчерн","enName":"John MacEachern","profession":"актеры","enProfession":"actor"},{"id":50622,"photo":"https://st.kp.yandex.net/images/actor_iphone/iphone360_50622.jpg","name":"Джонатан Крисер","enName":"Jonathan Creaser","profession":"актеры","enProfession":"actor"},{"id":770047,"photo":"https://st.kp.yandex.net/images/actor_iphone/iphone360_770047.jpg","name":"Дарси Линдсон","enName":"Darcy Lindzon","profession":"актеры","enProfession":"actor"},{"id":148114,"photo":"https://st.kp.yandex.net/images/actor_iphone/iphone360_148114.jpg","name":"Кристофер Янг","enName":"Christopher Young","profession":"композиторы","enProfession":"composer"},{"id":1529412,"photo":"https://st.kp.yandex.net/images/actor_iphone/iphone360_1529412.jpg","name":"Дэвид Гропмэн","enName":"David Gropman","profession":"художники","enProfession":"designer"},{"id":2000394,"photo":"https://st.kp.yandex.net/images/actor_iphone/iphone360_2000394.jpg","name":"Питер Рогнесс","enName":"Peter Rogness","profession":"художники","enProfession":"designer"},{"id":2005176,"photo":"https://st.kp.yandex.net/images/actor_iphone/iphone360_2005176.jpg","name":"Карен Шульц Гропмэн","enName":"Karen Schulz Gropman","profession":"художники","enProfession":"designer"},{"id":2002998,"photo":"https://st.kp.yandex.net/images/actor_iphone/iphone360_2002998.jpg","name":"Рени Эрлих Калфус","enName":"Renee Ehrlich Kalfus","profession":"художники","enProfession":"designer"},{"id":1995972,"photo":"https://st.kp.yandex.net/images/actor_iphone/iphone360_1995972.jpg","name":"Патриция Ларман","enName":"Patricia Larman","profession":"художники","enProfession":"designer"},{"id":2354705,"photo":"https://st.kp.yandex.net/images/actor_iphone/iphone360_2354705.jpg","name":"Гретчен Рау","enName":"Gretchen Rau","profession":"художники","enProfession":"designer"},{"id":6221,"photo":"https://st.kp.yandex.net/images/actor_iphone/iphone360_6221.jpg","name":"Лассе Халльстрём","enName":"Lasse Hallström","profession":"режиссеры","enProfession":"director"},{"id":458210,"photo":"https://st.kp.yandex.net/images/actor_iphone/iphone360_458210.jpg","name":"Эндрю Мондшейн","enName":"Andrew Mondshein","profession":"монтажеры","enProfession":"editor"},{"id":610161,"photo":"https://st.kp.yandex.net/images/actor_iphone/iphone360_610161.jpg","name":"Оливер Степлтон","enName":"Oliver Stapleton","profession":"операторы","enProfession":"operator"},{"id":24478,"photo":"https://st.kp.yandex.net/images/actor_iphone/iphone360_24478.jpg","name":"Линда Голдстин Нолтон","enName":"Linda Goldstein Knowlton","profession":"продюсеры","enProfession":"producer"},{"id":6259,"photo":"https://st.kp.yandex.net/images/actor_iphone/iphone360_6259.jpg","name":"Лесли Холлерэн","enName":"Leslie Holleran","profession":"продюсеры","enProfession":"producer"},{"id":9853,"photo":"https://st.kp.yandex.net/images/actor_iphone/iphone360_9853.jpg","name":"Ирвин Уинклер","enName":"Irwin Winkler","profession":"продюсеры","enProfession":"producer"},{"id":27153,"photo":"https://st.kp.yandex.net/images/actor_iphone/iphone360_27153.jpg","name":"Роб Кауэн","enName":"Rob Cowan","profession":"продюсеры","enProfession":"producer"},{"id":290408,"photo":"https://st.kp.yandex.net/images/actor_iphone/iphone360_290408.jpg","name":"Александр Рахленко","enName":null,"profession":"актеры дубляжа","enProfession":"voice_actor"},{"id":1646297,"photo":"https://st.kp.yandex.net/images/actor_iphone/iphone360_1646297.jpg","name":"Ольга Зубкова","enName":null,"profession":"актеры дубляжа","enProfession":"voice_actor"},{"id":340104,"photo":"https://st.kp.yandex.net/images/actor_iphone/iphone360_340104.jpg","name":"Виктория Радунская","enName":null,"profession":"актеры дубляжа","enProfession":"voice_actor"},{"id":910775,"photo":"https://st.kp.yandex.net/images/actor_iphone/iphone360_910775.jpg","name":"Алёна Ивченко","enName":null,"profession":"актеры дубляжа","enProfession":"voice_actor"},{"id":93458,"photo":"https://st.kp.yandex.net/images/actor_iphone/iphone360_93458.jpg","name":"Владимир Еремин","enName":null,"profession":"актеры дубляжа","enProfession":"voice_actor"},{"id":320243,"photo":"https://st.kp.yandex.net/images/actor_iphone/iphone360_320243.jpg","name":"Виктор Петров","enName":null,"profession":"актеры дубляжа","enProfession":"voice_actor"},{"id":310535,"photo":"https://st.kp.yandex.net/images/actor_iphone/iphone360_310535.jpg","name":"Олег Куценко","enName":null,"profession":"актеры дубляжа","enProfession":"voice_actor"},{"id":287613,"photo":"https://st.kp.yandex.net/images/actor_iphone/iphone360_287613.jpg","name":"Сергей Чекан","enName":null,"profession":"актеры дубляжа","enProfession":"voice_actor"},{"id":1040432,"photo":"https://st.kp.yandex.net/images/actor_iphone/iphone360_1040432.jpg","name":"Денис Беспалый","enName":null,"profession":"актеры дубляжа","enProfession":"voice_actor"},{"id":273180,"photo":"https://st.kp.yandex.net/images/actor_iphone/iphone360_273180.jpg","name":"Никита Прозоровский","enName":null,"profession":"актеры дубляжа","enProfession":"voice_actor"},{"id":1159780,"photo":"https://st.kp.yandex.net/images/actor_iphone/iphone360_1159780.jpg","name":"Александр Груздев","enName":null,"profession":"актеры дубляжа","enProfession":"voice_actor"},{"id":6223,"photo":"https://st.kp.yandex.net/images/actor_iphone/iphone360_6223.jpg","name":"Роберт Нелсон Джекобс","enName":"Robert Nelson Jacobs","profession":"редакторы","enProfession":"writer"},{"id":50608,"photo":"https://st.kp.yandex.net/images/actor_iphone/iphone360_50608.jpg","name":"Энни Пру","enName":"Annie Proulx","profession":"редакторы","enProfession":"writer"}],"typeNumber":1,"alternativeName":"The Shipping News","enName":null,"names":[{"name":"Корабельные новости"},{"name":"The Shipping News"},{"name":"航运新闻","language":"CN","type":null},{"name":"Noeuds et dénouements","language":"CA","type":null}],"imagesInfo":{"framesCount":38},"sequelsAndPrequels":[],"ratingMpaa":"r","shortDescription":"Неудачник в поисках новой жизни едет на остров на краю земли. По роману, получившему Пулитцеровскую премию","similarMovies":[],"ageRating":16,"logo":{"url":"https://avatars.mds.yandex.net/get-ott/239697/2a00000173dd7ba69528b93a911265388941/orig"},"watchability":{"items":null},"top10":null,"top250":null}