{"status":null,"externalId":{"kpHD":"43671da9486da935962e4b699fcd9a05","imdb":"tt0166813","tmdb":9023},"rating":{"kp":8.139,"imdb":7.2,"filmCritics":6.4,"russianFilmCritics":0,"await":0},"votes":{"kp":128841,"imdb":79622,"filmCritics":127,"russianFilmCritics":0,"await":0},"backdrop":{"url":"https://avatars.mds.yandex.net/get-ott/224348/2a00000162252546a19090ceae7bc283bc13/orig","previewUrl":"https://avatars.mds.yandex.net/get-ott/224348/2a00000162252546a19090ceae7bc283bc13/x1000"},"movieLength":83,"productionCompanies":[{"name":"DreamWorks Animation","url":"https://www.themoviedb.org/t/p/original/kP7t6RwGz2AvvTkvnI1uteEwHet.png","previewUrl":"https://www.themoviedb.org/t/p/w500/kP7t6RwGz2AvvTkvnI1uteEwHet.png"},{"name":"DreamWorks Pictures","url":"https://www.themoviedb.org/t/p/original/vru2SssLX3FPhnKZGtYw00pVIS9.png","previewUrl":"https://www.themoviedb.org/t/p/w500/vru2SssLX3FPhnKZGtYw00pVIS9.png"}],"id":839,"type":"cartoon","name":"Спирит: Душа прерий","description":"История дикого жеребца мустанга, Спирита, путешествующего по территории всей Америки. Храбрый Спирит заводит дружбу с молодым индейцем Ручейком и находит любовь с красивой кобылой по имени Гроза.\n\nВсе счастливы до тех пор, пока на жеребца не положили глаз люди, которые хотят сделать из него военную лошадь...","premiere":{"country":"Франция","world":"2002-05-18T00:00:00.000Z","russia":"2002-10-31T00:00:00.000Z","cinema":"2002-10-31T00:00:00.000Z","dvd":"2013-04-08T00:00:00.000Z"},"slogan":"Some legends can never be tamed","year":2002,"budget":{"value":80000000,"currency":"$"},"poster":{"url":"https://st.kp.yandex.net/images/film_big/839.jpg","previewUrl":"https://st.kp.yandex.net/images/film_iphone/iphone360_839.jpg"},"facts":[{"value":"Спирит — жеребец породы Кигер-мустангов. Это были лошади испанских конкистадоров, отбившиеся от табунов мустангов.","type":"FACT","spoiler":false},{"value":"Компания Dreamworks использовала в качестве модели для рисования Спирита мустанга Доннера, купленного компанией за 50 000 $.","type":"FACT","spoiler":false},{"value":"На создание сцены, которой начинается фильм, ушло свыше 9 месяцев; в ней присутствует в общей сложности 700 элементов на заднем плане, и в каждом кадре используется в среднем 30 наложенных друг на друга фонов.","type":"FACT","spoiler":false},{"value":"Для звукового сопровождения записывали исключительно настоящих лошадей.","type":"FACT","spoiler":false},{"value":"На роль диктора за кадром планировали пригасить <a href=\"/name/9144/\" class=\"all\">Тома Хэнкса</a> или <a href=\"/name/8388/\" class=\"all\">Роберта Редфорда</a>.","type":"FACT","spoiler":false}],"genres":[{"name":"мультфильм"},{"name":"драма"},{"name":"приключения"},{"name":"семейный"},{"name":"вестерн"}],"countries":[{"name":"США"}],"videos":{"trailers":[{"url":"http://www.dreamworks.com/spirit/trailer/spirit_qt_h.mov","name":"DVD-трейлер","site":"unknown"},{"url":"http://a772.g.akamai.net/5/772/51/3e3b7e55d59e91/1a1a1aaa2198c627970773d80669d84574a8d80d3cb12453c02589f25382f668c9329e0375e8177bed52b320970678e35685f868d143ac20/spirit_m240.mov","name":"Трейлер","site":"unknown"},{"url":"https://www.youtube.com/embed/RPJ4EQ2Eh9I","name":"DreamWorks Animation's \"Spirit: Stallion of the Cimarron\"","site":"youtube","type":"TRAILER"},{"url":"https://www.youtube.com/embed/n2OeNp7y9SE","name":"Спирит: Душа прерий","site":"youtube","type":"TRAILER"}],"teasers":[]},"seasonsInfo":[],"persons":[{"id":6458,"photo":"https://st.kp.yandex.net/images/actor_iphone/iphone360_6458.jpg","name":"Мэтт Дэймон","enName":"Matt Damon","profession":"актеры","enProfession":"actor"},{"id":20664,"photo":"https://st.kp.yandex.net/images/actor_iphone/iphone360_20664.jpg","name":"Джеймс Кромуэлл","enName":"James Cromwell","profession":"актеры","enProfession":"actor"},{"id":37021,"photo":"https://st.kp.yandex.net/images/actor_iphone/iphone360_37021.jpg","name":"Дэниэл Студи","enName":"Daniel Studi","profession":"актеры","enProfession":"actor"},{"id":30223,"photo":"https://st.kp.yandex.net/images/actor_iphone/iphone360_30223.jpg","name":"Чоппер Бернет","enName":"Chopper Bernet","profession":"актеры","enProfession":"actor"},{"id":37022,"photo":"https://st.kp.yandex.net/images/actor_iphone/iphone360_37022.jpg","name":"Джеф ЛеБо","enName":"Jeff LeBeau","profession":"актеры","enProfession":"actor"},{"id":37023,"photo":"https://st.kp.yandex.net/images/actor_iphone/iphone360_37023.jpg","name":"Джон Рубано","enName":"John Rubano","profession":"актеры","enProfession":"actor"},{"id":7172,"photo":"https://st.kp.yandex.net/images/actor_iphone/iphone360_7172.jpg","name":"Ричард Макгонагл","enName":"Richard McGonagle","profession":"актеры","enProfession":"actor"},{"id":37024,"photo":"https://st.kp.yandex.net/images/actor_iphone/iphone360_37024.jpg","name":"Мэтт Левин","enName":"Matt Levin","profession":"актеры","enProfession":"actor"},{"id":37025,"photo":"https://st.kp.yandex.net/images/actor_iphone/iphone360_37025.jpg","name":"Адам Пол","enName":"Adam Paul","profession":"актеры","enProfession":"actor"},{"id":37026,"photo":"https://st.kp.yandex.net/images/actor_iphone/iphone360_37026.jpg","name":"Роберт Кайт","enName":"Robert Cait","profession":"актеры","enProfession":"actor"},{"id":22655,"photo":"https://st.kp.yandex.net/images/actor_iphone/iphone360_22655.jpg","name":"Чарльз Нэпьер","enName":"Charles Napier","profession":"актеры","enProfession":"actor"},{"id":37027,"photo":"https://st.kp.yandex.net/images/actor_iphone/iphone360_37027.jpg","name":"Мередит Уэллс","enName":"Meredith Wells","profession":"актеры","enProfession":"actor"},{"id":37028,"photo":"https://st.kp.yandex.net/images/actor_iphone/iphone360_37028.jpg","name":"Зан Маккларнон","enName":"Zahn McClarnon","profession":"актеры","enProfession":"actor"},{"id":2582,"photo":"https://st.kp.yandex.net/images/actor_iphone/iphone360_2582.jpg","name":"Майкл Хорс","enName":"Michael Horse","profession":"актеры","enProfession":"actor"},{"id":37029,"photo":"https://st.kp.yandex.net/images/actor_iphone/iphone360_37029.jpg","name":"Дональд Фуллилав","enName":"Donald Fullilove","profession":"актеры","enProfession":"actor"},{"id":26747,"photo":"https://st.kp.yandex.net/images/actor_iphone/iphone360_26747.jpg","name":"Карлос Аласраки","enName":"Carlos Alazraqui","profession":"актеры","enProfession":"actor"},{"id":16040,"photo":"https://st.kp.yandex.net/images/actor_iphone/iphone360_16040.jpg","name":"Джек Эйнджел","enName":"Jack Angel","profession":"актеры","enProfession":"actor"},{"id":8833,"photo":"https://st.kp.yandex.net/images/actor_iphone/iphone360_8833.jpg","name":"Майкл Белл","enName":"Michael Bell","profession":"актеры","enProfession":"actor"},{"id":7321,"photo":"https://st.kp.yandex.net/images/actor_iphone/iphone360_7321.jpg","name":"Боб Берген","enName":"Bob Bergen","profession":"актеры","enProfession":"actor"},{"id":47266,"photo":"https://st.kp.yandex.net/images/actor_iphone/iphone360_47266.jpg","name":"Дэвид Кауджилл","enName":"David Cowgill","profession":"актеры","enProfession":"actor"},{"id":7328,"photo":"https://st.kp.yandex.net/images/actor_iphone/iphone360_7328.jpg","name":"Дженнифер Дарлинг","enName":"Jennifer Darling","profession":"актеры","enProfession":"actor"},{"id":16531,"photo":"https://st.kp.yandex.net/images/actor_iphone/iphone360_16531.jpg","name":"Деби Дерриберри","enName":"Debi Derryberry","profession":"актеры","enProfession":"actor"},{"id":7331,"photo":"https://st.kp.yandex.net/images/actor_iphone/iphone360_7331.jpg","name":"Джесс Харнелл","enName":"Jess Harnell","profession":"актеры","enProfession":"actor"},{"id":7332,"photo":"https://st.kp.yandex.net/images/actor_iphone/iphone360_7332.jpg","name":"Шерри Линн","enName":"Sherry Lynn","profession":"актеры","enProfession":"actor"},{"id":7334,"photo":"https://st.kp.yandex.net/images/actor_iphone/iphone360_7334.jpg","name":"Дэнни Манн","enName":"Danny Mann","profession":"актеры","enProfession":"actor"},{"id":6377,"photo":"https://st.kp.yandex.net/images/actor_iphone/iphone360_6377.jpg","name":"Мона Маршалл","enName":"Mona Marshall","profession":"актеры","enProfession":"actor"},{"id":7335,"photo":"https://st.kp.yandex.net/images/actor_iphone/iphone360_7335.jpg","name":"Микки Макгоун","enName":"Mickie McGowan","profession":"актеры","enProfession":"actor"},{"id":196,"photo":"https://st.kp.yandex.net/images/actor_iphone/iphone360_196.jpg","name":"Патрик Пинни","enName":"Patrick Pinney","profession":"актеры","enProfession":"actor"},{"id":8842,"photo":"https://st.kp.yandex.net/images/actor_iphone/iphone360_8842.jpg","name":"Филип Проктор","enName":"Phil Proctor","profession":"актеры","enProfession":"actor"},{"id":314301,"photo":"https://st.kp.yandex.net/images/actor_iphone/iphone360_314301.jpg","name":"Жан Рэбсон","enName":"Jan Rabson","profession":"актеры","enProfession":"actor"},{"id":38054,"photo":"https://st.kp.yandex.net/images/actor_iphone/iphone360_38054.jpg","name":"Джим Уорд","enName":"Jim Ward","profession":"актеры","enProfession":"actor"},{"id":50590,"photo":"https://st.kp.yandex.net/images/actor_iphone/iphone360_50590.jpg","name":"Ханс Циммер","enName":"Hans Zimmer","profession":"композиторы","enProfession":"composer"},{"id":1529373,"photo":"https://st.kp.yandex.net/images/actor_iphone/iphone360_1529373.jpg","name":"Кэти Алтери","enName":"Kathy Altieri","profession":"художники","enProfession":"designer"},{"id":2008164,"photo":"https://st.kp.yandex.net/images/actor_iphone/iphone360_2008164.jpg","name":"Люк Десмаршелье","enName":"Luc Desmarchelier","profession":"художники","enProfession":"designer"},{"id":2009140,"photo":"https://st.kp.yandex.net/images/actor_iphone/iphone360_2009140.jpg","name":"Рон Лукас","enName":"Ron Lukas","profession":"художники","enProfession":"designer"},{"id":2009139,"photo":"https://st.kp.yandex.net/images/actor_iphone/iphone360_2009139.jpg","name":"Роберт В. Лукас","enName":"Ronald W. Lukas","profession":"художники","enProfession":"designer"},{"id":37017,"photo":"https://st.kp.yandex.net/images/actor_iphone/iphone360_37017.jpg","name":"Келли Эсбёри","enName":"Kelly Asbury","profession":"режиссеры","enProfession":"director"},{"id":37018,"photo":"https://st.kp.yandex.net/images/actor_iphone/iphone360_37018.jpg","name":"Лорна Кук","enName":"Lorna Cook","profession":"режиссеры","enProfession":"director"},{"id":1529424,"photo":"https://st.kp.yandex.net/images/actor_iphone/iphone360_1529424.jpg","name":"Ник Флетчер","enName":"Nick Fletcher","profession":"монтажеры","enProfession":"editor"},{"id":2006795,"photo":"https://st.kp.yandex.net/images/actor_iphone/iphone360_2006795.jpg","name":"Клэр Найт","enName":"Clare Knight","profession":"монтажеры","enProfession":"editor"},{"id":30490,"photo":"https://st.kp.yandex.net/images/actor_iphone/iphone360_30490.jpg","name":"Мирей Сория","enName":"Mireille Soria","profession":"продюсеры","enProfession":"producer"},{"id":83202,"photo":"https://st.kp.yandex.net/images/actor_iphone/iphone360_83202.jpg","name":"Дино Атанассиу","enName":"Dino Athanassiou","profession":"продюсеры","enProfession":"producer"},{"id":670007,"photo":"https://st.kp.yandex.net/images/actor_iphone/iphone360_670007.jpg","name":"Макс Ховард","enName":"Max Howard","profession":"продюсеры","enProfession":"producer"},{"id":30489,"photo":"https://st.kp.yandex.net/images/actor_iphone/iphone360_30489.jpg","name":"Джеффри Катценберг","enName":"Jeffrey Katzenberg","profession":"продюсеры","enProfession":"producer"},{"id":1040432,"photo":"https://st.kp.yandex.net/images/actor_iphone/iphone360_1040432.jpg","name":"Денис Беспалый","enName":null,"profession":"актеры дубляжа","enProfession":"voice_actor"},{"id":310535,"photo":"https://st.kp.yandex.net/images/actor_iphone/iphone360_310535.jpg","name":"Олег Куценко","enName":null,"profession":"актеры дубляжа","enProfession":"voice_actor"},{"id":273498,"photo":"https://st.kp.yandex.net/images/actor_iphone/iphone360_273498.jpg","name":"Михаил Тихонов","enName":null,"profession":"актеры дубляжа","enProfession":"voice_actor"},{"id":280829,"photo":"https://st.kp.yandex.net/images/actor_iphone/iphone360_280829.jpg","name":"Юрий Маляров","enName":null,"profession":"актеры дубляжа","enProfession":"voice_actor"},{"id":594457,"photo":"https://st.kp.yandex.net/images/actor_iphone/iphone360_594457.jpg","name":"Юрий Меншагин","enName":null,"profession":"актеры дубляжа","enProfession":"voice_actor"},{"id":281059,"photo":"https://st.kp.yandex.net/images/actor_iphone/iphone360_281059.jpg","name":"Александр Рыжков","enName":null,"profession":"актеры дубляжа","enProfession":"voice_actor"},{"id":281227,"photo":"https://st.kp.yandex.net/images/actor_iphone/iphone360_281227.jpg","name":"Сергей Чурбаков","enName":null,"profession":"актеры дубляжа","enProfession":"voice_actor"},{"id":1079073,"photo":"https://st.kp.yandex.net/images/actor_iphone/iphone360_1079073.jpg","name":"Андрей Бархударов","enName":null,"profession":"актеры дубляжа","enProfession":"voice_actor"},{"id":1629080,"photo":"https://st.kp.yandex.net/images/actor_iphone/iphone360_1629080.jpg","name":"Вадим Медведев","enName":null,"profession":"актеры дубляжа","enProfession":"voice_actor"},{"id":284235,"photo":"https://st.kp.yandex.net/images/actor_iphone/iphone360_284235.jpg","name":"Дальвин Щербаков","enName":null,"profession":"актеры дубляжа","enProfession":"voice_actor"},{"id":116876,"photo":"https://st.kp.yandex.net/images/actor_iphone/iphone360_116876.jpg","name":"Юрий Саранцев","enName":null,"profession":"актеры дубляжа","enProfession":"voice_actor"},{"id":231213,"photo":"https://st.kp.yandex.net/images/actor_iphone/iphone360_231213.jpg","name":"Александр Новиков","enName":null,"profession":"актеры дубляжа","enProfession":"voice_actor"},{"id":245764,"photo":"https://st.kp.yandex.net/images/actor_iphone/iphone360_245764.jpg","name":"Дмитрий Ячевский","enName":null,"profession":"актеры дубляжа","enProfession":"voice_actor"},{"id":277571,"photo":"https://st.kp.yandex.net/images/actor_iphone/iphone360_277571.jpg","name":"Григорий Маликов","enName":null,"profession":"актеры дубляжа","enProfession":"voice_actor"},{"id":284376,"photo":"https://st.kp.yandex.net/images/actor_iphone/iphone360_284376.jpg","name":"Сергей Балабанов","enName":null,"profession":"актеры дубляжа","enProfession":"voice_actor"},{"id":294081,"photo":"https://st.kp.yandex.net/images/actor_iphone/iphone360_294081.jpg","name":"Александр Комлев","enName":null,"profession":"актеры дубляжа","enProfession":"voice_actor"},{"id":294414,"photo":"https://st.kp.yandex.net/images/actor_iphone/iphone360_294414.jpg","name":"Андрей Гусев","enName":null,"profession":"актеры дубляжа","enProfession":"voice_actor"},{"id":476576,"photo":"https://st.kp.yandex.net/images/actor_iphone/iphone360_476576.jpg","name":"Андрей Мерзликин","enName":null,"profession":"актеры дубляжа","enProfession":"voice_actor"},{"id":1053232,"photo":"https://st.kp.yandex.net/images/actor_iphone/iphone360_1053232.jpg","name":"Алексей Мясников","enName":null,"profession":"актеры дубляжа","enProfession":"voice_actor"},{"id":1232680,"photo":"https://st.kp.yandex.net/images/actor_iphone/iphone360_1232680.jpg","name":"Илья Бледный","enName":null,"profession":"актеры дубляжа","enProfession":"voice_actor"},{"id":1492559,"photo":"https://st.kp.yandex.net/images/actor_iphone/iphone360_1492559.jpg","name":"Татьяна Решетникова","enName":null,"profession":"актеры дубляжа","enProfession":"voice_actor"},{"id":1557418,"photo":"https://st.kp.yandex.net/images/actor_iphone/iphone360_1557418.jpg","name":"Артем Маликов","enName":null,"profession":"актеры дубляжа","enProfession":"voice_actor"},{"id":1604859,"photo":"https://st.kp.yandex.net/images/actor_iphone/iphone360_1604859.jpg","name":"Борис Токарев","enName":null,"profession":"актеры дубляжа","enProfession":"voice_actor"},{"id":1646298,"photo":"https://st.kp.yandex.net/images/actor_iphone/iphone360_1646298.jpg","name":"Олег Вирозуб","enName":null,"profession":"актеры дубляжа","enProfession":"voice_actor"},{"id":1656515,"photo":"https://st.kp.yandex.net/images/actor_iphone/iphone360_1656515.jpg","name":"Юрий Мазихин","enName":null,"profession":"актеры дубляжа","enProfession":"voice_actor"},{"id":1665134,"photo":"https://st.kp.yandex.net/images/actor_iphone/iphone360_1665134.jpg","name":"Марина Тарасова","enName":null,"profession":"актеры дубляжа","enProfession":"voice_actor"},{"id":2233333,"photo":"https://st.kp.yandex.net/images/actor_iphone/iphone360_2233333.jpg","name":"Галина Исхакова","enName":null,"profession":"актеры дубляжа","enProfession":"voice_actor"},{"id":2921158,"photo":"https://st.kp.yandex.net/images/actor_iphone/iphone360_2921158.jpg","name":"Михаил Исхаков","enName":null,"profession":"актеры дубляжа","enProfession":"voice_actor"},{"id":37019,"photo":"https://st.kp.yandex.net/images/actor_iphone/iphone360_37019.jpg","name":"Джон Фуско","enName":"John Fusco","profession":"редакторы","enProfession":"writer"},{"id":96024,"photo":"https://st.kp.yandex.net/images/actor_iphone/iphone360_96024.jpg","name":"Майкл Лакер","enName":"Michael Lucker","profession":"редакторы","enProfession":"writer"}],"typeNumber":3,"alternativeName":"Spirit: Stallion of the Cimarron","enName":null,"names":[{"name":"Спирит: Душа прерий"},{"name":"Spirit: Stallion of the Cimarron"},{"name":"Spirit - O Corcel Indomável","language":"BR","type":null},{"name":"Spirit L'étalon des plaines","language":"FR","type":null},{"name":"Spirit - Hästen från vildmarken","language":"SE","type":null},{"name":"Spirit - Stallion of the Cimarron","language":"US","type":null},{"name":"Spirit: De Hengst van het Woeste Westen","language":"NL","type":null},{"name":"Spirit, el corcel indomable","language":"ES","type":null},{"name":"Spirit - Hingsten fra Cimarron","language":"NO","type":null},{"name":"Szilaj a vad völgy paripája","language":"HU","type":null},{"name":"Simarono žirgas","language":"LT","type":null},{"name":"スピリット","language":"JP","type":null},{"name":"Spirit - Hengst van het woeste Westen","language":"BE","type":null},{"name":"Spirit: El Corcel Indomable","language":"MX","type":null},{"name":"Spirit, to agrio alogo","language":"GR","type":null},{"name":"Mustang","language":"SK","type":null}],"ageRating":0,"ratingMpaa":"g","sequelsAndPrequels":[],"similarMovies":[{"id":492174,"name":"Боевой конь","enName":null,"alternativeName":"War Horse","type":"movie","poster":{"url":"https://avatars.mds.yandex.net/get-kinopoisk-image/4774061/a282893b-08cb-47b4-a542-e88f3a5a26b9/orig","previewUrl":"https://avatars.mds.yandex.net/get-kinopoisk-image/4774061/a282893b-08cb-47b4-a542-e88f3a5a26b9/x1000"}},{"id":2360,"name":"Король Лев","enName":null,"alternativeName":"The Lion King","type":"cartoon","poster":{"url":"https://avatars.mds.yandex.net/get-kinopoisk-image/1704946/60aa1abc-b754-4817-ad9c-0bcda427a12b/orig","previewUrl":"https://avatars.mds.yandex.net/get-kinopoisk-image/1704946/60aa1abc-b754-4817-ad9c-0bcda427a12b/x1000"}},{"id":7097,"name":"Балто","enName":null,"alternativeName":"Balto","type":"cartoon","poster":{"url":"https://avatars.mds.yandex.net/get-kinopoisk-image/4774061/e959971d-cbaf-4fe3-b945-ba185cf6f31d/orig","previewUrl":"https://avatars.mds.yandex.net/get-kinopoisk-image/4774061/e959971d-cbaf-4fe3-b945-ba185cf6f31d/x1000"}},{"id":5213,"name":"Покахонтас","enName":null,"alternativeName":"Pocahontas","type":"cartoon","poster":{"url":"https://avatars.mds.yandex.net/get-kinopoisk-image/1704946/94e1ae35-38a6-430d-9534-ba6910562066/orig","previewUrl":"https://avatars.mds.yandex.net/get-kinopoisk-image/1704946/94e1ae35-38a6-430d-9534-ba6910562066/x1000"}},{"id":5121,"name":"Идальго: Погоня в пустыне","enName":null,"alternativeName":"Hidalgo","type":"movie","poster":{"url":"https://avatars.mds.yandex.net/get-kinopoisk-image/4774061/bf85fac8-8f7d-46e1-89c6-7bd7470dac46/orig","previewUrl":"https://avatars.mds.yandex.net/get-kinopoisk-image/4774061/bf85fac8-8f7d-46e1-89c6-7bd7470dac46/x1000"}},{"id":12250,"name":"Серебряный ветер","enName":null,"alternativeName":"The Silver Brumby","type":"movie","poster":{"url":"https://avatars.mds.yandex.net/get-kinopoisk-image/1599028/f233b381-00ca-42f5-8dca-8be07485c8a8/orig","previewUrl":"https://avatars.mds.yandex.net/get-kinopoisk-image/1599028/f233b381-00ca-42f5-8dca-8be07485c8a8/x1000"}},{"id":8057,"name":"Братец медвежонок","enName":null,"alternativeName":"Brother Bear","type":"cartoon","poster":{"url":"https://avatars.mds.yandex.net/get-kinopoisk-image/1599028/74797dab-2977-4c4d-a818-89061c956d3d/orig","previewUrl":"https://avatars.mds.yandex.net/get-kinopoisk-image/1599028/74797dab-2977-4c4d-a818-89061c956d3d/x1000"}},{"id":94544,"name":"Флика","enName":null,"alternativeName":"Flicka","type":"movie","poster":{"url":"https://avatars.mds.yandex.net/get-kinopoisk-image/6201401/be7dedef-1e74-4fcd-92c5-4c54fd0d9c50/orig","previewUrl":"https://avatars.mds.yandex.net/get-kinopoisk-image/6201401/be7dedef-1e74-4fcd-92c5-4c54fd0d9c50/x1000"}},{"id":8087,"name":"Рожденный в песках","enName":null,"alternativeName":"The Young Black Stallion","type":"movie","poster":{"url":"https://avatars.mds.yandex.net/get-kinopoisk-image/1599028/e2fdefe7-b7a1-4b14-acc3-85c7e2142bea/orig","previewUrl":"https://avatars.mds.yandex.net/get-kinopoisk-image/1599028/e2fdefe7-b7a1-4b14-acc3-85c7e2142bea/x1000"}}],"shortDescription":"Свободолюбивого мустанга хотят забрать в армию. Романтика прерий и песни Брайана Адамса в необычном вестерне","fees":{"world":{"value":122563539,"currency":"$"},"usa":{"value":73280117,"currency":"$"}},"imagesInfo":{"framesCount":9},"logo":{"url":"https://avatars.mds.yandex.net/get-ott/2439731/2a00000171a6426e3e0e37d10482741a281d/orig"},"watchability":{"items":[{"name":"Иви","logo":{"url":"https://avatars.mds.yandex.net/get-ott/2419418/0dfd1724-848f-4725-9160-abc571f41c11/orig"},"url":"https://www.ivi.ru/watch/105919?utm_source=yandex&utm_medium=wizard"}]},"top10":null,"top250":150}