{"fees":{"world":{"value":9206279,"currency":"$"},"usa":{"value":6944471,"currency":"$"}},"status":null,"externalId":{"kpHD":null,"imdb":"tt0120202","tmdb":21991},"rating":{"kp":6.394,"imdb":6.7,"filmCritics":7.3,"russianFilmCritics":0,"await":0},"votes":{"kp":716,"imdb":21648,"filmCritics":118,"russianFilmCritics":2,"await":0},"backdrop":{"url":null,"previewUrl":null},"movieLength":105,"productionCompanies":[{"name":"Fine Line Features","url":"https://www.themoviedb.org/t/p/original/78ilmDNTpdCfsakrsLqmAUkFTrO.png","previewUrl":"https://www.themoviedb.org/t/p/w500/78ilmDNTpdCfsakrsLqmAUkFTrO.png"},{"name":"Filmtown Entertainment Group","url":null,"previewUrl":null},{"name":"El Dorado Pictures","url":null,"previewUrl":null},{"name":"Green/Renzi","url":null,"previewUrl":null}],"id":845,"type":"movie","name":"Жизнь за кадром","description":"В поисках идеальной съемочной площадки в маленький тихий городок Старая Мельница приезжают именитые кинематографисты. Здесь они намереваются дешево и быстро снять свой новый шедевр, действие которого разворачивается на фоне ветхой водяной мельницы.\n\nНо что им теперь делать? Ведь мельница давно сгорела, исполнитель главной роли, любитель малолетних девочек, не может забыть о своих грешках, эротическая актриса не хочет раздеваться, а сценарист потерял свою пишущую машинку!\n\nОстается надеяться лишь на помощь добрых и наивных местных жителей, которые не оставят в беде маститых киношников, попавших в крайне затруднительную ситуацию.","premiere":{"country":"Канада","world":"2000-08-26T00:00:00.000Z","russia":"2001-11-20T00:00:00.000Z","dvd":"2012-07-26T00:00:00.000Z"},"slogan":"Голая правда о том, как рождаются шедевры","year":2000,"poster":{"url":"https://st.kp.yandex.net/images/film_big/845.jpg","previewUrl":"https://st.kp.yandex.net/images/film_iphone/iphone360_845.jpg"},"facts":null,"genres":[{"name":"драма"},{"name":"комедия"}],"countries":[{"name":"Франция"},{"name":"США"}],"videos":{"trailers":[{"url":"http://www.stateandmain.com/images/trailer/STATEM001CD056.mov","name":"Трейлер","site":"unknown"},{"url":"https://www.youtube.com/embed/oRhVOeyguLY","name":"State and Main (2000) ORIGINAL TRAILER","site":"youtube","type":"TRAILER"}],"teasers":[]},"seasonsInfo":[],"persons":[{"id":7225,"photo":"https://st.kp.yandex.net/images/actor_iphone/iphone360_7225.jpg","name":"Филип Сеймур Хоффман","enName":"Philip Seymour Hoffman","profession":"актеры","enProfession":"actor"},{"id":11360,"photo":"https://st.kp.yandex.net/images/actor_iphone/iphone360_11360.jpg","name":"Уильям Х. Мэйси","enName":"William H. Macy","profession":"актеры","enProfession":"actor"},{"id":3559,"photo":"https://st.kp.yandex.net/images/actor_iphone/iphone360_3559.jpg","name":"Дэвид Пэймер","enName":"David Paymer","profession":"актеры","enProfession":"actor"},{"id":11564,"photo":"https://st.kp.yandex.net/images/actor_iphone/iphone360_11564.jpg","name":"Алек Болдуин","enName":"Alec Baldwin","profession":"актеры","enProfession":"actor"},{"id":11537,"photo":"https://st.kp.yandex.net/images/actor_iphone/iphone360_11537.jpg","name":"Ребекка Пиджон","enName":"Rebecca Pidgeon","profession":"актеры","enProfession":"actor"},{"id":2777,"photo":"https://st.kp.yandex.net/images/actor_iphone/iphone360_2777.jpg","name":"Сара Джессика Паркер","enName":"Sarah Jessica Parker","profession":"актеры","enProfession":"actor"},{"id":11536,"photo":"https://st.kp.yandex.net/images/actor_iphone/iphone360_11536.jpg","name":"Кларк Грегг","enName":"Clark Gregg","profession":"актеры","enProfession":"actor"},{"id":10080,"photo":"https://st.kp.yandex.net/images/actor_iphone/iphone360_10080.jpg","name":"Джулия Стайлз","enName":"Julia Stiles","profession":"актеры","enProfession":"actor"},{"id":8366,"photo":"https://st.kp.yandex.net/images/actor_iphone/iphone360_8366.jpg","name":"Чарльз Дёрнинг","enName":"Charles Durning","profession":"актеры","enProfession":"actor"},{"id":11544,"photo":"https://st.kp.yandex.net/images/actor_iphone/iphone360_11544.jpg","name":"Пэтти ЛюПон","enName":"Patti LuPone","profession":"актеры","enProfession":"actor"},{"id":11532,"photo":"https://st.kp.yandex.net/images/actor_iphone/iphone360_11532.jpg","name":"Майкл Хиггинс","enName":"Michael Higgins","profession":"актеры","enProfession":"actor"},{"id":11533,"photo":"https://st.kp.yandex.net/images/actor_iphone/iphone360_11533.jpg","name":"Майкл Брэдшоу","enName":"Michael Bradshaw","profession":"актеры","enProfession":"actor"},{"id":11534,"photo":"https://st.kp.yandex.net/images/actor_iphone/iphone360_11534.jpg","name":"Моррис Ламор","enName":"Morris Lamore","profession":"актеры","enProfession":"actor"},{"id":11535,"photo":"https://st.kp.yandex.net/images/actor_iphone/iphone360_11535.jpg","name":"Аллен Сул","enName":"Allen Soule","profession":"актеры","enProfession":"actor"},{"id":11538,"photo":"https://st.kp.yandex.net/images/actor_iphone/iphone360_11538.jpg","name":"Рики Джей","enName":"Ricky Jay","profession":"актеры","enProfession":"actor"},{"id":7797,"photo":"https://st.kp.yandex.net/images/actor_iphone/iphone360_7797.jpg","name":"Мэтт Мэллой","enName":"Matt Malloy","profession":"актеры","enProfession":"actor"},{"id":11539,"photo":"https://st.kp.yandex.net/images/actor_iphone/iphone360_11539.jpg","name":"Тони В.","enName":"Tony V.","profession":"актеры","enProfession":"actor"},{"id":8368,"photo":"https://st.kp.yandex.net/images/actor_iphone/iphone360_8368.jpg","name":"Тони Мамет","enName":"Tony Mamet","profession":"актеры","enProfession":"actor"},{"id":325,"photo":"https://st.kp.yandex.net/images/actor_iphone/iphone360_325.jpg","name":"Джек Уоллес","enName":"Jack Wallace","profession":"актеры","enProfession":"actor"},{"id":11540,"photo":"https://st.kp.yandex.net/images/actor_iphone/iphone360_11540.jpg","name":null,"enName":"Michael James O'Boyle","profession":"актеры","enProfession":"actor"},{"id":11541,"photo":"https://st.kp.yandex.net/images/actor_iphone/iphone360_11541.jpg","name":"Шарлотта Поток","enName":"Charlotte Potok","profession":"актеры","enProfession":"actor"},{"id":11542,"photo":"https://st.kp.yandex.net/images/actor_iphone/iphone360_11542.jpg","name":"Кристофер Калдор","enName":"Christopher Kaldor","profession":"актеры","enProfession":"actor"},{"id":11543,"photo":"https://st.kp.yandex.net/images/actor_iphone/iphone360_11543.jpg","name":"Фредерик Леви","enName":"Frederic Levy","profession":"актеры","enProfession":"actor"},{"id":7896,"photo":"https://st.kp.yandex.net/images/actor_iphone/iphone360_7896.jpg","name":"Дж.Дж. Джонстон","enName":"J.J. Johnston","profession":"актеры","enProfession":"actor"},{"id":52266,"photo":"https://st.kp.yandex.net/images/actor_iphone/iphone360_52266.jpg","name":"Ричард Л. Фридман","enName":"Richard L. Friedman","profession":"актеры","enProfession":"actor"},{"id":11546,"photo":"https://st.kp.yandex.net/images/actor_iphone/iphone360_11546.jpg","name":null,"enName":"Kolbie McCabe","profession":"актеры","enProfession":"actor"},{"id":11547,"photo":"https://st.kp.yandex.net/images/actor_iphone/iphone360_11547.jpg","name":"Эмма Норман","enName":"Emma Norman","profession":"актеры","enProfession":"actor"},{"id":11548,"photo":"https://st.kp.yandex.net/images/actor_iphone/iphone360_11548.jpg","name":"Ди Нельсон","enName":"Dee Nelson","profession":"актеры","enProfession":"actor"},{"id":11549,"photo":"https://st.kp.yandex.net/images/actor_iphone/iphone360_11549.jpg","name":"Брайан Хау","enName":"Brian Howe","profession":"актеры","enProfession":"actor"},{"id":11550,"photo":"https://st.kp.yandex.net/images/actor_iphone/iphone360_11550.jpg","name":"Роберт Уолш","enName":"Robert Walsh","profession":"актеры","enProfession":"actor"},{"id":11551,"photo":"https://st.kp.yandex.net/images/actor_iphone/iphone360_11551.jpg","name":"Дж. Рой Левин","enName":"G. Roy Levin","profession":"актеры","enProfession":"actor"},{"id":11552,"photo":"https://st.kp.yandex.net/images/actor_iphone/iphone360_11552.jpg","name":"Мэттью Пиджон","enName":"Matthew Pidgeon","profession":"актеры","enProfession":"actor"},{"id":11553,"photo":"https://st.kp.yandex.net/images/actor_iphone/iphone360_11553.jpg","name":"Дэнни Хованесян","enName":"Danny Hovanesian","profession":"актеры","enProfession":"actor"},{"id":5043291,"photo":"https://st.kp.yandex.net/images/actor_iphone/iphone360_5043291.jpg","name":"Джерри Графф","enName":"Jerry Graff","profession":"актеры","enProfession":"actor"},{"id":11555,"photo":"https://st.kp.yandex.net/images/actor_iphone/iphone360_11555.jpg","name":null,"enName":"Timothy Jernigan-Smith","profession":"актеры","enProfession":"actor"},{"id":11556,"photo":"https://st.kp.yandex.net/images/actor_iphone/iphone360_11556.jpg","name":"Пол Батлер","enName":"Paul Butler","profession":"актеры","enProfession":"actor"},{"id":11557,"photo":"https://st.kp.yandex.net/images/actor_iphone/iphone360_11557.jpg","name":"Александра Керри","enName":"Alexandra Kerry","profession":"актеры","enProfession":"actor"},{"id":11558,"photo":"https://st.kp.yandex.net/images/actor_iphone/iphone360_11558.jpg","name":"Кен Чизман","enName":"Ken Cheeseman","profession":"актеры","enProfession":"actor"},{"id":11559,"photo":"https://st.kp.yandex.net/images/actor_iphone/iphone360_11559.jpg","name":"Джордан Лейдж","enName":"Jordan Lage","profession":"актеры","enProfession":"actor"},{"id":11560,"photo":"https://st.kp.yandex.net/images/actor_iphone/iphone360_11560.jpg","name":"Лайонел Марк Смит","enName":"Lionel Mark Smith","profession":"актеры","enProfession":"actor"},{"id":11561,"photo":"https://st.kp.yandex.net/images/actor_iphone/iphone360_11561.jpg","name":"Винсент Гуастаферро","enName":"Vincent Guastaferro","profession":"актеры","enProfession":"actor"},{"id":11562,"photo":"https://st.kp.yandex.net/images/actor_iphone/iphone360_11562.jpg","name":"Линда Кимбро","enName":"Linda Kimbrough","profession":"актеры","enProfession":"actor"},{"id":11563,"photo":"https://st.kp.yandex.net/images/actor_iphone/iphone360_11563.jpg","name":"Джим Франджионе","enName":"Jim Frangione","profession":"актеры","enProfession":"actor"},{"id":11565,"photo":"https://st.kp.yandex.net/images/actor_iphone/iphone360_11565.jpg","name":"Лана Билзериан","enName":"Lana Bilzerian","profession":"актеры","enProfession":"actor"},{"id":11566,"photo":"https://st.kp.yandex.net/images/actor_iphone/iphone360_11566.jpg","name":"Лаура Силверман","enName":"Laura Silverman","profession":"актеры","enProfession":"actor"},{"id":11567,"photo":"https://st.kp.yandex.net/images/actor_iphone/iphone360_11567.jpg","name":"Джош Марчетт","enName":"Josh Marchette","profession":"актеры","enProfession":"actor"},{"id":11568,"photo":"https://st.kp.yandex.net/images/actor_iphone/iphone360_11568.jpg","name":"Джонатан Кац","enName":"Jonathan Katz","profession":"актеры","enProfession":"actor"},{"id":20590,"photo":"https://st.kp.yandex.net/images/actor_iphone/iphone360_20590.jpg","name":"Шон Патрик Рейли","enName":"Sean Patrick Reilly","profession":"актеры","enProfession":"actor"},{"id":1646964,"photo":"https://st.kp.yandex.net/images/actor_iphone/iphone360_1646964.jpg","name":"Крис Де Кристофер","enName":"Chris De Christopher","profession":"актеры","enProfession":"actor"},{"id":1543,"photo":"https://st.kp.yandex.net/images/actor_iphone/iphone360_1543.jpg","name":"Даррел Гир","enName":"Darrell Geer","profession":"актеры","enProfession":"actor"},{"id":394931,"photo":"https://st.kp.yandex.net/images/actor_iphone/iphone360_394931.jpg","name":"Джон Красински","enName":"John Krasinski","profession":"актеры","enProfession":"actor"},{"id":1122760,"photo":"https://st.kp.yandex.net/images/actor_iphone/iphone360_1122760.jpg","name":"Дэвид Лорен","enName":"David Lauren","profession":"актеры","enProfession":"actor"},{"id":11569,"photo":"https://st.kp.yandex.net/images/actor_iphone/iphone360_11569.jpg","name":"Синди Лентол","enName":"Cindy Lentol","profession":"актеры","enProfession":"actor"},{"id":11570,"photo":"https://st.kp.yandex.net/images/actor_iphone/iphone360_11570.jpg","name":"Молли Ливайн","enName":"Molly Levine","profession":"актеры","enProfession":"actor"},{"id":242986,"photo":"https://st.kp.yandex.net/images/actor_iphone/iphone360_242986.jpg","name":"Кевин Фостер МакКарти","enName":"Kevin Foster McCarthy","profession":"актеры","enProfession":"actor"},{"id":11571,"photo":"https://st.kp.yandex.net/images/actor_iphone/iphone360_11571.jpg","name":"Тодд Подрье","enName":"Todd Poudrier","profession":"актеры","enProfession":"actor"},{"id":9235,"photo":"https://st.kp.yandex.net/images/actor_iphone/iphone360_9235.jpg","name":"Алан Френсис","enName":"Alan Francis Sullivan","profession":"актеры","enProfession":"actor"},{"id":11572,"photo":"https://st.kp.yandex.net/images/actor_iphone/iphone360_11572.jpg","name":"Кейт Супер","enName":"Kate Super","profession":"актеры","enProfession":"actor"},{"id":481626,"photo":"https://st.kp.yandex.net/images/actor_iphone/iphone360_481626.jpg","name":"Теодор Шапиро","enName":"Theodore Shapiro","profession":"композиторы","enProfession":"composer"},{"id":1996197,"photo":"https://st.kp.yandex.net/images/actor_iphone/iphone360_1996197.jpg","name":"Джемма Джексон","enName":"Gemma Jackson","profession":"художники","enProfession":"designer"},{"id":1996201,"photo":"https://st.kp.yandex.net/images/actor_iphone/iphone360_1996201.jpg","name":"Карл Спрэг","enName":"Carl Sprague","profession":"художники","enProfession":"designer"},{"id":96374,"photo":"https://st.kp.yandex.net/images/actor_iphone/iphone360_96374.jpg","name":"Сьюзэн Лайолл","enName":"Susan Lyall","profession":"художники","enProfession":"designer"},{"id":1996202,"photo":"https://st.kp.yandex.net/images/actor_iphone/iphone360_1996202.jpg","name":"Кира Фридман Курчио","enName":"Kyra Friedman Curcio","profession":"художники","enProfession":"designer"},{"id":8365,"photo":"https://st.kp.yandex.net/images/actor_iphone/iphone360_8365.jpg","name":"Дэвид Мэмет","enName":"David Mamet","profession":"режиссеры","enProfession":"director"},{"id":1985478,"photo":"https://st.kp.yandex.net/images/actor_iphone/iphone360_1985478.jpg","name":"Барбара Талливер","enName":"Barbara Tulliver","profession":"монтажеры","enProfession":"editor"},{"id":610161,"photo":"https://st.kp.yandex.net/images/actor_iphone/iphone360_610161.jpg","name":"Оливер Степлтон","enName":"Oliver Stapleton","profession":"операторы","enProfession":"operator"},{"id":9546,"photo":"https://st.kp.yandex.net/images/actor_iphone/iphone360_9546.jpg","name":"Сара Грин","enName":"Sarah Green","profession":"продюсеры","enProfession":"producer"},{"id":11573,"photo":"https://st.kp.yandex.net/images/actor_iphone/iphone360_11573.jpg","name":"Дороти Офиеро","enName":"Dorothy Aufiero","profession":"продюсеры","enProfession":"producer"},{"id":11564,"photo":"https://st.kp.yandex.net/images/actor_iphone/iphone360_11564.jpg","name":"Алек Болдуин","enName":"Alec Baldwin","profession":"продюсеры","enProfession":"producer"},{"id":11574,"photo":"https://st.kp.yandex.net/images/actor_iphone/iphone360_11574.jpg","name":"Мартин Дж. Бараб","enName":"Martin J. Barab","profession":"продюсеры","enProfession":"producer"},{"id":8365,"photo":"https://st.kp.yandex.net/images/actor_iphone/iphone360_8365.jpg","name":"Дэвид Мэмет","enName":"David Mamet","profession":"редакторы","enProfession":"writer"}],"typeNumber":1,"alternativeName":"State and Main","enName":null,"names":[{"name":"Жизнь за кадром"},{"name":"State and Main"},{"name":"Cuéntame tu historia","language":"AR","type":null},{"name":"Hollywood, Vermont","language":"IT","type":null},{"name":"Velké trable malého města","language":"CZ","type":null}],"ageRating":12,"budget":{},"ratingMpaa":"r","shortDescription":null,"similarMovies":[],"sequelsAndPrequels":[],"logo":{"url":null},"watchability":{"items":null},"top10":null,"top250":null}