{"fees":{"world":{"value":60726164,"currency":"$"},"russia":{"value":580000,"currency":"$"},"usa":{"value":626164,"currency":"$"}},"status":null,"externalId":{"kpHD":"4bd3659f549c4b18b59282c918bd3206","imdb":"tt0183869","tmdb":2332},"rating":{"kp":7.668,"imdb":6.5,"filmCritics":6,"russianFilmCritics":0,"await":0},"votes":{"kp":212598,"imdb":57103,"filmCritics":335,"russianFilmCritics":1,"await":0},"backdrop":{"url":"https://avatars.mds.yandex.net/get-ott/224348/2a0000016b2c54c6a65e64b1585f126b5a49/orig","previewUrl":"https://avatars.mds.yandex.net/get-ott/224348/2a0000016b2c54c6a65e64b1585f126b5a49/x1000"},"movieLength":88,"productionCompanies":[{"name":"ARP Sélection","url":"https://www.themoviedb.org/t/p/original/3NcJ66KlMs1s6yOh0AMSLMvhtSV.png","previewUrl":"https://www.themoviedb.org/t/p/w500/3NcJ66KlMs1s6yOh0AMSLMvhtSV.png"},{"name":"TF1 Films Production","url":"https://www.themoviedb.org/t/p/original/9tW5wZEGotn1Ei5pErA88m47XiD.png","previewUrl":"https://www.themoviedb.org/t/p/w500/9tW5wZEGotn1Ei5pErA88m47XiD.png"},{"name":"Canal+","url":"https://www.themoviedb.org/t/p/original/9aotxauvc9685tq9pTcRJszuT06.png","previewUrl":"https://www.themoviedb.org/t/p/w500/9aotxauvc9685tq9pTcRJszuT06.png"},{"name":"Leeloo Productions","url":null,"previewUrl":null}],"id":854,"type":"movie","name":"Такси 2","description":"Во Францию прибывает министр обороны Японии. Цель его визита - ознакомиться с французским опытом борьбы с терроризмом и подписать «контракт века» о взаимном сотрудничестве.\n\nНеожиданно во время показательных выступлений французской полиции министра обороны похищают якудза, желающая сорвать заключение наиважнейшего контракта. Даниэль и Эмильен отправляются на поиски высокого гостя. В дело вступает уже хорошо знакомое нам такси.","premiere":{"country":"Франция","world":"2000-03-25T00:00:00.000Z","russia":"2000-12-21T00:00:00.000Z","cinema":"2000-12-21T00:00:00.000Z","dvd":"2011-11-10T00:00:00.000Z","bluray":"2011-09-14T00:00:00.000Z"},"slogan":"Le 29 mars, il passe la seconde","year":2000,"budget":{"value":70000000,"currency":"FRF"},"poster":{"url":"https://st.kp.yandex.net/images/film_big/854.jpg","previewUrl":"https://st.kp.yandex.net/images/film_iphone/iphone360_854.jpg"},"facts":[{"value":"При съёмках финальной сцены фильма погиб член операторской группы Ален Дютарте.","type":"FACT","spoiler":false},{"value":"В съемках участвовала машина модели Peugeot 406 белого цвета, собранная вручную на съёмочной площадке.","type":"FACT","spoiler":false},{"value":"На презентации автомобиля стекла тонированные, а после срабатывания подушек безопасности стекла обычные.","type":"BLOOPER","spoiler":false}],"genres":[{"name":"боевик"},{"name":"комедия"},{"name":"криминал"}],"countries":[{"name":"Франция"}],"videos":{"trailers":[{"url":"https://www.youtube.com/embed/XvGjrOLjG-s","name":"TAXi 2 trailer","site":"youtube","type":"TRAILER"},{"url":"https://www.youtube.com/embed/5hJMNESl-LA","name":"ТАКСИ 2 [Дублированный Трейлер] (2000)","site":"youtube","type":"TRAILER"}],"teasers":[]},"seasonsInfo":[],"persons":[{"id":55289,"photo":"https://st.kp.yandex.net/images/actor_iphone/iphone360_55289.jpg","name":"Сами Насери","enName":"Samy Naceri","profession":"актеры","enProfession":"actor"},{"id":2365,"photo":"https://st.kp.yandex.net/images/actor_iphone/iphone360_2365.jpg","name":"Фредерик Дифенталь","enName":"Frédéric Diefenthal","profession":"актеры","enProfession":"actor"},{"id":32545,"photo":"https://st.kp.yandex.net/images/actor_iphone/iphone360_32545.jpg","name":"Марион Котийяр","enName":"Marion Cotillard","profession":"актеры","enProfession":"actor"},{"id":55290,"photo":"https://st.kp.yandex.net/images/actor_iphone/iphone360_55290.jpg","name":"Эмма Виклунд","enName":"Emma Wiklund","profession":"актеры","enProfession":"actor"},{"id":41575,"photo":"https://st.kp.yandex.net/images/actor_iphone/iphone360_41575.jpg","name":"Бернар Фарси","enName":"Bernard Farcy","profession":"актеры","enProfession":"actor"},{"id":55291,"photo":"https://st.kp.yandex.net/images/actor_iphone/iphone360_55291.jpg","name":"Жан-Кристоф Буве","enName":"Jean-Christophe Bouvet","profession":"актеры","enProfession":"actor"},{"id":55292,"photo":"https://st.kp.yandex.net/images/actor_iphone/iphone360_55292.jpg","name":"Фредерик Тирмон","enName":"Frédérique Tirmont","profession":"актеры","enProfession":"actor"},{"id":37519,"photo":"https://st.kp.yandex.net/images/actor_iphone/iphone360_37519.jpg","name":"Эдуард Монтут","enName":"Edouard Montoute","profession":"актеры","enProfession":"actor"},{"id":55293,"photo":"https://st.kp.yandex.net/images/actor_iphone/iphone360_55293.jpg","name":"Марк Фор","enName":"Marc Faure","profession":"актеры","enProfession":"actor"},{"id":55294,"photo":"https://st.kp.yandex.net/images/actor_iphone/iphone360_55294.jpg","name":"Хирата Харухико","enName":"Hirata Haruhiko","profession":"актеры","enProfession":"actor"},{"id":15397,"photo":"https://st.kp.yandex.net/images/actor_iphone/iphone360_15397.jpg","name":"Цую Симидзу","enName":"Tsuyu Shimizu","profession":"актеры","enProfession":"actor"},{"id":55295,"photo":"https://st.kp.yandex.net/images/actor_iphone/iphone360_55295.jpg","name":"Ко Сузуки","enName":"Ko Suzuki","profession":"актеры","enProfession":"actor"},{"id":55296,"photo":"https://st.kp.yandex.net/images/actor_iphone/iphone360_55296.jpg","name":"Ёси Оида","enName":"Yoshi Oida","profession":"актеры","enProfession":"actor"},{"id":84947,"photo":"https://st.kp.yandex.net/images/actor_iphone/iphone360_84947.jpg","name":"Кэнтаро Мацуо","enName":"Kentaro","profession":"актеры","enProfession":"actor"},{"id":47357,"photo":"https://st.kp.yandex.net/images/actor_iphone/iphone360_47357.jpg","name":"Хиро Утияма","enName":"Hiro Uchiyama","profession":"актеры","enProfession":"actor"},{"id":47359,"photo":"https://st.kp.yandex.net/images/actor_iphone/iphone360_47359.jpg","name":"Оночи Сеиецу","enName":"Onochi Seietsu","profession":"актеры","enProfession":"actor"},{"id":55298,"photo":"https://st.kp.yandex.net/images/actor_iphone/iphone360_55298.jpg","name":"Франсуа Коттрелье","enName":"François Cottrelle","profession":"актеры","enProfession":"actor"},{"id":55299,"photo":"https://st.kp.yandex.net/images/actor_iphone/iphone360_55299.jpg","name":"Тевхик Бехар","enName":"Tewhik Behar","profession":"актеры","enProfession":"actor"},{"id":55300,"photo":"https://st.kp.yandex.net/images/actor_iphone/iphone360_55300.jpg","name":"Жан-Луи Шлессер","enName":"Jean-Louis Schlesser","profession":"актеры","enProfession":"actor"},{"id":55301,"photo":"https://st.kp.yandex.net/images/actor_iphone/iphone360_55301.jpg","name":"Генри Магне","enName":"Henri Magne","profession":"актеры","enProfession":"actor"},{"id":27168,"photo":"https://st.kp.yandex.net/images/actor_iphone/iphone360_27168.jpg","name":"Мишель Мюллер","enName":"Michel Muller","profession":"актеры","enProfession":"actor"},{"id":55302,"photo":"https://st.kp.yandex.net/images/actor_iphone/iphone360_55302.jpg","name":"Мирен Прадье","enName":"Miren Pradier","profession":"актеры","enProfession":"actor"},{"id":46792,"photo":"https://st.kp.yandex.net/images/actor_iphone/iphone360_46792.jpg","name":"Ришар Гедж","enName":"Richard Guedj","profession":"актеры","enProfession":"actor"},{"id":55303,"photo":"https://st.kp.yandex.net/images/actor_iphone/iphone360_55303.jpg","name":"Жан-Люк Боррас","enName":"Jean-Luc Borras","profession":"актеры","enProfession":"actor"},{"id":46799,"photo":"https://st.kp.yandex.net/images/actor_iphone/iphone360_46799.jpg","name":"Себастьян Тьери","enName":"Sébastien Thiery","profession":"актеры","enProfession":"actor"},{"id":41585,"photo":"https://st.kp.yandex.net/images/actor_iphone/iphone360_41585.jpg","name":"Сирил Раффаэлли","enName":"Cyril Raffaelli","profession":"актеры","enProfession":"actor"},{"id":48815,"photo":"https://st.kp.yandex.net/images/actor_iphone/iphone360_48815.jpg","name":"Франсуа Нгуен","enName":"François Nguyen","profession":"актеры","enProfession":"actor"},{"id":55304,"photo":"https://st.kp.yandex.net/images/actor_iphone/iphone360_55304.jpg","name":"Луи-Мари Нийи","enName":"Louis-Marie Nyee","profession":"актеры","enProfession":"actor"},{"id":55305,"photo":"https://st.kp.yandex.net/images/actor_iphone/iphone360_55305.jpg","name":"Дэвид Мулен","enName":"David Moulin","profession":"актеры","enProfession":"actor"},{"id":55306,"photo":"https://st.kp.yandex.net/images/actor_iphone/iphone360_55306.jpg","name":"Жан-Люк Мелер","enName":"Jean-Luc Mehler","profession":"актеры","enProfession":"actor"},{"id":55307,"photo":"https://st.kp.yandex.net/images/actor_iphone/iphone360_55307.jpg","name":"Жан-Франсуа Регаззи","enName":"Jean-François Regazzi","profession":"актеры","enProfession":"actor"},{"id":55308,"photo":"https://st.kp.yandex.net/images/actor_iphone/iphone360_55308.jpg","name":"Доминик Шевалье","enName":"Dominique Chevalier","profession":"актеры","enProfession":"actor"},{"id":55309,"photo":"https://st.kp.yandex.net/images/actor_iphone/iphone360_55309.jpg","name":"Франк Мэнье","enName":"Franck Maigne","profession":"актеры","enProfession":"actor"},{"id":55310,"photo":"https://st.kp.yandex.net/images/actor_iphone/iphone360_55310.jpg","name":"Хироюки Янагисава","enName":"Hiroyuki Yanagisawa","profession":"актеры","enProfession":"actor"},{"id":55311,"photo":"https://st.kp.yandex.net/images/actor_iphone/iphone360_55311.jpg","name":"Эмиль Герард","enName":"Emile Gerard","profession":"актеры","enProfession":"actor"},{"id":11516,"photo":"https://st.kp.yandex.net/images/actor_iphone/iphone360_11516.jpg","name":"Никки Нод","enName":"Nicky Naude","profession":"актеры","enProfession":"actor"},{"id":55312,"photo":"https://st.kp.yandex.net/images/actor_iphone/iphone360_55312.jpg","name":"Ширли Буске","enName":"Shirley Bousquet","profession":"актеры","enProfession":"actor"},{"id":55313,"photo":"https://st.kp.yandex.net/images/actor_iphone/iphone360_55313.jpg","name":"Жан-Клод Хубар","enName":"Jean-Claude Houbart","profession":"актеры","enProfession":"actor"},{"id":55314,"photo":"https://st.kp.yandex.net/images/actor_iphone/iphone360_55314.jpg","name":"Кристоф Горлье","enName":"Christophe Gorlier","profession":"актеры","enProfession":"actor"},{"id":55315,"photo":"https://st.kp.yandex.net/images/actor_iphone/iphone360_55315.jpg","name":"Маиди Рот","enName":"Maïdi Roth","profession":"актеры","enProfession":"actor"},{"id":11675,"photo":"https://st.kp.yandex.net/images/actor_iphone/iphone360_11675.jpg","name":"Филипп дю Жанеран","enName":"Philippe Du Janerand","profession":"актеры","enProfession":"actor"},{"id":55316,"photo":"https://st.kp.yandex.net/images/actor_iphone/iphone360_55316.jpg","name":"Эрик Шалье","enName":"Eric Challier","profession":"актеры","enProfession":"actor"},{"id":55317,"photo":"https://st.kp.yandex.net/images/actor_iphone/iphone360_55317.jpg","name":"Жак Бурон","enName":"Jacques Buron","profession":"актеры","enProfession":"actor"},{"id":55318,"photo":"https://st.kp.yandex.net/images/actor_iphone/iphone360_55318.jpg","name":"Стефан Айзак","enName":"Stephane Aizac","profession":"актеры","enProfession":"actor"},{"id":55319,"photo":"https://st.kp.yandex.net/images/actor_iphone/iphone360_55319.jpg","name":"Себастьен Понс","enName":"Sébastien Pons","profession":"актеры","enProfession":"actor"},{"id":55320,"photo":"https://st.kp.yandex.net/images/actor_iphone/iphone360_55320.jpg","name":"Малек Бешар","enName":"Malek Bechar","profession":"актеры","enProfession":"actor"},{"id":55321,"photo":"https://st.kp.yandex.net/images/actor_iphone/iphone360_55321.jpg","name":"Мишель Элиас","enName":"Michel Elias","profession":"актеры","enProfession":"actor"},{"id":55322,"photo":"https://st.kp.yandex.net/images/actor_iphone/iphone360_55322.jpg","name":"Пьер Бришес","enName":"Pierre Brichese","profession":"актеры","enProfession":"actor"},{"id":55323,"photo":"https://st.kp.yandex.net/images/actor_iphone/iphone360_55323.jpg","name":"Федель Папалиа","enName":"Fédélé Papalia","profession":"актеры","enProfession":"actor"},{"id":55324,"photo":"https://st.kp.yandex.net/images/actor_iphone/iphone360_55324.jpg","name":"Дорел Каренко","enName":"Dorel Carenco","profession":"актеры","enProfession":"actor"},{"id":2009682,"photo":"https://st.kp.yandex.net/images/actor_iphone/iphone360_2009682.jpg","name":"Жуй Гуи Вонг","enName":"Jui Gui Kwon","profession":"актеры","enProfession":"actor"},{"id":729577,"photo":"https://st.kp.yandex.net/images/actor_iphone/iphone360_729577.jpg","name":"Кен Чунг","enName":"Ken Chung","profession":"актеры","enProfession":"actor"},{"id":48817,"photo":"https://st.kp.yandex.net/images/actor_iphone/iphone360_48817.jpg","name":"Раймон Камвэн","enName":"Raymond Khamvene","profession":"актеры","enProfession":"actor"},{"id":2009683,"photo":"https://st.kp.yandex.net/images/actor_iphone/iphone360_2009683.jpg","name":"Жан Лебидан","enName":"Jean Lebidan","profession":"актеры","enProfession":"actor"},{"id":2009684,"photo":"https://st.kp.yandex.net/images/actor_iphone/iphone360_2009684.jpg","name":"Пьер Нгуйен","enName":"Pierre Nguyen","profession":"актеры","enProfession":"actor"},{"id":240060,"photo":"https://st.kp.yandex.net/images/actor_iphone/iphone360_240060.jpg","name":"Чау Бель Дин","enName":"Châu Belle Dinh","profession":"актеры","enProfession":"actor"},{"id":240061,"photo":"https://st.kp.yandex.net/images/actor_iphone/iphone360_240061.jpg","name":"Уильямс Белль","enName":"Williams Belle","profession":"актеры","enProfession":"actor"},{"id":240064,"photo":"https://st.kp.yandex.net/images/actor_iphone/iphone360_240064.jpg","name":"Гилен Н’Губа-Бойеке","enName":"Guylain N'Guba-Boyeke","profession":"актеры","enProfession":"actor"},{"id":240062,"photo":"https://st.kp.yandex.net/images/actor_iphone/iphone360_240062.jpg","name":"Малик Диуф","enName":"Malik Diouf","profession":"актеры","enProfession":"actor"},{"id":240059,"photo":"https://st.kp.yandex.net/images/actor_iphone/iphone360_240059.jpg","name":"Шарль Перьер","enName":"Charles Perrière","profession":"актеры","enProfession":"actor"},{"id":240065,"photo":"https://st.kp.yandex.net/images/actor_iphone/iphone360_240065.jpg","name":"Лоран Пьемонтези","enName":"Laurent Piemontesi","profession":"актеры","enProfession":"actor"},{"id":240063,"photo":"https://st.kp.yandex.net/images/actor_iphone/iphone360_240063.jpg","name":"Ян Нутра","enName":"Yann Hnautra","profession":"актеры","enProfession":"actor"},{"id":24505,"photo":"https://st.kp.yandex.net/images/actor_iphone/iphone360_24505.jpg","name":"Люк Бессон","enName":"Luc Besson","profession":"актеры","enProfession":"actor"},{"id":55325,"photo":"https://st.kp.yandex.net/images/actor_iphone/iphone360_55325.jpg","name":"Жак Ширак","enName":"Jacques Chirac","profession":"актеры","enProfession":"actor"},{"id":1122390,"photo":"https://st.kp.yandex.net/images/actor_iphone/iphone360_1122390.jpg","name":"Вилфрид Гренье","enName":"Wilfrid Grenier","profession":"актеры","enProfession":"actor"},{"id":385339,"photo":"https://st.kp.yandex.net/images/actor_iphone/iphone360_385339.jpg","name":"Дэниэл Херцог","enName":"Daniel Herzog","profession":"актеры","enProfession":"actor"},{"id":55326,"photo":"https://st.kp.yandex.net/images/actor_iphone/iphone360_55326.jpg","name":"Лионель Жоспен","enName":"Lionel Jospin","profession":"актеры","enProfession":"actor"},{"id":285538,"photo":"https://st.kp.yandex.net/images/actor_iphone/iphone360_285538.jpg","name":"Ив Лекок","enName":"Yves Lecoq","profession":"актеры","enProfession":"actor"},{"id":1497006,"photo":"https://st.kp.yandex.net/images/actor_iphone/iphone360_1497006.jpg","name":"Джанко Мураками","enName":"Junko Murakami","profession":"актеры","enProfession":"actor"},{"id":1143182,"photo":"https://st.kp.yandex.net/images/actor_iphone/iphone360_1143182.jpg","name":"Виктория Обермэйер","enName":"Victoria Obermayer","profession":"актеры","enProfession":"actor"},{"id":611665,"photo":"https://st.kp.yandex.net/images/actor_iphone/iphone360_611665.jpg","name":"Аль Хемья","enName":"Al Khemya","profession":"композиторы","enProfession":"composer"},{"id":1998929,"photo":"https://st.kp.yandex.net/images/actor_iphone/iphone360_1998929.jpg","name":"Жан-Жак Жерноль","enName":"Jean-Jacques Gernolle","profession":"художники","enProfession":"designer"},{"id":1999423,"photo":"https://st.kp.yandex.net/images/actor_iphone/iphone360_1999423.jpg","name":"Франк Шварц","enName":"Franck Schwarz","profession":"художники","enProfession":"designer"},{"id":154750,"photo":"https://st.kp.yandex.net/images/actor_iphone/iphone360_154750.jpg","name":"Мартина Рапен","enName":"Martine Rapin","profession":"художники","enProfession":"designer"},{"id":2010479,"photo":"https://st.kp.yandex.net/images/actor_iphone/iphone360_2010479.jpg","name":"Катрин Вернер Шмит","enName":"Catherine Werner Schmit","profession":"художники","enProfession":"designer"},{"id":24546,"photo":"https://st.kp.yandex.net/images/actor_iphone/iphone360_24546.jpg","name":"Жерар Кравчик","enName":"Gérard Krawczyk","profession":"режиссеры","enProfession":"director"},{"id":2003974,"photo":"https://st.kp.yandex.net/images/actor_iphone/iphone360_2003974.jpg","name":"Тьерри Хосс","enName":"Thierry Hoss","profession":"монтажеры","enProfession":"editor"},{"id":611666,"photo":"https://st.kp.yandex.net/images/actor_iphone/iphone360_611666.jpg","name":"Жерар Стерин","enName":"Gérard Sterin","profession":"операторы","enProfession":"operator"},{"id":24505,"photo":"https://st.kp.yandex.net/images/actor_iphone/iphone360_24505.jpg","name":"Люк Бессон","enName":"Luc Besson","profession":"продюсеры","enProfession":"producer"},{"id":21972,"photo":"https://st.kp.yandex.net/images/actor_iphone/iphone360_21972.jpg","name":"Лоран Петен","enName":"Laurent Pétin","profession":"продюсеры","enProfession":"producer"},{"id":21973,"photo":"https://st.kp.yandex.net/images/actor_iphone/iphone360_21973.jpg","name":"Мишель Петен","enName":"Michèle Pétin","profession":"продюсеры","enProfession":"producer"},{"id":24536,"photo":"https://st.kp.yandex.net/images/actor_iphone/iphone360_24536.jpg","name":"Бернард Гренет","enName":"Bernard Grenet","profession":"продюсеры","enProfession":"producer"},{"id":273560,"photo":"https://st.kp.yandex.net/images/actor_iphone/iphone360_273560.jpg","name":"Вадим Андреев","enName":null,"profession":"актеры дубляжа","enProfession":"voice_actor"},{"id":224608,"photo":"https://st.kp.yandex.net/images/actor_iphone/iphone360_224608.jpg","name":"Борис Шувалов","enName":null,"profession":"актеры дубляжа","enProfession":"voice_actor"},{"id":1649301,"photo":"https://st.kp.yandex.net/images/actor_iphone/iphone360_1649301.jpg","name":"Ольга Голованова","enName":null,"profession":"актеры дубляжа","enProfession":"voice_actor"},{"id":1665134,"photo":"https://st.kp.yandex.net/images/actor_iphone/iphone360_1665134.jpg","name":"Марина Тарасова","enName":null,"profession":"актеры дубляжа","enProfession":"voice_actor"},{"id":1078947,"photo":"https://st.kp.yandex.net/images/actor_iphone/iphone360_1078947.jpg","name":"Александр Клюквин","enName":null,"profession":"актеры дубляжа","enProfession":"voice_actor"},{"id":290228,"photo":"https://st.kp.yandex.net/images/actor_iphone/iphone360_290228.jpg","name":"Вячеслав Баранов","enName":null,"profession":"актеры дубляжа","enProfession":"voice_actor"},{"id":297868,"photo":"https://st.kp.yandex.net/images/actor_iphone/iphone360_297868.jpg","name":"Ирина Савина","enName":null,"profession":"актеры дубляжа","enProfession":"voice_actor"},{"id":287613,"photo":"https://st.kp.yandex.net/images/actor_iphone/iphone360_287613.jpg","name":"Сергей Чекан","enName":null,"profession":"актеры дубляжа","enProfession":"voice_actor"},{"id":273180,"photo":"https://st.kp.yandex.net/images/actor_iphone/iphone360_273180.jpg","name":"Никита Прозоровский","enName":null,"profession":"актеры дубляжа","enProfession":"voice_actor"},{"id":1018180,"photo":"https://st.kp.yandex.net/images/actor_iphone/iphone360_1018180.jpg","name":"Ольга Зверева","enName":null,"profession":"актеры дубляжа","enProfession":"voice_actor"},{"id":1604859,"photo":"https://st.kp.yandex.net/images/actor_iphone/iphone360_1604859.jpg","name":"Борис Токарев","enName":null,"profession":"актеры дубляжа","enProfession":"voice_actor"},{"id":594457,"photo":"https://st.kp.yandex.net/images/actor_iphone/iphone360_594457.jpg","name":"Юрий Меншагин","enName":null,"profession":"актеры дубляжа","enProfession":"voice_actor"},{"id":280829,"photo":"https://st.kp.yandex.net/images/actor_iphone/iphone360_280829.jpg","name":"Юрий Маляров","enName":null,"profession":"актеры дубляжа","enProfession":"voice_actor"},{"id":1649884,"photo":"https://st.kp.yandex.net/images/actor_iphone/iphone360_1649884.jpg","name":"Андрей Казанцев","enName":null,"profession":"актеры дубляжа","enProfession":"voice_actor"},{"id":1655599,"photo":"https://st.kp.yandex.net/images/actor_iphone/iphone360_1655599.jpg","name":"Юрий Брежнев","enName":null,"profession":"актеры дубляжа","enProfession":"voice_actor"},{"id":1079073,"photo":"https://st.kp.yandex.net/images/actor_iphone/iphone360_1079073.jpg","name":"Андрей Бархударов","enName":null,"profession":"актеры дубляжа","enProfession":"voice_actor"},{"id":1780936,"photo":"https://st.kp.yandex.net/images/actor_iphone/iphone360_1780936.jpg","name":"Александр Белый","enName":null,"profession":"актеры дубляжа","enProfession":"voice_actor"},{"id":2233333,"photo":"https://st.kp.yandex.net/images/actor_iphone/iphone360_2233333.jpg","name":"Галина Исхакова","enName":null,"profession":"актеры дубляжа","enProfession":"voice_actor"},{"id":294081,"photo":"https://st.kp.yandex.net/images/actor_iphone/iphone360_294081.jpg","name":"Александр Комлев","enName":null,"profession":"актеры дубляжа","enProfession":"voice_actor"},{"id":1646298,"photo":"https://st.kp.yandex.net/images/actor_iphone/iphone360_1646298.jpg","name":"Олег Вирозуб","enName":null,"profession":"актеры дубляжа","enProfession":"voice_actor"},{"id":1348569,"photo":"https://st.kp.yandex.net/images/actor_iphone/iphone360_1348569.jpg","name":"Александр Хотченков","enName":null,"profession":"актеры дубляжа","enProfession":"voice_actor"},{"id":298651,"photo":"https://st.kp.yandex.net/images/actor_iphone/iphone360_298651.jpg","name":"Олег Щербинин","enName":null,"profession":"актеры дубляжа","enProfession":"voice_actor"},{"id":24505,"photo":"https://st.kp.yandex.net/images/actor_iphone/iphone360_24505.jpg","name":"Люк Бессон","enName":"Luc Besson","profession":"редакторы","enProfession":"writer"}],"typeNumber":1,"alternativeName":"Taxi 2","enName":null,"names":[{"name":"Такси 2"},{"name":"Taxi 2"},{"name":"Taxxi 2","language":"IT","type":null},{"name":"終極殺陣2","language":"TW","type":null},{"name":"Táxi 2","language":"BR","type":null},{"name":"택시 2","language":"KR","type":null},{"name":"Kirakash 2","language":"UZ","type":null},{"name":"Taxi 2 (2000)","language":"DE","type":null},{"name":"Taxi, Taxi","language":"DE","type":"TV release spelling"},{"name":"TAXi2","language":"JP","type":null},{"name":"TAXi（2）","language":"JP","type":null},{"name":"TAXi②","language":"JP","type":null}],"ageRating":12,"ratingMpaa":null,"sequelsAndPrequels":[{"id":14349,"name":"Такси","enName":null,"alternativeName":"Taxi","type":"movie","poster":{"url":"https://avatars.mds.yandex.net/get-kinopoisk-image/1898899/4d927be1-9e32-49e6-a653-65960ff388ba/orig","previewUrl":"https://avatars.mds.yandex.net/get-kinopoisk-image/1898899/4d927be1-9e32-49e6-a653-65960ff388ba/x1000"}},{"id":14339,"name":"Такси 3","enName":null,"alternativeName":"Taxi 3","type":"movie","poster":{"url":"https://avatars.mds.yandex.net/get-kinopoisk-image/1629390/a7996f83-7a33-43aa-af16-6a26f8b3458d/orig","previewUrl":"https://avatars.mds.yandex.net/get-kinopoisk-image/1629390/a7996f83-7a33-43aa-af16-6a26f8b3458d/x1000"}},{"id":258478,"name":"Такси 4","enName":null,"alternativeName":"Taxi 4","type":"movie","poster":{"url":"https://avatars.mds.yandex.net/get-kinopoisk-image/1946459/fa97df37-e9ef-494c-8985-169596b0d492/orig","previewUrl":"https://avatars.mds.yandex.net/get-kinopoisk-image/1946459/fa97df37-e9ef-494c-8985-169596b0d492/x1000"}},{"id":1047736,"name":"Такси 5","enName":null,"alternativeName":"Taxi 5","type":"movie","poster":{"url":"https://avatars.mds.yandex.net/get-kinopoisk-image/1898899/a7935d8e-482f-4fa9-8f34-3630b83b7725/orig","previewUrl":"https://avatars.mds.yandex.net/get-kinopoisk-image/1898899/a7935d8e-482f-4fa9-8f34-3630b83b7725/x1000"}}],"imagesInfo":{"framesCount":28},"shortDescription":"Жажда скорости Даниэля поможет спасти японского министра от якудза. Сиквел комедийного проекта Люка Бессона","similarMovies":[{"id":666,"name":"Форсаж","enName":null,"alternativeName":"The Fast and the Furious","type":"movie","poster":{"url":"https://avatars.mds.yandex.net/get-kinopoisk-image/6201401/8277905e-aa09-465d-b0de-7c389a42f215/orig","previewUrl":"https://avatars.mds.yandex.net/get-kinopoisk-image/6201401/8277905e-aa09-465d-b0de-7c389a42f215/x1000"}},{"id":14288,"name":"Васаби","enName":null,"alternativeName":"Wasabi","type":"movie","poster":{"url":"https://avatars.mds.yandex.net/get-kinopoisk-image/6201401/e0f0830a-8560-436d-9c6f-d984ee157e7e/orig","previewUrl":"https://avatars.mds.yandex.net/get-kinopoisk-image/6201401/e0f0830a-8560-436d-9c6f-d984ee157e7e/x1000"}},{"id":6206,"name":"Перевозчик","enName":null,"alternativeName":"The Transporter","type":"movie","poster":{"url":"https://avatars.mds.yandex.net/get-kinopoisk-image/4483445/4e6a8d3f-fc61-4716-862d-3241842d99fa/orig","previewUrl":"https://avatars.mds.yandex.net/get-kinopoisk-image/4483445/4e6a8d3f-fc61-4716-862d-3241842d99fa/x1000"}},{"id":418794,"name":"13-й район: Ультиматум","enName":null,"alternativeName":"Banlieue 13 Ultimatum","type":"movie","poster":{"url":"https://avatars.mds.yandex.net/get-kinopoisk-image/1777765/6e7a5726-dff1-4136-9ade-01d2c059527b/orig","previewUrl":"https://avatars.mds.yandex.net/get-kinopoisk-image/1777765/6e7a5726-dff1-4136-9ade-01d2c059527b/x1000"}},{"id":594736,"name":"Форсаж 6","enName":null,"alternativeName":"Furious 6","type":"movie","poster":{"url":"https://avatars.mds.yandex.net/get-kinopoisk-image/1946459/1441cd7d-a538-4724-b7f0-e131b2fdab21/orig","previewUrl":"https://avatars.mds.yandex.net/get-kinopoisk-image/1946459/1441cd7d-a538-4724-b7f0-e131b2fdab21/x1000"}}],"logo":{"url":null},"watchability":{"items":[{"name":"Wink","logo":{"url":"https://avatars.mds.yandex.net/get-ott/1672343/54096cbe-cc3b-41c9-8e44-990ebbca8d61/orig"},"url":"https://wink.ru/media_items/123905500?utm_source=yandex&utm_medium=koldunschick&utm_content=name"},{"name":"24ТВ","logo":{"url":"https://avatars.mds.yandex.net/get-ott/2439731/85e83b8d-1159-4781-bad5-ce0a809b3843/orig"},"url":"https://24h.tv/contents/2000-taxi-2-546310283778326877"}]},"top10":null,"top250":null}