{"fees":{"world":{"value":3706652,"currency":"$"},"usa":{"value":3288164,"currency":"$"}},"status":null,"externalId":{"kpHD":null,"imdb":"tt0268690","tmdb":17734},"rating":{"kp":6.608,"imdb":7,"filmCritics":7.3,"russianFilmCritics":0,"await":0},"votes":{"kp":1076,"imdb":11261,"filmCritics":114,"russianFilmCritics":0,"await":0},"backdrop":{"url":null,"previewUrl":null},"movieLength":104,"productionCompanies":[],"id":857,"type":"movie","name":"13 разговоров об одном","description":"Молодой, преуспевающий юрист сбивает девушку и в панике скрывается с места происшествия, но совесть и невыносимое чувство вины превращают его жизнь в ад; профессор физики изменяет своей жене с коллегой по работе, под прессингом обстоятельств он отказывается поставить высший балл своему студенту и тот кончает с собой; циничный и желчный бизнесмен увольняет своего подчиненного только за то, что тот - неисправимый.оптимист... Но цепочка страшных совпадений даются людям неслучайно: они должны вырваться из жестокой хватки тисков неумолимой судьбы с очистившимися душами, чтобы заново найти утраченное счастье...","premiere":{"country":"Италия","world":"2001-09-02T00:00:00.000Z","dvd":"2009-07-16T00:00:00.000Z"},"slogan":"Ask yourself if you're really happy.","year":2001,"budget":{"value":4500000,"currency":"$"},"poster":{"url":"https://st.kp.yandex.net/images/film_big/857.jpg","previewUrl":"https://st.kp.yandex.net/images/film_iphone/iphone360_857.jpg"},"facts":null,"genres":[{"name":"драма"}],"countries":[{"name":"США"}],"videos":{"trailers":[{"url":"https://widgets.kinopoisk.ru/discovery/trailer/8897?onlyPlayer=1&autoplay=1&cover=1","name":"Трейлер (русские субтитры)","site":"kinopoisk_widget"},{"url":"https://www.youtube.com/embed/H1Lm5Jieg5c","name":"Thirteen Conversations TRAILER","site":"youtube","type":"TRAILER"},{"url":"https://www.youtube.com/embed/WBXcpxEdeE0","name":"THIRTEEN CONVERSATIONS ABOUT ONE THING (2001) Trailer","site":"youtube","type":"TRAILER"},{"url":"https://www.youtube.com/embed/WBXcpxEdeE0","name":"THIRTEEN CONVERSATIONS ABOUT ONE THING (2001) Trailer","site":"youtube","type":"TRAILER"}],"teasers":[]},"seasonsInfo":[],"persons":[{"id":797,"photo":"https://st.kp.yandex.net/images/actor_iphone/iphone360_797.jpg","name":"Мэттью МакКонахи","enName":"Matthew McConaughey","profession":"актеры","enProfession":"actor"},{"id":808,"photo":"https://st.kp.yandex.net/images/actor_iphone/iphone360_808.jpg","name":"Джон Туртурро","enName":"John Turturro","profession":"актеры","enProfession":"actor"},{"id":818,"photo":"https://st.kp.yandex.net/images/actor_iphone/iphone360_818.jpg","name":"Клеа ДюВалл","enName":"Clea DuVall","profession":"актеры","enProfession":"actor"},{"id":809,"photo":"https://st.kp.yandex.net/images/actor_iphone/iphone360_809.jpg","name":"Эми Ирвинг","enName":"Amy Irving","profession":"актеры","enProfession":"actor"},{"id":836,"photo":"https://st.kp.yandex.net/images/actor_iphone/iphone360_836.jpg","name":"Алан Аркин","enName":"Alan Arkin","profession":"актеры","enProfession":"actor"},{"id":888344,"photo":"https://st.kp.yandex.net/images/actor_iphone/iphone360_888344.jpg","name":"Дэвид Коннелли","enName":"David Connolly","profession":"актеры","enProfession":"actor"},{"id":799,"photo":"https://st.kp.yandex.net/images/actor_iphone/iphone360_799.jpg","name":"Джозеф Сираво","enName":"Joseph Siravo","profession":"актеры","enProfession":"actor"},{"id":800,"photo":"https://st.kp.yandex.net/images/actor_iphone/iphone360_800.jpg","name":"А.Д. Майлз","enName":"A.D. Miles","profession":"актеры","enProfession":"actor"},{"id":801,"photo":"https://st.kp.yandex.net/images/actor_iphone/iphone360_801.jpg","name":"Сиг Либовиц","enName":"Sig Libowitz","profession":"актеры","enProfession":"actor"},{"id":802,"photo":"https://st.kp.yandex.net/images/actor_iphone/iphone360_802.jpg","name":"Джеймс Яэгаси","enName":"James Yaegashi","profession":"актеры","enProfession":"actor"},{"id":803,"photo":"https://st.kp.yandex.net/images/actor_iphone/iphone360_803.jpg","name":"Дион Грэхэм","enName":"Dion Graham","profession":"актеры","enProfession":"actor"},{"id":804,"photo":"https://st.kp.yandex.net/images/actor_iphone/iphone360_804.jpg","name":"Фернандо Лопез","enName":"Fernando López","profession":"актеры","enProfession":"actor"},{"id":805,"photo":"https://st.kp.yandex.net/images/actor_iphone/iphone360_805.jpg","name":"Брайан Смиар","enName":"Brian Smiar","profession":"актеры","enProfession":"actor"},{"id":806,"photo":"https://st.kp.yandex.net/images/actor_iphone/iphone360_806.jpg","name":"Пол Остин","enName":"Paul Austin","profession":"актеры","enProfession":"actor"},{"id":807,"photo":"https://st.kp.yandex.net/images/actor_iphone/iphone360_807.jpg","name":"Элли Вудс мл.","enName":"Allie Woods Jr.","profession":"актеры","enProfession":"actor"},{"id":810,"photo":"https://st.kp.yandex.net/images/actor_iphone/iphone360_810.jpg","name":"Барбара Зукова","enName":"Barbara Sukowa","profession":"актеры","enProfession":"actor"},{"id":811,"photo":"https://st.kp.yandex.net/images/actor_iphone/iphone360_811.jpg","name":"Роб Макэлхенни","enName":"Rob McElhenney","profession":"актеры","enProfession":"actor"},{"id":812,"photo":"https://st.kp.yandex.net/images/actor_iphone/iphone360_812.jpg","name":"Эйвери Глимф","enName":"Avery Glymph","profession":"актеры","enProfession":"actor"},{"id":813,"photo":"https://st.kp.yandex.net/images/actor_iphone/iphone360_813.jpg","name":"Элизабет Ризер","enName":"Elizabeth Reaser","profession":"актеры","enProfession":"actor"},{"id":814,"photo":"https://st.kp.yandex.net/images/actor_iphone/iphone360_814.jpg","name":"Дирдри Лавджой","enName":"Deirdre Lovejoy","profession":"актеры","enProfession":"actor"},{"id":815,"photo":"https://st.kp.yandex.net/images/actor_iphone/iphone360_815.jpg","name":"Барбара Андрес","enName":"Barbara Andres","profession":"актеры","enProfession":"actor"},{"id":816,"photo":"https://st.kp.yandex.net/images/actor_iphone/iphone360_816.jpg","name":"Уильям Северс","enName":"William Severs","profession":"актеры","enProfession":"actor"},{"id":817,"photo":"https://st.kp.yandex.net/images/actor_iphone/iphone360_817.jpg","name":"Джоэль Марш Гарлэнд","enName":"Joel Marsh Garland","profession":"актеры","enProfession":"actor"},{"id":819,"photo":"https://st.kp.yandex.net/images/actor_iphone/iphone360_819.jpg","name":"Тиа Техада","enName":"Tia Texada","profession":"актеры","enProfession":"actor"},{"id":820,"photo":"https://st.kp.yandex.net/images/actor_iphone/iphone360_820.jpg","name":"Пегги Гормли","enName":"Peggy Gormley","profession":"актеры","enProfession":"actor"},{"id":821,"photo":"https://st.kp.yandex.net/images/actor_iphone/iphone360_821.jpg","name":"Малкольм Гетс","enName":"Malcolm Gets","profession":"актеры","enProfession":"actor"},{"id":822,"photo":"https://st.kp.yandex.net/images/actor_iphone/iphone360_822.jpg","name":"Майлз Томпсон","enName":"Miles Thompson","profession":"актеры","enProfession":"actor"},{"id":151846,"photo":"https://st.kp.yandex.net/images/actor_iphone/iphone360_151846.jpg","name":"Робертсон Каррикарт","enName":"Robertson Carricart","profession":"актеры","enProfession":"actor"},{"id":824,"photo":"https://st.kp.yandex.net/images/actor_iphone/iphone360_824.jpg","name":"Джо Чаппел","enName":"Joe Chappel","profession":"актеры","enProfession":"actor"},{"id":825,"photo":"https://st.kp.yandex.net/images/actor_iphone/iphone360_825.jpg","name":"Филлис Каррен","enName":"Phyllis Curran","profession":"актеры","enProfession":"actor"},{"id":826,"photo":"https://st.kp.yandex.net/images/actor_iphone/iphone360_826.jpg","name":"Ричард Эриксон","enName":"Richard Erickson","profession":"актеры","enProfession":"actor"},{"id":827,"photo":"https://st.kp.yandex.net/images/actor_iphone/iphone360_827.jpg","name":"Джулия Эриксон","enName":"Julia Erickson","profession":"актеры","enProfession":"actor"},{"id":828,"photo":"https://st.kp.yandex.net/images/actor_iphone/iphone360_828.jpg","name":"Кент К.Б. Хэнсон","enName":"Kent K.B. Hanson","profession":"актеры","enProfession":"actor"},{"id":829,"photo":"https://st.kp.yandex.net/images/actor_iphone/iphone360_829.jpg","name":"Уильям Лутс","enName":"William Lutz","profession":"актеры","enProfession":"actor"},{"id":830,"photo":"https://st.kp.yandex.net/images/actor_iphone/iphone360_830.jpg","name":"Йос Милтон","enName":"Jos Milton","profession":"актеры","enProfession":"actor"},{"id":831,"photo":"https://st.kp.yandex.net/images/actor_iphone/iphone360_831.jpg","name":"Бет Шэйн","enName":"Beth Shane","profession":"актеры","enProfession":"actor"},{"id":832,"photo":"https://st.kp.yandex.net/images/actor_iphone/iphone360_832.jpg","name":"Тобин Шмук","enName":"Tobin Schmuck","profession":"актеры","enProfession":"actor"},{"id":833,"photo":"https://st.kp.yandex.net/images/actor_iphone/iphone360_833.jpg","name":"Дороти Шольц","enName":"Dorothy Scholz","profession":"актеры","enProfession":"actor"},{"id":834,"photo":"https://st.kp.yandex.net/images/actor_iphone/iphone360_834.jpg","name":"Эмма-Джейн Стоукли","enName":"Emma-Jane Stokely","profession":"актеры","enProfession":"actor"},{"id":835,"photo":"https://st.kp.yandex.net/images/actor_iphone/iphone360_835.jpg","name":"Йошисуке Ямада","enName":"Yoshisuke Yamada","profession":"актеры","enProfession":"actor"},{"id":837,"photo":"https://st.kp.yandex.net/images/actor_iphone/iphone360_837.jpg","name":"Фрэнки Фэйзон","enName":"Frankie Faison","profession":"актеры","enProfession":"actor"},{"id":838,"photo":"https://st.kp.yandex.net/images/actor_iphone/iphone360_838.jpg","name":"Уильям Уайз","enName":"William Wise","profession":"актеры","enProfession":"actor"},{"id":839,"photo":"https://st.kp.yandex.net/images/actor_iphone/iphone360_839.jpg","name":"Шон Эллиотт","enName":"Shawn Elliott","profession":"актеры","enProfession":"actor"},{"id":840,"photo":"https://st.kp.yandex.net/images/actor_iphone/iphone360_840.jpg","name":"Алекс Барнс","enName":"Alex Burns","profession":"актеры","enProfession":"actor"},{"id":841,"photo":"https://st.kp.yandex.net/images/actor_iphone/iphone360_841.jpg","name":"Джеймс Муртаг","enName":"James Murtaugh","profession":"актеры","enProfession":"actor"},{"id":842,"photo":"https://st.kp.yandex.net/images/actor_iphone/iphone360_842.jpg","name":"Ричард Консил","enName":"Richard Council","profession":"актеры","enProfession":"actor"},{"id":843,"photo":"https://st.kp.yandex.net/images/actor_iphone/iphone360_843.jpg","name":"Уолт Макферсон","enName":"Walt MacPherson","profession":"актеры","enProfession":"actor"},{"id":844,"photo":"https://st.kp.yandex.net/images/actor_iphone/iphone360_844.jpg","name":"Лео В. Финни III","enName":"Leo V. Finnie III","profession":"актеры","enProfession":"actor"},{"id":845,"photo":"https://st.kp.yandex.net/images/actor_iphone/iphone360_845.jpg","name":"Дэрил Эдвардс","enName":"Daryl Edwards","profession":"актеры","enProfession":"actor"},{"id":846,"photo":"https://st.kp.yandex.net/images/actor_iphone/iphone360_846.jpg","name":"Чарли Шредер","enName":"Charlie Schroeder","profession":"актеры","enProfession":"actor"},{"id":847,"photo":"https://st.kp.yandex.net/images/actor_iphone/iphone360_847.jpg","name":"Роберт Колстон","enName":"Robert Colston","profession":"актеры","enProfession":"actor"},{"id":848,"photo":"https://st.kp.yandex.net/images/actor_iphone/iphone360_848.jpg","name":"Гэмми Сингер","enName":"Gammy Singer","profession":"актеры","enProfession":"actor"},{"id":849,"photo":"https://st.kp.yandex.net/images/actor_iphone/iphone360_849.jpg","name":"Мелисса Максвелл","enName":"Melissa Maxwell","profession":"актеры","enProfession":"actor"},{"id":850,"photo":"https://st.kp.yandex.net/images/actor_iphone/iphone360_850.jpg","name":"Элиза Прайор Нэйджел","enName":"Eliza Pryor Nagel","profession":"актеры","enProfession":"actor"},{"id":851,"photo":"https://st.kp.yandex.net/images/actor_iphone/iphone360_851.jpg","name":"Джефф Робинс","enName":"Jeff Robins","profession":"актеры","enProfession":"actor"},{"id":852,"photo":"https://st.kp.yandex.net/images/actor_iphone/iphone360_852.jpg","name":"Виктор Труро","enName":"Victor Truro","profession":"актеры","enProfession":"actor"},{"id":853,"photo":"https://st.kp.yandex.net/images/actor_iphone/iphone360_853.jpg","name":"Пол Клементовиц","enName":"Paul Klementowicz","profession":"актеры","enProfession":"actor"},{"id":854,"photo":"https://st.kp.yandex.net/images/actor_iphone/iphone360_854.jpg","name":"Филлис Баш","enName":"Phyllis Bash","profession":"актеры","enProfession":"actor"},{"id":611669,"photo":"https://st.kp.yandex.net/images/actor_iphone/iphone360_611669.jpg","name":"Питер МакКейб","enName":"Peter McCabe","profession":"актеры","enProfession":"actor"},{"id":856,"photo":"https://st.kp.yandex.net/images/actor_iphone/iphone360_856.jpg","name":"Кристиан Пейбон","enName":"Christian Pabon","profession":"актеры","enProfession":"actor"},{"id":1105251,"photo":"https://st.kp.yandex.net/images/actor_iphone/iphone360_1105251.jpg","name":"Аликс Морген","enName":"Alyxx Morgen","profession":"актеры","enProfession":"actor"},{"id":1084118,"photo":"https://st.kp.yandex.net/images/actor_iphone/iphone360_1084118.jpg","name":"Камерон Стивенс","enName":"Cameron Stevens","profession":"актеры","enProfession":"actor"},{"id":271807,"photo":"https://st.kp.yandex.net/images/actor_iphone/iphone360_271807.jpg","name":"Алекс Вурман","enName":"Alex Wurman","profession":"композиторы","enProfession":"composer"},{"id":1988854,"photo":"https://st.kp.yandex.net/images/actor_iphone/iphone360_1988854.jpg","name":"Марк Рикер","enName":"Mark Ricker","profession":"художники","enProfession":"designer"},{"id":1989108,"photo":"https://st.kp.yandex.net/images/actor_iphone/iphone360_1989108.jpg","name":"Кася Валицка-Мэймон","enName":"Kasia Walicka Maimone","profession":"художники","enProfession":"designer"},{"id":1997538,"photo":"https://st.kp.yandex.net/images/actor_iphone/iphone360_1997538.jpg","name":"Кэрол Силверман","enName":"Carol Silverman","profession":"художники","enProfession":"designer"},{"id":795,"photo":"https://st.kp.yandex.net/images/actor_iphone/iphone360_795.jpg","name":"Джилл Шпрехер","enName":"Jill Sprecher","profession":"режиссеры","enProfession":"director"},{"id":1988592,"photo":"https://st.kp.yandex.net/images/actor_iphone/iphone360_1988592.jpg","name":"Стивен Миррионе","enName":"Stephen Mirrione","profession":"монтажеры","enProfession":"editor"},{"id":289688,"photo":"https://st.kp.yandex.net/images/actor_iphone/iphone360_289688.jpg","name":"Дик Поуп","enName":"Dick Pope","profession":"операторы","enProfession":"operator"},{"id":857,"photo":"https://st.kp.yandex.net/images/actor_iphone/iphone360_857.jpg","name":"Бени Тадд Атури","enName":"Beni Tadd Atoori","profession":"продюсеры","enProfession":"producer"},{"id":867,"photo":"https://st.kp.yandex.net/images/actor_iphone/iphone360_867.jpg","name":"Джина Резник","enName":"Gina Resnick","profession":"продюсеры","enProfession":"producer"},{"id":858,"photo":"https://st.kp.yandex.net/images/actor_iphone/iphone360_858.jpg","name":"Сабрина Атури","enName":"Sabrina Atoori","profession":"продюсеры","enProfession":"producer"},{"id":859,"photo":"https://st.kp.yandex.net/images/actor_iphone/iphone360_859.jpg","name":"Колин Бейтс","enName":"Colin Bates","profession":"продюсеры","enProfession":"producer"},{"id":796,"photo":"https://st.kp.yandex.net/images/actor_iphone/iphone360_796.jpg","name":"Карен Шпрехер","enName":"Karen Sprecher","profession":"редакторы","enProfession":"writer"},{"id":795,"photo":"https://st.kp.yandex.net/images/actor_iphone/iphone360_795.jpg","name":"Джилл Шпрехер","enName":"Jill Sprecher","profession":"редакторы","enProfession":"writer"}],"typeNumber":1,"alternativeName":"Thirteen Conversations About One Thing","enName":null,"names":[{"name":"13 разговоров об одном"},{"name":"Thirteen Conversations About One Thing"},{"name":"13 variazioni sul tema","language":"IT","type":"Alternative"},{"name":"13 Conversations About One Thing","language":"US","type":null}],"ageRating":16,"ratingMpaa":"r","similarMovies":[{"id":477,"name":"Магнолия","enName":null,"alternativeName":"Magnolia","type":"movie","poster":{"url":"https://avatars.mds.yandex.net/get-kinopoisk-image/6201401/cb5ccf61-e366-41dd-a7bc-a2f4a163e835/orig","previewUrl":"https://avatars.mds.yandex.net/get-kinopoisk-image/6201401/cb5ccf61-e366-41dd-a7bc-a2f4a163e835/x1000"}}],"sequelsAndPrequels":[],"shortDescription":null,"logo":{"url":null},"watchability":{"items":null},"top10":null,"top250":null}