{"videos":{"trailers":[{"url":"https://www.youtube.com/v/-8tra5NUXEw","name":"Трейлер","site":"youtube"},{"url":"https://www.youtube.com/embed/-yfIoHXOO9E","name":"Thirteen Days Theatrical Movie Trailer (2001)","site":"youtube","type":"TRAILER"}],"teasers":[]},"fees":{"world":{"value":66579890,"currency":"$"},"usa":{"value":34592089,"currency":"$"}},"id":858,"type":"movie","externalId":{"kpHD":null,"imdb":"tt0146309","tmdb":11973},"name":"Тринадцать дней","rating":{"kp":7.095,"imdb":7.3,"filmCritics":7.2,"russianFilmCritics":0,"await":0},"description":"Тринадцать дней в октябре 1962 года мир стоял на грани чудовищной катастрофы. Люди на всем земном шаре с волнением ожидали, во что выльется политическая, дипломатическая и военная конфронтация двух сверхдержав США и СССР, бросившим друг другу апокалиптический атомный вызов.\n\nДействие фильма переносится из Белого дома, где ведут ожесточенные дебаты военные и политики, в небо над Кубой, где американские самолеты-шпионы следят за развертыванием советских ракет, и в океанские просторы, которые бороздят американские и советские корабли, готовые в любую минуту вступить в бой.","votes":{"kp":4034,"imdb":60231,"filmCritics":124,"russianFilmCritics":0,"await":0},"premiere":{"country":"Япония","world":"2000-12-16T00:00:00.000Z","russia":"2001-05-10T00:00:00.000Z","cinema":"2001-05-10T00:00:00.000Z","dvd":"2010-08-05T00:00:00.000Z"},"slogan":"Конец света был близок как никогда...","year":2000,"budget":{"value":80000000,"currency":"$"},"poster":{"url":"https://st.kp.yandex.net/images/film_big/858.jpg","previewUrl":"https://st.kp.yandex.net/images/film_iphone/iphone360_858.jpg"},"facts":[{"value":"Фильм был выпущен в четырех кинотеатрах в Лос-Анджелесе и Нью-Йорке перед открытием в широком прокате 12 января, 2001. ","type":"FACT","spoiler":false},{"value":"Фильм должен был ставить <a href=\"/name/36371/\" class=\"all\">Фил Олден Робинсон</a>, напарник <a href=\"/name/24087/\" class=\"all\">Костнера</a> по &#171;Полю мечты&#187;, но он выбыл из проекта после того, как Sony перехватила его из рук Universal.","type":"FACT","spoiler":false}],"genres":[{"name":"триллер"},{"name":"драма"},{"name":"история"}],"countries":[{"name":"США"}],"seasonsInfo":[],"persons":[{"id":24087,"photo":"https://st.kp.yandex.net/images/actor_iphone/iphone360_24087.jpg","name":"Кевин Костнер","enName":"Kevin Costner","profession":"актеры","enProfession":"actor"},{"id":7166,"photo":"https://st.kp.yandex.net/images/actor_iphone/iphone360_7166.jpg","name":"Брюс Гринвуд","enName":"Bruce Greenwood","profession":"актеры","enProfession":"actor"},{"id":6769,"photo":"https://st.kp.yandex.net/images/actor_iphone/iphone360_6769.jpg","name":"Стивен Калп","enName":"Steven Culp","profession":"актеры","enProfession":"actor"},{"id":3102,"photo":"https://st.kp.yandex.net/images/actor_iphone/iphone360_3102.jpg","name":"Дилан Бейкер","enName":"Dylan Baker","profession":"актеры","enProfession":"actor"},{"id":27721,"photo":"https://st.kp.yandex.net/images/actor_iphone/iphone360_27721.jpg","name":"Билл Смитрович","enName":"Bill Smitrovich","profession":"актеры","enProfession":"actor"},{"id":14761,"photo":"https://st.kp.yandex.net/images/actor_iphone/iphone360_14761.jpg","name":"Эд Лотер","enName":"Ed Lauter","profession":"актеры","enProfession":"actor"},{"id":26248,"photo":"https://st.kp.yandex.net/images/actor_iphone/iphone360_26248.jpg","name":"Джеймс Карен","enName":"James Karen","profession":"актеры","enProfession":"actor"},{"id":50264,"photo":"https://st.kp.yandex.net/images/actor_iphone/iphone360_50264.jpg","name":"Шон Дрисколл","enName":"Shawn Driscoll","profession":"актеры","enProfession":"actor"},{"id":55088,"photo":"https://st.kp.yandex.net/images/actor_iphone/iphone360_55088.jpg","name":"Дрэйк Кук","enName":"Drake Cook","profession":"актеры","enProfession":"actor"},{"id":66,"photo":"https://st.kp.yandex.net/images/actor_iphone/iphone360_66.jpg","name":"Люсинда Дженни","enName":"Lucinda Jenney","profession":"актеры","enProfession":"actor"},{"id":7943,"photo":"https://st.kp.yandex.net/images/actor_iphone/iphone360_7943.jpg","name":"Кэйтлин Уэкс","enName":"Caitlin Wachs","profession":"актеры","enProfession":"actor"},{"id":30231,"photo":"https://st.kp.yandex.net/images/actor_iphone/iphone360_30231.jpg","name":"Джон Фостер","enName":"Jon Foster","profession":"актеры","enProfession":"actor"},{"id":396471,"photo":"https://st.kp.yandex.net/images/actor_iphone/iphone360_396471.jpg","name":"Мэтью Данн","enName":"Matthew Dunn","profession":"актеры","enProfession":"actor"},{"id":55090,"photo":"https://st.kp.yandex.net/images/actor_iphone/iphone360_55090.jpg","name":"Кевин О’Доннелл","enName":"Kevin O'Donnell","profession":"актеры","enProfession":"actor"},{"id":55091,"photo":"https://st.kp.yandex.net/images/actor_iphone/iphone360_55091.jpg","name":"Джанет Коулмэн","enName":"Janet Coleman","profession":"актеры","enProfession":"actor"},{"id":32563,"photo":"https://st.kp.yandex.net/images/actor_iphone/iphone360_32563.jpg","name":"Брюс Томас","enName":"Bruce Thomas","profession":"актеры","enProfession":"actor"},{"id":55092,"photo":"https://st.kp.yandex.net/images/actor_iphone/iphone360_55092.jpg","name":"Стефани Романов","enName":"Stephanie Romanov","profession":"актеры","enProfession":"actor"},{"id":8118,"photo":"https://st.kp.yandex.net/images/actor_iphone/iphone360_8118.jpg","name":"Фрэнк Вуд","enName":"Frank Wood","profession":"актеры","enProfession":"actor"},{"id":27979,"photo":"https://st.kp.yandex.net/images/actor_iphone/iphone360_27979.jpg","name":"Дэкин Мэтьюз","enName":"Dakin Matthews","profession":"актеры","enProfession":"actor"},{"id":55093,"photo":"https://st.kp.yandex.net/images/actor_iphone/iphone360_55093.jpg","name":"Лиз Синклер","enName":"Liz Sinclair","profession":"актеры","enProfession":"actor"},{"id":51581,"photo":"https://st.kp.yandex.net/images/actor_iphone/iphone360_51581.jpg","name":"Колетт О’Коннелл","enName":"Colette O'Connell","profession":"актеры","enProfession":"actor"},{"id":55094,"photo":"https://st.kp.yandex.net/images/actor_iphone/iphone360_55094.jpg","name":"Карен Людвиг","enName":"Karen Ludwig","profession":"актеры","enProfession":"actor"},{"id":55095,"photo":"https://st.kp.yandex.net/images/actor_iphone/iphone360_55095.jpg","name":"Одри Рапопорт","enName":"Audrey Rapoport","profession":"актеры","enProfession":"actor"},{"id":55096,"photo":"https://st.kp.yandex.net/images/actor_iphone/iphone360_55096.jpg","name":"Марлис Шнайдер","enName":"Marliese Schneider","profession":"актеры","enProfession":"actor"},{"id":55097,"photo":"https://st.kp.yandex.net/images/actor_iphone/iphone360_55097.jpg","name":"Генри Строжер","enName":"Henry Strozier","profession":"актеры","enProfession":"actor"},{"id":21600,"photo":"https://st.kp.yandex.net/images/actor_iphone/iphone360_21600.jpg","name":"Майкл Фэйрмэн","enName":"Michael Fairman","profession":"актеры","enProfession":"actor"},{"id":55098,"photo":"https://st.kp.yandex.net/images/actor_iphone/iphone360_55098.jpg","name":"Уолтер Адриан","enName":"Walter Adrian","profession":"актеры","enProfession":"actor"},{"id":32455,"photo":"https://st.kp.yandex.net/images/actor_iphone/iphone360_32455.jpg","name":"Тим Келлехер","enName":"Tim Kelleher","profession":"актеры","enProfession":"actor"},{"id":38007,"photo":"https://st.kp.yandex.net/images/actor_iphone/iphone360_38007.jpg","name":"Дэн Циски","enName":"Dan Ziskie","profession":"актеры","enProfession":"actor"},{"id":38571,"photo":"https://st.kp.yandex.net/images/actor_iphone/iphone360_38571.jpg","name":"Лен Кариу","enName":"Len Cariou","profession":"актеры","enProfession":"actor"},{"id":55099,"photo":"https://st.kp.yandex.net/images/actor_iphone/iphone360_55099.jpg","name":"Питер Уайт","enName":"Peter White","profession":"актеры","enProfession":"actor"},{"id":14035,"photo":"https://st.kp.yandex.net/images/actor_iphone/iphone360_14035.jpg","name":"Кевин Конуэй","enName":"Kevin Conway","profession":"актеры","enProfession":"actor"},{"id":50727,"photo":"https://st.kp.yandex.net/images/actor_iphone/iphone360_50727.jpg","name":"Келли Коннелл","enName":"Kelly Connell","profession":"актеры","enProfession":"actor"},{"id":12641,"photo":"https://st.kp.yandex.net/images/actor_iphone/iphone360_12641.jpg","name":"Олек Крупа","enName":"Olek Krupa","profession":"актеры","enProfession":"actor"},{"id":22697,"photo":"https://st.kp.yandex.net/images/actor_iphone/iphone360_22697.jpg","name":"Илья Баскин","enName":"Ilya Baskin","profession":"актеры","enProfession":"actor"},{"id":23728,"photo":"https://st.kp.yandex.net/images/actor_iphone/iphone360_23728.jpg","name":"Тимоти Джером","enName":"Timothy Jerome","profession":"актеры","enProfession":"actor"},{"id":10529,"photo":"https://st.kp.yandex.net/images/actor_iphone/iphone360_10529.jpg","name":"Джек МакГи","enName":"Jack McGee","profession":"актеры","enProfession":"actor"},{"id":4301387,"photo":"https://st.kp.yandex.net/images/actor_iphone/iphone360_4301387.jpg","name":null,"enName":"Lamar Smith","profession":"актеры","enProfession":"actor"},{"id":23981,"photo":"https://st.kp.yandex.net/images/actor_iphone/iphone360_23981.jpg","name":"Джон Эйлуорд","enName":"John Aylward","profession":"актеры","enProfession":"actor"},{"id":24451,"photo":"https://st.kp.yandex.net/images/actor_iphone/iphone360_24451.jpg","name":"Мэдисон Мэйсон","enName":"Madison Mason","profession":"актеры","enProfession":"actor"},{"id":55101,"photo":"https://st.kp.yandex.net/images/actor_iphone/iphone360_55101.jpg","name":"Вивьен Штраус","enName":"Vivien Straus","profession":"актеры","enProfession":"actor"},{"id":1746,"photo":"https://st.kp.yandex.net/images/actor_iphone/iphone360_1746.jpg","name":"Кристофер Лоуфорд","enName":"Christopher Lawford","profession":"актеры","enProfession":"actor"},{"id":55102,"photo":"https://st.kp.yandex.net/images/actor_iphone/iphone360_55102.jpg","name":"Дэвид О’Доннелл","enName":"David O'Donnell","profession":"актеры","enProfession":"actor"},{"id":55103,"photo":"https://st.kp.yandex.net/images/actor_iphone/iphone360_55103.jpg","name":"Джин Дель Бьянко","enName":"Gene Del Bianco","profession":"актеры","enProfession":"actor"},{"id":55104,"photo":"https://st.kp.yandex.net/images/actor_iphone/iphone360_55104.jpg","name":"Бенжамин Колдик","enName":"Benjamin Koldyke","profession":"актеры","enProfession":"actor"},{"id":55105,"photo":"https://st.kp.yandex.net/images/actor_iphone/iphone360_55105.jpg","name":"Дэниэл Вергара","enName":"Daniel Vergara","profession":"актеры","enProfession":"actor"},{"id":9687,"photo":"https://st.kp.yandex.net/images/actor_iphone/iphone360_9687.jpg","name":"Рубен Морено","enName":"Ruben Moreno","profession":"актеры","enProfession":"actor"},{"id":55106,"photo":"https://st.kp.yandex.net/images/actor_iphone/iphone360_55106.jpg","name":"Томас Робертс","enName":"Thomas Roberts","profession":"актеры","enProfession":"actor"},{"id":55107,"photo":"https://st.kp.yandex.net/images/actor_iphone/iphone360_55107.jpg","name":"Шон Бергин","enName":"Sean Bergin","profession":"актеры","enProfession":"actor"},{"id":9235,"photo":"https://st.kp.yandex.net/images/actor_iphone/iphone360_9235.jpg","name":"Алан Френсис","enName":"Alan Francis Sullivan","profession":"актеры","enProfession":"actor"},{"id":55108,"photo":"https://st.kp.yandex.net/images/actor_iphone/iphone360_55108.jpg","name":"Роберт Манстис","enName":"Robert Munstis","profession":"актеры","enProfession":"actor"},{"id":24874,"photo":"https://st.kp.yandex.net/images/actor_iphone/iphone360_24874.jpg","name":"Майкл Гэстон","enName":"Michael Gaston","profession":"актеры","enProfession":"actor"},{"id":55109,"photo":"https://st.kp.yandex.net/images/actor_iphone/iphone360_55109.jpg","name":"Джозеф Репофф","enName":"Joseph Repoff","profession":"актеры","enProfession":"actor"},{"id":14074,"photo":"https://st.kp.yandex.net/images/actor_iphone/iphone360_14074.jpg","name":"Дж. Такер Смит","enName":"J. Tucker Smith","profession":"актеры","enProfession":"actor"},{"id":1960350,"photo":"https://st.kp.yandex.net/images/actor_iphone/iphone360_1960350.jpg","name":"Крис Генри Коффи","enName":"Chris Henry Coffey","profession":"актеры","enProfession":"actor"},{"id":19369,"photo":"https://st.kp.yandex.net/images/actor_iphone/iphone360_19369.jpg","name":"Олег Видов","enName":"Oleg Vidov","profession":"актеры","enProfession":"actor"},{"id":55111,"photo":"https://st.kp.yandex.net/images/actor_iphone/iphone360_55111.jpg","name":"Раду Гэйвор","enName":"Radu Gavor","profession":"актеры","enProfession":"actor"},{"id":55112,"photo":"https://st.kp.yandex.net/images/actor_iphone/iphone360_55112.jpg","name":"Зитто Казанн","enName":"Zitto Kazann","profession":"актеры","enProfession":"actor"},{"id":55113,"photo":"https://st.kp.yandex.net/images/actor_iphone/iphone360_55113.jpg","name":"Алекс Видов","enName":"Alex Veadov","profession":"актеры","enProfession":"actor"},{"id":55114,"photo":"https://st.kp.yandex.net/images/actor_iphone/iphone360_55114.jpg","name":"Джек Блессинг","enName":"Jack Blessing","profession":"актеры","enProfession":"actor"},{"id":20719,"photo":"https://st.kp.yandex.net/images/actor_iphone/iphone360_20719.jpg","name":"Том Эверетт","enName":"Tom Everett","profession":"актеры","enProfession":"actor"},{"id":48770,"photo":"https://st.kp.yandex.net/images/actor_iphone/iphone360_48770.jpg","name":"Карл Макинен","enName":"Karl Makinen","profession":"актеры","enProfession":"actor"},{"id":31050,"photo":"https://st.kp.yandex.net/images/actor_iphone/iphone360_31050.jpg","name":"Борис Ли Крутоног","enName":"Boris Lee Krutonog","profession":"актеры","enProfession":"actor"},{"id":55115,"photo":"https://st.kp.yandex.net/images/actor_iphone/iphone360_55115.jpg","name":"Чарльз Истен","enName":"Charles Esten","profession":"актеры","enProfession":"actor"},{"id":55116,"photo":"https://st.kp.yandex.net/images/actor_iphone/iphone360_55116.jpg","name":"Чарльз Баррет","enName":"Charles Barrett","profession":"актеры","enProfession":"actor"},{"id":55117,"photo":"https://st.kp.yandex.net/images/actor_iphone/iphone360_55117.jpg","name":"Дэррил Смит","enName":"Darryl Smith","profession":"актеры","enProfession":"actor"},{"id":9566,"photo":"https://st.kp.yandex.net/images/actor_iphone/iphone360_9566.jpg","name":"Аллан Граф","enName":"Allan Graf","profession":"актеры","enProfession":"actor"},{"id":25641,"photo":"https://st.kp.yandex.net/images/actor_iphone/iphone360_25641.jpg","name":"Роберт Миранда","enName":"Robert Miranda","profession":"актеры","enProfession":"actor"},{"id":55118,"photo":"https://st.kp.yandex.net/images/actor_iphone/iphone360_55118.jpg","name":"Тодд Сибл","enName":"Todd Sible","profession":"актеры","enProfession":"actor"},{"id":3019,"photo":"https://st.kp.yandex.net/images/actor_iphone/iphone360_3019.jpg","name":"Мария Казакова","enName":"Marya Kazakova","profession":"актеры","enProfession":"actor"},{"id":32660,"photo":"https://st.kp.yandex.net/images/actor_iphone/iphone360_32660.jpg","name":"Клифф Флеминг","enName":"Cliff Fleming","profession":"актеры","enProfession":"actor"},{"id":36405,"photo":"https://st.kp.yandex.net/images/actor_iphone/iphone360_36405.jpg","name":"Крэйг Хоскин","enName":"Craig Hosking","profession":"актеры","enProfession":"actor"},{"id":250217,"photo":"https://st.kp.yandex.net/images/actor_iphone/iphone360_250217.jpg","name":"Паули Мэйси","enName":"Pauli Macy","profession":"актеры","enProfession":"actor"},{"id":5576435,"photo":"https://st.kp.yandex.net/images/actor_iphone/iphone360_5576435.jpg","name":null,"enName":"Jeffrey J. Ayers","profession":"актеры","enProfession":"actor"},{"id":1773686,"photo":"https://st.kp.yandex.net/images/actor_iphone/iphone360_1773686.jpg","name":"Майкл Ар Боуман","enName":"Michael R Bowman","profession":"актеры","enProfession":"actor"},{"id":1895070,"photo":"https://st.kp.yandex.net/images/actor_iphone/iphone360_1895070.jpg","name":"Грег Бронсон","enName":"Greg Bronson","profession":"актеры","enProfession":"actor"},{"id":55124,"photo":"https://st.kp.yandex.net/images/actor_iphone/iphone360_55124.jpg","name":"Уолтер Кронкайт","enName":"Walter Cronkite","profession":"актеры","enProfession":"actor"},{"id":55119,"photo":"https://st.kp.yandex.net/images/actor_iphone/iphone360_55119.jpg","name":"Хоуп Крикшэнк","enName":"Hope Cruickshank","profession":"актеры","enProfession":"actor"},{"id":55120,"photo":"https://st.kp.yandex.net/images/actor_iphone/iphone360_55120.jpg","name":"Тесс Крикшэнк","enName":"Tess Cruickshank","profession":"актеры","enProfession":"actor"},{"id":1104402,"photo":"https://st.kp.yandex.net/images/actor_iphone/iphone360_1104402.jpg","name":"Райдер Дэвис","enName":"Ryder Davis","profession":"актеры","enProfession":"actor"},{"id":315602,"photo":"https://st.kp.yandex.net/images/actor_iphone/iphone360_315602.jpg","name":"Елизавета Дедова","enName":null,"profession":"актеры","enProfession":"actor"},{"id":55121,"photo":"https://st.kp.yandex.net/images/actor_iphone/iphone360_55121.jpg","name":"Пол Фарбер","enName":"Paul Farber","profession":"актеры","enProfession":"actor"},{"id":49157,"photo":"https://st.kp.yandex.net/images/actor_iphone/iphone360_49157.jpg","name":"Сьерра Фарбер","enName":"Sierra Farber","profession":"актеры","enProfession":"actor"},{"id":1127637,"photo":"https://st.kp.yandex.net/images/actor_iphone/iphone360_1127637.jpg","name":"Роджер Феррейра","enName":"Roger Ferreira","profession":"актеры","enProfession":"actor"},{"id":108328,"photo":"https://st.kp.yandex.net/images/actor_iphone/iphone360_108328.jpg","name":"Армен Гаро","enName":"Armen Garo","profession":"актеры","enProfession":"actor"},{"id":45105,"photo":"https://st.kp.yandex.net/images/actor_iphone/iphone360_45105.jpg","name":"Гилберт Дж. Андерсон","enName":"Gilley Grey","profession":"актеры","enProfession":"actor"},{"id":356,"photo":"https://st.kp.yandex.net/images/actor_iphone/iphone360_356.jpg","name":"Фил Хоун","enName":"Phil Hawn","profession":"актеры","enProfession":"actor"},{"id":736956,"photo":"https://st.kp.yandex.net/images/actor_iphone/iphone360_736956.jpg","name":"Тед Холлис","enName":"Ted Hollis","profession":"актеры","enProfession":"actor"},{"id":1960362,"photo":"https://st.kp.yandex.net/images/actor_iphone/iphone360_1960362.jpg","name":"Рик Кейн","enName":"Rick Kain","profession":"актеры","enProfession":"actor"},{"id":658180,"photo":"https://st.kp.yandex.net/images/actor_iphone/iphone360_658180.jpg","name":"Стивен Коллер","enName":"Steven Koller","profession":"актеры","enProfession":"actor"},{"id":539864,"photo":"https://st.kp.yandex.net/images/actor_iphone/iphone360_539864.jpg","name":"Прамод Кумар","enName":"Pramode Kumar","profession":"актеры","enProfession":"actor"},{"id":15249,"photo":"https://st.kp.yandex.net/images/actor_iphone/iphone360_15249.jpg","name":"Дженнифер Д. Лак Кэмп","enName":"Jennifer D. Lac Kamp","profession":"актеры","enProfession":"actor"},{"id":4742009,"photo":"https://st.kp.yandex.net/images/actor_iphone/iphone360_4742009.jpg","name":"Пол Макмайкл","enName":"Paul McMichael","profession":"актеры","enProfession":"actor"},{"id":55122,"photo":"https://st.kp.yandex.net/images/actor_iphone/iphone360_55122.jpg","name":"Джон Майкл","enName":"John Michael","profession":"актеры","enProfession":"actor"},{"id":55123,"photo":"https://st.kp.yandex.net/images/actor_iphone/iphone360_55123.jpg","name":"Райан Нотч","enName":"Ryan Notch","profession":"актеры","enProfession":"actor"},{"id":55127,"photo":"https://st.kp.yandex.net/images/actor_iphone/iphone360_55127.jpg","name":"Мари Трингали","enName":"MarieKaren Pechinski","profession":"актеры","enProfession":"actor"},{"id":55125,"photo":"https://st.kp.yandex.net/images/actor_iphone/iphone360_55125.jpg","name":"Ричард Росси","enName":"Richard Rossi","profession":"актеры","enProfession":"actor"},{"id":1953141,"photo":"https://st.kp.yandex.net/images/actor_iphone/iphone360_1953141.jpg","name":"Кико Силва","enName":"Cico Silva","profession":"актеры","enProfession":"actor"},{"id":55126,"photo":"https://st.kp.yandex.net/images/actor_iphone/iphone360_55126.jpg","name":"Ларри Штраусс","enName":"Larry Strauss","profession":"актеры","enProfession":"actor"},{"id":9676,"photo":"https://st.kp.yandex.net/images/actor_iphone/iphone360_9676.jpg","name":"Рон А. Уильямс","enName":"Ron A. Williams","profession":"актеры","enProfession":"actor"},{"id":548198,"photo":"https://st.kp.yandex.net/images/actor_iphone/iphone360_548198.jpg","name":"Бред Йодер","enName":"Brad Yoder","profession":"актеры","enProfession":"actor"},{"id":319708,"photo":"https://st.kp.yandex.net/images/actor_iphone/iphone360_319708.jpg","name":"Тревор Джонс","enName":"Trevor Jones","profession":"композиторы","enProfession":"composer"},{"id":124573,"photo":"https://st.kp.yandex.net/images/actor_iphone/iphone360_124573.jpg","name":"Дж. Деннис Вашингтон","enName":"J. Dennis Washington","profession":"художники","enProfession":"designer"},{"id":1997625,"photo":"https://st.kp.yandex.net/images/actor_iphone/iphone360_1997625.jpg","name":"Энн Харрис","enName":"Ann Harris","profession":"художники","enProfession":"designer"},{"id":1995820,"photo":"https://st.kp.yandex.net/images/actor_iphone/iphone360_1995820.jpg","name":"Томас Т. Тейлор","enName":"Thomas T. Taylor","profession":"художники","enProfession":"designer"},{"id":85140,"photo":"https://st.kp.yandex.net/images/actor_iphone/iphone360_85140.jpg","name":"Айзис Массенден","enName":"Isis Mussenden","profession":"художники","enProfession":"designer"},{"id":1787667,"photo":"https://st.kp.yandex.net/images/actor_iphone/iphone360_1787667.jpg","name":"Дениза Пиццини","enName":"Denise Pizzini","profession":"художники","enProfession":"designer"},{"id":30538,"photo":"https://st.kp.yandex.net/images/actor_iphone/iphone360_30538.jpg","name":"Роджер Дональдсон","enName":"Roger Donaldson","profession":"режиссеры","enProfession":"director"},{"id":603677,"photo":"https://st.kp.yandex.net/images/actor_iphone/iphone360_603677.jpg","name":"Конрад Бафф IV","enName":"Conrad Buff IV","profession":"монтажеры","enProfession":"editor"},{"id":1723,"photo":"https://st.kp.yandex.net/images/actor_iphone/iphone360_1723.jpg","name":"Анджей Бартковяк","enName":"Andrzej Bartkowiak","profession":"операторы","enProfession":"operator"},{"id":55128,"photo":"https://st.kp.yandex.net/images/actor_iphone/iphone360_55128.jpg","name":"Питер О. Элмонд","enName":"Peter O. Almond","profession":"продюсеры","enProfession":"producer"},{"id":6835,"photo":"https://st.kp.yandex.net/images/actor_iphone/iphone360_6835.jpg","name":"Эрмиан Бернштейн","enName":"Armyan Bernstein","profession":"продюсеры","enProfession":"producer"},{"id":24087,"photo":"https://st.kp.yandex.net/images/actor_iphone/iphone360_24087.jpg","name":"Кевин Костнер","enName":"Kevin Costner","profession":"продюсеры","enProfession":"producer"},{"id":6834,"photo":"https://st.kp.yandex.net/images/actor_iphone/iphone360_6834.jpg","name":"Марк Абрахам","enName":"Marc Abraham","profession":"продюсеры","enProfession":"producer"},{"id":174241,"photo":"https://st.kp.yandex.net/images/actor_iphone/iphone360_174241.jpg","name":"Дмитрий Матвеев","enName":null,"profession":"актеры дубляжа","enProfession":"voice_actor"},{"id":256995,"photo":"https://st.kp.yandex.net/images/actor_iphone/iphone360_256995.jpg","name":"Аристарх Ливанов","enName":null,"profession":"актеры дубляжа","enProfession":"voice_actor"},{"id":257034,"photo":"https://st.kp.yandex.net/images/actor_iphone/iphone360_257034.jpg","name":"Валерий Сторожик","enName":null,"profession":"актеры дубляжа","enProfession":"voice_actor"},{"id":273549,"photo":"https://st.kp.yandex.net/images/actor_iphone/iphone360_273549.jpg","name":"Владимир Конкин","enName":null,"profession":"актеры дубляжа","enProfession":"voice_actor"},{"id":320243,"photo":"https://st.kp.yandex.net/images/actor_iphone/iphone360_320243.jpg","name":"Виктор Петров","enName":null,"profession":"актеры дубляжа","enProfession":"voice_actor"},{"id":1649885,"photo":"https://st.kp.yandex.net/images/actor_iphone/iphone360_1649885.jpg","name":"Лариса Некипелова","enName":null,"profession":"актеры дубляжа","enProfession":"voice_actor"},{"id":1643975,"photo":"https://st.kp.yandex.net/images/actor_iphone/iphone360_1643975.jpg","name":"Алексей Костричкин","enName":null,"profession":"актеры дубляжа","enProfession":"voice_actor"},{"id":290512,"photo":"https://st.kp.yandex.net/images/actor_iphone/iphone360_290512.jpg","name":"Ольга Сирина","enName":null,"profession":"актеры дубляжа","enProfession":"voice_actor"},{"id":277027,"photo":"https://st.kp.yandex.net/images/actor_iphone/iphone360_277027.jpg","name":"Андрей Градов","enName":null,"profession":"актеры дубляжа","enProfession":"voice_actor"},{"id":1492686,"photo":"https://st.kp.yandex.net/images/actor_iphone/iphone360_1492686.jpg","name":"Андрей Ярославцев","enName":null,"profession":"актеры дубляжа","enProfession":"voice_actor"},{"id":318217,"photo":"https://st.kp.yandex.net/images/actor_iphone/iphone360_318217.jpg","name":"Рогволд Суховерко","enName":null,"profession":"актеры дубляжа","enProfession":"voice_actor"},{"id":284235,"photo":"https://st.kp.yandex.net/images/actor_iphone/iphone360_284235.jpg","name":"Дальвин Щербаков","enName":null,"profession":"актеры дубляжа","enProfession":"voice_actor"},{"id":287613,"photo":"https://st.kp.yandex.net/images/actor_iphone/iphone360_287613.jpg","name":"Сергей Чекан","enName":null,"profession":"актеры дубляжа","enProfession":"voice_actor"},{"id":231569,"photo":"https://st.kp.yandex.net/images/actor_iphone/iphone360_231569.jpg","name":"Вал��нтин Голубенко","enName":null,"profession":"актеры дубляжа","enProfession":"voice_actor"},{"id":325814,"photo":"https://st.kp.yandex.net/images/actor_iphone/iphone360_325814.jpg","name":"Рудольф Панков","enName":null,"profession":"актеры дубляжа","enProfession":"voice_actor"},{"id":261728,"photo":"https://st.kp.yandex.net/images/actor_iphone/iphone360_261728.jpg","name":"Андрей Мартынов","enName":null,"profession":"актеры дубляжа","enProfession":"voice_actor"},{"id":280829,"photo":"https://st.kp.yandex.net/images/actor_iphone/iphone360_280829.jpg","name":"Юрий Маляров","enName":null,"profession":"актеры дубляжа","enProfession":"voice_actor"},{"id":2231168,"photo":"https://st.kp.yandex.net/images/actor_iphone/iphone360_2231168.jpg","name":"Игорь Копченко","enName":null,"profession":"актеры дубляжа","enProfession":"voice_actor"},{"id":280831,"photo":"https://st.kp.yandex.net/images/actor_iphone/iphone360_280831.jpg","name":"Игорь Тарадайкин","enName":null,"profession":"актеры дубляжа","enProfession":"voice_actor"},{"id":261638,"photo":"https://st.kp.yandex.net/images/actor_iphone/iphone360_261638.jpg","name":"Алексей Борзунов","enName":null,"profession":"актеры дубляжа","enProfession":"voice_actor"},{"id":1646457,"photo":"https://st.kp.yandex.net/images/actor_iphone/iphone360_1646457.jpg","name":"Владимир Радченко","enName":null,"profession":"актеры дубляжа","enProfession":"voice_actor"},{"id":128002,"photo":"https://st.kp.yandex.net/images/actor_iphone/iphone360_128002.jpg","name":"Сергей Быстрицкий","enName":null,"profession":"актеры дубляжа","enProfession":"voice_actor"},{"id":1079073,"photo":"https://st.kp.yandex.net/images/actor_iphone/iphone360_1079073.jpg","name":"Андрей Бархударов","enName":null,"profession":"актеры дубляжа","enProfession":"voice_actor"},{"id":290494,"photo":"https://st.kp.yandex.net/images/actor_iphone/iphone360_290494.jpg","name":"Леонид Белозорович","enName":null,"profession":"актеры дубляжа","enProfession":"voice_actor"},{"id":290228,"photo":"https://st.kp.yandex.net/images/actor_iphone/iphone360_290228.jpg","name":"Вячеслав Баранов","enName":null,"profession":"актеры дубляжа","enProfession":"voice_actor"},{"id":1159780,"photo":"https://st.kp.yandex.net/images/actor_iphone/iphone360_1159780.jpg","name":"Александр Груздев","enName":null,"profession":"актеры дубляжа","enProfession":"voice_actor"},{"id":1655599,"photo":"https://st.kp.yandex.net/images/actor_iphone/iphone360_1655599.jpg","name":"Юрий Брежнев","enName":null,"profession":"актеры дубляжа","enProfession":"voice_actor"},{"id":245767,"photo":"https://st.kp.yandex.net/images/actor_iphone/iphone360_245767.jpg","name":"Всеволод Абдулов","enName":null,"profession":"актеры дубляжа","enProfession":"voice_actor"},{"id":281059,"photo":"https://st.kp.yandex.net/images/actor_iphone/iphone360_281059.jpg","name":"Александр Рыжков","enName":null,"profession":"актеры дубляжа","enProfession":"voice_actor"},{"id":310535,"photo":"https://st.kp.yandex.net/images/actor_iphone/iphone360_310535.jpg","name":"Олег Куценко","enName":null,"profession":"актеры дубляжа","enProfession":"voice_actor"},{"id":1040432,"photo":"https://st.kp.yandex.net/images/actor_iphone/iphone360_1040432.jpg","name":"Денис Беспалый","enName":null,"profession":"актеры дубляжа","enProfession":"voice_actor"},{"id":1348569,"photo":"https://st.kp.yandex.net/images/actor_iphone/iphone360_1348569.jpg","name":"Александр Хотченков","enName":null,"profession":"актеры дубляжа","enProfession":"voice_actor"},{"id":1604859,"photo":"https://st.kp.yandex.net/images/actor_iphone/iphone360_1604859.jpg","name":"Борис Токарев","enName":null,"profession":"актеры дубляжа","enProfession":"voice_actor"},{"id":1805840,"photo":"https://st.kp.yandex.net/images/actor_iphone/iphone360_1805840.jpg","name":"Сергей Полянский","enName":null,"profession":"актеры дубляжа","enProfession":"voice_actor"},{"id":22239,"photo":"https://st.kp.yandex.net/images/actor_iphone/iphone360_22239.jpg","name":"Дэвид Селф","enName":"David Self","profession":"редакторы","enProfession":"writer"},{"id":55086,"photo":"https://st.kp.yandex.net/images/actor_iphone/iphone360_55086.jpg","name":"Эрнест Р. Мэй","enName":"Ernest R. May","profession":"редакторы","enProfession":"writer"},{"id":55087,"photo":"https://st.kp.yandex.net/images/actor_iphone/iphone360_55087.jpg","name":"Филип Д. Зеликов","enName":"Philip D. Zelikow","profession":"редакторы","enProfession":"writer"}],"productionCompanies":[{"name":"New Line Cinema","url":"https://www.themoviedb.org/t/p/original/iaYpEp3LQmb8AfAtmTvpqd4149c.png","previewUrl":"https://www.themoviedb.org/t/p/w500/iaYpEp3LQmb8AfAtmTvpqd4149c.png"},{"name":"Tig Productions","url":null,"previewUrl":null}],"typeNumber":1,"alternativeName":"Thirteen Days","backdrop":{"url":null,"previewUrl":null},"enName":null,"movieLength":140,"names":[{"name":"Тринадцать дней"},{"name":"Thirteen Days"},{"name":"13 jours","language":"FR","type":null},{"name":"Tredici giorni","language":"IT","type":null},{"name":"Trece días","language":"ES","type":null},{"name":"Tizenhárom nap - Az idegháború","language":"HU","type":null},{"name":"驚爆13天","language":"TW","type":null},{"name":"13 วัน ปฏิบัติการหายนะโลก","language":"TH","type":null},{"name":"Treze Dias que Abalaram o Mundo","language":"BR","type":null},{"name":"Tretten dager","language":"NO","type":null},{"name":"13 dager","language":"NO","type":"Alternate spelling"}],"status":null,"ageRating":12,"ratingMpaa":"pg13","imagesInfo":{"framesCount":29},"shortDescription":null,"sequelsAndPrequels":[],"similarMovies":[{"id":1107,"name":"Джон Ф. Кеннеди: Выстрелы в Далласе","enName":null,"alternativeName":"JFK","type":"movie","poster":{"url":"https://avatars.mds.yandex.net/get-kinopoisk-image/1704946/1b7d8c6f-2f21-44fc-b88e-502985f2e04f/orig","previewUrl":"https://avatars.mds.yandex.net/get-kinopoisk-image/1704946/1b7d8c6f-2f21-44fc-b88e-502985f2e04f/x1000"}},{"id":573358,"name":"Клан Кеннеди","enName":null,"alternativeName":"The Kennedys","type":"tv-series","poster":{"url":"https://avatars.mds.yandex.net/get-kinopoisk-image/1900788/da5dacfc-0956-4e9c-af7c-d36a5171ea66/orig","previewUrl":"https://avatars.mds.yandex.net/get-kinopoisk-image/1900788/da5dacfc-0956-4e9c-af7c-d36a5171ea66/x1000"}}],"logo":{"url":null},"watchability":{"items":null},"top10":null,"top250":null}