{"fees":{"world":{"value":109578115,"currency":"$"},"usa":{"value":38176783,"currency":"$"}},"status":null,"externalId":{"kpHD":"4946a7b6121b7b7ba1353cb79cff49f8","imdb":"tt0133240","tmdb":9016},"rating":{"kp":8.116,"imdb":7.2,"filmCritics":6.5,"russianFilmCritics":0,"await":0},"votes":{"kp":79604,"imdb":123751,"filmCritics":149,"russianFilmCritics":0,"await":0},"backdrop":{"url":"https://avatars.mds.yandex.net/get-ott/200035/2a0000017881da43faaa549399a9b8f8008d/orig","previewUrl":"https://avatars.mds.yandex.net/get-ott/200035/2a0000017881da43faaa549399a9b8f8008d/x1000"},"movieLength":95,"productionCompanies":[{"name":"Walt Disney Animation Studios","url":"https://www.themoviedb.org/t/p/original/tVPmo07IHhBs4HuilrcV0yujsZ9.png","previewUrl":"https://www.themoviedb.org/t/p/w500/tVPmo07IHhBs4HuilrcV0yujsZ9.png"},{"name":"Walt Disney Pictures","url":"https://www.themoviedb.org/t/p/original/wdrCwmRnLFJhEoH8GSfymY85KHT.png","previewUrl":"https://www.themoviedb.org/t/p/w500/wdrCwmRnLFJhEoH8GSfymY85KHT.png"}],"id":864,"type":"cartoon","name":"Планета сокровищ","description":"16-летний Джим Хоукинс отправляется на поиски таинственной Планеты Сокровищ в компании настоящих космических пиратов. Под руководством корабельного кока, киборга Джона Сильвера, он становится умелым «космоплавателем» и не раз спасает космический галеон от самых серьезных опасностей: черных дыр, взрывов сверхновых и космических штормов.","premiere":{"country":"Франция","world":"2002-11-05T00:00:00.000Z","russia":"2003-03-20T00:00:00.000Z","cinema":"2003-03-20T00:00:00.000Z","dvd":"2014-03-18T00:00:00.000Z","bluray":"2015-07-28T00:00:00.000Z"},"slogan":"They're on the search for gold, but they better watch out for Silver","year":2002,"budget":{"value":140000000,"currency":"$"},"poster":{"url":"https://st.kp.yandex.net/images/film_big/864.jpg","previewUrl":"https://st.kp.yandex.net/images/film_iphone/iphone360_864.jpg"},"facts":[{"value":"Интерпретация романа «Остров сокровищ» Роберта Льюиса Стивенсона в стиле аэропанк.","type":"FACT","spoiler":false},{"value":"На создание фильма ушло 10 лет","type":"FACT","spoiler":false},{"value":"Фильм провалился в прокате, и запланированное было продолжение (злодея там озвучивал бы <a href=\"/name/9274/\" class=\"all\">Уиллем Дефо</a>) так и не сняли.","type":"FACT","spoiler":false},{"value":"Персонажи-люди были нарисованы, а механические части тела Джона Сильвера и робот Б.Э.Н. стали продуктом компьютерных технологий. Корабль создали с использованием технологии, получившей название «Deep Canvas». В некоторых сценах использовали все три метода анимации.","type":"FACT","spoiler":false},{"value":"Первый диснеевский фильм, в котором макеты создавались не вручную из глины. Механические части Сильвера были созданы из пластика с использованием лазерных технологий.","type":"FACT","spoiler":false}],"genres":[{"name":"мультфильм"},{"name":"фантастика"},{"name":"фэнтези"},{"name":"приключения"},{"name":"семейный"}],"countries":[{"name":"США"}],"videos":{"trailers":[{"url":"https://widgets.kinopoisk.ru/discovery/trailer/455?onlyPlayer=1&autoplay=1&cover=1","name":"Трейлер","site":"kinopoisk_widget"},{"url":"https://www.youtube.com/v/nkAbx-H3QMM","name":"Трейлер №2","site":"youtube"},{"url":"https://www.youtube.com/v/tkfzLd935m0","name":"Русский телевизионный трейлер","site":"youtube"},{"url":"https://www.youtube.com/v/VW2LM_GIV3s","name":"Музыкальный клип","site":"youtube"},{"url":"https://www.youtube.com/embed/nYzW3jfoEUw","name":"Treasure Planet (2002) Trailer","site":"youtube","type":"TRAILER"},{"url":"https://www.youtube.com/embed/NWLv9XCM3fs","name":"\"Treasure Planet\" 2002 Theatrical Trailer Digitally Remastered 1080p","site":"youtube","type":"TRAILER"},{"url":"https://www.youtube.com/embed/DJNT7C61NrE","name":"Treasure Planet (2002) Official Trailer #1 - Animated Movie HD","site":"youtube","type":"TRAILER"},{"url":"https://www.youtube.com/embed/ajhZRL1j7a0","name":"Treasure Planet","site":"youtube","type":"TRAILER"},{"url":"https://www.youtube.com/embed/sPPcWMzgCsU","name":"Планета сокровищ (2003)","site":"youtube","type":"TRAILER"},{"url":"https://www.youtube.com/embed/jBdwbJQB02E","name":"Планета сокровищ - Трейлер","site":"youtube","type":"TRAILER"}],"teasers":[]},"seasonsInfo":[],"persons":[{"id":38047,"photo":"https://st.kp.yandex.net/images/actor_iphone/iphone360_38047.jpg","name":"Роско Ли Браун","enName":"Roscoe Lee Browne","profession":"актеры","enProfession":"actor"},{"id":182,"photo":"https://st.kp.yandex.net/images/actor_iphone/iphone360_182.jpg","name":"Кори Бертон","enName":"Corey Burton","profession":"актеры","enProfession":"actor"},{"id":38048,"photo":"https://st.kp.yandex.net/images/actor_iphone/iphone360_38048.jpg","name":"Дэйн А. Дэвис","enName":"Dane A. Davis","profession":"актеры","enProfession":"actor"},{"id":9867,"photo":"https://st.kp.yandex.net/images/actor_iphone/iphone360_9867.jpg","name":"Джозеф Гордон-Левитт","enName":"Joseph Gordon-Levitt","profession":"актеры","enProfession":"actor"},{"id":22661,"photo":"https://st.kp.yandex.net/images/actor_iphone/iphone360_22661.jpg","name":"Тони Джей","enName":"Tony Jay","profession":"актеры","enProfession":"actor"},{"id":38049,"photo":"https://st.kp.yandex.net/images/actor_iphone/iphone360_38049.jpg","name":"Остин Мэйджерс","enName":"Austin Majors","profession":"актеры","enProfession":"actor"},{"id":38050,"photo":"https://st.kp.yandex.net/images/actor_iphone/iphone360_38050.jpg","name":"Патрик МакГуэн","enName":"Patrick McGoohan","profession":"актеры","enProfession":"actor"},{"id":22601,"photo":"https://st.kp.yandex.net/images/actor_iphone/iphone360_22601.jpg","name":"Майкл МакШейн","enName":"Michael McShane","profession":"актеры","enProfession":"actor"},{"id":11664,"photo":"https://st.kp.yandex.net/images/actor_iphone/iphone360_11664.jpg","name":"Лори Меткаф","enName":"Laurie Metcalf","profession":"актеры","enProfession":"actor"},{"id":38051,"photo":"https://st.kp.yandex.net/images/actor_iphone/iphone360_38051.jpg","name":"Брайан Мюррей","enName":"Brian Murray","profession":"актеры","enProfession":"actor"},{"id":31772,"photo":"https://st.kp.yandex.net/images/actor_iphone/iphone360_31772.jpg","name":"Дэвид Хайд Пирс","enName":"David Hyde Pierce","profession":"актеры","enProfession":"actor"},{"id":26538,"photo":"https://st.kp.yandex.net/images/actor_iphone/iphone360_26538.jpg","name":"Мартин Шорт","enName":"Martin Short","profession":"актеры","enProfession":"actor"},{"id":15526,"photo":"https://st.kp.yandex.net/images/actor_iphone/iphone360_15526.jpg","name":"Эмма Томпсон","enName":"Emma Thompson","profession":"актеры","enProfession":"actor"},{"id":38052,"photo":"https://st.kp.yandex.net/images/actor_iphone/iphone360_38052.jpg","name":"Майкл Уинкотт","enName":"Michael Wincott","profession":"актеры","enProfession":"actor"},{"id":16040,"photo":"https://st.kp.yandex.net/images/actor_iphone/iphone360_16040.jpg","name":"Джек Эйнджел","enName":"Jack Angel","profession":"актеры","enProfession":"actor"},{"id":7321,"photo":"https://st.kp.yandex.net/images/actor_iphone/iphone360_7321.jpg","name":"Боб Берген","enName":"Bob Bergen","profession":"актеры","enProfession":"actor"},{"id":7327,"photo":"https://st.kp.yandex.net/images/actor_iphone/iphone360_7327.jpg","name":"Роджер Бампасс","enName":"Rodger Bumpass","profession":"актеры","enProfession":"actor"},{"id":22618,"photo":"https://st.kp.yandex.net/images/actor_iphone/iphone360_22618.jpg","name":"Джейн Карр","enName":"Jane Carr","profession":"актеры","enProfession":"actor"},{"id":38053,"photo":"https://st.kp.yandex.net/images/actor_iphone/iphone360_38053.jpg","name":"Джон Сайган","enName":"John Cygan","profession":"актеры","enProfession":"actor"},{"id":7328,"photo":"https://st.kp.yandex.net/images/actor_iphone/iphone360_7328.jpg","name":"Дженнифер Дарлинг","enName":"Jennifer Darling","profession":"актеры","enProfession":"actor"},{"id":21208,"photo":"https://st.kp.yandex.net/images/actor_iphone/iphone360_21208.jpg","name":"Пол Айдинг","enName":"Paul Eiding","profession":"актеры","enProfession":"actor"},{"id":7332,"photo":"https://st.kp.yandex.net/images/actor_iphone/iphone360_7332.jpg","name":"Шерри Линн","enName":"Sherry Lynn","profession":"актеры","enProfession":"actor"},{"id":6377,"photo":"https://st.kp.yandex.net/images/actor_iphone/iphone360_6377.jpg","name":"Мона Маршалл","enName":"Mona Marshall","profession":"актеры","enProfession":"actor"},{"id":7335,"photo":"https://st.kp.yandex.net/images/actor_iphone/iphone360_7335.jpg","name":"Микки Макгоун","enName":"Mickie McGowan","profession":"актеры","enProfession":"actor"},{"id":196,"photo":"https://st.kp.yandex.net/images/actor_iphone/iphone360_196.jpg","name":"Патрик Пинни","enName":"Patrick Pinney","profession":"актеры","enProfession":"actor"},{"id":8842,"photo":"https://st.kp.yandex.net/images/actor_iphone/iphone360_8842.jpg","name":"Филип Проктор","enName":"Phil Proctor","profession":"актеры","enProfession":"actor"},{"id":34426,"photo":"https://st.kp.yandex.net/images/actor_iphone/iphone360_34426.jpg","name":"Джереми Суарес","enName":"Jeremy Suarez","profession":"актеры","enProfession":"actor"},{"id":38054,"photo":"https://st.kp.yandex.net/images/actor_iphone/iphone360_38054.jpg","name":"Джим Уорд","enName":"Jim Ward","profession":"актеры","enProfession":"actor"},{"id":27542,"photo":"https://st.kp.yandex.net/images/actor_iphone/iphone360_27542.jpg","name":"Ди Брэдли Бейкер","enName":"Dee Bradley Baker","profession":"актеры","enProfession":"actor"},{"id":14821,"photo":"https://st.kp.yandex.net/images/actor_iphone/iphone360_14821.jpg","name":"Питер Каллен","enName":"Peter Cullen","profession":"актеры","enProfession":"actor"},{"id":8831,"photo":"https://st.kp.yandex.net/images/actor_iphone/iphone360_8831.jpg","name":"Кэт Суси","enName":"Kath Soucie","profession":"актеры","enProfession":"actor"},{"id":542462,"photo":"https://st.kp.yandex.net/images/actor_iphone/iphone360_542462.jpg","name":"Джеймс Ньютон Ховард","enName":"James Newton Howard","profession":"композиторы","enProfession":"composer"},{"id":81939,"photo":"https://st.kp.yandex.net/images/actor_iphone/iphone360_81939.jpg","name":"Фрэнк Ниссен","enName":"Frank Nissen","profession":"художники","enProfession":"designer"},{"id":2008691,"photo":"https://st.kp.yandex.net/images/actor_iphone/iphone360_2008691.jpg","name":"Стивен Олдз","enName":"Steven Olds","profession":"художники","enProfession":"designer"},{"id":306717,"photo":"https://st.kp.yandex.net/images/actor_iphone/iphone360_306717.jpg","name":"Энди Гэскилл","enName":"Andy Gaskill","profession":"художники","enProfession":"designer"},{"id":38043,"photo":"https://st.kp.yandex.net/images/actor_iphone/iphone360_38043.jpg","name":"Рон Клементс","enName":"Ron Clements","profession":"режиссеры","enProfession":"director"},{"id":38044,"photo":"https://st.kp.yandex.net/images/actor_iphone/iphone360_38044.jpg","name":"Джон Маскер","enName":"John Musker","profession":"режиссеры","enProfession":"director"},{"id":2002902,"photo":"https://st.kp.yandex.net/images/actor_iphone/iphone360_2002902.jpg","name":"Майкл Келли","enName":"Michael Kelly","profession":"монтажеры","enProfession":"editor"},{"id":4747360,"photo":"https://st.kp.yandex.net/images/actor_iphone/iphone360_4747360.jpg","name":"Расул Азадани","enName":"Rasoul Azadani","profession":"операторы","enProfession":"operator"},{"id":38043,"photo":"https://st.kp.yandex.net/images/actor_iphone/iphone360_38043.jpg","name":"Рон Клементс","enName":"Ron Clements","profession":"продюсеры","enProfession":"producer"},{"id":38055,"photo":"https://st.kp.yandex.net/images/actor_iphone/iphone360_38055.jpg","name":"Рой Конли","enName":"Roy Conli","profession":"продюсеры","enProfession":"producer"},{"id":38044,"photo":"https://st.kp.yandex.net/images/actor_iphone/iphone360_38044.jpg","name":"Джон Маскер","enName":"John Musker","profession":"продюсеры","enProfession":"producer"},{"id":38056,"photo":"https://st.kp.yandex.net/images/actor_iphone/iphone360_38056.jpg","name":"Питер Дель Вечо","enName":"Peter Del Vecho","profession":"продюсеры","enProfession":"producer"},{"id":1828724,"photo":"https://st.kp.yandex.net/images/actor_iphone/iphone360_1828724.jpg","name":"Сергей Воробьев","enName":null,"profession":"актеры дубляжа","enProfession":"voice_actor"},{"id":1690594,"photo":"https://st.kp.yandex.net/images/actor_iphone/iphone360_1690594.jpg","name":"Юрий Герцман","enName":null,"profession":"актеры дубляжа","enProfession":"voice_actor"},{"id":477449,"photo":"https://st.kp.yandex.net/images/actor_iphone/iphone360_477449.jpg","name":"Елена Шульман","enName":null,"profession":"актеры дубляжа","enProfession":"voice_actor"},{"id":1822267,"photo":"https://st.kp.yandex.net/images/actor_iphone/iphone360_1822267.jpg","name":"Роман Бурлаков","enName":null,"profession":"актеры дубляжа","enProfession":"voice_actor"},{"id":1801326,"photo":"https://st.kp.yandex.net/images/actor_iphone/iphone360_1801326.jpg","name":"Юрий Козулин","enName":null,"profession":"актеры дубляжа","enProfession":"voice_actor"},{"id":1660135,"photo":"https://st.kp.yandex.net/images/actor_iphone/iphone360_1660135.jpg","name":"Федор Машанов","enName":null,"profession":"актеры дубляжа","enProfession":"voice_actor"},{"id":594036,"photo":"https://st.kp.yandex.net/images/actor_iphone/iphone360_594036.jpg","name":"Борис Улитин","enName":null,"profession":"актеры дубляжа","enProfession":"voice_actor"},{"id":310711,"photo":"https://st.kp.yandex.net/images/actor_iphone/iphone360_310711.jpg","name":"Олег Куликович","enName":null,"profession":"актеры дубляжа","enProfession":"voice_actor"},{"id":128156,"photo":"https://st.kp.yandex.net/images/actor_iphone/iphone360_128156.jpg","name":"Андрей Толубеев","enName":null,"profession":"актеры дубляжа","enProfession":"voice_actor"},{"id":322381,"photo":"https://st.kp.yandex.net/images/actor_iphone/iphone360_322381.jpg","name":"Валерий Дегтярь","enName":null,"profession":"актеры дубляжа","enProfession":"voice_actor"},{"id":298467,"photo":"https://st.kp.yandex.net/images/actor_iphone/iphone360_298467.jpg","name":"Ян Цапник","enName":null,"profession":"актеры дубляжа","enProfession":"voice_actor"},{"id":1890790,"photo":"https://st.kp.yandex.net/images/actor_iphone/iphone360_1890790.jpg","name":"Ирина Коновалова","enName":null,"profession":"актеры дубляжа","enProfession":"voice_actor"},{"id":544346,"photo":"https://st.kp.yandex.net/images/actor_iphone/iphone360_544346.jpg","name":"Сергей Лысов","enName":null,"profession":"актеры дубляжа","enProfession":"voice_actor"},{"id":75873,"photo":"https://st.kp.yandex.net/images/actor_iphone/iphone360_75873.jpg","name":"Владимир Ермилов","enName":null,"profession":"актеры дубляжа","enProfession":"voice_actor"},{"id":284460,"photo":"https://st.kp.yandex.net/images/actor_iphone/iphone360_284460.jpg","name":"Александр Борисов","enName":null,"profession":"актеры дубляжа","enProfession":"voice_actor"},{"id":290105,"photo":"https://st.kp.yandex.net/images/actor_iphone/iphone360_290105.jpg","name":"Людмила Ксенофонтова","enName":null,"profession":"актеры дубляжа","enProfession":"voice_actor"},{"id":315694,"photo":"https://st.kp.yandex.net/images/actor_iphone/iphone360_315694.jpg","name":"Елена Павловская","enName":null,"profession":"актеры дубляжа","enProfession":"voice_actor"},{"id":464089,"photo":"https://st.kp.yandex.net/images/actor_iphone/iphone360_464089.jpg","name":"Роман Агеев","enName":null,"profession":"актеры дубляжа","enProfession":"voice_actor"},{"id":477451,"photo":"https://st.kp.yandex.net/images/actor_iphone/iphone360_477451.jpg","name":"Алексей Гурьев","enName":null,"profession":"актеры дубляжа","enProfession":"voice_actor"},{"id":594007,"photo":"https://st.kp.yandex.net/images/actor_iphone/iphone360_594007.jpg","name":"Анатолий Дубанов","enName":null,"profession":"актеры дубляжа","enProfession":"voice_actor"},{"id":637300,"photo":"https://st.kp.yandex.net/images/actor_iphone/iphone360_637300.jpg","name":"Родион Приходько","enName":null,"profession":"актеры дубляжа","enProfession":"voice_actor"},{"id":1188897,"photo":"https://st.kp.yandex.net/images/actor_iphone/iphone360_1188897.jpg","name":"Андрей Зайцев","enName":null,"profession":"актеры дубляжа","enProfession":"voice_actor"},{"id":1671920,"photo":"https://st.kp.yandex.net/images/actor_iphone/iphone360_1671920.jpg","name":"Алексей Титков","enName":null,"profession":"актеры дубляжа","enProfession":"voice_actor"},{"id":38045,"photo":"https://st.kp.yandex.net/images/actor_iphone/iphone360_38045.jpg","name":"Роб Эдвардс","enName":"Rob Edwards","profession":"редакторы","enProfession":"writer"},{"id":15072,"photo":"https://st.kp.yandex.net/images/actor_iphone/iphone360_15072.jpg","name":"Роберт Льюис Стивенсон","enName":"Robert Louis Stevenson","profession":"редакторы","enProfession":"writer"},{"id":38043,"photo":"https://st.kp.yandex.net/images/actor_iphone/iphone360_38043.jpg","name":"Рон Клементс","enName":"Ron Clements","profession":"редакторы","enProfession":"writer"},{"id":38044,"photo":"https://st.kp.yandex.net/images/actor_iphone/iphone360_38044.jpg","name":"Джон Маскер","enName":"John Musker","profession":"редакторы","enProfession":"writer"}],"typeNumber":3,"alternativeName":"Treasure Planet","enName":null,"names":[{"name":"Планета сокровищ"},{"name":"Treasure Planet"},{"name":"星空夺宝","language":"CN","type":null},{"name":"La Planète au trésor : Un nouvel univers","language":"FR","type":null},{"name":"Piratenplaneet: De Schat van Kapitein Flint","language":"NL","type":null},{"name":"La Planète au trésor","language":"FR","type":null},{"name":"საგანძურის პლანეტა","language":"GE","type":null},{"name":"განძეულობის პლანეტა","language":"GE","type":null},{"name":"Planeta do Tesouro","language":"BR","type":null},{"name":"Der Schatzplanet","language":"DE","type":null}],"similarMovies":[{"id":597,"name":"Атлантида: Затерянный мир","enName":null,"alternativeName":"Atlantis: The Lost Empire","type":"cartoon","poster":{"url":"https://avatars.mds.yandex.net/get-kinopoisk-image/1773646/f98bcf6d-d34c-4d4d-b3cc-f5325bbe3e0d/orig","previewUrl":"https://avatars.mds.yandex.net/get-kinopoisk-image/1773646/f98bcf6d-d34c-4d4d-b3cc-f5325bbe3e0d/x1000"}},{"id":862,"name":"Титан: После гибели Земли","enName":null,"alternativeName":"Titan A.E.","type":"cartoon","poster":{"url":"https://avatars.mds.yandex.net/get-kinopoisk-image/1773646/e514ca06-f90e-45b4-8972-4c4798b3914b/orig","previewUrl":"https://avatars.mds.yandex.net/get-kinopoisk-image/1773646/e514ca06-f90e-45b4-8972-4c4798b3914b/x1000"}},{"id":7971,"name":"Синдбад: Легенда семи морей","enName":null,"alternativeName":"Sinbad: Legend of the Seven Seas","type":"cartoon","poster":{"url":"https://avatars.mds.yandex.net/get-kinopoisk-image/1898899/cb92cb2d-5d26-44d8-8c35-1a986084b471/orig","previewUrl":"https://avatars.mds.yandex.net/get-kinopoisk-image/1898899/cb92cb2d-5d26-44d8-8c35-1a986084b471/x1000"}},{"id":806,"name":"Дорога на Эльдорадо","enName":null,"alternativeName":"The Road to El Dorado","type":"cartoon","poster":{"url":"https://avatars.mds.yandex.net/get-kinopoisk-image/4716873/282f675d-5b20-4464-8c37-3d2d343265b4/orig","previewUrl":"https://avatars.mds.yandex.net/get-kinopoisk-image/4716873/282f675d-5b20-4464-8c37-3d2d343265b4/x1000"}},{"id":573759,"name":"Остров сокровищ","enName":null,"alternativeName":null,"type":"cartoon","poster":{"url":"https://avatars.mds.yandex.net/get-kinopoisk-image/1600647/8059636c-5d02-4e74-94e6-910a14871d62/orig","previewUrl":"https://avatars.mds.yandex.net/get-kinopoisk-image/1600647/8059636c-5d02-4e74-94e6-910a14871d62/x1000"}}],"imagesInfo":{"framesCount":14},"sequelsAndPrequels":[{"id":229336,"name":"Остров сокровищ","enName":"L'isola del tesoro","alternativeName":"L'isola del tesoro","type":"remake","poster":{"url":"https://st.kp.yandex.net/images/film_big/229336.jpg","previewUrl":"https://st.kp.yandex.net/images/film_iphone/iphone360_229336.jpg"}}],"ratingMpaa":"pg","shortDescription":"Получив пиратскую карту галактик, Джим отправляется искать клад. Экранизация классики в стиле стимпанк","ageRating":0,"logo":{"url":"https://avatars.mds.yandex.net/get-ott/200035/2a0000017881dad2d7e99bba2c065e3d2b86/orig"},"watchability":{"items":null},"top10":null,"top250":null}