{"videos":{"trailers":[{"url":"https://widgets.kinopoisk.ru/discovery/trailer/123765?onlyPlayer=1&autoplay=1&cover=1","name":"Трейлер (русский язык)","site":"kinopoisk_widget"},{"url":"https://widgets.kinopoisk.ru/discovery/trailer/3013?onlyPlayer=1&autoplay=1&cover=1","name":"Трейлер","site":"kinopoisk_widget"},{"url":"https://www.youtube.com/v/FzmkglST6J4","name":"Фрагмент (дублированный)","site":"youtube"},{"url":"https://www.youtube.com/embed/BOFHvI5Rob8","name":"Vanilla Sky - Trailer","site":"youtube","type":"TRAILER"},{"url":"https://www.youtube.com/embed/txyQgVX2lVI","name":"Ванильное Небо (2001) | Трейлер #1","site":"youtube","type":"TRAILER"}],"teasers":[]},"fees":{"world":{"value":203388341,"currency":"$"},"usa":{"value":100618344,"currency":"$"}},"id":870,"type":"movie","externalId":{"kpHD":"4532fcc41cede2a1a90f59b0e9f7da11","imdb":"tt0259711","tmdb":1903},"name":"Ванильное небо","rating":{"kp":7.569,"imdb":6.9,"filmCritics":5.3,"russianFilmCritics":50,"await":0},"description":"У Дэвида было всё: деньги, свой собственный издательский дом, дорогая машина и квартира в респектабельном районе Нью-Йорка, друг-писатель и подружка Джулианна, и даже враги в лице семи управляющих его компанией. Так он и жил без оглядки, пока в один прекрасный момент не попал в автокатастрофу и очнулся после комы инвалидом с изуродованным лицом, которое теперь приходится скрывать. Его новая жизнь обернулась кошмарным сном, от которого нельзя проснуться.","votes":{"kp":161322,"imdb":274358,"filmCritics":174,"russianFilmCritics":4,"await":0},"premiere":{"country":"США","world":"2001-12-10T00:00:00.000Z","russia":"2002-01-24T00:00:00.000Z","cinema":"2002-01-24T00:00:00.000Z","dvd":"2012-12-17T00:00:00.000Z"},"slogan":"Забудь все, что ты знал о жизни и просто раскрой глаза...","year":2001,"budget":{"value":68000000,"currency":"$"},"poster":{"url":"https://st.kp.yandex.net/images/film_big/870.jpg","previewUrl":"https://st.kp.yandex.net/images/film_iphone/iphone360_870.jpg"},"facts":[{"value":"<a href=\"/name/37652/\" class=\"all\">Курт Рассел</a> согласился сниматься в этом фильме, даже не читая сценарий.","type":"FACT","spoiler":false},{"value":"На роль доктора МакКейба претендовали <a href=\"/name/22773/\" class=\"all\">Майкл Китон</a>, <a href=\"/name/5679/\" class=\"all\">Харрисон Форд</a> и <a href=\"/name/11564/\" class=\"all\">Алек Болдуин</a>.","type":"FACT","spoiler":false},{"value":"В фильме мелькнули кадры из фильма <a href=\"/name/126189/\" class=\"all\">Роберта Маллигана</a> «<a href=\"/film/357/\" class=\"all\">Убить пересмешника</a>» (1962). Это один из самых любимых фильмов <a href=\"/name/7221/\" class=\"all\">Кэмерона Кроу</a>.","type":"FACT","spoiler":false},{"value":"Студия потребовала от <a href=\"/name/7221/\" class=\"all\">Кэмерона Кроу</a> вырезать из фильма кадры с разрушенными 11 сентября башнями Всемирного торгового центра. Кроу этого не сделал.","type":"FACT","spoiler":false},{"value":"На дне рождения Дэвида появляется <a href=\"/name/22260/\" class=\"all\">Стивен Спилберг</a>. Во время съемок «Ванильного неба» Спилберг и <a href=\"/name/20302/\" class=\"all\">Том Круз</a> как раз готовились к совместному проекту «<a href=\"/film/496/\" class=\"all\">Особое мнение</a>» (2002).","type":"FACT","spoiler":false},{"value":"Имя доктора МакКэйба, героя <a href=\"/name/37652/\" class=\"all\">Курта Расселла</a>, пришло из сольного альбома «Жизнь в магазине гитар МакКэйба» <a href=\"/name/157915/\" class=\"all\">Нэнси Уилсон</a>, жены <a href=\"/name/7221/\" class=\"all\">Кэмерона Кроу</a>.","type":"FACT","spoiler":false},{"value":"День рождения Дэвида Эймса – 22 сентября 1968.","type":"FACT","spoiler":false},{"value":"<a href=\"/name/7221/\" class=\"all\">Кэмерон Кроу</a> и <a href=\"/name/20302/\" class=\"all\">Том Круз</a> приглашали появиться в камео легендарного режиссёра <a href=\"/name/93354/\" class=\"all\">Билли Уайлдера</a>, однако тот отказался.","type":"FACT","spoiler":false},{"value":"Режиссер утверждает, что в фильме содержится 428 отсылок к различным культурным явлениям (книгам, фильмам, явлениям).","type":"FACT","spoiler":false},{"value":"В комнате Дэвида висят несколько картин <a href=\"/name/116328/\" class=\"all\">Ральфа Бакши</a>.","type":"FACT","spoiler":false},{"value":"В фильме <a href=\"/name/20302/\" class=\"all\">Том Круз</a> носит часы IWC Mark XV.","type":"FACT","spoiler":false},{"value":"<a href=\"/name/20302/\" class=\"all\">Том Круз</a> ездит на 1967 Ford Mustang и Ferrari 250 GTO.","type":"FACT","spoiler":false},{"value":"Является ремейком фильма <a href=\"/film/8362/\" class=\"all\">\"Открой глаза\"</a> режиссера <a href=\"/name/51105/\" class=\"all\">Алехандро Аменабара</a> (1997).","type":"FACT","spoiler":false},{"value":"В спальне Дэвида висит плакат к фильму <a href=\"/name/137173/\" class=\"all\">Франсуа Трюффо</a> «<a href=\"/film/18506/\" class=\"all\">Жюль и Джим</a>» (1962). В финале героиня Трюффо скидывает машину со своим любовником с моста, что напрямую отсылает к сюжету «Ванильного неба».","type":"FACT","spoiler":true},{"value":"Машина <a href=\"/name/9836/\" class=\"all\">Кэмерон Диаз</a>, на которой герои разбиваются, это 1970 Buick Skylark.","type":"FACT","spoiler":true}],"genres":[{"name":"фантастика"},{"name":"мелодрама"},{"name":"детектив"},{"name":"триллер"}],"countries":[{"name":"США"},{"name":"Испания"}],"seasonsInfo":[],"persons":[{"id":20302,"photo":"https://st.kp.yandex.net/images/actor_iphone/iphone360_20302.jpg","name":"Том Круз","enName":"Tom Cruise","profession":"актеры","enProfession":"actor"},{"id":12227,"photo":"https://st.kp.yandex.net/images/actor_iphone/iphone360_12227.jpg","name":"Пенелопа Крус","enName":"Penélope Cruz","profession":"актеры","enProfession":"actor"},{"id":9836,"photo":"https://st.kp.yandex.net/images/actor_iphone/iphone360_9836.jpg","name":"Кэмерон Диас","enName":"Cameron Diaz","profession":"актеры","enProfession":"actor"},{"id":37652,"photo":"https://st.kp.yandex.net/images/actor_iphone/iphone360_37652.jpg","name":"Курт Рассел","enName":"Kurt Russell","profession":"актеры","enProfession":"actor"},{"id":7224,"photo":"https://st.kp.yandex.net/images/actor_iphone/iphone360_7224.jpg","name":"Джейсон Ли","enName":"Jason Lee","profession":"актеры","enProfession":"actor"},{"id":7227,"photo":"https://st.kp.yandex.net/images/actor_iphone/iphone360_7227.jpg","name":"Ноа Тейлор","enName":"Noah Taylor","profession":"актеры","enProfession":"actor"},{"id":13416,"photo":"https://st.kp.yandex.net/images/actor_iphone/iphone360_13416.jpg","name":"Тимоти Сполл","enName":"Timothy Spall","profession":"актеры","enProfession":"actor"},{"id":24256,"photo":"https://st.kp.yandex.net/images/actor_iphone/iphone360_24256.jpg","name":"Тильда Суинтон","enName":"Tilda Swinton","profession":"актеры","enProfession":"actor"},{"id":3506,"photo":"https://st.kp.yandex.net/images/actor_iphone/iphone360_3506.jpg","name":"Майкл Шеннон","enName":"Michael Shannon","profession":"актеры","enProfession":"actor"},{"id":35492,"photo":"https://st.kp.yandex.net/images/actor_iphone/iphone360_35492.jpg","name":"Дилэйна Митчелл","enName":"Delaina Hlavin","profession":"актеры","enProfession":"actor"},{"id":31710,"photo":"https://st.kp.yandex.net/images/actor_iphone/iphone360_31710.jpg","name":"Шалом Харлоу","enName":"Shalom Harlow","profession":"актеры","enProfession":"actor"},{"id":51766,"photo":"https://st.kp.yandex.net/images/actor_iphone/iphone360_51766.jpg","name":"Оона Харт","enName":"Oona Hart","profession":"актеры","enProfession":"actor"},{"id":31776,"photo":"https://st.kp.yandex.net/images/actor_iphone/iphone360_31776.jpg","name":"Ивана Миличевич","enName":"Ivana Milicevic","profession":"актеры","enProfession":"actor"},{"id":13258,"photo":"https://st.kp.yandex.net/images/actor_iphone/iphone360_13258.jpg","name":"Джонни Галэки","enName":"Johnny Galecki","profession":"актеры","enProfession":"actor"},{"id":51767,"photo":"https://st.kp.yandex.net/images/actor_iphone/iphone360_51767.jpg","name":"Джаеми Уилленс","enName":"Jhaemi Willens","profession":"актеры","enProfession":"actor"},{"id":51768,"photo":"https://st.kp.yandex.net/images/actor_iphone/iphone360_51768.jpg","name":"Арман Шульц","enName":"Armand Schultz","profession":"актеры","enProfession":"actor"},{"id":51769,"photo":"https://st.kp.yandex.net/images/actor_iphone/iphone360_51769.jpg","name":"Камерон Уотсон","enName":"Cameron Watson","profession":"актеры","enProfession":"actor"},{"id":39989,"photo":"https://st.kp.yandex.net/images/actor_iphone/iphone360_39989.jpg","name":"Робертсон Дин","enName":"Robertson Dean","profession":"актеры","enProfession":"actor"},{"id":9340,"photo":"https://st.kp.yandex.net/images/actor_iphone/iphone360_9340.jpg","name":"У. Эрл Браун","enName":"W. Earl Brown","profession":"актеры","enProfession":"actor"},{"id":37875,"photo":"https://st.kp.yandex.net/images/actor_iphone/iphone360_37875.jpg","name":"Рэй Проскиа","enName":"Ray Proscia","profession":"актеры","enProfession":"actor"},{"id":44683,"photo":"https://st.kp.yandex.net/images/actor_iphone/iphone360_44683.jpg","name":"Тим Хоппер","enName":"Tim Hopper","profession":"актеры","enProfession":"actor"},{"id":10382,"photo":"https://st.kp.yandex.net/images/actor_iphone/iphone360_10382.jpg","name":"Алисия Уитт","enName":"Alicia Witt","profession":"актеры","enProfession":"actor"},{"id":6810,"photo":"https://st.kp.yandex.net/images/actor_iphone/iphone360_6810.jpg","name":"Кен Люн","enName":"Ken Leung","profession":"актеры","enProfession":"actor"},{"id":51770,"photo":"https://st.kp.yandex.net/images/actor_iphone/iphone360_51770.jpg","name":"Кэролин Бирн","enName":"Carolyn Byrne","profession":"актеры","enProfession":"actor"},{"id":51771,"photo":"https://st.kp.yandex.net/images/actor_iphone/iphone360_51771.jpg","name":"Марк Пинтер","enName":"Mark Pinter","profession":"актеры","enProfession":"actor"},{"id":51772,"photo":"https://st.kp.yandex.net/images/actor_iphone/iphone360_51772.jpg","name":"Джефф Уайсс","enName":"Jeff Weiss","profession":"актеры","enProfession":"actor"},{"id":3180,"photo":"https://st.kp.yandex.net/images/actor_iphone/iphone360_3180.jpg","name":"Конан О’Брайен","enName":"Conan O'Brien","profession":"актеры","enProfession":"actor"},{"id":841,"photo":"https://st.kp.yandex.net/images/actor_iphone/iphone360_841.jpg","name":"Джеймс Муртаг","enName":"James Murtaugh","profession":"актеры","enProfession":"actor"},{"id":7233,"photo":"https://st.kp.yandex.net/images/actor_iphone/iphone360_7233.jpg","name":"Марк Козелек","enName":"Mark Kozelek","profession":"актеры","enProfession":"actor"},{"id":7232,"photo":"https://st.kp.yandex.net/images/actor_iphone/iphone360_7232.jpg","name":"Джон Федевич","enName":"John Fedevich","profession":"актеры","enProfession":"actor"},{"id":36951,"photo":"https://st.kp.yandex.net/images/actor_iphone/iphone360_36951.jpg","name":"Бобби Уолш","enName":"Bobby Walsh","profession":"актеры","enProfession":"actor"},{"id":1988,"photo":"https://st.kp.yandex.net/images/actor_iphone/iphone360_1988.jpg","name":"Стейси Шер","enName":"Stacey Sher","profession":"актеры","enProfession":"actor"},{"id":51773,"photo":"https://st.kp.yandex.net/images/actor_iphone/iphone360_51773.jpg","name":"Фред Шрюерс","enName":"Fred Schruers","profession":"актеры","enProfession":"actor"},{"id":51774,"photo":"https://st.kp.yandex.net/images/actor_iphone/iphone360_51774.jpg","name":"Джессика Сименс","enName":"Jessica Siemens","profession":"актеры","enProfession":"actor"},{"id":51775,"photo":"https://st.kp.yandex.net/images/actor_iphone/iphone360_51775.jpg","name":"Джулия Каротерс Хьюз","enName":"Julia Carothers Hughes","profession":"актеры","enProfession":"actor"},{"id":51776,"photo":"https://st.kp.yandex.net/images/actor_iphone/iphone360_51776.jpg","name":"Холли Рэй","enName":"Holly Raye","profession":"актеры","enProfession":"actor"},{"id":51777,"photo":"https://st.kp.yandex.net/images/actor_iphone/iphone360_51777.jpg","name":"Марти Коллинз","enName":"Marty Collins","profession":"актеры","enProfession":"actor"},{"id":51778,"photo":"https://st.kp.yandex.net/images/actor_iphone/iphone360_51778.jpg","name":"Марк Брэмхолл","enName":"Mark Bramhall","profession":"актеры","enProfession":"actor"},{"id":51779,"photo":"https://st.kp.yandex.net/images/actor_iphone/iphone360_51779.jpg","name":"Джек Холл","enName":"Jack Hall","profession":"актеры","enProfession":"actor"},{"id":51780,"photo":"https://st.kp.yandex.net/images/actor_iphone/iphone360_51780.jpg","name":"Дэвид Льюисон","enName":"David Lewison","profession":"актеры","enProfession":"actor"},{"id":51781,"photo":"https://st.kp.yandex.net/images/actor_iphone/iphone360_51781.jpg","name":"Дженнифер Гриффин","enName":"Jennifer Griffin","profession":"актеры","enProfession":"actor"},{"id":51782,"photo":"https://st.kp.yandex.net/images/actor_iphone/iphone360_51782.jpg","name":"Адам ЛеГрант","enName":"Adam LeGrant","profession":"актеры","enProfession":"actor"},{"id":51783,"photo":"https://st.kp.yandex.net/images/actor_iphone/iphone360_51783.jpg","name":"Джон Кепли","enName":"John Kepley","profession":"актеры","enProfession":"actor"},{"id":51784,"photo":"https://st.kp.yandex.net/images/actor_iphone/iphone360_51784.jpg","name":"Робин Ван Шарнер","enName":"Robin Van Sharner","profession":"актеры","enProfession":"actor"},{"id":51785,"photo":"https://st.kp.yandex.net/images/actor_iphone/iphone360_51785.jpg","name":"Лорел Уайли","enName":"Laurel Wiley","profession":"актеры","enProfession":"actor"},{"id":51786,"photo":"https://st.kp.yandex.net/images/actor_iphone/iphone360_51786.jpg","name":"Николь Тейлор Харт","enName":"Nicole Taylor Hart","profession":"актеры","enProfession":"actor"},{"id":7260,"photo":"https://st.kp.yandex.net/images/actor_iphone/iphone360_7260.jpg","name":"Джулия Декер","enName":"Julia Decker","profession":"актеры","enProfession":"actor"},{"id":51787,"photo":"https://st.kp.yandex.net/images/actor_iphone/iphone360_51787.jpg","name":"Дженнифер Мари Келли","enName":"Jennifer Marie Kelley","profession":"актеры","enProfession":"actor"},{"id":51788,"photo":"https://st.kp.yandex.net/images/actor_iphone/iphone360_51788.jpg","name":"Эрин МакЭлмурри","enName":"Erin McElmurry","profession":"актеры","enProfession":"actor"},{"id":7236,"photo":"https://st.kp.yandex.net/images/actor_iphone/iphone360_7236.jpg","name":"Элис Мари Кроу","enName":"Alice Marie Crowe","profession":"актеры","enProfession":"actor"},{"id":51790,"photo":"https://st.kp.yandex.net/images/actor_iphone/iphone360_51790.jpg","name":"Джонатан Сэнгер","enName":"Jonathan Sanger","profession":"актеры","enProfession":"actor"},{"id":38629,"photo":"https://st.kp.yandex.net/images/actor_iphone/iphone360_38629.jpg","name":"Томми Ли","enName":"Tommy Lee","profession":"актеры","enProfession":"actor"},{"id":7293,"photo":"https://st.kp.yandex.net/images/actor_iphone/iphone360_7293.jpg","name":"Ана Мария Кинтана","enName":"Ana Maria Quintana","profession":"актеры","enProfession":"actor"},{"id":904240,"photo":"https://st.kp.yandex.net/images/actor_iphone/iphone360_904240.jpg","name":"Пол Хаггар","enName":"Paul Haggar","profession":"актеры","enProfession":"actor"},{"id":51792,"photo":"https://st.kp.yandex.net/images/actor_iphone/iphone360_51792.jpg","name":"Рэнди Вудсайд","enName":"Randy Woodside","profession":"актеры","enProfession":"actor"},{"id":51793,"photo":"https://st.kp.yandex.net/images/actor_iphone/iphone360_51793.jpg","name":"Роберт Ф. Харрисон","enName":"Robert F. Harrison","profession":"актеры","enProfession":"actor"},{"id":51794,"photo":"https://st.kp.yandex.net/images/actor_iphone/iphone360_51794.jpg","name":"Карли Старр Брулло Нилс","enName":"Carly Starr Brullo Niles","profession":"актеры","enProfession":"actor"},{"id":51795,"photo":"https://st.kp.yandex.net/images/actor_iphone/iphone360_51795.jpg","name":"Джейн Прэтт","enName":"Jane Pratt","profession":"актеры","enProfession":"actor"},{"id":51796,"photo":"https://st.kp.yandex.net/images/actor_iphone/iphone360_51796.jpg","name":"Патрик МакКаллен","enName":"Patrick McMullen","profession":"актеры","enProfession":"actor"},{"id":51797,"photo":"https://st.kp.yandex.net/images/actor_iphone/iphone360_51797.jpg","name":"Стивен Колвин","enName":"Steven Colvin","profession":"актеры","enProfession":"actor"},{"id":51798,"photo":"https://st.kp.yandex.net/images/actor_iphone/iphone360_51798.jpg","name":"Синди Кроу","enName":"Cindy Crowe","profession":"актеры","enProfession":"actor"},{"id":51799,"photo":"https://st.kp.yandex.net/images/actor_iphone/iphone360_51799.jpg","name":"Великий Джон Сиполт","enName":"The Great John Sypolt","profession":"актеры","enProfession":"actor"},{"id":51800,"photo":"https://st.kp.yandex.net/images/actor_iphone/iphone360_51800.jpg","name":"Майкл Кехо","enName":"Michael Kehoe","profession":"актеры","enProfession":"actor"},{"id":51801,"photo":"https://st.kp.yandex.net/images/actor_iphone/iphone360_51801.jpg","name":"Даниэль Вульф","enName":"Danielle Wolf","profession":"актеры","enProfession":"actor"},{"id":25801,"photo":"https://st.kp.yandex.net/images/actor_iphone/iphone360_25801.jpg","name":"Скотч Эллис Лоринг","enName":"Scotch Ellis Loring","profession":"актеры","enProfession":"actor"},{"id":37369,"photo":"https://st.kp.yandex.net/images/actor_iphone/iphone360_37369.jpg","name":"Брент Секстон","enName":"Brent Sexton","profession":"актеры","enProfession":"actor"},{"id":51802,"photo":"https://st.kp.yandex.net/images/actor_iphone/iphone360_51802.jpg","name":"Курт Скэггз","enName":"Curt Skaggs","profession":"актеры","enProfession":"actor"},{"id":32709,"photo":"https://st.kp.yandex.net/images/actor_iphone/iphone360_32709.jpg","name":"Дженнифер Хименес","enName":"Jennifer Gimenez","profession":"актеры","enProfession":"actor"},{"id":51803,"photo":"https://st.kp.yandex.net/images/actor_iphone/iphone360_51803.jpg","name":"Лори Лесама","enName":"Lori Lezama","profession":"актеры","enProfession":"actor"},{"id":51804,"photo":"https://st.kp.yandex.net/images/actor_iphone/iphone360_51804.jpg","name":"Тодд Харрисон","enName":"Todd Harrison","profession":"актеры","enProfession":"actor"},{"id":611838,"photo":"https://st.kp.yandex.net/images/actor_iphone/iphone360_611838.jpg","name":"Блоссом","enName":"Blossom","profession":"актеры","enProfession":"actor"},{"id":14994,"photo":"https://st.kp.yandex.net/images/actor_iphone/iphone360_14994.jpg","name":"Лора Фрейзер","enName":"Laura Fraser","profession":"актеры","enProfession":"actor"},{"id":1959932,"photo":"https://st.kp.yandex.net/images/actor_iphone/iphone360_1959932.jpg","name":"Дженнифер Аспен","enName":"Jennifer Aspen","profession":"актеры","enProfession":"actor"},{"id":36591,"photo":"https://st.kp.yandex.net/images/actor_iphone/iphone360_36591.jpg","name":"Селина Белизан","enName":"Celina Belizan","profession":"актеры","enProfession":"actor"},{"id":1892005,"photo":"https://st.kp.yandex.net/images/actor_iphone/iphone360_1892005.jpg","name":"Крэйг Кэллоу","enName":"Craig Callow","profession":"актеры","enProfession":"actor"},{"id":31113,"photo":"https://st.kp.yandex.net/images/actor_iphone/iphone360_31113.jpg","name":"Кристи Кампанья","enName":"Christie Campagna","profession":"актеры","enProfession":"actor"},{"id":73558,"photo":"https://st.kp.yandex.net/images/actor_iphone/iphone360_73558.jpg","name":"Джин Кэрол","enName":"Jean Carol","profession":"актеры","enProfession":"actor"},{"id":10564,"photo":"https://st.kp.yandex.net/images/actor_iphone/iphone360_10564.jpg","name":"Тони Коллуччи","enName":"Tony Collucci","profession":"актеры","enProfession":"actor"},{"id":1695248,"photo":"https://st.kp.yandex.net/images/actor_iphone/iphone360_1695248.jpg","name":"Джимми Федерико","enName":"Jimmy Federico","profession":"актеры","enProfession":"actor"},{"id":3641030,"photo":"https://st.kp.yandex.net/images/actor_iphone/iphone360_3641030.jpg","name":null,"enName":"Shane Fenton","profession":"актеры","enProfession":"actor"},{"id":237776,"photo":"https://st.kp.yandex.net/images/actor_iphone/iphone360_237776.jpg","name":"Джанин Фостер","enName":"Janine Foster","profession":"актеры","enProfession":"actor"},{"id":5269923,"photo":"https://st.kp.yandex.net/images/actor_iphone/iphone360_5269923.jpg","name":null,"enName":"Aracelli Frias","profession":"актеры","enProfession":"actor"},{"id":51806,"photo":"https://st.kp.yandex.net/images/actor_iphone/iphone360_51806.jpg","name":"Зэк Хадсон","enName":"Zach Hudson","profession":"актеры","enProfession":"actor"},{"id":3449590,"photo":"https://st.kp.yandex.net/images/actor_iphone/iphone360_3449590.jpg","name":"Марко Янкович","enName":"Marko Jankovic","profession":"актеры","enProfession":"actor"},{"id":11429,"photo":"https://st.kp.yandex.net/images/actor_iphone/iphone360_11429.jpg","name":"Райан Китинг","enName":"Ryan Keating","profession":"актеры","enProfession":"actor"},{"id":51807,"photo":"https://st.kp.yandex.net/images/actor_iphone/iphone360_51807.jpg","name":"Захари Ли","enName":"Zachary Lee","profession":"актеры","enProfession":"actor"},{"id":47553,"photo":"https://st.kp.yandex.net/images/actor_iphone/iphone360_47553.jpg","name":"Роджер Лим","enName":"Roger Lim","profession":"актеры","enProfession":"actor"},{"id":674207,"photo":"https://st.kp.yandex.net/images/actor_iphone/iphone360_674207.jpg","name":"Тара Липински","enName":"Tara Lipinski","profession":"актеры","enProfession":"actor"},{"id":5651792,"photo":"https://st.kp.yandex.net/images/actor_iphone/iphone360_5651792.jpg","name":null,"enName":"Lucio Luciano","profession":"актеры","enProfession":"actor"},{"id":7297,"photo":"https://st.kp.yandex.net/images/actor_iphone/iphone360_7297.jpg","name":"Уильям Мапотер","enName":"William Mapother","profession":"актеры","enProfession":"actor"},{"id":390568,"photo":"https://st.kp.yandex.net/images/actor_iphone/iphone360_390568.jpg","name":"Кристин Мейерс","enName":"Christy Meyers","profession":"актеры","enProfession":"actor"},{"id":4321465,"photo":"https://st.kp.yandex.net/images/actor_iphone/iphone360_4321465.jpg","name":"Арнольд Монти","enName":"Arnold Montey","profession":"актеры","enProfession":"actor"},{"id":37891,"photo":"https://st.kp.yandex.net/images/actor_iphone/iphone360_37891.jpg","name":"Жан Манро","enName":"Jan Munroe","profession":"актеры","enProfession":"actor"},{"id":1153827,"photo":"https://st.kp.yandex.net/images/actor_iphone/iphone360_1153827.jpg","name":"Мари Пакуим","enName":"Marie Paquim","profession":"актеры","enProfession":"actor"},{"id":76833,"photo":"https://st.kp.yandex.net/images/actor_iphone/iphone360_76833.jpg","name":"Рональд Рэнд","enName":"Ronald Rand","profession":"актеры","enProfession":"actor"},{"id":1217859,"photo":"https://st.kp.yandex.net/images/actor_iphone/iphone360_1217859.jpg","name":"Луис Э. Росас","enName":"Louis E. Rosas","profession":"актеры","enProfession":"actor"},{"id":22260,"photo":"https://st.kp.yandex.net/images/actor_iphone/iphone360_22260.jpg","name":"Стивен Спилберг","enName":"Steven Spielberg","profession":"актеры","enProfession":"actor"},{"id":39575,"photo":"https://st.kp.yandex.net/images/actor_iphone/iphone360_39575.jpg","name":"Андрей Стерлинг","enName":"Andrei Sterling","profession":"актеры","enProfession":"actor"},{"id":481540,"photo":"https://st.kp.yandex.net/images/actor_iphone/iphone360_481540.jpg","name":"Таша Тай","enName":"Tasha Tae","profession":"актеры","enProfession":"actor"},{"id":260809,"photo":"https://st.kp.yandex.net/images/actor_iphone/iphone360_260809.jpg","name":"Брайан Тодд","enName":"Bryan Todd","profession":"актеры","enProfession":"actor"},{"id":569884,"photo":"https://st.kp.yandex.net/images/actor_iphone/iphone360_569884.jpg","name":"Кристи Уилл","enName":"Christie Will Wolf","profession":"актеры","enProfession":"actor"},{"id":157915,"photo":"https://st.kp.yandex.net/images/actor_iphone/iphone360_157915.jpg","name":"Нэнси Уилсон","enName":"Nancy Wilson","profession":"композиторы","enProfession":"composer"},{"id":30189,"photo":"https://st.kp.yandex.net/images/actor_iphone/iphone360_30189.jpg","name":"Кэтрин Хардвик","enName":"Catherine Hardwicke","profession":"художники","enProfession":"designer"},{"id":1999483,"photo":"https://st.kp.yandex.net/images/actor_iphone/iphone360_1999483.jpg","name":"Джон Чичестер","enName":"John Chichester","profession":"художники","enProfession":"designer"},{"id":2000811,"photo":"https://st.kp.yandex.net/images/actor_iphone/iphone360_2000811.jpg","name":"Бит Фрутигер","enName":"Beat Frutiger","profession":"художники","enProfession":"designer"},{"id":135713,"photo":"https://st.kp.yandex.net/images/actor_iphone/iphone360_135713.jpg","name":"Майкл Риццо","enName":"Michael Rizzo","profession":"художники","enProfession":"designer"},{"id":1988919,"photo":"https://st.kp.yandex.net/images/actor_iphone/iphone360_1988919.jpg","name":"Джеймс Ф. Трусдейл","enName":"James F. Truesdale","profession":"художники","enProfession":"designer"},{"id":2010793,"photo":"https://st.kp.yandex.net/images/actor_iphone/iphone360_2010793.jpg","name":"Алек Бёрнэм","enName":"Alec Burnham","profession":"художники","enProfession":"designer"},{"id":1985480,"photo":"https://st.kp.yandex.net/images/actor_iphone/iphone360_1985480.jpg","name":"Бетси Хайман","enName":"Betsy Heimann","profession":"художники","enProfession":"designer"},{"id":1998700,"photo":"https://st.kp.yandex.net/images/actor_iphone/iphone360_1998700.jpg","name":"Клаудиа Ребар","enName":"Cloudia Rebar","profession":"художники","enProfession":"designer"},{"id":7221,"photo":"https://st.kp.yandex.net/images/actor_iphone/iphone360_7221.jpg","name":"Кэмерон Кроу","enName":"Cameron Crowe","profession":"режиссеры","enProfession":"director"},{"id":1085434,"photo":"https://st.kp.yandex.net/images/actor_iphone/iphone360_1085434.jpg","name":"Джо Хатшинг","enName":"Joe Hutshing","profession":"монтажеры","enProfession":"editor"},{"id":2009016,"photo":"https://st.kp.yandex.net/images/actor_iphone/iphone360_2009016.jpg","name":"Марк Ливолси","enName":"Mark Livolsi","profession":"монтажеры","enProfession":"editor"},{"id":608759,"photo":"https://st.kp.yandex.net/images/actor_iphone/iphone360_608759.jpg","name":"Джон Толл","enName":"John Toll","profession":"операторы","enProfession":"operator"},{"id":20302,"photo":"https://st.kp.yandex.net/images/actor_iphone/iphone360_20302.jpg","name":"Том Круз","enName":"Tom Cruise","profession":"продюсеры","enProfession":"producer"},{"id":30774,"photo":"https://st.kp.yandex.net/images/actor_iphone/iphone360_30774.jpg","name":"Пола Вагнер","enName":"Paula Wagner","profession":"продюсеры","enProfession":"producer"},{"id":7221,"photo":"https://st.kp.yandex.net/images/actor_iphone/iphone360_7221.jpg","name":"Кэмерон Кроу","enName":"Cameron Crowe","profession":"продюсеры","enProfession":"producer"},{"id":51810,"photo":"https://st.kp.yandex.net/images/actor_iphone/iphone360_51810.jpg","name":"Билл Блок","enName":"Bill Block","profession":"продюсеры","enProfession":"producer"},{"id":128002,"photo":"https://st.kp.yandex.net/images/actor_iphone/iphone360_128002.jpg","name":"Сергей Быстрицкий","enName":null,"profession":"актеры дубляжа","enProfession":"voice_actor"},{"id":464137,"photo":"https://st.kp.yandex.net/images/actor_iphone/iphone360_464137.jpg","name":"Мария Овчинникова","enName":null,"profession":"актеры дубляжа","enProfession":"voice_actor"},{"id":1055690,"photo":"https://st.kp.yandex.net/images/actor_iphone/iphone360_1055690.jpg","name":"Марианна Шульц","enName":null,"profession":"актеры дубляжа","enProfession":"voice_actor"},{"id":1078947,"photo":"https://st.kp.yandex.net/images/actor_iphone/iphone360_1078947.jpg","name":"Александр Клюквин","enName":null,"profession":"актеры дубляжа","enProfession":"voice_actor"},{"id":2354102,"photo":"https://st.kp.yandex.net/images/actor_iphone/iphone360_2354102.jpg","name":"Алексей Демидов","enName":null,"profession":"актеры дубляжа","enProfession":"voice_actor"},{"id":287613,"photo":"https://st.kp.yandex.net/images/actor_iphone/iphone360_287613.jpg","name":"Сергей Чекан","enName":null,"profession":"актеры дубляжа","enProfession":"voice_actor"},{"id":320243,"photo":"https://st.kp.yandex.net/images/actor_iphone/iphone360_320243.jpg","name":"Виктор Петров","enName":null,"profession":"актеры дубляжа","enProfession":"voice_actor"},{"id":2233333,"photo":"https://st.kp.yandex.net/images/actor_iphone/iphone360_2233333.jpg","name":"Галина Исхакова","enName":null,"profession":"актеры дубляжа","enProfession":"voice_actor"},{"id":310535,"photo":"https://st.kp.yandex.net/images/actor_iphone/iphone360_310535.jpg","name":"Олег Куценко","enName":null,"profession":"актеры дубляжа","enProfession":"voice_actor"},{"id":1616407,"photo":"https://st.kp.yandex.net/images/actor_iphone/iphone360_1616407.jpg","name":"Всеволод Кузнецов","enName":null,"profession":"актеры дубляжа","enProfession":"voice_actor"},{"id":1419143,"photo":"https://st.kp.yandex.net/images/actor_iphone/iphone360_1419143.jpg","name":"Дмитрий Филимонов","enName":null,"profession":"актеры дубляжа","enProfession":"voice_actor"},{"id":1053232,"photo":"https://st.kp.yandex.net/images/actor_iphone/iphone360_1053232.jpg","name":"Алексей Мясников","enName":null,"profession":"актеры дубляжа","enProfession":"voice_actor"},{"id":1459799,"photo":"https://st.kp.yandex.net/images/actor_iphone/iphone360_1459799.jpg","name":"Станислав Стрелков","enName":null,"profession":"актеры дубляжа","enProfession":"voice_actor"},{"id":51105,"photo":"https://st.kp.yandex.net/images/actor_iphone/iphone360_51105.jpg","name":"Алехандро Аменабар","enName":"Alejandro Amenábar","profession":"редакторы","enProfession":"writer"},{"id":51115,"photo":"https://st.kp.yandex.net/images/actor_iphone/iphone360_51115.jpg","name":"Матео Хиль","enName":"Mateo Gil","profession":"редакторы","enProfession":"writer"},{"id":7221,"photo":"https://st.kp.yandex.net/images/actor_iphone/iphone360_7221.jpg","name":"Кэмерон Кроу","enName":"Cameron Crowe","profession":"редакторы","enProfession":"writer"}],"productionCompanies":[{"name":"Paramount","url":"https://www.themoviedb.org/t/p/original/fycMZt242LVjagMByZOLUGbCvv3.png","previewUrl":"https://www.themoviedb.org/t/p/w500/fycMZt242LVjagMByZOLUGbCvv3.png"},{"name":"Cruise-Wagner Productions","url":null,"previewUrl":null},{"name":"Vinyl Films","url":"https://www.themoviedb.org/t/p/original/tVOP0mIeoYLua4Rw66OYNzitrrI.png","previewUrl":"https://www.themoviedb.org/t/p/w500/tVOP0mIeoYLua4Rw66OYNzitrrI.png"}],"typeNumber":1,"alternativeName":"Vanilla Sky","backdrop":{"url":"https://avatars.mds.yandex.net/get-ott/239697/2a0000017e7c5f63e627f60be7c99e6a0116/orig","previewUrl":"https://avatars.mds.yandex.net/get-ott/239697/2a0000017e7c5f63e627f60be7c99e6a0116/x1000"},"enName":null,"movieLength":130,"names":[{"name":"Ванильное небо"},{"name":"Vanilla Sky"},{"name":"香子兰天空 / 魂离情外天 / 香草天空","language":"CN","type":null},{"name":"Vanilia égbolt","language":"HU","type":null},{"name":"Vanilnoe Nebo","language":"RU","type":null},{"name":"바닐라 스카이","language":"KR","type":null}],"status":null,"ageRating":16,"ratingMpaa":"r","shortDescription":"После автокатастрофы Дэвида терзают странные видения. Драматичный триллер с одной из лучших ролей Тома Круза","imagesInfo":{"framesCount":61},"similarMovies":[{"id":447301,"name":"Начало","enName":null,"alternativeName":"Inception","type":"movie","poster":{"url":"https://avatars.mds.yandex.net/get-kinopoisk-image/1629390/8ab9a119-dd74-44f0-baec-0629797483d7/orig","previewUrl":"https://avatars.mds.yandex.net/get-kinopoisk-image/1629390/8ab9a119-dd74-44f0-baec-0629797483d7/x1000"}},{"id":232785,"name":"Господин Никто","enName":null,"alternativeName":"Mr. Nobody","type":"movie","poster":{"url":"https://avatars.mds.yandex.net/get-kinopoisk-image/1898899/fd7f36c3-ff38-47c7-87c1-790291a2dded/orig","previewUrl":"https://avatars.mds.yandex.net/get-kinopoisk-image/1898899/fd7f36c3-ff38-47c7-87c1-790291a2dded/x1000"}},{"id":5492,"name":"Вечное сияние чистого разума","enName":null,"alternativeName":"Eternal Sunshine of the Spotless Mind","type":"movie","poster":{"url":"https://avatars.mds.yandex.net/get-kinopoisk-image/4303601/6cd71c8d-c906-4430-83a2-60f31c345954/orig","previewUrl":"https://avatars.mds.yandex.net/get-kinopoisk-image/4303601/6cd71c8d-c906-4430-83a2-60f31c345954/x1000"}},{"id":4541,"name":"Шоу Трумана","enName":null,"alternativeName":"The Truman Show","type":"movie","poster":{"url":"https://avatars.mds.yandex.net/get-kinopoisk-image/4483445/ceb4574e-4b3b-43bf-a217-770d95c8afea/orig","previewUrl":"https://avatars.mds.yandex.net/get-kinopoisk-image/4483445/ceb4574e-4b3b-43bf-a217-770d95c8afea/x1000"}},{"id":5167,"name":"Эффект бабочки","enName":null,"alternativeName":"The Butterfly Effect","type":"movie","poster":{"url":"https://avatars.mds.yandex.net/get-kinopoisk-image/1629390/9cc3a3d5-d6fe-4f41-a22f-05cdff66e968/orig","previewUrl":"https://avatars.mds.yandex.net/get-kinopoisk-image/1629390/9cc3a3d5-d6fe-4f41-a22f-05cdff66e968/x1000"}},{"id":8362,"name":"Открой глаза","enName":null,"alternativeName":"Abre los ojos","type":"movie","poster":{"url":"https://avatars.mds.yandex.net/get-kinopoisk-image/1898899/34322d16-00f1-4c9d-9773-c823a9af0392/orig","previewUrl":"https://avatars.mds.yandex.net/get-kinopoisk-image/1898899/34322d16-00f1-4c9d-9773-c823a9af0392/x1000"}},{"id":61293,"name":"Останься","enName":null,"alternativeName":"Stay","type":"movie","poster":{"url":"https://avatars.mds.yandex.net/get-kinopoisk-image/1900788/6eb84182-7390-4ab1-ab44-c1d45da99fb7/orig","previewUrl":"https://avatars.mds.yandex.net/get-kinopoisk-image/1900788/6eb84182-7390-4ab1-ab44-c1d45da99fb7/x1000"}},{"id":23737,"name":"Одержимость","enName":null,"alternativeName":"Wicker Park","type":"movie","poster":{"url":"https://avatars.mds.yandex.net/get-kinopoisk-image/1898899/73149429-681e-4b7b-8fc1-dd4cf8b3292e/orig","previewUrl":"https://avatars.mds.yandex.net/get-kinopoisk-image/1898899/73149429-681e-4b7b-8fc1-dd4cf8b3292e/x1000"}},{"id":397667,"name":"Остров проклятых","enName":null,"alternativeName":"Shutter Island","type":"movie","poster":{"url":"https://avatars.mds.yandex.net/get-kinopoisk-image/4303601/617303b7-cfa7-4273-bd1d-63974bf68927/orig","previewUrl":"https://avatars.mds.yandex.net/get-kinopoisk-image/4303601/617303b7-cfa7-4273-bd1d-63974bf68927/x1000"}},{"id":586399,"name":"Транс","enName":null,"alternativeName":"Trance","type":"movie","poster":{"url":"https://avatars.mds.yandex.net/get-kinopoisk-image/1777765/a9ee64e7-dc0b-42bb-9403-493d67b8911c/orig","previewUrl":"https://avatars.mds.yandex.net/get-kinopoisk-image/1777765/a9ee64e7-dc0b-42bb-9403-493d67b8911c/x1000"}}],"sequelsAndPrequels":[{"id":8362,"name":"Открой глаза","enName":"Abre los ojos","alternativeName":"Abre los ojos","type":"remake","poster":{"url":"https://st.kp.yandex.net/images/film_big/8362.jpg","previewUrl":"https://st.kp.yandex.net/images/film_iphone/iphone360_8362.jpg"}}],"logo":{"url":"https://avatars.mds.yandex.net/get-ott/1534341/2a0000017e7c5fa07029379329a32b13abe3/orig"},"watchability":{"items":[{"name":"Иви","logo":{"url":"https://avatars.mds.yandex.net/get-ott/2419418/0dfd1724-848f-4725-9160-abc571f41c11/orig"},"url":"https://www.ivi.ru/watch/99159?utm_source=yandex&utm_medium=wizard"}]},"top10":null,"top250":null}