{"fees":{"world":{"value":270745,"currency":"$"},"usa":{"value":270745,"currency":"$"}},"status":null,"externalId":{"kpHD":null,"imdb":"tt0127349","tmdb":37722},"rating":{"kp":6.529,"imdb":6.5,"filmCritics":5.8,"russianFilmCritics":0,"await":0},"votes":{"kp":1013,"imdb":7359,"filmCritics":56,"russianFilmCritics":0,"await":0},"backdrop":{"url":null,"previewUrl":null},"movieLength":105,"productionCompanies":[{"name":"PolyGram Filmed Entertainment","url":"https://www.themoviedb.org/t/p/original/sOg7LGESPH5vCTOIdbMhLuypoLL.png","previewUrl":"https://www.themoviedb.org/t/p/w500/sOg7LGESPH5vCTOIdbMhLuypoLL.png"},{"name":"Egg Pictures","url":null,"previewUrl":null},{"name":"Gramercy Pictures","url":"https://www.themoviedb.org/t/p/original/nlG4JEjJ7SAFDehgIVvHFBPW23y.png","previewUrl":"https://www.themoviedb.org/t/p/w500/nlG4JEjJ7SAFDehgIVvHFBPW23y.png"}],"id":874,"type":"movie","name":"Пробуждая мертвецов","description":"Молодой офицер береговой охраны Филдинг Пирс встречает девушку своей мечты. Это настоящая любовь, которая не должна закончиться никогда. Но однажды Сара трагически погибает. Спустя несколько лет успешная карьера дала Филдингу почти все, чего он желал, кроме утраченной любви. Он живет в Чикаго с другой женщиной, только временами ему кажется, что Сара жива.","premiere":{"country":"США","world":"2000-01-22T00:00:00.000Z"},"slogan":"Sometimes love has a life of its own","year":2000,"budget":{"value":8500000,"currency":"$"},"poster":{"url":"https://st.kp.yandex.net/images/film_big/874.jpg","previewUrl":"https://st.kp.yandex.net/images/film_iphone/iphone360_874.jpg"},"facts":[],"genres":[{"name":"триллер"},{"name":"драма"},{"name":"мелодрама"},{"name":"детектив"}],"countries":[{"name":"США"},{"name":"Канада"}],"videos":{"trailers":[{"url":"https://www.youtube.com/watch?v=BiS5wrCEciU","name":"Трейлер","site":"youtube"},{"url":"https://www.youtube.com/embed/w82ymNsitw8","name":"Waking the Dead (2000) Trailer","site":"youtube","type":"TRAILER"}],"teasers":[]},"seasonsInfo":[],"persons":[{"id":2668,"photo":"https://st.kp.yandex.net/images/actor_iphone/iphone360_2668.jpg","name":"Билли Крудап","enName":"Billy Crudup","profession":"актеры","enProfession":"actor"},{"id":6966,"photo":"https://st.kp.yandex.net/images/actor_iphone/iphone360_6966.jpg","name":"Дженнифер Коннелли","enName":"Jennifer Connelly","profession":"актеры","enProfession":"actor"},{"id":8150,"photo":"https://st.kp.yandex.net/images/actor_iphone/iphone360_8150.jpg","name":"Хэл Холбрук","enName":"Hal Holbrook","profession":"актеры","enProfession":"actor"},{"id":4514,"photo":"https://st.kp.yandex.net/images/actor_iphone/iphone360_4514.jpg","name":"Молли Паркер","enName":"Molly Parker","profession":"актеры","enProfession":"actor"},{"id":17467,"photo":"https://st.kp.yandex.net/images/actor_iphone/iphone360_17467.jpg","name":"Джанет Мактир","enName":"Janet McTeer","profession":"актеры","enProfession":"actor"},{"id":57325,"photo":"https://st.kp.yandex.net/images/actor_iphone/iphone360_57325.jpg","name":"Пол Хипп","enName":"Paul Hipp","profession":"актеры","enProfession":"actor"},{"id":28677,"photo":"https://st.kp.yandex.net/images/actor_iphone/iphone360_28677.jpg","name":"Сандра О","enName":"Sandra Oh","profession":"актеры","enProfession":"actor"},{"id":20908,"photo":"https://st.kp.yandex.net/images/actor_iphone/iphone360_20908.jpg","name":"Джон Кэрролл Линч","enName":"John Carroll Lynch","profession":"актеры","enProfession":"actor"},{"id":7043,"photo":"https://st.kp.yandex.net/images/actor_iphone/iphone360_7043.jpg","name":"Стенли Андерсон","enName":"Stanley Anderson","profession":"актеры","enProfession":"actor"},{"id":910480,"photo":"https://st.kp.yandex.net/images/actor_iphone/iphone360_910480.jpg","name":"Билл Хаугланд","enName":"Bill Haugland","profession":"актеры","enProfession":"actor"},{"id":22534,"photo":"https://st.kp.yandex.net/images/actor_iphone/iphone360_22534.jpg","name":"Нельсон Ландрэ","enName":"Nelson Landrieu","profession":"актеры","enProfession":"actor"},{"id":23995,"photo":"https://st.kp.yandex.net/images/actor_iphone/iphone360_23995.jpg","name":"Ивонн Колл","enName":"Ivonne Coll","profession":"актеры","enProfession":"actor"},{"id":57329,"photo":"https://st.kp.yandex.net/images/actor_iphone/iphone360_57329.jpg","name":"Максин Гесс","enName":"Maxine Guess","profession":"актеры","enProfession":"actor"},{"id":55519,"photo":"https://st.kp.yandex.net/images/actor_iphone/iphone360_55519.jpg","name":"Лоуренс Дэйн","enName":"Lawrence Dane","profession":"актеры","enProfession":"actor"},{"id":7888,"photo":"https://st.kp.yandex.net/images/actor_iphone/iphone360_7888.jpg","name":"Эд Харрис","enName":"Ed Harris","profession":"актеры","enProfession":"actor"},{"id":57330,"photo":"https://st.kp.yandex.net/images/actor_iphone/iphone360_57330.jpg","name":"Роберт Хардинг","enName":"Robert Harding","profession":"актеры","enProfession":"actor"},{"id":57326,"photo":"https://st.kp.yandex.net/images/actor_iphone/iphone360_57326.jpg","name":"Ларри Маршалл","enName":"Larry Marshall","profession":"актеры","enProfession":"actor"},{"id":16791,"photo":"https://st.kp.yandex.net/images/actor_iphone/iphone360_16791.jpg","name":"Дон Джордан","enName":"Don Jordan","profession":"актеры","enProfession":"actor"},{"id":57331,"photo":"https://st.kp.yandex.net/images/actor_iphone/iphone360_57331.jpg","name":"Кэролайн Саборин","enName":"Caroline Sabourin","profession":"актеры","enProfession":"actor"},{"id":56935,"photo":"https://st.kp.yandex.net/images/actor_iphone/iphone360_56935.jpg","name":"Патриция Гейдж","enName":"Patricia Gage","profession":"актеры","enProfession":"actor"},{"id":57327,"photo":"https://st.kp.yandex.net/images/actor_iphone/iphone360_57327.jpg","name":"Брюс Динсмор","enName":"Bruce Dinsmore","profession":"актеры","enProfession":"actor"},{"id":1129,"photo":"https://st.kp.yandex.net/images/actor_iphone/iphone360_1129.jpg","name":"Мими Кузык","enName":"Mimi Kuzyk","profession":"актеры","enProfession":"actor"},{"id":16746,"photo":"https://st.kp.yandex.net/images/actor_iphone/iphone360_16746.jpg","name":"Тони Калабретта","enName":"Tony Calabretta","profession":"актеры","enProfession":"actor"},{"id":57328,"photo":"https://st.kp.yandex.net/images/actor_iphone/iphone360_57328.jpg","name":"Уолтер Мэсси","enName":"Walter Massey","profession":"актеры","enProfession":"actor"},{"id":57332,"photo":"https://st.kp.yandex.net/images/actor_iphone/iphone360_57332.jpg","name":"Норрис Доминге","enName":"Norris Domingue","profession":"актеры","enProfession":"actor"},{"id":57333,"photo":"https://st.kp.yandex.net/images/actor_iphone/iphone360_57333.jpg","name":"Дин Акопян","enName":"Dean Hagopian","profession":"актеры","enProfession":"actor"},{"id":27286,"photo":"https://st.kp.yandex.net/images/actor_iphone/iphone360_27286.jpg","name":"Бернард Беренс","enName":"Bernard Behrens","profession":"актеры","enProfession":"actor"},{"id":25313,"photo":"https://st.kp.yandex.net/images/actor_iphone/iphone360_25313.jpg","name":"Филип Уильямс","enName":"Philip Williams","profession":"актеры","enProfession":"actor"},{"id":2355,"photo":"https://st.kp.yandex.net/images/actor_iphone/iphone360_2355.jpg","name":"Шэрон Вашингтон","enName":"Sharon Washington","profession":"актеры","enProfession":"actor"},{"id":57334,"photo":"https://st.kp.yandex.net/images/actor_iphone/iphone360_57334.jpg","name":"Рэни Ли","enName":"Ranee Lee","profession":"актеры","enProfession":"actor"},{"id":57335,"photo":"https://st.kp.yandex.net/images/actor_iphone/iphone360_57335.jpg","name":"Зои Сакелларопуло","enName":"Zoë Sakellaropoulo","profession":"актеры","enProfession":"actor"},{"id":57323,"photo":"https://st.kp.yandex.net/images/actor_iphone/iphone360_57323.jpg","name":"Скотт Спенсер","enName":"Scott Spencer","profession":"актеры","enProfession":"actor"},{"id":1135,"photo":"https://st.kp.yandex.net/images/actor_iphone/iphone360_1135.jpg","name":"Алан Фоусет","enName":"Alan Fawcett","profession":"актеры","enProfession":"actor"},{"id":57336,"photo":"https://st.kp.yandex.net/images/actor_iphone/iphone360_57336.jpg","name":"Леа Пинсент","enName":"Leah Pinsent","profession":"актеры","enProfession":"actor"},{"id":57337,"photo":"https://st.kp.yandex.net/images/actor_iphone/iphone360_57337.jpg","name":"Карина Ираола","enName":"Karina Iraola","profession":"актеры","enProfession":"actor"},{"id":57338,"photo":"https://st.kp.yandex.net/images/actor_iphone/iphone360_57338.jpg","name":"Марко Ледезма","enName":"Marco Ledezma","profession":"актеры","enProfession":"actor"},{"id":843,"photo":"https://st.kp.yandex.net/images/actor_iphone/iphone360_843.jpg","name":"Уолт Макферсон","enName":"Walt MacPherson","profession":"актеры","enProfession":"actor"},{"id":57339,"photo":"https://st.kp.yandex.net/images/actor_iphone/iphone360_57339.jpg","name":"Джон Уолш","enName":"John Walsh","profession":"актеры","enProfession":"actor"},{"id":11882,"photo":"https://st.kp.yandex.net/images/actor_iphone/iphone360_11882.jpg","name":"Власта Врана","enName":"Vlasta Vrana","profession":"актеры","enProfession":"actor"},{"id":57340,"photo":"https://st.kp.yandex.net/images/actor_iphone/iphone360_57340.jpg","name":"Рафаэль Петарди","enName":"Rafael Petardi","profession":"актеры","enProfession":"actor"},{"id":57341,"photo":"https://st.kp.yandex.net/images/actor_iphone/iphone360_57341.jpg","name":"Леонардо Фика","enName":"Leonardo Fuica","profession":"актеры","enProfession":"actor"},{"id":57342,"photo":"https://st.kp.yandex.net/images/actor_iphone/iphone360_57342.jpg","name":null,"enName":"Qariy Hendrickson","profession":"актеры","enProfession":"actor"},{"id":49735,"photo":"https://st.kp.yandex.net/images/actor_iphone/iphone360_49735.jpg","name":"Сандра Колдуэлл","enName":"Sandra Caldwell","profession":"актеры","enProfession":"actor"},{"id":17691,"photo":"https://st.kp.yandex.net/images/actor_iphone/iphone360_17691.jpg","name":"Джастин Брэдли","enName":"Justin Bradley","profession":"актеры","enProfession":"actor"},{"id":31300,"photo":"https://st.kp.yandex.net/images/actor_iphone/iphone360_31300.jpg","name":"Ричард Хикс","enName":"Richard Hicks","profession":"актеры","enProfession":"actor"},{"id":57343,"photo":"https://st.kp.yandex.net/images/actor_iphone/iphone360_57343.jpg","name":"Эд Кэмбридж","enName":"Ed Cambridge","profession":"актеры","enProfession":"actor"},{"id":1828925,"photo":"https://st.kp.yandex.net/images/actor_iphone/iphone360_1828925.jpg","name":"Скотт Шилдс","enName":"Scott Shields","profession":"композиторы","enProfession":"composer"},{"id":611260,"photo":"https://st.kp.yandex.net/images/actor_iphone/iphone360_611260.jpg","name":"Томэндэнди","enName":"tomandandy","profession":"композиторы","enProfession":"composer"},{"id":57335,"photo":"https://st.kp.yandex.net/images/actor_iphone/iphone360_57335.jpg","name":"Зои Сакелларопуло","enName":"Zoë Sakellaropoulo","profession":"художники","enProfession":"designer"},{"id":1986891,"photo":"https://st.kp.yandex.net/images/actor_iphone/iphone360_1986891.jpg","name":"Рени Эйприл","enName":"Renée April","profession":"художники","enProfession":"designer"},{"id":2000154,"photo":"https://st.kp.yandex.net/images/actor_iphone/iphone360_2000154.jpg","name":"Энн Галея","enName":"Anne Galéa","profession":"художники","enProfession":"designer"},{"id":2024159,"photo":"https://st.kp.yandex.net/images/actor_iphone/iphone360_2024159.jpg","name":"Саймон Ла Хэй","enName":"Simon La Haye","profession":"художники","enProfession":"designer"},{"id":1999467,"photo":"https://st.kp.yandex.net/images/actor_iphone/iphone360_1999467.jpg","name":"Джоэлль Туренне","enName":"Joëlle Turenne","profession":"художники","enProfession":"designer"},{"id":30746,"photo":"https://st.kp.yandex.net/images/actor_iphone/iphone360_30746.jpg","name":"Кит Гордон","enName":"Keith Gordon","profession":"режиссеры","enProfession":"director"},{"id":2003511,"photo":"https://st.kp.yandex.net/images/actor_iphone/iphone360_2003511.jpg","name":"Джефф Вишенград","enName":"Jeff Wishengrad","profession":"монтажеры","enProfession":"editor"},{"id":610790,"photo":"https://st.kp.yandex.net/images/actor_iphone/iphone360_610790.jpg","name":"Том Ричмонд","enName":"Tom Richmond","profession":"операторы","enProfession":"operator"},{"id":30746,"photo":"https://st.kp.yandex.net/images/actor_iphone/iphone360_30746.jpg","name":"Кит Гордон","enName":"Keith Gordon","profession":"продюсеры","enProfession":"producer"},{"id":57344,"photo":"https://st.kp.yandex.net/images/actor_iphone/iphone360_57344.jpg","name":"Стюарт Клейнман","enName":"Stuart Kleinman","profession":"продюсеры","enProfession":"producer"},{"id":21193,"photo":"https://st.kp.yandex.net/images/actor_iphone/iphone360_21193.jpg","name":"Линда Рейсман","enName":"Linda Reisman","profession":"продюсеры","enProfession":"producer"},{"id":26070,"photo":"https://st.kp.yandex.net/images/actor_iphone/iphone360_26070.jpg","name":"Джоди Фостер","enName":"Jodie Foster","profession":"продюсеры","enProfession":"producer"},{"id":195052,"photo":"https://st.kp.yandex.net/images/actor_iphone/iphone360_195052.jpg","name":"Роберт Диллон","enName":"Robert Dillon","profession":"редакторы","enProfession":"writer"},{"id":57323,"photo":"https://st.kp.yandex.net/images/actor_iphone/iphone360_57323.jpg","name":"Скотт Спенсер","enName":"Scott Spencer","profession":"редакторы","enProfession":"writer"}],"typeNumber":1,"alternativeName":"Waking the Dead","enName":null,"names":[{"name":"Пробуждая мертвецов"},{"name":"Waking the Dead"},{"name":"Amor Maior Que a Vida","language":"BR","type":null},{"name":"Resucitar un amor","language":"ES","type":null}],"ageRating":16,"ratingMpaa":"r","shortDescription":null,"sequelsAndPrequels":[],"similarMovies":[],"imagesInfo":{"framesCount":6},"logo":{"url":null},"watchability":{"items":null},"top10":null,"top250":null}