{"videos":{"trailers":[{"url":"https://widgets.kinopoisk.ru/discovery/trailer/381?onlyPlayer=1&autoplay=1&cover=1","name":"Трейлер","site":"kinopoisk_widget"},{"url":"https://www.youtube.com/v/D3tITlpD6bE","name":"Трейлер №2","site":"youtube"},{"url":"https://www.youtube.com/embed/s6nTJMdrGVU","name":"Theatrical Trailer","site":"youtube","type":"TRAILER"},{"url":"https://www.youtube.com/embed/Uuw9IRDvZ6k","name":"Что скрывает ложь - Trailer","site":"youtube","type":"TRAILER"}],"teasers":[]},"fees":{"world":{"value":291420351,"currency":"$"},"usa":{"value":155464351,"currency":"$"}},"id":879,"type":"movie","externalId":{"kpHD":"4cf7224b9fc67f96a1c305e5d0d2a0a7","imdb":"tt0161081","tmdb":2655},"name":"Что скрывает ложь","rating":{"kp":7.064,"imdb":6.6,"filmCritics":5.5,"russianFilmCritics":0,"await":0},"description":"Учёный и преподаватель Норман Спенсер живёт вместе с женой Клэр. Однажды она видит призрак девушки. Когда Клэр удаётся наладить с ней связь и понять, почему девушка так настойчиво пытается до неё «достучаться», жизнь супругов переворачивается вверх дном.","votes":{"kp":38442,"imdb":129898,"filmCritics":126,"russianFilmCritics":1,"await":0},"premiere":{"country":"Мексика","world":"2000-01-01T00:00:00.000Z","russia":"2000-11-16T00:00:00.000Z","cinema":"2000-10-26T00:00:00.000Z","dvd":"2010-01-26T00:00:00.000Z"},"slogan":"They have the perfect marriage and the perfect house, until she found out what was wrong","year":2000,"budget":{"value":100000000,"currency":"$"},"poster":{"url":"https://st.kp.yandex.net/images/film_big/879.jpg","previewUrl":"https://st.kp.yandex.net/images/film_iphone/iphone360_879.jpg"},"facts":[{"value":"<a href=\"/name/2435/\" class=\"all\">Роберт Земекис</a> снял этот фильм между съемками фильма «<a href=\"/film/627/\" class=\"all\">Изгой</a>», так как <a href=\"/name/9144/\" class=\"all\">Тому Хэнксу</a>, исполнителю главной роли в фильме, было необходимо похудеть на 20 кг и отрастить свою шевелюру.","type":"FACT","spoiler":false},{"value":"Трейлер к фильму подвергли критике за то, что он раскрыл зрителям многое из сюжетных поворотов, даже включая личность девушки-призрака.","type":"FACT","spoiler":false},{"value":"Для съёмок было создано пять различных декораций ванной и туалетной комнаты.","type":"FACT","spoiler":false},{"value":"В сцене, в которой героиня <a href=\"/name/21492/\" class=\"all\">Мишель Пфайффер</a> лежит, оглушённая, на полу и к ней наклоняется убийца, следующие кадры, когда камера, кажется, смотрит прямо актрисе в лицо, снимали снизу через стеклянный пол. Обычный пол в начале сцены создали на компьютере, а стеклянный пол ещё раз позже использовали в сцене, где она роняет ключи.","type":"FACT","spoiler":true}],"genres":[{"name":"ужасы"},{"name":"триллер"},{"name":"драма"},{"name":"детектив"}],"countries":[{"name":"США"}],"seasonsInfo":[],"persons":[{"id":21492,"photo":"https://st.kp.yandex.net/images/actor_iphone/iphone360_21492.jpg","name":"Мишель Пфайффер","enName":"Michelle Pfeiffer","profession":"актеры","enProfession":"actor"},{"id":5679,"photo":"https://st.kp.yandex.net/images/actor_iphone/iphone360_5679.jpg","name":"Харрисон Форд","enName":"Harrison Ford","profession":"актеры","enProfession":"actor"},{"id":33507,"photo":"https://st.kp.yandex.net/images/actor_iphone/iphone360_33507.jpg","name":"Дайана Скаруид","enName":"Diana Scarwid","profession":"актеры","enProfession":"actor"},{"id":6268,"photo":"https://st.kp.yandex.net/images/actor_iphone/iphone360_6268.jpg","name":"Венди Крюсон","enName":"Wendy Crewson","profession":"актеры","enProfession":"actor"},{"id":23296,"photo":"https://st.kp.yandex.net/images/actor_iphone/iphone360_23296.jpg","name":"Джеймс Римар","enName":"James Remar","profession":"актеры","enProfession":"actor"},{"id":32387,"photo":"https://st.kp.yandex.net/images/actor_iphone/iphone360_32387.jpg","name":"Миранда Отто","enName":"Miranda Otto","profession":"актеры","enProfession":"actor"},{"id":523,"photo":"https://st.kp.yandex.net/images/actor_iphone/iphone360_523.jpg","name":"Джо Мортон","enName":"Joe Morton","profession":"актеры","enProfession":"actor"},{"id":1430,"photo":"https://st.kp.yandex.net/images/actor_iphone/iphone360_1430.jpg","name":"Эмбер Валлетта","enName":"Amber Valletta","profession":"актеры","enProfession":"actor"},{"id":1850,"photo":"https://st.kp.yandex.net/images/actor_iphone/iphone360_1850.jpg","name":"Кэтрин Таун","enName":"Katharine Towne","profession":"актеры","enProfession":"actor"},{"id":54792,"photo":"https://st.kp.yandex.net/images/actor_iphone/iphone360_54792.jpg","name":"Виктория Бидвелл","enName":"Victoria Bidewell","profession":"актеры","enProfession":"actor"},{"id":1944,"photo":"https://st.kp.yandex.net/images/actor_iphone/iphone360_1944.jpg","name":"Деннисон Самару","enName":"Dennison Samaroo","profession":"актеры","enProfession":"actor"},{"id":2102,"photo":"https://st.kp.yandex.net/images/actor_iphone/iphone360_2102.jpg","name":"Дженнифер Танг","enName":"Jennifer Tung","profession":"актеры","enProfession":"actor"},{"id":54793,"photo":"https://st.kp.yandex.net/images/actor_iphone/iphone360_54793.jpg","name":"Элиотт Горецкий","enName":"Eliott Goretsky","profession":"актеры","enProfession":"actor"},{"id":24276,"photo":"https://st.kp.yandex.net/images/actor_iphone/iphone360_24276.jpg","name":"Рэйчел Сингер","enName":"Rachel Singer","profession":"актеры","enProfession":"actor"},{"id":54794,"photo":"https://st.kp.yandex.net/images/actor_iphone/iphone360_54794.jpg","name":"Дэниэл Зелман","enName":"Daniel Zelman","profession":"актеры","enProfession":"actor"},{"id":22275,"photo":"https://st.kp.yandex.net/images/actor_iphone/iphone360_22275.jpg","name":"Рэй Бэйкер","enName":"Ray Baker","profession":"актеры","enProfession":"actor"},{"id":1424,"photo":"https://st.kp.yandex.net/images/actor_iphone/iphone360_1424.jpg","name":"Слоун Шелтон","enName":"Sloane Shelton","profession":"актеры","enProfession":"actor"},{"id":13679,"photo":"https://st.kp.yandex.net/images/actor_iphone/iphone360_13679.jpg","name":"Том Дальгрен","enName":"Tom Dahlgren","profession":"актеры","enProfession":"actor"},{"id":122,"photo":"https://st.kp.yandex.net/images/actor_iphone/iphone360_122.jpg","name":"Миколе Миркурио","enName":"Micole Mercurio","profession":"актеры","enProfession":"actor"},{"id":54795,"photo":"https://st.kp.yandex.net/images/actor_iphone/iphone360_54795.jpg","name":"Дональд Тейлор","enName":"Donald Taylor","profession":"актеры","enProfession":"actor"},{"id":18614,"photo":"https://st.kp.yandex.net/images/actor_iphone/iphone360_18614.jpg","name":"Джэйсон Ардженто","enName":"Jayson Argento","profession":"актеры","enProfession":"actor"},{"id":54797,"photo":"https://st.kp.yandex.net/images/actor_iphone/iphone360_54797.jpg","name":"Дж.С. Брэнди","enName":"J.C. Brandy","profession":"актеры","enProfession":"actor"},{"id":54798,"photo":"https://st.kp.yandex.net/images/actor_iphone/iphone360_54798.jpg","name":"Марк Патрик Костильо","enName":"Mark Patrick Costello","profession":"актеры","enProfession":"actor"},{"id":972696,"photo":"https://st.kp.yandex.net/images/actor_iphone/iphone360_972696.jpg","name":"Стивен Делл","enName":"Steven Dell","profession":"актеры","enProfession":"actor"},{"id":1337674,"photo":"https://st.kp.yandex.net/images/actor_iphone/iphone360_1337674.jpg","name":"Линда Ли","enName":"Linda Li","profession":"актеры","enProfession":"actor"},{"id":1856700,"photo":"https://st.kp.yandex.net/images/actor_iphone/iphone360_1856700.jpg","name":"Фабио Мэй","enName":"Fabio May","profession":"актеры","enProfession":"actor"},{"id":54800,"photo":"https://st.kp.yandex.net/images/actor_iphone/iphone360_54800.jpg","name":"Джулиан Рока-Чоу","enName":"Julian Roca-Chow","profession":"актеры","enProfession":"actor"},{"id":1449650,"photo":"https://st.kp.yandex.net/images/actor_iphone/iphone360_1449650.jpg","name":"Кэролин Вейделл","enName":"Carolyn Weidell","profession":"актеры","enProfession":"actor"},{"id":553348,"photo":"https://st.kp.yandex.net/images/actor_iphone/iphone360_553348.jpg","name":"Алан Сильвестри","enName":"Alan Silvestri","profession":"композиторы","enProfession":"composer"},{"id":1074532,"photo":"https://st.kp.yandex.net/images/actor_iphone/iphone360_1074532.jpg","name":"Рик Картер","enName":"Rick Carter","profession":"художники","enProfession":"designer"},{"id":475273,"photo":"https://st.kp.yandex.net/images/actor_iphone/iphone360_475273.jpg","name":"Уильям Джеймс Тигарден","enName":"William James Teegarden","profession":"художники","enProfession":"designer"},{"id":1985479,"photo":"https://st.kp.yandex.net/images/actor_iphone/iphone360_1985479.jpg","name":"Стефан Дешан","enName":"Stefan Dechant","profession":"художники","enProfession":"designer"},{"id":1909617,"photo":"https://st.kp.yandex.net/images/actor_iphone/iphone360_1909617.jpg","name":"Тони Фаннинг","enName":"Tony Fanning","profession":"художники","enProfession":"designer"},{"id":2007760,"photo":"https://st.kp.yandex.net/images/actor_iphone/iphone360_2007760.jpg","name":"Элизабет Лэпп","enName":"Elizabeth Lapp","profession":"художники","enProfession":"designer"},{"id":1986162,"photo":"https://st.kp.yandex.net/images/actor_iphone/iphone360_1986162.jpg","name":"Сьюзи ДеСанто","enName":"Susie DeSanto","profession":"художники","enProfession":"designer"},{"id":1996707,"photo":"https://st.kp.yandex.net/images/actor_iphone/iphone360_1996707.jpg","name":"Карен О’Хара","enName":"Karen O'Hara","profession":"художники","enProfession":"designer"},{"id":2435,"photo":"https://st.kp.yandex.net/images/actor_iphone/iphone360_2435.jpg","name":"Роберт Земекис","enName":"Robert Zemeckis","profession":"режиссеры","enProfession":"director"},{"id":722591,"photo":"https://st.kp.yandex.net/images/actor_iphone/iphone360_722591.jpg","name":"Артур Шмидт","enName":"Arthur Schmidt","profession":"монтажеры","enProfession":"editor"},{"id":85510,"photo":"https://st.kp.yandex.net/images/actor_iphone/iphone360_85510.jpg","name":"Дон Бёрджесс","enName":"Don Burgess","profession":"операторы","enProfession":"operator"},{"id":9198,"photo":"https://st.kp.yandex.net/images/actor_iphone/iphone360_9198.jpg","name":"Стивен Дж. Бойд","enName":"Steven J. Boyd","profession":"продюсеры","enProfession":"producer"},{"id":9199,"photo":"https://st.kp.yandex.net/images/actor_iphone/iphone360_9199.jpg","name":"Джоан Брэдшоу","enName":"Joan Bradshaw","profession":"продюсеры","enProfession":"producer"},{"id":7980,"photo":"https://st.kp.yandex.net/images/actor_iphone/iphone360_7980.jpg","name":"Марк Джонсон","enName":"Mark Johnson","profession":"продюсеры","enProfession":"producer"},{"id":9200,"photo":"https://st.kp.yandex.net/images/actor_iphone/iphone360_9200.jpg","name":"Черилэнн Мартин","enName":"Cherylanne Martin","profession":"продюсеры","enProfession":"producer"},{"id":238513,"photo":"https://st.kp.yandex.net/images/actor_iphone/iphone360_238513.jpg","name":"Лариса Луппиан","enName":null,"profession":"актеры дубляжа","enProfession":"voice_actor"},{"id":277374,"photo":"https://st.kp.yandex.net/images/actor_iphone/iphone360_277374.jpg","name":"Станислав Концевич","enName":null,"profession":"актеры дубляжа","enProfession":"voice_actor"},{"id":290584,"photo":"https://st.kp.yandex.net/images/actor_iphone/iphone360_290584.jpg","name":"Галина Чигинская","enName":null,"profession":"актеры дубляжа","enProfession":"voice_actor"},{"id":269811,"photo":"https://st.kp.yandex.net/images/actor_iphone/iphone360_269811.jpg","name":"Ирина Мазуркевич","enName":null,"profession":"актеры дубляжа","enProfession":"voice_actor"},{"id":76124,"photo":"https://st.kp.yandex.net/images/actor_iphone/iphone360_76124.jpg","name":"Валерий Кухарешин","enName":null,"profession":"актеры дубляжа","enProfession":"voice_actor"},{"id":477449,"photo":"https://st.kp.yandex.net/images/actor_iphone/iphone360_477449.jpg","name":"Елена Шульман","enName":null,"profession":"актеры дубляжа","enProfession":"voice_actor"},{"id":238514,"photo":"https://st.kp.yandex.net/images/actor_iphone/iphone360_238514.jpg","name":"Наталья Данилова","enName":null,"profession":"актеры дубляжа","enProfession":"voice_actor"},{"id":11536,"photo":"https://st.kp.yandex.net/images/actor_iphone/iphone360_11536.jpg","name":"Кларк Грегг","enName":"Clark Gregg","profession":"редакторы","enProfession":"writer"},{"id":54791,"photo":"https://st.kp.yandex.net/images/actor_iphone/iphone360_54791.jpg","name":"Сара Кернокан","enName":"Sarah Kernochan","profession":"редакторы","enProfession":"writer"}],"productionCompanies":[{"name":"ImageMovers","url":"https://www.themoviedb.org/t/p/original/5vSBzUwnCcaF90ZTchG3LwRKQ2M.png","previewUrl":"https://www.themoviedb.org/t/p/w500/5vSBzUwnCcaF90ZTchG3LwRKQ2M.png"},{"name":"20th Century Fox","url":"https://www.themoviedb.org/t/p/original/qZCc1lty5FzX30aOCVRBLzaVmcp.png","previewUrl":"https://www.themoviedb.org/t/p/w500/qZCc1lty5FzX30aOCVRBLzaVmcp.png"},{"name":"DreamWorks Pictures","url":"https://www.themoviedb.org/t/p/original/vru2SssLX3FPhnKZGtYw00pVIS9.png","previewUrl":"https://www.themoviedb.org/t/p/w500/vru2SssLX3FPhnKZGtYw00pVIS9.png"}],"typeNumber":1,"alternativeName":"What Lies Beneath","backdrop":{"url":"https://avatars.mds.yandex.net/get-ott/224348/2a000001612ccbabd224cd3ade53b8afed53/orig","previewUrl":"https://avatars.mds.yandex.net/get-ott/224348/2a000001612ccbabd224cd3ade53b8afed53/x1000"},"enName":null,"movieLength":125,"names":[{"name":"Что скрывает ложь"},{"name":"What Lies Beneath"},{"name":"Énocho mystikó","language":"GR","type":null},{"name":"Chto skryvayet lozh'","language":"RU","type":null},{"name":"Revelaciones","language":"AR","type":null},{"name":"Прозрачно минало","language":"BG","type":null},{"name":"Ispod površine","language":"RS","type":null},{"name":"Dolt under ytan","language":"SE","type":null}],"status":null,"ageRating":16,"ratingMpaa":"pg13","similarMovies":[{"id":692861,"name":"Исчезнувшая","enName":null,"alternativeName":"Gone Girl","type":"movie","poster":{"url":"https://avatars.mds.yandex.net/get-kinopoisk-image/1629390/cdd30c22-0ff5-4a70-9e9c-6e2ed1820d84/orig","previewUrl":"https://avatars.mds.yandex.net/get-kinopoisk-image/1629390/cdd30c22-0ff5-4a70-9e9c-6e2ed1820d84/x1000"}},{"id":3526,"name":"Готика","enName":null,"alternativeName":"Gothika","type":"movie","poster":{"url":"https://avatars.mds.yandex.net/get-kinopoisk-image/1777765/6b7a08a8-8fcc-4b9c-9db7-202a777e77c1/orig","previewUrl":"https://avatars.mds.yandex.net/get-kinopoisk-image/1777765/6b7a08a8-8fcc-4b9c-9db7-202a777e77c1/x1000"}},{"id":679,"name":"Дар","enName":null,"alternativeName":"The Gift","type":"movie","poster":{"url":"https://avatars.mds.yandex.net/get-kinopoisk-image/1599028/f2460cac-3057-42c1-b46f-8c482b65a292/orig","previewUrl":"https://avatars.mds.yandex.net/get-kinopoisk-image/1599028/f2460cac-3057-42c1-b46f-8c482b65a292/x1000"}},{"id":8157,"name":"В постели с врагом","enName":null,"alternativeName":"Sleeping with the Enemy","type":"movie","poster":{"url":"https://avatars.mds.yandex.net/get-kinopoisk-image/1629390/17edbf54-f208-402a-a953-3e9dc67a31c8/orig","previewUrl":"https://avatars.mds.yandex.net/get-kinopoisk-image/1629390/17edbf54-f208-402a-a953-3e9dc67a31c8/x1000"}},{"id":928391,"name":"Девушка в поезде","enName":null,"alternativeName":"The Girl on the Train","type":"movie","poster":{"url":"https://avatars.mds.yandex.net/get-kinopoisk-image/1599028/4e1d87ce-d715-49a2-b9a7-6e1181e397c6/orig","previewUrl":"https://avatars.mds.yandex.net/get-kinopoisk-image/1599028/4e1d87ce-d715-49a2-b9a7-6e1181e397c6/x1000"}},{"id":77142,"name":"Игра в прятки","enName":null,"alternativeName":"Hide and Seek","type":"movie","poster":{"url":"https://avatars.mds.yandex.net/get-kinopoisk-image/1599028/b2df4327-90d2-44e4-b8fb-c82c717b42ba/orig","previewUrl":"https://avatars.mds.yandex.net/get-kinopoisk-image/1599028/b2df4327-90d2-44e4-b8fb-c82c717b42ba/x1000"}},{"id":252268,"name":"Паранойя","enName":null,"alternativeName":"Disturbia","type":"movie","poster":{"url":"https://avatars.mds.yandex.net/get-kinopoisk-image/1773646/65b39085-6fc4-4923-846a-315232de5bca/orig","previewUrl":"https://avatars.mds.yandex.net/get-kinopoisk-image/1773646/65b39085-6fc4-4923-846a-315232de5bca/x1000"}},{"id":221750,"name":"Фантомы","enName":null,"alternativeName":"Shutter","type":"movie","poster":{"url":"https://avatars.mds.yandex.net/get-kinopoisk-image/1704946/5ad60a0c-736d-4c9c-962c-e3ed0c490e0e/orig","previewUrl":"https://avatars.mds.yandex.net/get-kinopoisk-image/1704946/5ad60a0c-736d-4c9c-962c-e3ed0c490e0e/x1000"}},{"id":568267,"name":"Прежде чем я усну","enName":null,"alternativeName":"Before I Go to Sleep","type":"movie","poster":{"url":"https://avatars.mds.yandex.net/get-kinopoisk-image/1599028/d7f6a87a-25d3-46f8-afa7-11582c8fd692/orig","previewUrl":"https://avatars.mds.yandex.net/get-kinopoisk-image/1599028/d7f6a87a-25d3-46f8-afa7-11582c8fd692/x1000"}},{"id":4440,"name":"Убей меня нежно","enName":null,"alternativeName":"Killing Me Softly","type":"movie","poster":{"url":"https://avatars.mds.yandex.net/get-kinopoisk-image/1773646/d579ed5d-6b2c-4713-946e-a63653a5fc56/orig","previewUrl":"https://avatars.mds.yandex.net/get-kinopoisk-image/1773646/d579ed5d-6b2c-4713-946e-a63653a5fc56/x1000"}}],"imagesInfo":{"framesCount":20},"shortDescription":"Супруга ученого видит призрака и опасается за свой разум. Хоррор об обманчивом благополучии с Мишель Пфайффер","sequelsAndPrequels":[{"id":69415,"name":"Тайна","enName":"Raaz","alternativeName":"Raaz","type":"remake","poster":{"url":"https://st.kp.yandex.net/images/film_big/69415.jpg","previewUrl":"https://st.kp.yandex.net/images/film_iphone/iphone360_69415.jpg"}}],"logo":{"url":null},"watchability":{"items":null},"top10":null,"top250":null}